Price,Close,High,Low,Open,Volume
Ticker,SI=F,SI=F,SI=F,SI=F,SI=F
Datetime,,,,,
2026-09-01 00:00:00-04:00,67.4000015258789,67.40499877929688,67.3949966430664,67.3949966430664,0
2026-09-01 00:01:00-04:00,67.375,67.41999816894531,67.375,67.41500091552734,9
2026-09-01 00:02:00-04:00,67.37999725341797,67.37999725341797,67.3499984741211,67.37000274658203,8
2026-09-01 00:03:00-04:00,67.36000061035156,67.37000274658203,67.36000061035156,67.37000274658203,2
2026-09-01 00:04:00-04:00,67.37999725341797,67.37999725341797,67.37999725341797,67.37999725341797,1
2026-09-01 00:05:00-04:00,67.4000015258789,67.4000015258789,67.4000015258789,67.4000015258789,1
2026-09-01 00:06:00-04:00,67.3499984741211,67.3499984741211,67.31999969482422,67.3499984741211,15
2026-09-01 00:07:00-04:00,67.30000305175781,67.30000305175781,67.29499816894531,67.29499816894531,2
2026-09-01 00:08:00-04:00,67.30000305175781,67.30000305175781,67.29000091552734,67.30000305175781,3
2026-09-01 00:09:00-04:00,67.24500274658203,67.28500366210938,67.24500274658203,67.28500366210938,23
2026-09-01 00:10:00-04:00,67.2300033569336,67.25,67.2249984741211,67.25,11
2026-09-01 00:11:00-04:00,67.22000122070312,67.23500061035156,67.22000122070312,67.22000122070312,4
2026-09-01 00:12:00-04:00,67.23500061035156,67.24500274658203,67.21499633789062,67.21499633789062,10
2026-09-01 00:13:00-04:00,67.23999786376953,67.25,67.23999786376953,67.25,5
2026-09-01 00:14:00-04:00,67.22000122070312,67.25,67.22000122070312,67.23999786376953,5
2026-09-01 00:15:00-04:00,67.20500183105469,67.20999908447266,67.16999816894531,67.20999908447266,31
2026-09-01 00:16:00-04:00,67.22000122070312,67.22000122070312,67.17500305175781,67.19499969482422,23
2026-09-01 00:17:00-04:00,67.23500061035156,67.23999786376953,67.21499633789062,67.22000122070312,16
2026-09-01 00:18:00-04:00,67.18499755859375,67.20500183105469,67.16999816894531,67.20500183105469,10
2026-09-01 00:19:00-04:00,67.18000030517578,67.18499755859375,67.16500091552734,67.18499755859375,7
2026-09-01 00:20:00-04:00,67.16000366210938,67.18000030517578,67.1500015258789,67.18000030517578,13
2026-09-01 00:21:00-04:00,67.17500305175781,67.17500305175781,67.17500305175781,67.17500305175781,2
2026-09-01 00:22:00-04:00,67.18499755859375,67.19000244140625,67.18499755859375,67.18499755859375,4
2026-09-01 00:23:00-04:00,67.18000030517578,67.19000244140625,67.16500091552734,67.19000244140625,5
2026-09-01 00:24:00-04:00,67.19499969482422,67.19499969482422,67.18499755859375,67.19000244140625,5
2026-09-01 00:25:00-04:00,67.18499755859375,67.21499633789062,67.18000030517578,67.19999694824219,23
2026-09-01 00:26:00-04:00,67.19000244140625,67.19499969482422,67.18499755859375,67.19499969482422,5
2026-09-01 00:27:00-04:00,67.13999938964844,67.16999816894531,67.13999938964844,67.16999816894531,11
2026-09-01 00:28:00-04:00,67.1449966430664,67.1449966430664,67.13500213623047,67.13500213623047,2
2026-09-01 00:29:00-04:00,67.11000061035156,67.11499786376953,67.11000061035156,67.11499786376953,2
2026-09-01 00:30:00-04:00,67.11000061035156,67.125,67.09500122070312,67.0999984741211,7
2026-09-01 00:31:00-04:00,67.125,67.125,67.08999633789062,67.08999633789062,22
2026-09-01 00:32:00-04:00,67.08499908447266,67.12999725341797,67.08499908447266,67.12999725341797,13
2026-09-01 00:34:00-04:00,67.125,67.125,67.11499786376953,67.12000274658203,4
2026-09-01 00:35:00-04:00,67.1449966430664,67.1449966430664,67.1449966430664,67.1449966430664,1
2026-09-01 00:36:00-04:00,67.1449966430664,67.1449966430664,67.13500213623047,67.13500213623047,3
2026-09-01 00:37:00-04:00,67.11000061035156,67.1449966430664,67.11000061035156,67.1449966430664,15
2026-09-01 00:38:00-04:00,67.08499908447266,67.13999938964844,67.07499694824219,67.13999938964844,21
2026-09-01 00:39:00-04:00,67.09500122070312,67.0999984741211,67.08000183105469,67.08999633789062,10
2026-09-01 00:40:00-04:00,67.12000274658203,67.12000274658203,67.12000274658203,67.12000274658203,1
2026-09-01 00:41:00-04:00,67.06500244140625,67.06999969482422,67.05500030517578,67.06999969482422,13
2026-09-01 00:42:00-04:00,67.04499816894531,67.05999755859375,67.01000213623047,67.05500030517578,60
2026-09-01 00:43:00-04:00,67.08499908447266,67.08499908447266,67.04499816894531,67.06500244140625,12
2026-09-01 00:44:00-04:00,67.05500030517578,67.08000183105469,67.05500030517578,67.06999969482422,29
2026-09-01 00:45:00-04:00,67.06999969482422,67.06999969482422,67.05000305175781,67.05000305175781,6
2026-09-01 00:46:00-04:00,67.06999969482422,67.06999969482422,67.02999877929688,67.05999755859375,17
2026-09-01 00:47:00-04:00,67.11000061035156,67.11499786376953,67.08999633789062,67.08999633789062,6
2026-09-01 00:48:00-04:00,67.07499694824219,67.12000274658203,67.06999969482422,67.11000061035156,17
2026-09-01 00:49:00-04:00,67.02999877929688,67.06999969482422,67.02999877929688,67.06999969482422,7
2026-09-01 00:50:00-04:00,67.0199966430664,67.05500030517578,67.0199966430664,67.04000091552734,12
2026-09-01 00:52:00-04:00,67.05500030517578,67.05999755859375,67.03500366210938,67.05000305175781,11
2026-09-01 00:53:00-04:00,67.08000183105469,67.08499908447266,67.05000305175781,67.05000305175781,4
2026-09-01 00:54:00-04:00,67.08999633789062,67.1050033569336,67.08499908447266,67.0999984741211,5
2026-09-01 00:55:00-04:00,67.05000305175781,67.08999633789062,67.05000305175781,67.08999633789062,8
2026-09-01 00:56:00-04:00,67.05500030517578,67.05500030517578,67.01499938964844,67.05000305175781,10
2026-09-01 00:58:00-04:00,67.04000091552734,67.04000091552734,67.04000091552734,67.04000091552734,2
2026-09-01 00:59:00-04:00,67.02999877929688,67.03500366210938,67.01499938964844,67.03500366210938,7
2026-09-01 01:00:00-04:00,67.02999877929688,67.05500030517578,67.02999877929688,67.03500366210938,8
2026-09-01 01:01:00-04:00,67.05999755859375,67.08000183105469,67.05500030517578,67.05500030517578,6
2026-09-01 01:02:00-04:00,67.0999984741211,67.0999984741211,67.08000183105469,67.08000183105469,5
2026-09-01 01:03:00-04:00,67.0999984741211,67.0999984741211,67.0999984741211,67.0999984741211,1
2026-09-01 01:04:00-04:00,67.1500015258789,67.1500015258789,67.12000274658203,67.12000274658203,12
2026-09-01 01:05:00-04:00,67.12999725341797,67.12999725341797,67.11499786376953,67.12000274658203,3
2026-09-01 01:06:00-04:00,67.16500091552734,67.17500305175781,67.1449966430664,67.1500015258789,6
2026-09-01 01:07:00-04:00,67.15499877929688,67.18000030517578,67.15499877929688,67.18000030517578,7
2026-09-01 01:08:00-04:00,67.1500015258789,67.16500091552734,67.1500015258789,67.16500091552734,3
2026-09-01 01:09:00-04:00,67.12999725341797,67.13999938964844,67.125,67.13500213623047,4
2026-09-01 01:10:00-04:00,67.11000061035156,67.11499786376953,67.11000061035156,67.11499786376953,2
2026-09-01 01:11:00-04:00,67.1050033569336,67.1050033569336,67.08499908447266,67.08499908447266,3
2026-09-01 01:12:00-04:00,67.12000274658203,67.12000274658203,67.09500122070312,67.0999984741211,5
2026-09-01 01:13:00-04:00,67.11499786376953,67.13999938964844,67.11499786376953,67.13999938964844,2
2026-09-01 01:14:00-04:00,67.06999969482422,67.11000061035156,67.06999969482422,67.11000061035156,10
2026-09-01 01:15:00-04:00,67.08000183105469,67.08000183105469,67.08000183105469,67.08000183105469,4
2026-09-01 01:16:00-04:00,67.04499816894531,67.05000305175781,67.04000091552734,67.05000305175781,7
2026-09-01 01:17:00-04:00,67.0199966430664,67.0199966430664,67.0199966430664,67.0199966430664,2
2026-09-01 01:18:00-04:00,66.97000122070312,67.02999877929688,66.97000122070312,67.02999877929688,33
2026-09-01 01:19:00-04:00,66.91999816894531,66.9749984741211,66.9000015258789,66.9749984741211,99
2026-09-01 01:20:00-04:00,66.94000244140625,66.94999694824219,66.92500305175781,66.94499969482422,11
2026-09-01 01:21:00-04:00,66.98500061035156,66.98500061035156,66.93000030517578,66.93499755859375,11
2026-09-01 01:22:00-04:00,66.96499633789062,66.96499633789062,66.96499633789062,66.96499633789062,1
2026-09-01 01:23:00-04:00,66.91999816894531,66.98500061035156,66.91500091552734,66.97000122070312,16
2026-09-01 01:24:00-04:00,66.95999908447266,66.96499633789062,66.93000030517578,66.93000030517578,8
2026-09-01 01:25:00-04:00,66.96499633789062,66.96499633789062,66.94000244140625,66.94999694824219,16
2026-09-01 01:26:00-04:00,66.94499969482422,66.96499633789062,66.94499969482422,66.95999908447266,15
2026-09-01 01:27:00-04:00,66.98500061035156,66.98999786376953,66.95500183105469,66.95500183105469,9
2026-09-01 01:28:00-04:00,66.93499755859375,67.01499938964844,66.93499755859375,66.98500061035156,31
2026-09-01 01:29:00-04:00,66.94000244140625,66.98500061035156,66.94000244140625,66.94999694824219,18
2026-09-01 01:30:00-04:00,67.05500030517578,67.05999755859375,66.84500122070312,66.92500305175781,267
2026-09-01 01:31:00-04:00,67.15499877929688,67.16000366210938,67.04000091552734,67.05500030517578,57
2026-09-01 01:32:00-04:00,67.15499877929688,67.16500091552734,67.11000061035156,67.1449966430664,45
2026-09-01 01:33:00-04:00,67.11000061035156,67.12999725341797,67.08499908447266,67.1050033569336,15
2026-09-01 01:34:00-04:00,67.20999908447266,67.20999908447266,67.1050033569336,67.1050033569336,27
2026-09-01 01:35:00-04:00,67.20999908447266,67.20999908447266,67.08999633789062,67.16000366210938,23
2026-09-01 01:36:00-04:00,67.20500183105469,67.20500183105469,67.16000366210938,67.16999816894531,13
2026-09-01 01:37:00-04:00,67.2249984741211,67.2249984741211,67.16000366210938,67.20500183105469,20
2026-09-01 01:38:00-04:00,67.37999725341797,67.37999725341797,67.23999786376953,67.23999786376953,28
2026-09-01 01:39:00-04:00,67.41000366210938,67.49500274658203,67.37000274658203,67.38999938964844,65
2026-09-01 01:40:00-04:00,67.33499908447266,67.41000366210938,67.33499908447266,67.40499877929688,16
2026-09-01 01:41:00-04:00,67.37000274658203,67.37999725341797,67.3499984741211,67.36000061035156,16
2026-09-01 01:42:00-04:00,67.43499755859375,67.43499755859375,67.37999725341797,67.37999725341797,26
2026-09-01 01:43:00-04:00,67.37999725341797,67.44000244140625,67.37999725341797,67.44000244140625,9
2026-09-01 01:44:00-04:00,67.55500030517578,67.56999969482422,67.40499877929688,67.40499877929688,50
2026-09-01 01:45:00-04:00,67.66999816894531,67.72000122070312,67.54000091552734,67.54000091552734,135
2026-09-01 01:46:00-04:00,67.55999755859375,67.66500091552734,67.5250015258789,67.66500091552734,73
2026-09-01 01:47:00-04:00,67.54000091552734,67.58000183105469,67.5,67.55500030517578,32
2026-09-01 01:48:00-04:00,67.54499816894531,67.56500244140625,67.54499816894531,67.55500030517578,10
2026-09-01 01:49:00-04:00,67.58999633789062,67.59500122070312,67.55500030517578,67.55500030517578,22
2026-09-01 01:50:00-04:00,67.52999877929688,67.58499908447266,67.5199966430664,67.58499908447266,21
2026-09-01 01:51:00-04:00,67.48999786376953,67.51000213623047,67.43499755859375,67.50499725341797,21
2026-09-01 01:52:00-04:00,67.48500061035156,67.48999786376953,67.4749984741211,67.48999786376953,7
2026-09-01 01:53:00-04:00,67.50499725341797,67.50499725341797,67.47000122070312,67.48999786376953,6
2026-09-01 01:54:00-04:00,67.49500274658203,67.5,67.4800033569336,67.5,10
2026-09-01 01:55:00-04:00,67.5250015258789,67.52999877929688,67.4749984741211,67.4749984741211,10
2026-09-01 01:56:00-04:00,67.5250015258789,67.55000305175781,67.51000213623047,67.51000213623047,20
2026-09-01 01:57:00-04:00,67.47000122070312,67.5250015258789,67.47000122070312,67.5199966430664,31
2026-09-01 01:58:00-04:00,67.41999816894531,67.49500274658203,67.41999816894531,67.46499633789062,15
2026-09-01 01:59:00-04:00,67.3550033569336,67.41999816894531,67.3550033569336,67.41999816894531,23
2026-09-01 02:00:00-04:00,67.42500305175781,67.43000030517578,67.33999633789062,67.36000061035156,41
2026-09-01 02:01:00-04:00,67.36499786376953,67.44000244140625,67.36499786376953,67.40499877929688,31
2026-09-01 02:02:00-04:00,67.375,67.3949966430664,67.33000183105469,67.33999633789062,24
2026-09-01 02:03:00-04:00,67.32499694824219,67.37000274658203,67.31999969482422,67.37000274658203,17
2026-09-01 02:04:00-04:00,67.31999969482422,67.33000183105469,67.30000305175781,67.33000183105469,11
2026-09-01 02:05:00-04:00,67.3550033569336,67.37999725341797,67.31999969482422,67.31999969482422,11
2026-09-01 02:06:00-04:00,67.36000061035156,67.4000015258789,67.30500030517578,67.4000015258789,19
2026-09-01 02:07:00-04:00,67.43499755859375,67.43499755859375,67.3499984741211,67.3499984741211,17
2026-09-01 02:08:00-04:00,67.3949966430664,67.43000030517578,67.3949966430664,67.43000030517578,16
2026-09-01 02:09:00-04:00,67.33999633789062,67.4000015258789,67.33499908447266,67.4000015258789,12
2026-09-01 02:10:00-04:00,67.3499984741211,67.36499786376953,67.3499984741211,67.36499786376953,3
2026-09-01 02:11:00-04:00,67.3499984741211,67.3499984741211,67.31500244140625,67.32499694824219,15
2026-09-01 02:12:00-04:00,67.29499816894531,67.32499694824219,67.26499938964844,67.32499694824219,22
2026-09-01 02:13:00-04:00,67.30500030517578,67.30500030517578,67.26499938964844,67.28500366210938,17
2026-09-01 02:14:00-04:00,67.30000305175781,67.30500030517578,67.2750015258789,67.29499816894531,7
2026-09-01 02:15:00-04:00,67.27999877929688,67.30000305175781,67.27999877929688,67.28500366210938,13
2026-09-01 02:16:00-04:00,67.2699966430664,67.2750015258789,67.25,67.26499938964844,11
2026-09-01 02:17:00-04:00,67.33999633789062,67.33999633789062,67.2750015258789,67.2750015258789,29
2026-09-01 02:18:00-04:00,67.31999969482422,67.33000183105469,67.30500030517578,67.33000183105469,6
2026-09-01 02:19:00-04:00,67.29499816894531,67.29499816894531,67.29499816894531,67.29499816894531,1
2026-09-01 02:21:00-04:00,67.31500244140625,67.31500244140625,67.31500244140625,67.31500244140625,1
2026-09-01 02:22:00-04:00,67.2699966430664,67.30000305175781,67.2699966430664,67.30000305175781,3
2026-09-01 02:23:00-04:00,67.27999877929688,67.27999877929688,67.25,67.25,3
2026-09-01 02:24:00-04:00,67.31999969482422,67.31999969482422,67.26000213623047,67.28500366210938,13
2026-09-01 02:25:00-04:00,67.31500244140625,67.31500244140625,67.31500244140625,67.31500244140625,2
2026-09-01 02:26:00-04:00,67.28500366210938,67.29000091552734,67.27999877929688,67.27999877929688,5
2026-09-01 02:27:00-04:00,67.25499725341797,67.2699966430664,67.24500274658203,67.24500274658203,10
2026-09-01 02:28:00-04:00,67.19499969482422,67.26000213623047,67.16999816894531,67.26000213623047,20
2026-09-01 02:29:00-04:00,67.15499877929688,67.20500183105469,67.11499786376953,67.20500183105469,32
2026-09-01 02:30:00-04:00,67.19999694824219,67.19999694824219,67.1449966430664,67.1449966430664,10
2026-09-01 02:31:00-04:00,67.19999694824219,67.19999694824219,67.19499969482422,67.19999694824219,3
2026-09-01 02:32:00-04:00,67.19000244140625,67.2249984741211,67.19000244140625,67.2249984741211,4
2026-09-01 02:33:00-04:00,67.20999908447266,67.2249984741211,67.19000244140625,67.19000244140625,12
2026-09-01 02:34:00-04:00,67.2249984741211,67.23999786376953,67.2249984741211,67.2249984741211,4
2026-09-01 02:35:00-04:00,67.27999877929688,67.29000091552734,67.2300033569336,67.2300033569336,17
2026-09-01 02:36:00-04:00,67.2750015258789,67.29000091552734,67.26000213623047,67.2750015258789,30
2026-09-01 02:37:00-04:00,67.2300033569336,67.2750015258789,67.2300033569336,67.2750015258789,10
2026-09-01 02:38:00-04:00,67.26499938964844,67.2699966430664,67.24500274658203,67.24500274658203,6
2026-09-01 02:39:00-04:00,67.26000213623047,67.2750015258789,67.26000213623047,67.2750015258789,10
2026-09-01 02:40:00-04:00,67.26499938964844,67.29000091552734,67.25,67.25,13
2026-09-01 02:41:00-04:00,67.2699966430664,67.2699966430664,67.25,67.2699966430664,6
2026-09-01 02:42:00-04:00,67.25,67.26000213623047,67.23999786376953,67.26000213623047,6
2026-09-01 02:43:00-04:00,67.24500274658203,67.25499725341797,67.24500274658203,67.25499725341797,2
2026-09-01 02:44:00-04:00,67.29499816894531,67.29499816894531,67.23500061035156,67.23500061035156,8
2026-09-01 02:45:00-04:00,67.27999877929688,67.30000305175781,67.27999877929688,67.28500366210938,11
2026-09-01 02:46:00-04:00,67.15499877929688,67.26499938964844,67.15499877929688,67.26499938964844,15
2026-09-01 02:47:00-04:00,67.06999969482422,67.1500015258789,67.06999969482422,67.1500015258789,47
2026-09-01 02:48:00-04:00,67.1449966430664,67.1449966430664,67.09500122070312,67.0999984741211,10
2026-09-01 02:49:00-04:00,67.12999725341797,67.16000366210938,67.12999725341797,67.1449966430664,8
2026-09-01 02:50:00-04:00,67.11000061035156,67.13500213623047,67.1050033569336,67.12999725341797,17
2026-09-01 02:51:00-04:00,67.08999633789062,67.11000061035156,67.06999969482422,67.1050033569336,32
2026-09-01 02:52:00-04:00,67.08000183105469,67.0999984741211,67.06999969482422,67.08499908447266,25
2026-09-01 02:53:00-04:00,67.12000274658203,67.12000274658203,67.12000274658203,67.12000274658203,2
2026-09-01 02:54:00-04:00,67.11499786376953,67.11499786376953,67.11499786376953,67.11499786376953,1
2026-09-01 02:55:00-04:00,67.16000366210938,67.16000366210938,67.12999725341797,67.12999725341797,5
2026-09-01 02:56:00-04:00,67.13500213623047,67.16000366210938,67.12000274658203,67.16000366210938,8
2026-09-01 02:57:00-04:00,67.13500213623047,67.13500213623047,67.125,67.125,8
2026-09-01 02:58:00-04:00,67.11000061035156,67.13999938964844,67.1050033569336,67.13999938964844,13
2026-09-01 02:59:00-04:00,67.0999984741211,67.12999725341797,67.0999984741211,67.12000274658203,20
2026-09-01 03:00:00-04:00,67.125,67.1500015258789,67.08999633789062,67.0999984741211,23
2026-09-01 03:01:00-04:00,67.16000366210938,67.16000366210938,67.1050033569336,67.13500213623047,11
2026-09-01 03:02:00-04:00,67.27999877929688,67.28500366210938,67.20500183105469,67.21499633789062,14
2026-09-01 03:03:00-04:00,67.20999908447266,67.2750015258789,67.19499969482422,67.2750015258789,16
2026-09-01 03:04:00-04:00,67.22000122070312,67.23500061035156,67.20999908447266,67.20999908447266,5
2026-09-01 03:05:00-04:00,67.23999786376953,67.2750015258789,67.23999786376953,67.23999786376953,17
2026-09-01 03:06:00-04:00,67.20500183105469,67.23500061035156,67.20500183105469,67.2300033569336,6
2026-09-01 03:08:00-04:00,67.16500091552734,67.20999908447266,67.16500091552734,67.19499969482422,5
2026-09-01 03:09:00-04:00,67.16000366210938,67.16000366210938,67.1500015258789,67.1500015258789,6
2026-09-01 03:10:00-04:00,67.1449966430664,67.19499969482422,67.13999938964844,67.16500091552734,7
2026-09-01 03:11:00-04:00,67.18000030517578,67.18000030517578,67.125,67.13500213623047,12
2026-09-01 03:12:00-04:00,67.1500015258789,67.16500091552734,67.1500015258789,67.16000366210938,3
2026-09-01 03:13:00-04:00,67.17500305175781,67.17500305175781,67.1500015258789,67.1500015258789,2
2026-09-01 03:14:00-04:00,67.26499938964844,67.2750015258789,67.19499969482422,67.19499969482422,6
2026-09-01 03:15:00-04:00,67.26000213623047,67.29499816894531,67.26000213623047,67.26000213623047,8
2026-09-01 03:16:00-04:00,67.25,67.26499938964844,67.25,67.26499938964844,3
2026-09-01 03:17:00-04:00,67.22000122070312,67.2249984741211,67.22000122070312,67.2249984741211,2
2026-09-01 03:18:00-04:00,67.18000030517578,67.23999786376953,67.17500305175781,67.23999786376953,5
2026-09-01 03:19:00-04:00,67.16999816894531,67.16999816894531,67.16999816894531,67.16999816894531,2
2026-09-01 03:20:00-04:00,67.20500183105469,67.20999908447266,67.16500091552734,67.16500091552734,9
2026-09-01 03:21:00-04:00,67.2699966430664,67.2699966430664,67.16999816894531,67.16999816894531,19
2026-09-01 03:22:00-04:00,67.22000122070312,67.30000305175781,67.22000122070312,67.26499938964844,24
2026-09-01 03:23:00-04:00,67.20999908447266,67.21499633789062,67.19999694824219,67.21499633789062,10
2026-09-01 03:24:00-04:00,67.18000030517578,67.18499755859375,67.16000366210938,67.18499755859375,33
2026-09-01 03:25:00-04:00,67.1500015258789,67.20999908447266,67.13500213623047,67.17500305175781,19
2026-09-01 03:26:00-04:00,67.16999816894531,67.16999816894531,67.16500091552734,67.16500091552734,2
2026-09-01 03:27:00-04:00,67.16999816894531,67.16999816894531,67.11499786376953,67.16999816894531,19
2026-09-01 03:28:00-04:00,67.19000244140625,67.19499969482422,67.16999816894531,67.17500305175781,9
2026-09-01 03:29:00-04:00,67.11000061035156,67.18000030517578,67.11000061035156,67.18000030517578,7
2026-09-01 03:30:00-04:00,67.02999877929688,67.11499786376953,66.96499633789062,67.0999984741211,97
2026-09-01 03:31:00-04:00,67.08000183105469,67.1500015258789,67.03500366210938,67.03500366210938,48
2026-09-01 03:32:00-04:00,67.06999969482422,67.1050033569336,67.05000305175781,67.09500122070312,21
2026-09-01 03:33:00-04:00,67.16500091552734,67.16500091552734,67.11000061035156,67.11000061035156,9
2026-09-01 03:34:00-04:00,67.1500015258789,67.19000244140625,67.1500015258789,67.15499877929688,12
2026-09-01 03:35:00-04:00,67.11000061035156,67.12000274658203,67.1050033569336,67.12000274658203,6
2026-09-01 03:36:00-04:00,67.05000305175781,67.08499908447266,67.05000305175781,67.08499908447266,4
2026-09-01 03:37:00-04:00,66.91000366210938,67.03500366210938,66.87999725341797,67.03500366210938,56
2026-09-01 03:38:00-04:00,66.8949966430664,66.91500091552734,66.87000274658203,66.8949966430664,26
2026-09-01 03:39:00-04:00,66.61000061035156,66.94000244140625,66.61000061035156,66.90499877929688,246
2026-09-01 03:40:00-04:00,66.81999969482422,66.81999969482422,66.5999984741211,66.61000061035156,145
2026-09-01 03:41:00-04:00,66.8949966430664,66.9000015258789,66.81500244140625,66.83000183105469,25
2026-09-01 03:42:00-04:00,66.91999816894531,66.91999816894531,66.88500213623047,66.9000015258789,10
2026-09-01 03:43:00-04:00,66.9000015258789,66.93499755859375,66.88999938964844,66.93499755859375,24
2026-09-01 03:44:00-04:00,66.81999969482422,66.87999725341797,66.81999969482422,66.87999725341797,16
2026-09-01 03:45:00-04:00,66.76000213623047,66.82499694824219,66.76000213623047,66.82499694824219,15
2026-09-01 03:46:00-04:00,66.80500030517578,66.80500030517578,66.76000213623047,66.76499938964844,32
2026-09-01 03:47:00-04:00,66.83499908447266,66.83999633789062,66.80000305175781,66.81500244140625,9
2026-09-01 03:48:00-04:00,66.93499755859375,66.93499755859375,66.83000183105469,66.83000183105469,15
2026-09-01 03:49:00-04:00,66.9800033569336,66.9800033569336,66.93000030517578,66.93000030517578,23
2026-09-01 03:50:00-04:00,66.98500061035156,67.0,66.95999908447266,66.9800033569336,15
2026-09-01 03:51:00-04:00,66.91000366210938,66.9800033569336,66.91000366210938,66.9800033569336,16
2026-09-01 03:52:00-04:00,66.92500305175781,66.94000244140625,66.91500091552734,66.91999816894531,21
2026-09-01 03:53:00-04:00,66.91000366210938,66.95500183105469,66.91000366210938,66.94000244140625,11
2026-09-01 03:54:00-04:00,66.94999694824219,66.96499633789062,66.90499877929688,66.90499877929688,15
2026-09-01 03:55:00-04:00,67.00499725341797,67.00499725341797,66.95999908447266,66.95999908447266,9
2026-09-01 03:56:00-04:00,66.98999786376953,66.98999786376953,66.98999786376953,66.98999786376953,1
2026-09-01 03:57:00-04:00,66.98999786376953,67.01000213623047,66.95999908447266,66.98999786376953,50
2026-09-01 03:58:00-04:00,66.9749984741211,66.98500061035156,66.95999908447266,66.98500061035156,27
2026-09-01 03:59:00-04:00,67.05999755859375,67.05999755859375,66.9749984741211,66.9749984741211,27
2026-09-01 04:00:00-04:00,66.95500183105469,67.07499694824219,66.94999694824219,67.05500030517578,51
2026-09-01 04:01:00-04:00,67.01499938964844,67.01499938964844,66.95500183105469,66.95500183105469,17
2026-09-01 04:02:00-04:00,66.99500274658203,67.05999755859375,66.94999694824219,67.01000213623047,47
2026-09-01 04:03:00-04:00,66.91999816894531,67.01000213623047,66.91999816894531,67.00499725341797,31
2026-09-01 04:04:00-04:00,66.87999725341797,66.93499755859375,66.87000274658203,66.93499755859375,37
2026-09-01 04:05:00-04:00,66.87999725341797,67.11000061035156,66.8499984741211,66.86499786376953,160
2026-09-01 04:06:00-04:00,66.7699966430664,66.91000366210938,66.75,66.8949966430664,77
2026-09-01 04:07:00-04:00,66.70500183105469,66.79499816894531,66.69499969482422,66.78500366210938,37
2026-09-01 04:08:00-04:00,66.6500015258789,66.73500061035156,66.61499786376953,66.72000122070312,34
2026-09-01 04:09:00-04:00,66.5250015258789,66.68000030517578,66.44000244140625,66.65499877929688,225
2026-09-01 04:10:00-04:00,66.43000030517578,66.54499816894531,66.41500091552734,66.5250015258789,71
2026-09-01 04:11:00-04:00,66.33499908447266,66.44000244140625,66.30500030517578,66.43000030517578,186
2026-09-01 04:12:00-04:00,66.54499816894531,66.54499816894531,66.37000274658203,66.37000274658203,56
2026-09-01 04:13:00-04:00,66.7249984741211,66.75,66.50499725341797,66.5199966430664,159
2026-09-01 04:14:00-04:00,66.7300033569336,66.75,66.69999694824219,66.7249984741211,54
2026-09-01 04:15:00-04:00,66.66500091552734,66.73999786376953,66.63999938964844,66.73999786376953,28
2026-09-01 04:16:00-04:00,66.62000274658203,66.66500091552734,66.62000274658203,66.6449966430664,16
2026-09-01 04:17:00-04:00,66.55000305175781,66.6050033569336,66.54000091552734,66.58499908447266,13
2026-09-01 04:18:00-04:00,66.49500274658203,66.56500244140625,66.49500274658203,66.54000091552734,30
2026-09-01 04:19:00-04:00,66.51499938964844,66.51499938964844,66.46499633789062,66.4749984741211,19
2026-09-01 04:20:00-04:00,66.5199966430664,66.54000091552734,66.4749984741211,66.48999786376953,21
2026-09-01 04:21:00-04:00,66.3949966430664,66.53500366210938,66.36000061035156,66.53500366210938,106
2026-09-01 04:22:00-04:00,66.375,66.41999816894531,66.36499786376953,66.4000015258789,39
2026-09-01 04:23:00-04:00,66.16999816894531,66.37000274658203,66.04499816894531,66.37000274658203,360
2026-09-01 04:24:00-04:00,66.08999633789062,66.2300033569336,66.05999755859375,66.16999816894531,198
2026-09-01 04:25:00-04:00,66.03500366210938,66.12999725341797,66.03500366210938,66.0999984741211,64
2026-09-01 04:26:00-04:00,66.0250015258789,66.03500366210938,65.91000366210938,66.0199966430664,371
2026-09-01 04:27:00-04:00,66.08000183105469,66.08999633789062,65.99500274658203,66.0199966430664,77
2026-09-01 04:28:00-04:00,65.91999816894531,66.06999969482422,65.91000366210938,66.06999969482422,126
2026-09-01 04:29:00-04:00,65.8499984741211,65.96499633789062,65.80000305175781,65.93499755859375,282
2026-09-01 04:30:00-04:00,65.69000244140625,65.88999938964844,65.55500030517578,65.86000061035156,450
2026-09-01 04:31:00-04:00,65.70999908447266,65.7750015258789,65.58499908447266,65.69000244140625,235
2026-09-01 04:32:00-04:00,65.62999725341797,65.69499969482422,65.5250015258789,65.69499969482422,190
2026-09-01 04:33:00-04:00,65.55999755859375,65.6500015258789,65.51499938964844,65.62999725341797,68
2026-09-01 04:34:00-04:00,65.54499816894531,65.55999755859375,65.48500061035156,65.5250015258789,94
2026-09-01 04:35:00-04:00,65.49500274658203,65.5999984741211,65.49500274658203,65.55000305175781,72
2026-09-01 04:36:00-04:00,65.5250015258789,65.58499908447266,65.49500274658203,65.51000213623047,91
2026-09-01 04:37:00-04:00,65.5,65.55000305175781,65.44999694824219,65.51000213623047,223
2026-09-01 04:38:00-04:00,65.53500366210938,65.58499908447266,65.47000122070312,65.47000122070312,83
2026-09-01 04:39:00-04:00,65.56500244140625,65.63999938964844,65.49500274658203,65.5199966430664,110
2026-09-01 04:40:00-04:00,65.77999877929688,65.77999877929688,65.54499816894531,65.55999755859375,186
2026-09-01 04:41:00-04:00,65.6050033569336,65.79000091552734,65.6050033569336,65.7699966430664,123
2026-09-01 04:42:00-04:00,65.55999755859375,65.5999984741211,65.54000091552734,65.5999984741211,49
2026-09-01 04:43:00-04:00,65.46499633789062,65.58999633789062,65.43499755859375,65.55999755859375,84
2026-09-01 04:44:00-04:00,65.49500274658203,65.57499694824219,65.4800033569336,65.4800033569336,77
2026-09-01 04:45:00-04:00,65.56999969482422,65.62000274658203,65.49500274658203,65.49500274658203,81
2026-09-01 04:46:00-04:00,65.48999786376953,65.55999755859375,65.47000122070312,65.55999755859375,137
2026-09-01 04:47:00-04:00,65.55999755859375,65.55999755859375,65.37999725341797,65.49500274658203,132
2026-09-01 04:48:00-04:00,65.49500274658203,65.55000305175781,65.49500274658203,65.55000305175781,45
2026-09-01 04:49:00-04:00,65.5250015258789,65.54499816894531,65.48500061035156,65.51000213623047,54
2026-09-01 04:50:00-04:00,65.50499725341797,65.53500366210938,65.4000015258789,65.53500366210938,73
2026-09-01 04:51:00-04:00,65.4749984741211,65.53500366210938,65.4749984741211,65.5,38
2026-09-01 04:52:00-04:00,65.44499969482422,65.55500030517578,65.42500305175781,65.4800033569336,46
2026-09-01 04:53:00-04:00,65.5199966430664,65.54000091552734,65.5199966430664,65.5250015258789,4
2026-09-01 04:54:00-04:00,65.55000305175781,65.57499694824219,65.4749984741211,65.4749984741211,49
2026-09-01 04:55:00-04:00,65.5250015258789,65.59500122070312,65.5250015258789,65.55999755859375,80
2026-09-01 04:56:00-04:00,65.41500091552734,65.5199966430664,65.375,65.5199966430664,42
2026-09-01 04:57:00-04:00,65.45500183105469,65.47000122070312,65.41000366210938,65.41999816894531,18
2026-09-01 04:58:00-04:00,65.41000366210938,65.47000122070312,65.3949966430664,65.45500183105469,27
2026-09-01 04:59:00-04:00,65.33000183105469,65.40499877929688,65.31999969482422,65.40499877929688,42
2026-09-01 05:00:00-04:00,65.30999755859375,65.4000015258789,65.30999755859375,65.33499908447266,92
2026-09-01 05:01:00-04:00,65.2750015258789,65.34500122070312,65.17500305175781,65.31500244140625,217
2026-09-01 05:02:00-04:00,65.19000244140625,65.28500366210938,65.18000030517578,65.27999877929688,66
2026-09-01 05:03:00-04:00,65.25499725341797,65.27999877929688,65.18000030517578,65.20500183105469,80
2026-09-01 05:04:00-04:00,65.36000061035156,65.3949966430664,65.26000213623047,65.26000213623047,57
2026-09-01 05:05:00-04:00,65.34500122070312,65.38500213623047,65.32499694824219,65.36499786376953,97
2026-09-01 05:06:00-04:00,65.20999908447266,65.33000183105469,65.19000244140625,65.33000183105469,127
2026-09-01 05:07:00-04:00,65.31999969482422,65.31999969482422,65.20500183105469,65.20500183105469,97
2026-09-01 05:08:00-04:00,65.33000183105469,65.38500213623047,65.31999969482422,65.31999969482422,32
2026-09-01 05:09:00-04:00,65.28500366210938,65.37999725341797,65.27999877929688,65.32499694824219,64
2026-09-01 05:10:00-04:00,65.2699966430664,65.30000305175781,65.21499633789062,65.30000305175781,67
2026-09-01 05:11:00-04:00,65.27999877929688,65.27999877929688,65.23500061035156,65.2750015258789,32
2026-09-01 05:12:00-04:00,65.34500122070312,65.34500122070312,65.27999877929688,65.27999877929688,41
2026-09-01 05:13:00-04:00,65.33999633789062,65.33999633789062,65.30500030517578,65.33499908447266,23
2026-09-01 05:14:00-04:00,65.30500030517578,65.3499984741211,65.30500030517578,65.33999633789062,34
2026-09-01 05:15:00-04:00,65.32499694824219,65.33999633789062,65.27999877929688,65.33000183105469,27
2026-09-01 05:16:00-04:00,65.33499908447266,65.34500122070312,65.27999877929688,65.30999755859375,62
2026-09-01 05:17:00-04:00,65.37999725341797,65.38999938964844,65.2750015258789,65.33000183105469,115
2026-09-01 05:18:00-04:00,65.31500244140625,65.375,65.30000305175781,65.375,26
2026-09-01 05:19:00-04:00,65.36000061035156,65.36000061035156,65.31999969482422,65.31999969482422,9
2026-09-01 05:20:00-04:00,65.3499984741211,65.38500213623047,65.34500122070312,65.36000061035156,19
2026-09-01 05:21:00-04:00,65.37000274658203,65.38999938964844,65.3499984741211,65.3499984741211,16
2026-09-01 05:22:00-04:00,65.38999938964844,65.38999938964844,65.33499908447266,65.34500122070312,14
2026-09-01 05:23:00-04:00,65.3550033569336,65.38999938964844,65.34500122070312,65.38999938964844,15
2026-09-01 05:24:00-04:00,65.3499984741211,65.37999725341797,65.34500122070312,65.37000274658203,10
2026-09-01 05:25:00-04:00,65.3550033569336,65.38999938964844,65.3550033569336,65.36000061035156,9
2026-09-01 05:26:00-04:00,65.36000061035156,65.38999938964844,65.3499984741211,65.37000274658203,24
2026-09-01 05:27:00-04:00,65.29000091552734,65.3499984741211,65.29000091552734,65.33000183105469,28
2026-09-01 05:28:00-04:00,65.37000274658203,65.37000274658203,65.28500366210938,65.28500366210938,22
2026-09-01 05:29:00-04:00,65.3550033569336,65.375,65.31999969482422,65.375,51
2026-09-01 05:30:00-04:00,65.25,65.33999633789062,65.25,65.33999633789062,51
2026-09-01 05:31:00-04:00,65.28500366210938,65.30500030517578,65.25,65.25499725341797,49
2026-09-01 05:32:00-04:00,65.32499694824219,65.32499694824219,65.29000091552734,65.31999969482422,31
2026-09-01 05:33:00-04:00,65.29000091552734,65.38999938964844,65.27999877929688,65.32499694824219,36
2026-09-01 05:34:00-04:00,65.3550033569336,65.36000061035156,65.28500366210938,65.30999755859375,30
2026-09-01 05:35:00-04:00,65.25499725341797,65.36000061035156,65.25499725341797,65.33000183105469,23
2026-09-01 05:36:00-04:00,65.23999786376953,65.2750015258789,65.23500061035156,65.26499938964844,33
2026-09-01 05:37:00-04:00,65.26000213623047,65.2750015258789,65.25,65.25,24
2026-09-01 05:38:00-04:00,65.12999725341797,65.23500061035156,65.0999984741211,65.21499633789062,71
2026-09-01 05:39:00-04:00,65.15499877929688,65.19499969482422,65.09500122070312,65.12000274658203,95
2026-09-01 05:40:00-04:00,65.18499755859375,65.19499969482422,65.06999969482422,65.1500015258789,92
2026-09-01 05:41:00-04:00,65.20999908447266,65.24500274658203,65.19499969482422,65.19999694824219,27
2026-09-01 05:42:00-04:00,65.25,65.25,65.21499633789062,65.2300033569336,37
2026-09-01 05:43:00-04:00,65.33499908447266,65.33499908447266,65.25,65.25,32
2026-09-01 05:44:00-04:00,65.33999633789062,65.36000061035156,65.33499908447266,65.33999633789062,26
2026-09-01 05:45:00-04:00,65.375,65.3949966430664,65.33999633789062,65.375,65
2026-09-01 05:46:00-04:00,65.42500305175781,65.44000244140625,65.38999938964844,65.38999938964844,28
2026-09-01 05:47:00-04:00,65.38999938964844,65.41500091552734,65.36000061035156,65.375,16
2026-09-01 05:48:00-04:00,65.32499694824219,65.42500305175781,65.30000305175781,65.4000015258789,85
2026-09-01 05:49:00-04:00,65.22000122070312,65.32499694824219,65.22000122070312,65.31500244140625,73
2026-09-01 05:50:00-04:00,65.17500305175781,65.23500061035156,65.17500305175781,65.21499633789062,65
2026-09-01 05:51:00-04:00,65.23500061035156,65.2750015258789,65.17500305175781,65.17500305175781,27
2026-09-01 05:52:00-04:00,65.2300033569336,65.25,65.20999908447266,65.2249984741211,11
2026-09-01 05:53:00-04:00,65.24500274658203,65.28500366210938,65.24500274658203,65.26499938964844,15
2026-09-01 05:54:00-04:00,65.27999877929688,65.28500366210938,65.25,65.25,10
2026-09-01 05:55:00-04:00,65.31500244140625,65.31500244140625,65.28500366210938,65.30000305175781,13
2026-09-01 05:56:00-04:00,65.2699966430664,65.36000061035156,65.25,65.3499984741211,15
2026-09-01 05:57:00-04:00,65.2300033569336,65.27999877929688,65.2300033569336,65.2750015258789,5
2026-09-01 05:58:00-04:00,65.2300033569336,65.2300033569336,65.17500305175781,65.2300033569336,35
2026-09-01 05:59:00-04:00,65.11499786376953,65.2300033569336,65.11499786376953,65.2249984741211,39
2026-09-01 06:00:00-04:00,65.15499877929688,65.15499877929688,65.0999984741211,65.11499786376953,54
2026-09-01 06:01:00-04:00,65.22000122070312,65.22000122070312,65.16000366210938,65.16000366210938,23
2026-09-01 06:02:00-04:00,65.28500366210938,65.28500366210938,65.24500274658203,65.26499938964844,11
2026-09-01 06:03:00-04:00,65.25,65.2750015258789,65.25,65.25499725341797,15
2026-09-01 06:04:00-04:00,65.23999786376953,65.26499938964844,65.19000244140625,65.25499725341797,20
2026-09-01 06:05:00-04:00,65.29000091552734,65.30000305175781,65.25499725341797,65.25499725341797,18
2026-09-01 06:06:00-04:00,65.26499938964844,65.26499938964844,65.2249984741211,65.2300033569336,8
2026-09-01 06:07:00-04:00,65.30000305175781,65.30999755859375,65.2750015258789,65.29000091552734,7
2026-09-01 06:08:00-04:00,65.29499816894531,65.33999633789062,65.29499816894531,65.30000305175781,16
2026-09-01 06:09:00-04:00,65.29000091552734,65.30000305175781,65.29000091552734,65.29000091552734,4
2026-09-01 06:10:00-04:00,65.36000061035156,65.36000061035156,65.29499816894531,65.30999755859375,66
2026-09-01 06:11:00-04:00,65.42500305175781,65.44999694824219,65.36000061035156,65.36000061035156,34
2026-09-01 06:12:00-04:00,65.48500061035156,65.48500061035156,65.43000030517578,65.43000030517578,37
2026-09-01 06:13:00-04:00,65.58999633789062,65.58999633789062,65.48500061035156,65.48500061035156,118
2026-09-01 06:14:00-04:00,65.56999969482422,65.59500122070312,65.54499816894531,65.56500244140625,88
2026-09-01 06:15:00-04:00,65.62000274658203,65.62000274658203,65.56500244140625,65.57499694824219,82
2026-09-01 06:16:00-04:00,65.68499755859375,65.68499755859375,65.59500122070312,65.6050033569336,35
2026-09-01 06:17:00-04:00,65.625,65.68000030517578,65.625,65.67500305175781,83
2026-09-01 06:18:00-04:00,65.6449966430664,65.6449966430664,65.61000061035156,65.61499786376953,27
2026-09-01 06:19:00-04:00,65.61499786376953,65.65499877929688,65.61499786376953,65.62999725341797,19
2026-09-01 06:20:00-04:00,65.62999725341797,65.62999725341797,65.58499908447266,65.6050033569336,25
2026-09-01 06:21:00-04:00,65.71499633789062,65.7300033569336,65.61499786376953,65.6449966430664,55
2026-09-01 06:22:00-04:00,65.70999908447266,65.71499633789062,65.66000366210938,65.69499969482422,33
2026-09-01 06:23:00-04:00,65.67500305175781,65.70500183105469,65.66500091552734,65.70500183105469,5
2026-09-01 06:24:00-04:00,65.66999816894531,65.68000030517578,65.6500015258789,65.68000030517578,10
2026-09-01 06:25:00-04:00,65.6500015258789,65.68000030517578,65.6500015258789,65.67500305175781,6
2026-09-01 06:26:00-04:00,65.66500091552734,65.66999816894531,65.65499877929688,65.66500091552734,20
2026-09-01 06:27:00-04:00,65.70500183105469,65.73500061035156,65.66000366210938,65.66000366210938,25
2026-09-01 06:28:00-04:00,65.7300033569336,65.7300033569336,65.69000244140625,65.70999908447266,15
2026-09-01 06:29:00-04:00,65.73999786376953,65.73999786376953,65.71499633789062,65.71499633789062,43
2026-09-01 06:30:00-04:00,65.70999908447266,65.73999786376953,65.69999694824219,65.73999786376953,10
2026-09-01 06:31:00-04:00,65.68499755859375,65.70999908447266,65.67500305175781,65.69499969482422,14
2026-09-01 06:32:00-04:00,65.68499755859375,65.69999694824219,65.66000366210938,65.66000366210938,18
2026-09-01 06:33:00-04:00,65.66999816894531,65.69000244140625,65.66999816894531,65.69000244140625,9
2026-09-01 06:34:00-04:00,65.69999694824219,65.69999694824219,65.69999694824219,65.69999694824219,1
2026-09-01 06:35:00-04:00,65.70999908447266,65.70999908447266,65.68000030517578,65.69499969482422,6
2026-09-01 06:36:00-04:00,65.63500213623047,65.69499969482422,65.63500213623047,65.69499969482422,23
2026-09-01 06:37:00-04:00,65.68499755859375,65.68499755859375,65.6500015258789,65.66500091552734,12
2026-09-01 06:38:00-04:00,65.68000030517578,65.68000030517578,65.68000030517578,65.68000030517578,2
2026-09-01 06:39:00-04:00,65.65499877929688,65.66999816894531,65.6500015258789,65.66500091552734,7
2026-09-01 06:40:00-04:00,65.63500213623047,65.6449966430664,65.61499786376953,65.6449966430664,6
2026-09-01 06:41:00-04:00,65.62999725341797,65.6449966430664,65.61499786376953,65.62999725341797,13
2026-09-01 06:42:00-04:00,65.62999725341797,65.65499877929688,65.62999725341797,65.63500213623047,8
2026-09-01 06:43:00-04:00,65.61000061035156,65.61000061035156,65.5999984741211,65.5999984741211,12
2026-09-01 06:44:00-04:00,65.59500122070312,65.625,65.59500122070312,65.61499786376953,11
2026-09-01 06:45:00-04:00,65.55999755859375,65.59500122070312,65.55000305175781,65.58000183105469,13
2026-09-01 06:46:00-04:00,65.57499694824219,65.57499694824219,65.53500366210938,65.54499816894531,8
2026-09-01 06:47:00-04:00,65.58499908447266,65.63500213623047,65.5199966430664,65.56500244140625,77
2026-09-01 06:48:00-04:00,65.56999969482422,65.63500213623047,65.54499816894531,65.58000183105469,39
2026-09-01 06:49:00-04:00,65.58000183105469,65.58000183105469,65.55999755859375,65.55999755859375,7
2026-09-01 06:50:00-04:00,65.44999694824219,65.58999633789062,65.44499969482422,65.58499908447266,78
2026-09-01 06:51:00-04:00,65.48500061035156,65.5,65.46499633789062,65.4749984741211,34
2026-09-01 06:52:00-04:00,65.44999694824219,65.4749984741211,65.44499969482422,65.4749984741211,24
2026-09-01 06:53:00-04:00,65.3949966430664,65.45999908447266,65.37999725341797,65.44999694824219,48
2026-09-01 06:54:00-04:00,65.41999816894531,65.41999816894531,65.3550033569336,65.3949966430664,65
2026-09-01 06:55:00-04:00,65.41999816894531,65.44000244140625,65.41000366210938,65.41999816894531,13
2026-09-01 06:56:00-04:00,65.44000244140625,65.44999694824219,65.43000030517578,65.43000030517578,15
2026-09-01 06:57:00-04:00,65.44499969482422,65.47000122070312,65.43499755859375,65.44000244140625,44
2026-09-01 06:58:00-04:00,65.41500091552734,65.4800033569336,65.41500091552734,65.44499969482422,14
2026-09-01 06:59:00-04:00,65.4000015258789,65.47000122070312,65.38500213623047,65.44000244140625,57
2026-09-01 07:00:00-04:00,65.4000015258789,65.42500305175781,65.36499786376953,65.41000366210938,50
2026-09-01 07:01:00-04:00,65.3949966430664,65.40499877929688,65.36000061035156,65.3949966430664,130
2026-09-01 07:02:00-04:00,65.44999694824219,65.45500183105469,65.38999938964844,65.38999938964844,19
2026-09-01 07:03:00-04:00,65.44999694824219,65.46499633789062,65.4000015258789,65.44999694824219,18
2026-09-01 07:04:00-04:00,65.43499755859375,65.4749984741211,65.43499755859375,65.44000244140625,48
2026-09-01 07:05:00-04:00,65.30999755859375,65.41000366210938,65.30500030517578,65.38999938964844,41
2026-09-01 07:06:00-04:00,65.31999969482422,65.31999969482422,65.29000091552734,65.30000305175781,16
2026-09-01 07:07:00-04:00,65.41999816894531,65.41999816894531,65.33000183105469,65.33499908447266,18
2026-09-01 07:08:00-04:00,65.3949966430664,65.45500183105469,65.38999938964844,65.41500091552734,36
2026-09-01 07:09:00-04:00,65.4749984741211,65.4749984741211,65.43499755859375,65.43499755859375,31
2026-09-01 07:10:00-04:00,65.44000244140625,65.4800033569336,65.44000244140625,65.4749984741211,4
2026-09-01 07:11:00-04:00,65.44999694824219,65.44999694824219,65.44000244140625,65.44000244140625,2
2026-09-01 07:12:00-04:00,65.48500061035156,65.5,65.47000122070312,65.47000122070312,26
2026-09-01 07:13:00-04:00,65.44499969482422,65.4749984741211,65.41999816894531,65.4749984741211,12
2026-09-01 07:14:00-04:00,65.37000274658203,65.43499755859375,65.3499984741211,65.42500305175781,23
2026-09-01 07:15:00-04:00,65.38500213623047,65.38500213623047,65.38500213623047,65.38500213623047,2
2026-09-01 07:16:00-04:00,65.32499694824219,65.38500213623047,65.31999969482422,65.38500213623047,16
2026-09-01 07:17:00-04:00,65.29499816894531,65.32499694824219,65.27999877929688,65.32499694824219,35
2026-09-01 07:18:00-04:00,65.33000183105469,65.33999633789062,65.29499816894531,65.30500030517578,12
2026-09-01 07:19:00-04:00,65.34500122070312,65.3550033569336,65.33999633789062,65.34500122070312,9
2026-09-01 07:20:00-04:00,65.34500122070312,65.375,65.33000183105469,65.34500122070312,41
2026-09-01 07:21:00-04:00,65.37000274658203,65.48500061035156,65.37000274658203,65.37999725341797,78
2026-09-01 07:22:00-04:00,65.3499984741211,65.36499786376953,65.33000183105469,65.36499786376953,66
2026-09-01 07:23:00-04:00,65.3499984741211,65.36499786376953,65.31999969482422,65.33000183105469,49
2026-09-01 07:24:00-04:00,65.3499984741211,65.3499984741211,65.31500244140625,65.33999633789062,47
2026-09-01 07:25:00-04:00,65.31500244140625,65.36499786376953,65.31500244140625,65.36499786376953,16
2026-09-01 07:26:00-04:00,65.33000183105469,65.33499908447266,65.28500366210938,65.33499908447266,42
2026-09-01 07:27:00-04:00,65.40499877929688,65.40499877929688,65.33499908447266,65.33499908447266,22
2026-09-01 07:28:00-04:00,65.43000030517578,65.47000122070312,65.4000015258789,65.4000015258789,51
2026-09-01 07:29:00-04:00,65.44000244140625,65.46499633789062,65.41500091552734,65.41999816894531,14
2026-09-01 07:30:00-04:00,65.45999908447266,65.45999908447266,65.4000015258789,65.41500091552734,58
2026-09-01 07:31:00-04:00,65.45999908447266,65.48999786376953,65.45500183105469,65.4749984741211,18
2026-09-01 07:32:00-04:00,65.4749984741211,65.4800033569336,65.44000244140625,65.46499633789062,42
2026-09-01 07:33:00-04:00,65.43499755859375,65.45999908447266,65.43499755859375,65.45999908447266,7
2026-09-01 07:34:00-04:00,65.41000366210938,65.41500091552734,65.38999938964844,65.40499877929688,15
2026-09-01 07:35:00-04:00,65.34500122070312,65.3949966430664,65.34500122070312,65.3949966430664,19
2026-09-01 07:36:00-04:00,65.45500183105469,65.45500183105469,65.37000274658203,65.37000274658203,31
2026-09-01 07:37:00-04:00,65.41999816894531,65.45999908447266,65.41999816894531,65.44999694824219,8
2026-09-01 07:38:00-04:00,65.47000122070312,65.51499938964844,65.44999694824219,65.44999694824219,30
2026-09-01 07:39:00-04:00,65.5,65.5,65.48500061035156,65.48999786376953,10
2026-09-01 07:40:00-04:00,65.48500061035156,65.50499725341797,65.48500061035156,65.50499725341797,13
2026-09-01 07:41:00-04:00,65.47000122070312,65.51000213623047,65.47000122070312,65.48999786376953,8
2026-09-01 07:42:00-04:00,65.48500061035156,65.48500061035156,65.47000122070312,65.47000122070312,9
2026-09-01 07:43:00-04:00,65.47000122070312,65.4800033569336,65.47000122070312,65.4800033569336,8
2026-09-01 07:44:00-04:00,65.48500061035156,65.5,65.48500061035156,65.48500061035156,10
2026-09-01 07:45:00-04:00,65.5,65.50499725341797,65.45999908447266,65.47000122070312,6
2026-09-01 07:46:00-04:00,65.58999633789062,65.58999633789062,65.51000213623047,65.51000213623047,47
2026-09-01 07:47:00-04:00,65.63500213623047,65.66999816894531,65.59500122070312,65.59500122070312,71
2026-09-01 07:48:00-04:00,65.69000244140625,65.69000244140625,65.63999938964844,65.63999938964844,15
2026-09-01 07:49:00-04:00,65.63999938964844,65.66999816894531,65.63999938964844,65.66000366210938,22
2026-09-01 07:50:00-04:00,65.61499786376953,65.66500091552734,65.61000061035156,65.65499877929688,26
2026-09-01 07:51:00-04:00,65.61000061035156,65.61499786376953,65.5999984741211,65.61499786376953,33
2026-09-01 07:52:00-04:00,65.55999755859375,65.61000061035156,65.55000305175781,65.6050033569336,14
2026-09-01 07:53:00-04:00,65.5,65.58499908447266,65.5,65.55999755859375,20
2026-09-01 07:54:00-04:00,65.44999694824219,65.5250015258789,65.44999694824219,65.5250015258789,31
2026-09-01 07:55:00-04:00,65.42500305175781,65.45500183105469,65.4000015258789,65.44499969482422,42
2026-09-01 07:56:00-04:00,65.37999725341797,65.45500183105469,65.36000061035156,65.44499969482422,23
2026-09-01 07:57:00-04:00,65.37000274658203,65.37000274658203,65.30999755859375,65.36499786376953,64
2026-09-01 07:58:00-04:00,65.33000183105469,65.36000061035156,65.30000305175781,65.36000061035156,39
2026-09-01 07:59:00-04:00,65.38500213623047,65.38999938964844,65.33999633789062,65.33999633789062,24
2026-09-01 08:00:00-04:00,65.30999755859375,65.3949966430664,65.30500030517578,65.3949966430664,30
2026-09-01 08:01:00-04:00,65.30999755859375,65.36499786376953,65.30999755859375,65.36000061035156,24
2026-09-01 08:02:00-04:00,65.3499984741211,65.3550033569336,65.30000305175781,65.30999755859375,21
2026-09-01 08:03:00-04:00,65.32499694824219,65.3499984741211,65.29000091552734,65.33499908447266,47
2026-09-01 08:04:00-04:00,65.30999755859375,65.33000183105469,65.29000091552734,65.33000183105469,48
2026-09-01 08:05:00-04:00,65.32499694824219,65.32499694824219,65.29499816894531,65.31999969482422,14
2026-09-01 08:06:00-04:00,65.30000305175781,65.31999969482422,65.29000091552734,65.30000305175781,15
2026-09-01 08:07:00-04:00,65.31500244140625,65.36499786376953,65.31500244140625,65.32499694824219,23
2026-09-01 08:08:00-04:00,65.37999725341797,65.37999725341797,65.33000183105469,65.33000183105469,8
2026-09-01 08:09:00-04:00,65.3550033569336,65.4000015258789,65.34500122070312,65.37999725341797,27
2026-09-01 08:10:00-04:00,65.2300033569336,65.3499984741211,65.21499633789062,65.33499908447266,202
2026-09-01 08:11:00-04:00,65.2300033569336,65.23500061035156,65.20500183105469,65.22000122070312,10
2026-09-01 08:12:00-04:00,65.31500244140625,65.31999969482422,65.19999694824219,65.2300033569336,118
2026-09-01 08:13:00-04:00,65.36000061035156,65.37000274658203,65.31999969482422,65.32499694824219,15
2026-09-01 08:14:00-04:00,65.3499984741211,65.38500213623047,65.34500122070312,65.375,22
2026-09-01 08:15:00-04:00,65.37999725341797,65.4000015258789,65.34500122070312,65.38500213623047,35
2026-09-01 08:16:00-04:00,65.41500091552734,65.41500091552734,65.375,65.375,12
2026-09-01 08:17:00-04:00,65.45999908447266,65.45999908447266,65.37999725341797,65.37999725341797,8
2026-09-01 08:18:00-04:00,65.43499755859375,65.44999694824219,65.41999816894531,65.44999694824219,14
2026-09-01 08:19:00-04:00,65.37000274658203,65.4800033569336,65.36000061035156,65.42500305175781,29
2026-09-01 08:20:00-04:00,65.36499786376953,65.40499877929688,65.25499725341797,65.37999725341797,92
2026-09-01 08:21:00-04:00,65.30500030517578,65.33999633789062,65.29000091552734,65.31999969482422,23
2026-09-01 08:22:00-04:00,65.38500213623047,65.38999938964844,65.29499816894531,65.30500030517578,20
2026-09-01 08:23:00-04:00,65.31999969482422,65.36499786376953,65.2699966430664,65.36499786376953,23
2026-09-01 08:24:00-04:00,65.31999969482422,65.3550033569336,65.2750015258789,65.34500122070312,29
2026-09-01 08:25:00-04:00,65.46499633789062,65.46499633789062,65.31999969482422,65.31999969482422,76
2026-09-01 08:26:00-04:00,65.6500015258789,65.6500015258789,65.46499633789062,65.46499633789062,109
2026-09-01 08:27:00-04:00,65.58000183105469,65.63999938964844,65.58000183105469,65.63999938964844,87
2026-09-01 08:28:00-04:00,65.62000274658203,65.6449966430664,65.56999969482422,65.58999633789062,67
2026-09-01 08:29:00-04:00,65.55000305175781,65.66000366210938,65.54499816894531,65.61499786376953,24
2026-09-01 08:30:00-04:00,65.57499694824219,65.58499908447266,65.48999786376953,65.54499816894531,82
2026-09-01 08:31:00-04:00,65.5999984741211,65.69499969482422,65.58499908447266,65.58499908447266,161
2026-09-01 08:32:00-04:00,65.5,65.5999984741211,65.44999694824219,65.59500122070312,71
2026-09-01 08:33:00-04:00,65.45999908447266,65.49500274658203,65.44000244140625,65.48500061035156,40
2026-09-01 08:34:00-04:00,65.33000183105469,65.4749984741211,65.33000183105469,65.44000244140625,52
2026-09-01 08:35:00-04:00,65.31500244140625,65.375,65.27999877929688,65.32499694824219,73
2026-09-01 08:36:00-04:00,65.23500061035156,65.36499786376953,65.23500061035156,65.30500030517578,63
2026-09-01 08:37:00-04:00,65.20500183105469,65.23500061035156,65.19999694824219,65.2249984741211,48
2026-09-01 08:38:00-04:00,65.28500366210938,65.28500366210938,65.19000244140625,65.21499633789062,68
2026-09-01 08:39:00-04:00,65.29000091552734,65.41500091552734,65.26499938964844,65.28500366210938,97
2026-09-01 08:40:00-04:00,65.30999755859375,65.30999755859375,65.2750015258789,65.29499816894531,30
2026-09-01 08:41:00-04:00,65.32499694824219,65.33499908447266,65.28500366210938,65.30500030517578,43
2026-09-01 08:42:00-04:00,65.30500030517578,65.33999633789062,65.26000213623047,65.31999969482422,28
2026-09-01 08:43:00-04:00,65.38500213623047,65.38500213623047,65.29499816894531,65.29499816894531,32
2026-09-01 08:44:00-04:00,65.58499908447266,65.6050033569336,65.3949966430664,65.3949966430664,83
2026-09-01 08:45:00-04:00,65.57499694824219,65.62000274658203,65.54499816894531,65.58000183105469,56
2026-09-01 08:46:00-04:00,65.63500213623047,65.65499877929688,65.57499694824219,65.59500122070312,31
2026-09-01 08:47:00-04:00,65.69999694824219,65.75,65.6449966430664,65.65499877929688,139
2026-09-01 08:48:00-04:00,65.58000183105469,65.68000030517578,65.58000183105469,65.67500305175781,37
2026-09-01 08:49:00-04:00,65.63500213623047,65.66000366210938,65.55999755859375,65.56500244140625,42
2026-09-01 08:50:00-04:00,65.58999633789062,65.6500015258789,65.58000183105469,65.62999725341797,48
2026-09-01 08:51:00-04:00,65.67500305175781,65.67500305175781,65.58499908447266,65.58499908447266,39
2026-09-01 08:52:00-04:00,65.62000274658203,65.67500305175781,65.61000061035156,65.66999816894531,37
2026-09-01 08:53:00-04:00,65.58999633789062,65.61000061035156,65.54499816894531,65.58999633789062,35
2026-09-01 08:54:00-04:00,65.62000274658203,65.62000274658203,65.58999633789062,65.58999633789062,21
2026-09-01 08:55:00-04:00,65.53500366210938,65.61499786376953,65.5199966430664,65.61499786376953,34
2026-09-01 08:56:00-04:00,65.58499908447266,65.58499908447266,65.5199966430664,65.53500366210938,27
2026-09-01 08:57:00-04:00,65.5999984741211,65.625,65.58499908447266,65.58499908447266,33
2026-09-01 08:58:00-04:00,65.54000091552734,65.58499908447266,65.51499938964844,65.58499908447266,30
2026-09-01 08:59:00-04:00,65.32499694824219,65.54499816894531,65.32499694824219,65.54499816894531,596
2026-09-01 09:00:00-04:00,65.31500244140625,65.48500061035156,65.24500274658203,65.31999969482422,454
2026-09-01 09:01:00-04:00,65.20500183105469,65.31999969482422,65.16500091552734,65.29499816894531,174
2026-09-01 09:02:00-04:00,65.13999938964844,65.33000183105469,65.0999984741211,65.21499633789062,129
2026-09-01 09:03:00-04:00,65.1500015258789,65.23999786376953,65.0199966430664,65.12999725341797,379
2026-09-01 09:04:00-04:00,65.19999694824219,65.29000091552734,65.125,65.1500015258789,62
2026-09-01 09:05:00-04:00,65.1449966430664,65.17500305175781,65.08999633789062,65.17500305175781,85
2026-09-01 09:06:00-04:00,65.0999984741211,65.18000030517578,65.08999633789062,65.11499786376953,84
2026-09-01 09:07:00-04:00,65.21499633789062,65.25499725341797,65.08499908447266,65.08499908447266,80
2026-09-01 09:08:00-04:00,65.20500183105469,65.2699966430664,65.19000244140625,65.19999694824219,51
2026-09-01 09:09:00-04:00,65.08499908447266,65.2300033569336,65.05000305175781,65.20999908447266,106
2026-09-01 09:10:00-04:00,65.16999816894531,65.2249984741211,65.05500030517578,65.08000183105469,63
2026-09-01 09:11:00-04:00,65.04000091552734,65.19000244140625,65.04000091552734,65.17500305175781,36
2026-09-01 09:12:00-04:00,65.11000061035156,65.11000061035156,65.0199966430664,65.05000305175781,116
2026-09-01 09:13:00-04:00,65.15499877929688,65.18000030517578,65.1050033569336,65.11000061035156,56
2026-09-01 09:14:00-04:00,64.87000274658203,65.13999938964844,64.83000183105469,65.12999725341797,405
2026-09-01 09:15:00-04:00,64.98500061035156,64.98999786376953,64.86499786376953,64.875,116
2026-09-01 09:16:00-04:00,65.01000213623047,65.06999969482422,64.9749984741211,64.98500061035156,119
2026-09-01 09:17:00-04:00,65.01000213623047,65.04000091552734,64.96499633789062,64.98999786376953,82
2026-09-01 09:18:00-04:00,64.9000015258789,65.0199966430664,64.87000274658203,65.0199966430664,52
2026-09-01 09:19:00-04:00,65.0250015258789,65.04000091552734,64.9000015258789,64.91000366210938,61
2026-09-01 09:20:00-04:00,64.94999694824219,65.06999969482422,64.94499969482422,65.03500366210938,65
2026-09-01 09:21:00-04:00,64.96499633789062,64.99500274658203,64.92500305175781,64.94999694824219,56
2026-09-01 09:22:00-04:00,64.95999908447266,64.96499633789062,64.8949966430664,64.94999694824219,63
2026-09-01 09:23:00-04:00,65.01499938964844,65.04000091552734,64.96499633789062,64.97000122070312,53
2026-09-01 09:24:00-04:00,65.0250015258789,65.07499694824219,64.98500061035156,65.0250015258789,45
2026-09-01 09:25:00-04:00,65.12999725341797,65.1500015258789,64.98500061035156,65.01000213623047,63
2026-09-01 09:26:00-04:00,65.19000244140625,65.2300033569336,65.12999725341797,65.12999725341797,103
2026-09-01 09:27:00-04:00,65.19499969482422,65.26499938964844,65.16500091552734,65.18499755859375,193
2026-09-01 09:28:00-04:00,65.26000213623047,65.27999877929688,65.16500091552734,65.16999816894531,193
2026-09-01 09:29:00-04:00,65.24500274658203,65.31500244140625,65.24500274658203,65.26499938964844,89
2026-09-01 09:30:00-04:00,65.26000213623047,65.26499938964844,65.0999984741211,65.23999786376953,233
2026-09-01 09:31:00-04:00,65.31500244140625,65.37000274658203,65.24500274658203,65.25499725341797,137
2026-09-01 09:32:00-04:00,65.37000274658203,65.43499755859375,65.29000091552734,65.31500244140625,71
2026-09-01 09:33:00-04:00,65.44000244140625,65.45999908447266,65.3550033569336,65.3550033569336,160
2026-09-01 09:34:00-04:00,65.41999816894531,65.45999908447266,65.3949966430664,65.45500183105469,52
2026-09-01 09:35:00-04:00,65.38500213623047,65.4749984741211,65.31999969482422,65.41999816894531,116
2026-09-01 09:36:00-04:00,65.33999633789062,65.37999725341797,65.30000305175781,65.34500122070312,78
2026-09-01 09:37:00-04:00,65.43499755859375,65.45999908447266,65.33999633789062,65.3499984741211,163
2026-09-01 09:38:00-04:00,65.3949966430664,65.43000030517578,65.36499786376953,65.42500305175781,46
2026-09-01 09:39:00-04:00,65.36499786376953,65.44999694824219,65.36499786376953,65.4000015258789,42
2026-09-01 09:40:00-04:00,65.375,65.38999938964844,65.34500122070312,65.36499786376953,18
2026-09-01 09:41:00-04:00,65.31999969482422,65.44000244140625,65.27999877929688,65.43000030517578,90
2026-09-01 09:42:00-04:00,65.43499755859375,65.44499969482422,65.3499984741211,65.37999725341797,76
2026-09-01 09:43:00-04:00,65.49500274658203,65.5,65.43499755859375,65.45999908447266,71
2026-09-01 09:44:00-04:00,65.54000091552734,65.54000091552734,65.45500183105469,65.5199966430664,32
2026-09-01 09:45:00-04:00,65.45999908447266,65.53500366210938,65.43000030517578,65.51000213623047,51
2026-09-01 09:46:00-04:00,65.41000366210938,65.4800033569336,65.3949966430664,65.4800033569336,37
2026-09-01 09:47:00-04:00,65.40499877929688,65.42500305175781,65.33000183105469,65.38999938964844,39
2026-09-01 09:48:00-04:00,65.38999938964844,65.44999694824219,65.38999938964844,65.41500091552734,31
2026-09-01 09:49:00-04:00,65.38999938964844,65.4000015258789,65.33000183105469,65.38999938964844,77
2026-09-01 09:50:00-04:00,65.33999633789062,65.41000366210938,65.30000305175781,65.3949966430664,102
2026-09-01 09:51:00-04:00,65.27999877929688,65.36000061035156,65.2699966430664,65.3499984741211,110
2026-09-01 09:52:00-04:00,65.30000305175781,65.3550033569336,65.2699966430664,65.30500030517578,120
2026-09-01 09:53:00-04:00,65.2750015258789,65.31999969482422,65.25499725341797,65.2750015258789,29
2026-09-01 09:54:00-04:00,65.1500015258789,65.2750015258789,65.1449966430664,65.2699966430664,99
2026-09-01 09:55:00-04:00,65.19999694824219,65.2249984741211,65.1500015258789,65.16999816894531,39
2026-09-01 09:56:00-04:00,65.2300033569336,65.25,65.16000366210938,65.19499969482422,35
2026-09-01 09:57:00-04:00,65.18000030517578,65.25499725341797,65.17500305175781,65.22000122070312,32
2026-09-01 09:58:00-04:00,65.19000244140625,65.19999694824219,65.16500091552734,65.18499755859375,20
2026-09-01 09:59:00-04:00,65.4800033569336,65.48999786376953,65.19000244140625,65.19000244140625,197
2026-09-01 10:00:00-04:00,65.27999877929688,65.625,65.24500274658203,65.45999908447266,271
2026-09-01 10:01:00-04:00,65.33999633789062,65.38999938964844,65.28500366210938,65.28500366210938,67
2026-09-01 10:02:00-04:00,65.22000122070312,65.3499984741211,65.21499633789062,65.34500122070312,55
2026-09-01 10:03:00-04:00,65.30000305175781,65.30000305175781,65.16999816894531,65.25499725341797,102
2026-09-01 10:04:00-04:00,65.25499725341797,65.30500030517578,65.23999786376953,65.30000305175781,32
2026-09-01 10:05:00-04:00,65.2750015258789,65.36000061035156,65.25,65.25499725341797,60
2026-09-01 10:06:00-04:00,65.30999755859375,65.38500213623047,65.29000091552734,65.33999633789062,62
2026-09-01 10:07:00-04:00,65.42500305175781,65.45999908447266,65.30999755859375,65.30999755859375,81
2026-09-01 10:08:00-04:00,65.4749984741211,65.4749984741211,65.41500091552734,65.44000244140625,64
2026-09-01 10:09:00-04:00,65.54000091552734,65.58000183105469,65.4800033569336,65.4800033569336,91
2026-09-01 10:10:00-04:00,65.55000305175781,65.56999969482422,65.5,65.53500366210938,55
2026-09-01 10:11:00-04:00,65.54000091552734,65.58499908447266,65.51499938964844,65.55500030517578,36
2026-09-01 10:12:00-04:00,65.48500061035156,65.52999877929688,65.45500183105469,65.52999877929688,23
2026-09-01 10:13:00-04:00,65.5199966430664,65.53500366210938,65.44499969482422,65.48500061035156,76
2026-09-01 10:14:00-04:00,65.59500122070312,65.62000274658203,65.52999877929688,65.52999877929688,177
2026-09-01 10:15:00-04:00,65.68499755859375,65.69000244140625,65.58499908447266,65.625,190
2026-09-01 10:16:00-04:00,65.68000030517578,65.69999694824219,65.65499877929688,65.68000030517578,141
2026-09-01 10:17:00-04:00,65.66999816894531,65.70500183105469,65.6050033569336,65.69000244140625,50
2026-09-01 10:18:00-04:00,65.6050033569336,65.69999694824219,65.6050033569336,65.67500305175781,46
2026-09-01 10:19:00-04:00,65.62999725341797,65.62999725341797,65.56500244140625,65.58499908447266,58
2026-09-01 10:20:00-04:00,65.68499755859375,65.68499755859375,65.61499786376953,65.63500213623047,33
2026-09-01 10:21:00-04:00,65.69499969482422,65.69999694824219,65.63999938964844,65.6500015258789,75
2026-09-01 10:22:00-04:00,65.72000122070312,65.73999786376953,65.68000030517578,65.68499755859375,81
2026-09-01 10:23:00-04:00,65.7750015258789,65.7750015258789,65.70999908447266,65.7249984741211,113
2026-09-01 10:24:00-04:00,65.71499633789062,65.76499938964844,65.69999694824219,65.76000213623047,58
2026-09-01 10:25:00-04:00,65.73500061035156,65.75,65.70999908447266,65.71499633789062,34
2026-09-01 10:26:00-04:00,65.57499694824219,65.7249984741211,65.57499694824219,65.7249984741211,135
2026-09-01 10:27:00-04:00,65.58999633789062,65.5999984741211,65.53500366210938,65.58499908447266,60
2026-09-01 10:28:00-04:00,65.55000305175781,65.61499786376953,65.55000305175781,65.5999984741211,50
2026-09-01 10:29:00-04:00,65.54000091552734,65.57499694824219,65.54000091552734,65.55500030517578,34
2026-09-01 10:30:00-04:00,65.58999633789062,65.5999984741211,65.52999877929688,65.53500366210938,45
2026-09-01 10:31:00-04:00,65.55500030517578,65.6050033569336,65.55500030517578,65.58999633789062,79
2026-09-01 10:32:00-04:00,65.58999633789062,65.5999984741211,65.5250015258789,65.55999755859375,70
2026-09-01 10:33:00-04:00,65.58999633789062,65.6449966430664,65.55999755859375,65.58999633789062,45
2026-09-01 10:34:00-04:00,65.6500015258789,65.66000366210938,65.5999984741211,65.5999984741211,74
2026-09-01 10:35:00-04:00,65.62999725341797,65.69999694824219,65.62999725341797,65.66000366210938,52
2026-09-01 10:36:00-04:00,65.61499786376953,65.6500015258789,65.61499786376953,65.63999938964844,160
2026-09-01 10:37:00-04:00,65.56999969482422,65.66000366210938,65.56500244140625,65.62000274658203,51
2026-09-01 10:38:00-04:00,65.55500030517578,65.5999984741211,65.53500366210938,65.56500244140625,83
2026-09-01 10:39:00-04:00,65.48500061035156,65.55999755859375,65.4749984741211,65.55999755859375,42
2026-09-01 10:40:00-04:00,65.51499938964844,65.5250015258789,65.44499969482422,65.4749984741211,67
2026-09-01 10:41:00-04:00,65.5,65.5199966430664,65.4800033569336,65.51499938964844,20
2026-09-01 10:42:00-04:00,65.48999786376953,65.54499816894531,65.48500061035156,65.5,47
2026-09-01 10:43:00-04:00,65.48500061035156,65.54499816894531,65.48500061035156,65.50499725341797,27
2026-09-01 10:44:00-04:00,65.5199966430664,65.5199966430664,65.47000122070312,65.48500061035156,24
2026-09-01 10:45:00-04:00,65.54000091552734,65.54499816894531,65.48500061035156,65.5,30
2026-09-01 10:46:00-04:00,65.53500366210938,65.53500366210938,65.45500183105469,65.53500366210938,36
2026-09-01 10:47:00-04:00,65.55000305175781,65.55500030517578,65.51499938964844,65.5250015258789,32
2026-09-01 10:48:00-04:00,65.4749984741211,65.55999755859375,65.47000122070312,65.52999877929688,31
2026-09-01 10:49:00-04:00,65.37999725341797,65.47000122070312,65.36000061035156,65.47000122070312,101
2026-09-01 10:50:00-04:00,65.3949966430664,65.41500091552734,65.37000274658203,65.375,48
2026-09-01 10:51:00-04:00,65.40499877929688,65.45999908447266,65.38500213623047,65.38999938964844,65
2026-09-01 10:52:00-04:00,65.37000274658203,65.41999816894531,65.30000305175781,65.3949966430664,123
2026-09-01 10:53:00-04:00,65.375,65.42500305175781,65.375,65.375,67
2026-09-01 10:54:00-04:00,65.33999633789062,65.36000061035156,65.31999969482422,65.36000061035156,39
2026-09-01 10:55:00-04:00,65.3499984741211,65.3499984741211,65.33000183105469,65.3499984741211,17
2026-09-01 10:56:00-04:00,65.30999755859375,65.33499908447266,65.30500030517578,65.33499908447266,24
2026-09-01 10:57:00-04:00,65.33499908447266,65.3550033569336,65.31500244140625,65.33000183105469,43
2026-09-01 10:58:00-04:00,65.375,65.38999938964844,65.34500122070312,65.3499984741211,33
2026-09-01 10:59:00-04:00,65.38999938964844,65.4000015258789,65.3550033569336,65.37000274658203,29
2026-09-01 11:00:00-04:00,65.45500183105469,65.45500183105469,65.38500213623047,65.40499877929688,28
2026-09-01 11:01:00-04:00,65.44000244140625,65.45500183105469,65.41999816894531,65.44499969482422,26
2026-09-01 11:02:00-04:00,65.3499984741211,65.43000030517578,65.34500122070312,65.43000030517578,36
2026-09-01 11:03:00-04:00,65.29499816894531,65.36000061035156,65.27999877929688,65.36000061035156,45
2026-09-01 11:04:00-04:00,65.3499984741211,65.3499984741211,65.28500366210938,65.29000091552734,27
2026-09-01 11:05:00-04:00,65.37999725341797,65.37999725341797,65.33000183105469,65.34500122070312,5
2026-09-01 11:06:00-04:00,65.33499908447266,65.37999725341797,65.32499694824219,65.37999725341797,16
2026-09-01 11:07:00-04:00,65.31999969482422,65.3550033569336,65.31999969482422,65.33000183105469,31
2026-09-01 11:08:00-04:00,65.33999633789062,65.34500122070312,65.31500244140625,65.33499908447266,22
2026-09-01 11:09:00-04:00,65.3550033569336,65.36499786376953,65.34500122070312,65.36499786376953,15
2026-09-01 11:10:00-04:00,65.36499786376953,65.40499877929688,65.33999633789062,65.33999633789062,24
2026-09-01 11:11:00-04:00,65.375,65.43499755859375,65.36499786376953,65.36499786376953,53
2026-09-01 11:12:00-04:00,65.40499877929688,65.41500091552734,65.36000061035156,65.37999725341797,20
2026-09-01 11:13:00-04:00,65.41999816894531,65.42500305175781,65.38999938964844,65.38999938964844,16
2026-09-01 11:14:00-04:00,65.38999938964844,65.41500091552734,65.375,65.41000366210938,21
2026-09-01 11:15:00-04:00,65.38500213623047,65.41500091552734,65.36000061035156,65.4000015258789,56
2026-09-01 11:16:00-04:00,65.41999816894531,65.44999694824219,65.3550033569336,65.375,31
2026-09-01 11:17:00-04:00,65.51000213623047,65.5250015258789,65.41999816894531,65.43499755859375,120
2026-09-01 11:18:00-04:00,65.5250015258789,65.52999877929688,65.4800033569336,65.50499725341797,51
2026-09-01 11:19:00-04:00,65.4749984741211,65.52999877929688,65.45999908447266,65.5250015258789,36
2026-09-01 11:20:00-04:00,65.48500061035156,65.50499725341797,65.47000122070312,65.48999786376953,13
2026-09-01 11:21:00-04:00,65.48999786376953,65.50499725341797,65.4749984741211,65.5,41
2026-09-01 11:22:00-04:00,65.51000213623047,65.54499816894531,65.49500274658203,65.49500274658203,37
2026-09-01 11:23:00-04:00,65.49500274658203,65.51499938964844,65.4800033569336,65.50499725341797,56
2026-09-01 11:24:00-04:00,65.48999786376953,65.5199966430664,65.4800033569336,65.51000213623047,49
2026-09-01 11:25:00-04:00,65.4800033569336,65.48500061035156,65.44999694824219,65.48500061035156,76
2026-09-01 11:26:00-04:00,65.45999908447266,65.47000122070312,65.44999694824219,65.46499633789062,17
2026-09-01 11:27:00-04:00,65.48500061035156,65.48999786376953,65.44000244140625,65.44999694824219,21
2026-09-01 11:28:00-04:00,65.51000213623047,65.51000213623047,65.44999694824219,65.4749984741211,15
2026-09-01 11:29:00-04:00,65.58000183105469,65.58499908447266,65.51000213623047,65.51000213623047,61
2026-09-01 11:30:00-04:00,65.58000183105469,65.5999984741211,65.55000305175781,65.58499908447266,75
2026-09-01 11:31:00-04:00,65.5999984741211,65.5999984741211,65.52999877929688,65.58000183105469,47
2026-09-01 11:32:00-04:00,65.58999633789062,65.63999938964844,65.58000183105469,65.6050033569336,42
2026-09-01 11:33:00-04:00,65.63500213623047,65.66500091552734,65.58999633789062,65.58999633789062,44
2026-09-01 11:34:00-04:00,65.58000183105469,65.68499755859375,65.58000183105469,65.6449966430664,57
2026-09-01 11:35:00-04:00,65.58499908447266,65.5999984741211,65.55000305175781,65.58000183105469,49
2026-09-01 11:36:00-04:00,65.62000274658203,65.62000274658203,65.58000183105469,65.58000183105469,24
2026-09-01 11:37:00-04:00,65.61499786376953,65.61499786376953,65.58499908447266,65.61000061035156,27
2026-09-01 11:38:00-04:00,65.5999984741211,65.66000366210938,65.5999984741211,65.62000274658203,45
2026-09-01 11:39:00-04:00,65.59500122070312,65.61499786376953,65.58000183105469,65.59500122070312,38
2026-09-01 11:40:00-04:00,65.62999725341797,65.63500213623047,65.58999633789062,65.6050033569336,47
2026-09-01 11:41:00-04:00,65.62999725341797,65.66000366210938,65.61499786376953,65.62999725341797,36
2026-09-01 11:42:00-04:00,65.5999984741211,65.625,65.59500122070312,65.61000061035156,23
2026-09-01 11:43:00-04:00,65.63999938964844,65.6500015258789,65.6050033569336,65.6050033569336,21
2026-09-01 11:44:00-04:00,65.72000122070312,65.72000122070312,65.61499786376953,65.6449966430664,46
2026-09-01 11:45:00-04:00,65.71499633789062,65.74500274658203,65.69999694824219,65.7300033569336,51
2026-09-01 11:46:00-04:00,65.72000122070312,65.72000122070312,65.68000030517578,65.71499633789062,38
2026-09-01 11:47:00-04:00,65.74500274658203,65.76000213623047,65.7249984741211,65.7249984741211,58
2026-09-01 11:48:00-04:00,65.69999694824219,65.75,65.69999694824219,65.75,36
2026-09-01 11:49:00-04:00,65.75,65.75,65.70500183105469,65.70500183105469,63
2026-09-01 11:50:00-04:00,65.75499725341797,65.7699966430664,65.7300033569336,65.74500274658203,59
2026-09-01 11:51:00-04:00,65.875,65.90499877929688,65.75,65.75,120
2026-09-01 11:52:00-04:00,65.83499908447266,65.88500213623047,65.83000183105469,65.875,30
2026-09-01 11:53:00-04:00,65.83000183105469,65.8550033569336,65.81500244140625,65.8499984741211,39
2026-09-01 11:54:00-04:00,65.86000061035156,65.86000061035156,65.81500244140625,65.82499694824219,49
2026-09-01 11:55:00-04:00,65.81500244140625,65.86499786376953,65.81500244140625,65.84500122070312,51
2026-09-01 11:56:00-04:00,65.80000305175781,65.84500122070312,65.79499816894531,65.83499908447266,28
2026-09-01 11:57:00-04:00,65.74500274658203,65.80500030517578,65.73999786376953,65.80500030517578,40
2026-09-01 11:58:00-04:00,65.7750015258789,65.77999877929688,65.73999786376953,65.76000213623047,81
2026-09-01 11:59:00-04:00,65.83999633789062,65.83999633789062,65.7750015258789,65.77999877929688,34
2026-09-01 12:00:00-04:00,65.87999725341797,65.87999725341797,65.82499694824219,65.84500122070312,37
2026-09-01 12:01:00-04:00,65.8550033569336,65.87999725341797,65.83999633789062,65.87999725341797,66
2026-09-01 12:02:00-04:00,65.87999725341797,65.91000366210938,65.8499984741211,65.86499786376953,45
2026-09-01 12:03:00-04:00,65.90499877929688,65.93499755859375,65.87999725341797,65.88999938964844,46
2026-09-01 12:04:00-04:00,65.92500305175781,65.92500305175781,65.88999938964844,65.9000015258789,24
2026-09-01 12:05:00-04:00,65.95999908447266,65.9749984741211,65.91500091552734,65.91500091552734,64
2026-09-01 12:06:00-04:00,65.8499984741211,65.96499633789062,65.8499984741211,65.95999908447266,66
2026-09-01 12:07:00-04:00,65.9000015258789,65.91000366210938,65.84500122070312,65.8499984741211,58
2026-09-01 12:08:00-04:00,65.8949966430664,65.93499755859375,65.88500213623047,65.91999816894531,81
2026-09-01 12:09:00-04:00,65.83999633789062,65.90499877929688,65.83499908447266,65.9000015258789,51
2026-09-01 12:10:00-04:00,65.8550033569336,65.87000274658203,65.79499816894531,65.82499694824219,71
2026-09-01 12:11:00-04:00,65.77999877929688,65.8499984741211,65.77999877929688,65.8499984741211,30
2026-09-01 12:12:00-04:00,65.79000091552734,65.80999755859375,65.76000213623047,65.7750015258789,47
2026-09-01 12:13:00-04:00,65.75499725341797,65.79000091552734,65.75,65.77999877929688,22
2026-09-01 12:14:00-04:00,65.7249984741211,65.76000213623047,65.70999908447266,65.75499725341797,61
2026-09-01 12:15:00-04:00,65.73500061035156,65.79000091552734,65.70999908447266,65.71499633789062,45
2026-09-01 12:16:00-04:00,65.74500274658203,65.74500274658203,65.69499969482422,65.7300033569336,42
2026-09-01 12:17:00-04:00,65.68499755859375,65.74500274658203,65.65499877929688,65.7300033569336,71
2026-09-01 12:18:00-04:00,65.65499877929688,65.67500305175781,65.62000274658203,65.67500305175781,30
2026-09-01 12:19:00-04:00,65.62999725341797,65.66500091552734,65.62999725341797,65.63999938964844,26
2026-09-01 12:20:00-04:00,65.56999969482422,65.62000274658203,65.55500030517578,65.62000274658203,103
2026-09-01 12:21:00-04:00,65.58999633789062,65.59500122070312,65.55000305175781,65.56999969482422,22
2026-09-01 12:22:00-04:00,65.58000183105469,65.61000061035156,65.56999969482422,65.59500122070312,57
2026-09-01 12:23:00-04:00,65.58999633789062,65.61000061035156,65.54000091552734,65.58000183105469,96
2026-09-01 12:24:00-04:00,65.58999633789062,65.59500122070312,65.5250015258789,65.57499694824219,37
2026-09-01 12:25:00-04:00,65.58999633789062,65.6050033569336,65.57499694824219,65.58499908447266,18
2026-09-01 12:26:00-04:00,65.4749984741211,65.59500122070312,65.47000122070312,65.58000183105469,247
2026-09-01 12:27:00-04:00,65.5199966430664,65.54499816894531,65.4749984741211,65.4800033569336,69
2026-09-01 12:28:00-04:00,65.50499725341797,65.53500366210938,65.48500061035156,65.5250015258789,29
2026-09-01 12:29:00-04:00,65.5250015258789,65.53500366210938,65.48500061035156,65.48500061035156,33
2026-09-01 12:30:00-04:00,65.4749984741211,65.5250015258789,65.46499633789062,65.5,125
2026-09-01 12:31:00-04:00,65.4800033569336,65.49500274658203,65.44999694824219,65.47000122070312,82
2026-09-01 12:32:00-04:00,65.44499969482422,65.48500061035156,65.42500305175781,65.47000122070312,36
2026-09-01 12:33:00-04:00,65.45999908447266,65.4749984741211,65.4000015258789,65.43499755859375,34
2026-09-01 12:34:00-04:00,65.41000366210938,65.45999908447266,65.38999938964844,65.44999694824219,55
2026-09-01 12:35:00-04:00,65.44000244140625,65.44499969482422,65.3949966430664,65.41000366210938,40
2026-09-01 12:36:00-04:00,65.44000244140625,65.47000122070312,65.36000061035156,65.43499755859375,77
2026-09-01 12:37:00-04:00,65.4749984741211,65.4749984741211,65.43499755859375,65.43499755859375,12
2026-09-01 12:38:00-04:00,65.51000213623047,65.5199966430664,65.4800033569336,65.4800033569336,52
2026-09-01 12:39:00-04:00,65.5199966430664,65.53500366210938,65.49500274658203,65.5,31
2026-09-01 12:40:00-04:00,65.51499938964844,65.55500030517578,65.5,65.5250015258789,48
2026-09-01 12:41:00-04:00,65.57499694824219,65.59500122070312,65.51000213623047,65.51000213623047,42
2026-09-01 12:42:00-04:00,65.45500183105469,65.59500122070312,65.45500183105469,65.58499908447266,75
2026-09-01 12:43:00-04:00,65.55999755859375,65.55999755859375,65.47000122070312,65.47000122070312,16
2026-09-01 12:44:00-04:00,65.5250015258789,65.56500244140625,65.51000213623047,65.56500244140625,14
2026-09-01 12:45:00-04:00,65.5999984741211,65.6050033569336,65.54499816894531,65.56999969482422,26
2026-09-01 12:46:00-04:00,65.55999755859375,65.58999633789062,65.55500030517578,65.58499908447266,35
2026-09-01 12:47:00-04:00,65.56500244140625,65.6050033569336,65.56500244140625,65.57499694824219,18
2026-09-01 12:48:00-04:00,65.54499816894531,65.56999969482422,65.54000091552734,65.56999969482422,51
2026-09-01 12:49:00-04:00,65.55500030517578,65.58000183105469,65.55000305175781,65.56500244140625,14
2026-09-01 12:50:00-04:00,65.58000183105469,65.58499908447266,65.54000091552734,65.56999969482422,67
2026-09-01 12:51:00-04:00,65.54000091552734,65.58999633789062,65.54000091552734,65.56500244140625,21
2026-09-01 12:52:00-04:00,65.55500030517578,65.55500030517578,65.5,65.5199966430664,35
2026-09-01 12:53:00-04:00,65.56500244140625,65.58000183105469,65.55999755859375,65.56999969482422,33
2026-09-01 12:54:00-04:00,65.55999755859375,65.58000183105469,65.54499816894531,65.55500030517578,12
2026-09-01 12:55:00-04:00,65.54000091552734,65.58999633789062,65.54000091552734,65.56500244140625,49
2026-09-01 12:56:00-04:00,65.54000091552734,65.55999755859375,65.51000213623047,65.55500030517578,73
2026-09-01 12:57:00-04:00,65.51499938964844,65.55000305175781,65.51499938964844,65.54499816894531,46
2026-09-01 12:58:00-04:00,65.5199966430664,65.53500366210938,65.50499725341797,65.5199966430664,46
2026-09-01 12:59:00-04:00,65.43000030517578,65.5250015258789,65.41999816894531,65.51499938964844,58
2026-09-01 13:00:00-04:00,65.41999816894531,65.44499969482422,65.375,65.43499755859375,52
2026-09-01 13:01:00-04:00,65.41999816894531,65.43000030517578,65.3949966430664,65.41500091552734,30
2026-09-01 13:02:00-04:00,65.3949966430664,65.44499969482422,65.3949966430664,65.42500305175781,37
2026-09-01 13:03:00-04:00,65.36000061035156,65.42500305175781,65.3550033569336,65.41500091552734,68
2026-09-01 13:04:00-04:00,65.34500122070312,65.375,65.33999633789062,65.36499786376953,53
2026-09-01 13:05:00-04:00,65.33999633789062,65.36499786376953,65.31500244140625,65.33999633789062,60
2026-09-01 13:06:00-04:00,65.375,65.37999725341797,65.33000183105469,65.34500122070312,53
2026-09-01 13:07:00-04:00,65.33000183105469,65.37000274658203,65.33000183105469,65.36499786376953,69
2026-09-01 13:08:00-04:00,65.34500122070312,65.37000274658203,65.33999633789062,65.33999633789062,60
2026-09-01 13:09:00-04:00,65.375,65.41000366210938,65.34500122070312,65.3499984741211,35
2026-09-01 13:10:00-04:00,65.36000061035156,65.42500305175781,65.3499984741211,65.38500213623047,71
2026-09-01 13:11:00-04:00,65.31999969482422,65.36000061035156,65.29499816894531,65.3550033569336,121
2026-09-01 13:12:00-04:00,65.38500213623047,65.38500213623047,65.32499694824219,65.33499908447266,33
2026-09-01 13:13:00-04:00,65.3499984741211,65.3949966430664,65.3499984741211,65.37999725341797,43
2026-09-01 13:14:00-04:00,65.42500305175781,65.43499755859375,65.3499984741211,65.3499984741211,30
2026-09-01 13:15:00-04:00,65.43499755859375,65.46499633789062,65.41500091552734,65.41999816894531,40
2026-09-01 13:16:00-04:00,65.3949966430664,65.44499969482422,65.38500213623047,65.42500305175781,54
2026-09-01 13:17:00-04:00,65.375,65.42500305175781,65.37000274658203,65.40499877929688,80
2026-09-01 13:18:00-04:00,65.38500213623047,65.41000366210938,65.3550033569336,65.38500213623047,39
2026-09-01 13:19:00-04:00,65.40499877929688,65.42500305175781,65.37000274658203,65.3949966430664,37
2026-09-01 13:20:00-04:00,65.38500213623047,65.44000244140625,65.38500213623047,65.40499877929688,98
2026-09-01 13:21:00-04:00,65.36499786376953,65.37999725341797,65.33999633789062,65.37999725341797,30
2026-09-01 13:22:00-04:00,65.40499877929688,65.41500091552734,65.3550033569336,65.375,155
2026-09-01 13:23:00-04:00,65.4000015258789,65.40499877929688,65.36000061035156,65.3949966430664,131
2026-09-01 13:24:00-04:00,65.40499877929688,65.41999816894531,65.33499908447266,65.40499877929688,673
2026-09-01 13:25:00-04:00,65.36499786376953,65.45500183105469,65.27999877929688,65.40499877929688,378
2026-09-01 13:26:00-04:00,65.38500213623047,65.40499877929688,65.34500122070312,65.36499786376953,165
2026-09-01 13:27:00-04:00,65.41999816894531,65.41999816894531,65.37000274658203,65.38500213623047,46
2026-09-01 13:28:00-04:00,65.40499877929688,65.41999816894531,65.3949966430664,65.41500091552734,10
2026-09-01 13:29:00-04:00,65.47000122070312,65.47000122070312,65.40499877929688,65.43000030517578,90
2026-09-01 13:30:00-04:00,65.43499755859375,65.4800033569336,65.42500305175781,65.47000122070312,40
2026-09-01 13:31:00-04:00,65.46499633789062,65.4800033569336,65.44000244140625,65.44000244140625,40
2026-09-01 13:32:00-04:00,65.43000030517578,65.47000122070312,65.41999816894531,65.45999908447266,30
2026-09-01 13:33:00-04:00,65.41999816894531,65.45500183105469,65.41000366210938,65.41999816894531,37
2026-09-01 13:34:00-04:00,65.38500213623047,65.41500091552734,65.37999725341797,65.41500091552734,44
2026-09-01 13:35:00-04:00,65.41999816894531,65.44499969482422,65.4000015258789,65.40499877929688,18
2026-09-01 13:36:00-04:00,65.36499786376953,65.41500091552734,65.36499786376953,65.41500091552734,12
2026-09-01 13:37:00-04:00,65.37999725341797,65.38500213623047,65.3550033569336,65.37000274658203,11
2026-09-01 13:38:00-04:00,65.41000366210938,65.41000366210938,65.38500213623047,65.38999938964844,15
2026-09-01 13:39:00-04:00,65.31500244140625,65.36499786376953,65.31500244140625,65.36499786376953,17
2026-09-01 13:40:00-04:00,65.2750015258789,65.34500122070312,65.2249984741211,65.31999969482422,82
2026-09-01 13:41:00-04:00,65.30000305175781,65.30500030517578,65.23999786376953,65.25499725341797,15
2026-09-01 13:42:00-04:00,65.2699966430664,65.29000091552734,65.25,65.29000091552734,33
2026-09-01 13:43:00-04:00,65.20999908447266,65.2699966430664,65.20999908447266,65.26000213623047,37
2026-09-01 13:44:00-04:00,65.23999786376953,65.25499725341797,65.21499633789062,65.2249984741211,46
2026-09-01 13:45:00-04:00,65.2249984741211,65.23500061035156,65.22000122070312,65.23500061035156,30
2026-09-01 13:46:00-04:00,65.21499633789062,65.24500274658203,65.19000244140625,65.23500061035156,31
2026-09-01 13:47:00-04:00,65.21499633789062,65.2300033569336,65.18499755859375,65.22000122070312,20
2026-09-01 13:48:00-04:00,65.20500183105469,65.20999908447266,65.19000244140625,65.20999908447266,25
2026-09-01 13:49:00-04:00,65.20999908447266,65.23500061035156,65.20999908447266,65.20999908447266,13
2026-09-01 13:50:00-04:00,65.23500061035156,65.23500061035156,65.19499969482422,65.19499969482422,9
2026-09-01 13:51:00-04:00,65.22000122070312,65.23999786376953,65.22000122070312,65.23999786376953,11
2026-09-01 13:52:00-04:00,65.20500183105469,65.2249984741211,65.19999694824219,65.2249984741211,12
2026-09-01 13:53:00-04:00,65.18000030517578,65.20999908447266,65.17500305175781,65.19999694824219,16
2026-09-01 13:54:00-04:00,65.2300033569336,65.2300033569336,65.18000030517578,65.18000030517578,60
2026-09-01 13:55:00-04:00,65.2300033569336,65.25,65.2249984741211,65.24500274658203,20
2026-09-01 13:56:00-04:00,65.2249984741211,65.2300033569336,65.20999908447266,65.2300033569336,8
2026-09-01 13:57:00-04:00,65.2300033569336,65.23500061035156,65.2300033569336,65.23500061035156,6
2026-09-01 13:58:00-04:00,65.22000122070312,65.22000122070312,65.18499755859375,65.22000122070312,165
2026-09-01 13:59:00-04:00,65.19999694824219,65.2300033569336,65.19999694824219,65.21499633789062,11
2026-09-01 14:00:00-04:00,65.2249984741211,65.26000213623047,65.20500183105469,65.2249984741211,47
2026-09-01 14:01:00-04:00,65.19999694824219,65.2249984741211,65.19999694824219,65.21499633789062,19
2026-09-01 14:02:00-04:00,65.22000122070312,65.22000122070312,65.17500305175781,65.19000244140625,20
2026-09-01 14:03:00-04:00,65.16500091552734,65.2300033569336,65.16500091552734,65.20500183105469,148
2026-09-01 14:04:00-04:00,65.06999969482422,65.13500213623047,65.05999755859375,65.13500213623047,135
2026-09-01 14:05:00-04:00,65.03500366210938,65.09500122070312,65.0250015258789,65.06999969482422,83
2026-09-01 14:06:00-04:00,65.04499816894531,65.06999969482422,65.02999877929688,65.02999877929688,18
2026-09-01 14:07:00-04:00,65.07499694824219,65.08499908447266,65.04499816894531,65.04499816894531,7
2026-09-01 14:08:00-04:00,65.03500366210938,65.07499694824219,65.03500366210938,65.06500244140625,16
2026-09-01 14:09:00-04:00,65.01499938964844,65.02999877929688,65.0,65.00499725341797,37
2026-09-01 14:10:00-04:00,64.96499633789062,65.0199966430664,64.95999908447266,65.0,80
2026-09-01 14:11:00-04:00,64.96499633789062,64.98999786376953,64.94999694824219,64.96499633789062,72
2026-09-01 14:12:00-04:00,64.96499633789062,64.9749984741211,64.88500213623047,64.9749984741211,34
2026-09-01 14:13:00-04:00,65.01000213623047,65.01499938964844,64.93499755859375,64.95500183105469,28
2026-09-01 14:14:00-04:00,64.99500274658203,64.99500274658203,64.95999908447266,64.96499633789062,10
2026-09-01 14:15:00-04:00,64.98500061035156,65.0,64.9749984741211,64.99500274658203,27
2026-09-01 14:16:00-04:00,64.99500274658203,65.0199966430664,64.97000122070312,64.9800033569336,16
2026-09-01 14:17:00-04:00,65.05999755859375,65.05999755859375,65.0250015258789,65.0250015258789,29
2026-09-01 14:18:00-04:00,65.06999969482422,65.08999633789062,65.04000091552734,65.04499816894531,20
2026-09-01 14:19:00-04:00,65.11000061035156,65.12000274658203,65.05999755859375,65.08000183105469,22
2026-09-01 14:20:00-04:00,65.12999725341797,65.1449966430664,65.1050033569336,65.1050033569336,36
2026-09-01 14:21:00-04:00,65.0999984741211,65.1449966430664,65.0999984741211,65.125,29
2026-09-01 14:22:00-04:00,65.0999984741211,65.125,65.09500122070312,65.12000274658203,23
2026-09-01 14:23:00-04:00,65.11499786376953,65.11499786376953,65.08499908447266,65.11499786376953,13
2026-09-01 14:24:00-04:00,65.12999725341797,65.13500213623047,65.0999984741211,65.0999984741211,19
2026-09-01 14:25:00-04:00,65.09500122070312,65.12999725341797,65.09500122070312,65.12999725341797,7
2026-09-01 14:26:00-04:00,65.08999633789062,65.08999633789062,65.08000183105469,65.08000183105469,9
2026-09-01 14:27:00-04:00,65.06500244140625,65.11000061035156,65.05999755859375,65.08999633789062,58
2026-09-01 14:28:00-04:00,65.04499816894531,65.06999969482422,65.02999877929688,65.05000305175781,54
2026-09-01 14:29:00-04:00,65.05000305175781,65.05000305175781,65.0199966430664,65.04499816894531,39
2026-09-01 14:30:00-04:00,64.97000122070312,65.05000305175781,64.96499633789062,65.05000305175781,74
2026-09-01 14:31:00-04:00,64.96499633789062,65.0,64.95999908447266,64.9749984741211,11
2026-09-01 14:32:00-04:00,64.97000122070312,64.9749984741211,64.93499755859375,64.93499755859375,26
2026-09-01 14:33:00-04:00,64.94499969482422,64.97000122070312,64.94000244140625,64.97000122070312,9
2026-09-01 14:34:00-04:00,64.94499969482422,64.96499633789062,64.93499755859375,64.95500183105469,9
2026-09-01 14:35:00-04:00,64.94499969482422,64.95999908447266,64.92500305175781,64.93499755859375,15
2026-09-01 14:36:00-04:00,64.87999725341797,64.92500305175781,64.87999725341797,64.91999816894531,22
2026-09-01 14:37:00-04:00,64.9000015258789,64.90499877929688,64.86499786376953,64.875,16
2026-09-01 14:38:00-04:00,64.8499984741211,64.9000015258789,64.83499908447266,64.875,63
2026-09-01 14:39:00-04:00,64.87000274658203,64.87999725341797,64.83499908447266,64.84500122070312,49
2026-09-01 14:40:00-04:00,64.875,64.90499877929688,64.86000061035156,64.88500213623047,22
2026-09-01 14:41:00-04:00,64.86000061035156,64.87000274658203,64.86000061035156,64.87000274658203,7
2026-09-01 14:42:00-04:00,64.82499694824219,64.86499786376953,64.80000305175781,64.8499984741211,105
2026-09-01 14:43:00-04:00,64.83499908447266,64.8550033569336,64.81999969482422,64.83000183105469,14
2026-09-01 14:44:00-04:00,64.83000183105469,64.87999725341797,64.83000183105469,64.83000183105469,45
2026-09-01 14:45:00-04:00,64.83499908447266,64.87000274658203,64.83499908447266,64.83999633789062,14
2026-09-01 14:46:00-04:00,64.83000183105469,64.84500122070312,64.82499694824219,64.83000183105469,23
2026-09-01 14:47:00-04:00,64.83499908447266,64.84500122070312,64.80500030517578,64.82499694824219,27
2026-09-01 14:48:00-04:00,64.80500030517578,64.81999969482422,64.80500030517578,64.80500030517578,7
2026-09-01 14:49:00-04:00,64.88500213623047,64.88500213623047,64.81999969482422,64.81999969482422,27
2026-09-01 14:50:00-04:00,64.83000183105469,64.88500213623047,64.82499694824219,64.88500213623047,11
2026-09-01 14:51:00-04:00,64.8499984741211,64.8499984741211,64.81999969482422,64.81999969482422,23
2026-09-01 14:52:00-04:00,64.8550033569336,64.86000061035156,64.83000183105469,64.84500122070312,34
2026-09-01 14:53:00-04:00,64.86000061035156,64.87000274658203,64.84500122070312,64.84500122070312,15
2026-09-01 14:54:00-04:00,64.75499725341797,64.8499984741211,64.75,64.84500122070312,70
2026-09-01 14:55:00-04:00,64.79000091552734,64.80000305175781,64.73500061035156,64.74500274658203,34
2026-09-01 14:56:00-04:00,64.82499694824219,64.83000183105469,64.77999877929688,64.78500366210938,40
2026-09-01 14:57:00-04:00,64.82499694824219,64.83000183105469,64.80000305175781,64.80999755859375,25
2026-09-01 14:58:00-04:00,64.80500030517578,64.83499908447266,64.80000305175781,64.83000183105469,42
2026-09-01 14:59:00-04:00,64.79000091552734,64.82499694824219,64.79000091552734,64.80999755859375,28
2026-09-01 15:00:00-04:00,64.7699966430664,64.80500030517578,64.75,64.78500366210938,51
2026-09-01 15:01:00-04:00,64.73999786376953,64.78500366210938,64.73999786376953,64.7750015258789,23
2026-09-01 15:02:00-04:00,64.72000122070312,64.74500274658203,64.68000030517578,64.73999786376953,67
2026-09-01 15:03:00-04:00,64.73500061035156,64.73500061035156,64.69499969482422,64.7249984741211,34
2026-09-01 15:04:00-04:00,64.7750015258789,64.79499816894531,64.73500061035156,64.73500061035156,52
2026-09-01 15:05:00-04:00,64.79000091552734,64.8550033569336,64.79000091552734,64.80500030517578,52
2026-09-01 15:06:00-04:00,64.77999877929688,64.77999877929688,64.76000213623047,64.76499938964844,13
2026-09-01 15:07:00-04:00,64.76000213623047,64.78500366210938,64.75499725341797,64.78500366210938,12
2026-09-01 15:08:00-04:00,64.80999755859375,64.80999755859375,64.76499938964844,64.76499938964844,17
2026-09-01 15:09:00-04:00,64.80000305175781,64.81999969482422,64.79000091552734,64.80500030517578,23
2026-09-01 15:10:00-04:00,64.83000183105469,64.83000183105469,64.78500366210938,64.78500366210938,19
2026-09-01 15:11:00-04:00,64.88999938964844,64.90499877929688,64.8550033569336,64.86000061035156,13
2026-09-01 15:12:00-04:00,64.91999816894531,64.92500305175781,64.87000274658203,64.87000274658203,40
2026-09-01 15:13:00-04:00,64.8949966430664,64.91000366210938,64.88999938964844,64.91000366210938,13
2026-09-01 15:14:00-04:00,64.94499969482422,64.94499969482422,64.87000274658203,64.87999725341797,38
2026-09-01 15:15:00-04:00,64.91000366210938,64.94499969482422,64.9000015258789,64.93499755859375,19
2026-09-01 15:16:00-04:00,64.90499877929688,64.92500305175781,64.88500213623047,64.91500091552734,23
2026-09-01 15:17:00-04:00,64.91500091552734,64.92500305175781,64.91000366210938,64.91000366210938,13
2026-09-01 15:18:00-04:00,64.86499786376953,64.91999816894531,64.8499984741211,64.91000366210938,32
2026-09-01 15:19:00-04:00,64.83999633789062,64.87999725341797,64.83999633789062,64.87000274658203,15
2026-09-01 15:20:00-04:00,64.82499694824219,64.86000061035156,64.82499694824219,64.84500122070312,11
2026-09-01 15:21:00-04:00,64.80500030517578,64.84500122070312,64.80500030517578,64.81999969482422,16
2026-09-01 15:22:00-04:00,64.8499984741211,64.8499984741211,64.79499816894531,64.80500030517578,21
2026-09-01 15:23:00-04:00,64.86000061035156,64.86499786376953,64.83999633789062,64.8550033569336,10
2026-09-01 15:24:00-04:00,64.86000061035156,64.86000061035156,64.8499984741211,64.8499984741211,8
2026-09-01 15:25:00-04:00,64.875,64.88999938964844,64.86000061035156,64.86499786376953,21
2026-09-01 15:26:00-04:00,64.875,64.88500213623047,64.875,64.87999725341797,12
2026-09-01 15:27:00-04:00,64.88999938964844,64.88999938964844,64.87000274658203,64.87999725341797,25
2026-09-01 15:28:00-04:00,64.88500213623047,64.8949966430664,64.875,64.88999938964844,29
2026-09-01 15:29:00-04:00,64.8550033569336,64.8949966430664,64.8550033569336,64.88500213623047,12
2026-09-01 15:30:00-04:00,64.83000183105469,64.86000061035156,64.81500244140625,64.8499984741211,14
2026-09-01 15:31:00-04:00,64.80500030517578,64.83000183105469,64.80500030517578,64.82499694824219,7
2026-09-01 15:32:00-04:00,64.75499725341797,64.80999755859375,64.72000122070312,64.80500030517578,42
2026-09-01 15:33:00-04:00,64.76000213623047,64.76499938964844,64.73999786376953,64.74500274658203,18
2026-09-01 15:34:00-04:00,64.7750015258789,64.77999877929688,64.76499938964844,64.76499938964844,10
2026-09-01 15:35:00-04:00,64.7750015258789,64.77999877929688,64.73500061035156,64.73999786376953,16
2026-09-01 15:36:00-04:00,64.74500274658203,64.76499938964844,64.73999786376953,64.76499938964844,17
2026-09-01 15:37:00-04:00,64.74500274658203,64.75,64.74500274658203,64.75,115
2026-09-01 15:38:00-04:00,64.7300033569336,64.7300033569336,64.69499969482422,64.69999694824219,19
2026-09-01 15:39:00-04:00,64.625,64.75,64.61499786376953,64.7300033569336,152
2026-09-01 15:40:00-04:00,64.68000030517578,64.68499755859375,64.62000274658203,64.62000274658203,89
2026-09-01 15:41:00-04:00,64.69499969482422,64.73500061035156,64.66999816894531,64.68499755859375,29
2026-09-01 15:42:00-04:00,64.69000244140625,64.69999694824219,64.69000244140625,64.69000244140625,16
2026-09-01 15:43:00-04:00,64.67500305175781,64.67500305175781,64.66000366210938,64.66000366210938,7
2026-09-01 15:44:00-04:00,64.69999694824219,64.69999694824219,64.68000030517578,64.68000030517578,12
2026-09-01 15:45:00-04:00,64.69499969482422,64.71499633789062,64.69499969482422,64.69499969482422,27
2026-09-01 15:46:00-04:00,64.6500015258789,64.68499755859375,64.63999938964844,64.67500305175781,22
2026-09-01 15:47:00-04:00,64.74500274658203,64.75499725341797,64.63999938964844,64.63999938964844,40
2026-09-01 15:48:00-04:00,64.73500061035156,64.76499938964844,64.72000122070312,64.73500061035156,21
2026-09-01 15:49:00-04:00,64.69999694824219,64.71499633789062,64.69999694824219,64.71499633789062,7
2026-09-01 15:50:00-04:00,64.7300033569336,64.7300033569336,64.69499969482422,64.69999694824219,27
2026-09-01 15:51:00-04:00,64.72000122070312,64.76000213623047,64.72000122070312,64.74500274658203,20
2026-09-01 15:52:00-04:00,64.68000030517578,64.7249984741211,64.66999816894531,64.71499633789062,20
2026-09-01 15:53:00-04:00,64.68000030517578,64.68000030517578,64.65499877929688,64.67500305175781,12
2026-09-01 15:54:00-04:00,64.71499633789062,64.71499633789062,64.67500305175781,64.68499755859375,26
2026-09-01 15:55:00-04:00,64.73999786376953,64.74500274658203,64.69000244140625,64.72000122070312,65
2026-09-01 15:56:00-04:00,64.69999694824219,64.70999908447266,64.68499755859375,64.70999908447266,11
2026-09-01 15:57:00-04:00,64.67500305175781,64.68499755859375,64.66999816894531,64.68000030517578,14
2026-09-01 15:58:00-04:00,64.66000366210938,64.66999816894531,64.6500015258789,64.66999816894531,26
2026-09-01 15:59:00-04:00,64.69499969482422,64.69499969482422,64.6500015258789,64.66000366210938,32
2026-09-01 16:00:00-04:00,64.625,64.69499969482422,64.61000061035156,64.68499755859375,146
2026-09-01 16:01:00-04:00,64.62999725341797,64.6500015258789,64.61000061035156,64.63500213623047,31
2026-09-01 16:02:00-04:00,64.65499877929688,64.66500091552734,64.62999725341797,64.66500091552734,14
2026-09-01 16:03:00-04:00,64.63500213623047,64.65499877929688,64.63500213623047,64.6449966430664,12
2026-09-01 16:04:00-04:00,64.6500015258789,64.69499969482422,64.62999725341797,64.63500213623047,37
2026-09-01 16:05:00-04:00,64.72000122070312,64.72000122070312,64.65499877929688,64.65499877929688,38
2026-09-01 16:06:00-04:00,64.69999694824219,64.72000122070312,64.69000244140625,64.72000122070312,11
2026-09-01 16:07:00-04:00,64.70999908447266,64.70999908447266,64.69999694824219,64.70500183105469,7
2026-09-01 16:08:00-04:00,64.7300033569336,64.7300033569336,64.72000122070312,64.72000122070312,2
2026-09-01 16:09:00-04:00,64.69999694824219,64.7300033569336,64.69999694824219,64.7300033569336,3
2026-09-01 16:10:00-04:00,64.69999694824219,64.69999694824219,64.69000244140625,64.69000244140625,3
2026-09-01 16:12:00-04:00,64.66999816894531,64.67500305175781,64.66999816894531,64.67500305175781,4
2026-09-01 16:13:00-04:00,64.67500305175781,64.67500305175781,64.6500015258789,64.66500091552734,16
2026-09-01 16:14:00-04:00,64.62000274658203,64.68000030517578,64.62000274658203,64.67500305175781,25
2026-09-01 16:16:00-04:00,64.6500015258789,64.68000030517578,64.61000061035156,64.62999725341797,90
2026-09-01 16:17:00-04:00,64.6500015258789,64.66999816894531,64.6449966430664,64.66000366210938,11
2026-09-01 16:18:00-04:00,64.66000366210938,64.66999816894531,64.66000366210938,64.66999816894531,10
2026-09-01 16:19:00-04:00,64.69499969482422,64.69499969482422,64.68000030517578,64.68000030517578,5
2026-09-01 16:20:00-04:00,64.70500183105469,64.70999908447266,64.70500183105469,64.70999908447266,5
2026-09-01 16:21:00-04:00,64.68499755859375,64.69000244140625,64.68000030517578,64.69000244140625,3
2026-09-01 16:24:00-04:00,64.69999694824219,64.70500183105469,64.68499755859375,64.70500183105469,7
2026-09-01 16:25:00-04:00,64.71499633789062,64.71499633789062,64.68499755859375,64.68499755859375,8
2026-09-01 16:26:00-04:00,64.70500183105469,64.70500183105469,64.68499755859375,64.68499755859375,8
2026-09-01 16:27:00-04:00,64.72000122070312,64.72000122070312,64.72000122070312,64.72000122070312,2
2026-09-01 16:28:00-04:00,64.67500305175781,64.70999908447266,64.67500305175781,64.70999908447266,9
2026-09-01 16:29:00-04:00,64.6449966430664,64.6449966430664,64.63999938964844,64.6449966430664,8
2026-09-01 16:30:00-04:00,64.62999725341797,64.6500015258789,64.625,64.6500015258789,11
2026-09-01 16:31:00-04:00,64.66000366210938,64.66500091552734,64.65499877929688,64.66500091552734,4
2026-09-01 16:33:00-04:00,64.63999938964844,64.66999816894531,64.62999725341797,64.66999816894531,21
2026-09-01 16:34:00-04:00,64.62999725341797,64.63999938964844,64.62999725341797,64.63999938964844,10
2026-09-01 16:35:00-04:00,64.61499786376953,64.63500213623047,64.61000061035156,64.63500213623047,13
2026-09-01 16:36:00-04:00,64.63500213623047,64.63999938964844,64.62999725341797,64.63999938964844,4
2026-09-01 16:37:00-04:00,64.62000274658203,64.625,64.62000274658203,64.62000274658203,3
2026-09-01 16:38:00-04:00,64.63999938964844,64.63999938964844,64.62000274658203,64.62000274658203,6
2026-09-01 16:39:00-04:00,64.63500213623047,64.6449966430664,64.63500213623047,64.6449966430664,11
2026-09-01 16:40:00-04:00,64.66000366210938,64.66000366210938,64.66000366210938,64.66000366210938,1
2026-09-01 16:41:00-04:00,64.6449966430664,64.66500091552734,64.6449966430664,64.66500091552734,5
2026-09-01 16:42:00-04:00,64.7249984741211,64.76499938964844,64.65499877929688,64.65499877929688,41
2026-09-01 16:43:00-04:00,64.66999816894531,64.70500183105469,64.65499877929688,64.70500183105469,19
2026-09-01 16:44:00-04:00,64.67500305175781,64.67500305175781,64.67500305175781,64.67500305175781,2
2026-09-01 16:45:00-04:00,64.68000030517578,64.69999694824219,64.66999816894531,64.68000030517578,9
2026-09-01 16:46:00-04:00,64.69499969482422,64.69999694824219,64.66500091552734,64.66999816894531,15
2026-09-01 16:47:00-04:00,64.66999816894531,64.69000244140625,64.66999816894531,64.69000244140625,6
2026-09-01 16:48:00-04:00,64.68499755859375,64.68499755859375,64.68499755859375,64.68499755859375,1
2026-09-01 16:49:00-04:00,64.69499969482422,64.69999694824219,64.69000244140625,64.69000244140625,10
2026-09-01 16:50:00-04:00,64.68499755859375,64.68499755859375,64.66000366210938,64.66999816894531,17
2026-09-01 16:51:00-04:00,64.65499877929688,64.66500091552734,64.65499877929688,64.66500091552734,8
2026-09-01 16:52:00-04:00,64.63999938964844,64.66000366210938,64.63999938964844,64.66000366210938,10
2026-09-01 16:53:00-04:00,64.66000366210938,64.66500091552734,64.63999938964844,64.6449966430664,23
2026-09-01 16:54:00-04:00,64.66500091552734,64.68499755859375,64.66000366210938,64.66999816894531,22
2026-09-01 16:55:00-04:00,64.66999816894531,64.68499755859375,64.66999816894531,64.68499755859375,3
2026-09-01 16:56:00-04:00,64.66500091552734,64.67500305175781,64.66500091552734,64.67500305175781,3
2026-09-01 16:57:00-04:00,64.68000030517578,64.68000030517578,64.66500091552734,64.66999816894531,5
2026-09-01 16:58:00-04:00,64.66000366210938,64.66999816894531,64.65499877929688,64.66999816894531,14
2026-09-01 16:59:00-04:00,64.66000366210938,64.66999816894531,64.6500015258789,64.65499877929688,20
2026-09-01 18:00:00-04:00,64.79000091552734,64.82499694824219,64.69499969482422,64.69499969482422,0
2026-09-01 18:01:00-04:00,64.71499633789062,64.7750015258789,64.71499633789062,64.7750015258789,3
2026-09-01 18:02:00-04:00,64.70999908447266,64.71499633789062,64.70500183105469,64.70999908447266,14
2026-09-01 18:03:00-04:00,64.7249984741211,64.7300033569336,64.71499633789062,64.7249984741211,8
2026-09-01 18:04:00-04:00,64.66500091552734,64.69000244140625,64.66000366210938,64.69000244140625,8
2026-09-01 18:05:00-04:00,64.65499877929688,64.65499877929688,64.63500213623047,64.6449966430664,7
2026-09-01 18:06:00-04:00,64.625,64.63500213623047,64.61499786376953,64.63500213623047,7
2026-09-01 18:07:00-04:00,64.63999938964844,64.63999938964844,64.625,64.625,7
2026-09-01 18:08:00-04:00,64.66000366210938,64.66999816894531,64.63999938964844,64.63999938964844,9
2026-09-01 18:09:00-04:00,64.66999816894531,64.66999816894531,64.66500091552734,64.66500091552734,4
2026-09-01 18:10:00-04:00,64.65499877929688,64.66999816894531,64.65499877929688,64.66999816894531,6
2026-09-01 18:11:00-04:00,64.66000366210938,64.66500091552734,64.66000366210938,64.66500091552734,3
2026-09-01 18:12:00-04:00,64.63500213623047,64.63500213623047,64.63500213623047,64.63500213623047,3
2026-09-01 18:13:00-04:00,64.66000366210938,64.66500091552734,64.6500015258789,64.6500015258789,8
2026-09-01 18:14:00-04:00,64.66500091552734,64.66500091552734,64.6500015258789,64.6500015258789,2
2026-09-01 18:15:00-04:00,64.63500213623047,64.63999938964844,64.62999725341797,64.63500213623047,4
2026-09-01 18:16:00-04:00,64.63999938964844,64.6500015258789,64.63999938964844,64.6449966430664,7
2026-09-01 18:17:00-04:00,64.63999938964844,64.63999938964844,64.62999725341797,64.63500213623047,9
2026-09-01 18:18:00-04:00,64.625,64.625,64.62000274658203,64.62000274658203,6
2026-09-01 18:19:00-04:00,64.63500213623047,64.63999938964844,64.625,64.625,7
2026-09-01 18:20:00-04:00,64.63500213623047,64.63500213623047,64.625,64.63500213623047,6
2026-09-01 18:21:00-04:00,64.62999725341797,64.62999725341797,64.6050033569336,64.625,16
2026-09-01 18:22:00-04:00,64.61499786376953,64.62999725341797,64.61499786376953,64.62999725341797,5
2026-09-01 18:23:00-04:00,64.63999938964844,64.63999938964844,64.625,64.625,15
2026-09-01 18:24:00-04:00,64.625,64.62999725341797,64.625,64.625,6
2026-09-01 18:25:00-04:00,64.62000274658203,64.6449966430664,64.61499786376953,64.63500213623047,16
2026-09-01 18:26:00-04:00,64.63500213623047,64.63500213623047,64.62000274658203,64.625,7
2026-09-01 18:27:00-04:00,64.63999938964844,64.63999938964844,64.62999725341797,64.63500213623047,5
2026-09-01 18:28:00-04:00,64.63500213623047,64.63500213623047,64.63500213623047,64.63500213623047,2
2026-09-01 18:29:00-04:00,64.63500213623047,64.63500213623047,64.63500213623047,64.63500213623047,1
2026-09-01 18:31:00-04:00,64.63999938964844,64.63999938964844,64.63999938964844,64.63999938964844,1
2026-09-01 18:33:00-04:00,64.625,64.625,64.625,64.625,3
2026-09-01 18:35:00-04:00,64.66000366210938,64.66000366210938,64.62000274658203,64.62000274658203,7
2026-09-01 18:36:00-04:00,64.65499877929688,64.70500183105469,64.6449966430664,64.6449966430664,30
2026-09-01 18:38:00-04:00,64.63500213623047,64.63500213623047,64.63500213623047,64.63500213623047,2
2026-09-01 18:39:00-04:00,64.625,64.63500213623047,64.625,64.62999725341797,3
2026-09-01 18:40:00-04:00,64.55999755859375,64.61499786376953,64.54499816894531,64.61499786376953,102
2026-09-01 18:41:00-04:00,64.55999755859375,64.55999755859375,64.54499816894531,64.55000305175781,9
2026-09-01 18:42:00-04:00,64.56999969482422,64.58000183105469,64.55999755859375,64.55999755859375,9
2026-09-01 18:43:00-04:00,64.63500213623047,64.63500213623047,64.56500244140625,64.57499694824219,25
2026-09-01 18:44:00-04:00,64.62000274658203,64.63500213623047,64.62000274658203,64.63500213623047,6
2026-09-01 18:45:00-04:00,64.61499786376953,64.625,64.61000061035156,64.625,6
2026-09-01 18:46:00-04:00,64.62999725341797,64.62999725341797,64.62999725341797,64.62999725341797,2
2026-09-01 18:49:00-04:00,64.62999725341797,64.62999725341797,64.62999725341797,64.62999725341797,1
2026-09-01 18:50:00-04:00,64.6449966430664,64.6500015258789,64.61499786376953,64.63500213623047,29
2026-09-01 18:51:00-04:00,64.69499969482422,64.69499969482422,64.6449966430664,64.6449966430664,37
2026-09-01 18:52:00-04:00,64.68000030517578,64.69499969482422,64.67500305175781,64.69000244140625,50
2026-09-01 18:53:00-04:00,64.68000030517578,64.68499755859375,64.68000030517578,64.68000030517578,4
2026-09-01 18:54:00-04:00,64.67500305175781,64.67500305175781,64.66999816894531,64.66999816894531,2
2026-09-01 18:55:00-04:00,64.66500091552734,64.68000030517578,64.66500091552734,64.67500305175781,8
2026-09-01 18:56:00-04:00,64.66500091552734,64.66500091552734,64.66500091552734,64.66500091552734,3
2026-09-01 18:57:00-04:00,64.66999816894531,64.66999816894531,64.66999816894531,64.66999816894531,1
2026-09-01 18:58:00-04:00,64.66000366210938,64.67500305175781,64.66000366210938,64.67500305175781,3
2026-09-01 18:59:00-04:00,64.65499877929688,64.65499877929688,64.65499877929688,64.65499877929688,3
2026-09-01 19:00:00-04:00,64.63999938964844,64.66500091552734,64.625,64.6500015258789,27
2026-09-01 19:01:00-04:00,64.625,64.6500015258789,64.5999984741211,64.6449966430664,37
2026-09-01 19:02:00-04:00,64.67500305175781,64.68499755859375,64.625,64.625,24
2026-09-01 19:03:00-04:00,64.69499969482422,64.69499969482422,64.66500091552734,64.67500305175781,6
2026-09-01 19:04:00-04:00,64.69999694824219,64.69999694824219,64.68000030517578,64.69000244140625,9
2026-09-01 19:05:00-04:00,64.72000122070312,64.72000122070312,64.69000244140625,64.70500183105469,19
2026-09-01 19:06:00-04:00,64.73500061035156,64.73500061035156,64.72000122070312,64.72000122070312,8
2026-09-01 19:07:00-04:00,64.69499969482422,64.72000122070312,64.69000244140625,64.72000122070312,12
2026-09-01 19:08:00-04:00,64.72000122070312,64.72000122070312,64.69999694824219,64.69999694824219,10
2026-09-01 19:09:00-04:00,64.71499633789062,64.71499633789062,64.69999694824219,64.70999908447266,7
2026-09-01 19:10:00-04:00,64.7300033569336,64.73500061035156,64.7249984741211,64.7249984741211,3
2026-09-01 19:11:00-04:00,64.73999786376953,64.73999786376953,64.72000122070312,64.7300033569336,5
2026-09-01 19:12:00-04:00,64.7300033569336,64.7300033569336,64.7300033569336,64.7300033569336,1
2026-09-01 19:13:00-04:00,64.7300033569336,64.74500274658203,64.7300033569336,64.7300033569336,6
2026-09-01 19:14:00-04:00,64.70999908447266,64.7300033569336,64.70999908447266,64.72000122070312,7
2026-09-01 19:15:00-04:00,64.70999908447266,64.71499633789062,64.70999908447266,64.71499633789062,3
2026-09-01 19:16:00-04:00,64.73999786376953,64.74500274658203,64.73500061035156,64.73999786376953,5
2026-09-01 19:17:00-04:00,64.73500061035156,64.73999786376953,64.7249984741211,64.73999786376953,20
2026-09-01 19:18:00-04:00,64.74500274658203,64.75499725341797,64.73999786376953,64.75,18
2026-09-01 19:19:00-04:00,64.70999908447266,64.7249984741211,64.70999908447266,64.7249984741211,8
2026-09-01 19:20:00-04:00,64.70999908447266,64.72000122070312,64.70500183105469,64.70500183105469,10
2026-09-01 19:21:00-04:00,64.65499877929688,64.69499969482422,64.65499877929688,64.69499969482422,10
2026-09-01 19:22:00-04:00,64.63999938964844,64.66000366210938,64.63999938964844,64.65499877929688,15
2026-09-01 19:23:00-04:00,64.62000274658203,64.63500213623047,64.62000274658203,64.63500213623047,5
2026-09-01 19:24:00-04:00,64.62000274658203,64.62999725341797,64.61499786376953,64.61499786376953,13
2026-09-01 19:25:00-04:00,64.6500015258789,64.6500015258789,64.59500122070312,64.61499786376953,22
2026-09-01 19:27:00-04:00,64.66999816894531,64.66999816894531,64.66500091552734,64.66500091552734,5
2026-09-01 19:28:00-04:00,64.69000244140625,64.69000244140625,64.68499755859375,64.68499755859375,2
2026-09-01 19:29:00-04:00,64.70999908447266,64.70999908447266,64.68000030517578,64.68000030517578,11
2026-09-01 19:30:00-04:00,64.75,64.75,64.71499633789062,64.71499633789062,17
2026-09-01 19:31:00-04:00,64.75,64.76000213623047,64.73999786376953,64.73999786376953,11
2026-09-01 19:32:00-04:00,64.75,64.75,64.73500061035156,64.73999786376953,10
2026-09-01 19:33:00-04:00,64.73500061035156,64.73999786376953,64.73500061035156,64.73999786376953,4
2026-09-01 19:34:00-04:00,64.75,64.75,64.7249984741211,64.7249984741211,3
2026-09-01 19:35:00-04:00,64.7249984741211,64.73999786376953,64.7249984741211,64.73999786376953,6
2026-09-01 19:37:00-04:00,64.77999877929688,64.79499816894531,64.76000213623047,64.76000213623047,26
2026-09-01 19:38:00-04:00,64.81500244140625,64.86000061035156,64.79499816894531,64.79499816894531,93
2026-09-01 19:39:00-04:00,64.81999969482422,64.81999969482422,64.80000305175781,64.80999755859375,14
2026-09-01 19:40:00-04:00,64.82499694824219,64.83000183105469,64.81500244140625,64.81500244140625,11
2026-09-01 19:41:00-04:00,64.83000183105469,64.84500122070312,64.82499694824219,64.83499908447266,8
2026-09-01 19:42:00-04:00,64.81999969482422,64.83000183105469,64.80999755859375,64.81999969482422,6
2026-09-01 19:43:00-04:00,64.80500030517578,64.83000183105469,64.80000305175781,64.81500244140625,13
2026-09-01 19:44:00-04:00,64.79000091552734,64.80000305175781,64.79000091552734,64.80000305175781,7
2026-09-01 19:45:00-04:00,64.81500244140625,64.81500244140625,64.76499938964844,64.78500366210938,85
2026-09-01 19:46:00-04:00,64.80999755859375,64.81999969482422,64.79499816894531,64.81999969482422,16
2026-09-01 19:47:00-04:00,64.81999969482422,64.81999969482422,64.80500030517578,64.80500030517578,6
2026-09-01 19:48:00-04:00,64.82499694824219,64.83000183105469,64.82499694824219,64.83000183105469,4
2026-09-01 19:49:00-04:00,64.82499694824219,64.82499694824219,64.81500244140625,64.82499694824219,6
2026-09-01 19:50:00-04:00,64.83999633789062,64.84500122070312,64.82499694824219,64.83499908447266,7
2026-09-01 19:51:00-04:00,64.81500244140625,64.83499908447266,64.80500030517578,64.83499908447266,11
2026-09-01 19:52:00-04:00,64.80000305175781,64.82499694824219,64.80000305175781,64.82499694824219,10
2026-09-01 19:53:00-04:00,64.80000305175781,64.83000183105469,64.80000305175781,64.81500244140625,18
2026-09-01 19:55:00-04:00,64.7249984741211,64.73500061035156,64.71499633789062,64.73500061035156,22
2026-09-01 19:56:00-04:00,64.7249984741211,64.73999786376953,64.69499969482422,64.73999786376953,28
2026-09-01 19:57:00-04:00,64.73500061035156,64.73999786376953,64.7300033569336,64.73500061035156,8
2026-09-01 19:58:00-04:00,64.72000122070312,64.73999786376953,64.72000122070312,64.7300033569336,9
2026-09-01 19:59:00-04:00,64.68499755859375,64.70999908447266,64.62000274658203,64.70999908447266,79
2026-09-01 20:00:00-04:00,64.76499938964844,64.80000305175781,64.66999816894531,64.69499969482422,107
2026-09-01 20:01:00-04:00,64.73999786376953,64.76499938964844,64.69999694824219,64.75499725341797,42
2026-09-01 20:02:00-04:00,64.70500183105469,64.7699966430664,64.61000061035156,64.7699966430664,56
2026-09-01 20:03:00-04:00,64.82499694824219,64.82499694824219,64.7249984741211,64.7249984741211,16
2026-09-01 20:04:00-04:00,64.8550033569336,64.88500213623047,64.80500030517578,64.81999969482422,33
2026-09-01 20:05:00-04:00,64.7750015258789,64.86499786376953,64.7750015258789,64.86000061035156,53
2026-09-01 20:06:00-04:00,64.66500091552734,64.76499938964844,64.66000366210938,64.76499938964844,25
2026-09-01 20:07:00-04:00,64.69499969482422,64.73999786376953,64.69499969482422,64.69999694824219,13
2026-09-01 20:08:00-04:00,64.73999786376953,64.79499816894531,64.7300033569336,64.7300033569336,13
2026-09-01 20:09:00-04:00,64.73500061035156,64.80999755859375,64.73500061035156,64.73999786376953,29
2026-09-01 20:10:00-04:00,64.69499969482422,64.74500274658203,64.69499969482422,64.74500274658203,10
2026-09-01 20:11:00-04:00,64.68499755859375,64.69000244140625,64.68000030517578,64.68499755859375,12
2026-09-01 20:12:00-04:00,64.6500015258789,64.65499877929688,64.61499786376953,64.65499877929688,33
2026-09-01 20:13:00-04:00,64.70999908447266,64.70999908447266,64.66500091552734,64.66500091552734,9
2026-09-01 20:14:00-04:00,64.77999877929688,64.79499816894531,64.77999877929688,64.79000091552734,10
2026-09-01 20:15:00-04:00,64.81500244140625,64.83499908447266,64.79000091552734,64.80000305175781,18
2026-09-01 20:16:00-04:00,64.80999755859375,64.83999633789062,64.80999755859375,64.82499694824219,16
2026-09-01 20:17:00-04:00,64.87000274658203,64.88999938964844,64.82499694824219,64.82499694824219,15
2026-09-01 20:18:00-04:00,64.83499908447266,64.88500213623047,64.83499908447266,64.86000061035156,13
2026-09-01 20:19:00-04:00,64.7300033569336,64.78500366210938,64.7300033569336,64.78500366210938,2
2026-09-01 20:20:00-04:00,64.69999694824219,64.73500061035156,64.69000244140625,64.7300033569336,4
2026-09-01 20:22:00-04:00,64.86499786376953,64.96499633789062,64.67500305175781,64.67500305175781,134
2026-09-01 20:23:00-04:00,64.875,64.90499877929688,64.83999633789062,64.83999633789062,19
2026-09-01 20:24:00-04:00,64.83000183105469,64.87999725341797,64.83000183105469,64.87000274658203,15
2026-09-01 20:25:00-04:00,64.83000183105469,64.87000274658203,64.83000183105469,64.86499786376953,13
2026-09-01 20:26:00-04:00,64.7699966430664,64.81500244140625,64.7699966430664,64.81500244140625,5
2026-09-01 20:27:00-04:00,64.69000244140625,64.73500061035156,64.69000244140625,64.7249984741211,8
2026-09-01 20:28:00-04:00,64.70500183105469,64.73999786376953,64.68499755859375,64.69000244140625,14
2026-09-01 20:29:00-04:00,64.66999816894531,64.71499633789062,64.66999816894531,64.71499633789062,7
2026-09-01 20:30:00-04:00,64.69000244140625,64.71499633789062,64.66000366210938,64.70500183105469,11
2026-09-01 20:31:00-04:00,64.67500305175781,64.67500305175781,64.625,64.66000366210938,10
2026-09-01 20:32:00-04:00,64.73500061035156,64.73500061035156,64.69999694824219,64.69999694824219,3
2026-09-01 20:33:00-04:00,64.65499877929688,64.72000122070312,64.6500015258789,64.72000122070312,5
2026-09-01 20:34:00-04:00,64.70500183105469,64.70500183105469,64.63999938964844,64.63999938964844,6
2026-09-01 20:35:00-04:00,64.74500274658203,64.74500274658203,64.67500305175781,64.69000244140625,18
2026-09-01 20:36:00-04:00,64.69499969482422,64.7249984741211,64.69499969482422,64.72000122070312,4
2026-09-01 20:37:00-04:00,64.77999877929688,64.77999877929688,64.7300033569336,64.74500274658203,3
2026-09-01 20:38:00-04:00,64.66500091552734,64.70999908447266,64.66500091552734,64.70999908447266,2
2026-09-01 20:39:00-04:00,64.7249984741211,64.74500274658203,64.71499633789062,64.74500274658203,4
2026-09-01 20:40:00-04:00,64.66999816894531,64.70500183105469,64.66999816894531,64.69499969482422,3
2026-09-01 20:41:00-04:00,64.66500091552734,64.68499755859375,64.65499877929688,64.65499877929688,8
2026-09-01 20:42:00-04:00,64.68000030517578,64.68499755859375,64.68000030517578,64.68499755859375,2
2026-09-01 20:43:00-04:00,64.71499633789062,64.71499633789062,64.71499633789062,64.71499633789062,1
2026-09-01 20:44:00-04:00,64.80500030517578,64.81999969482422,64.72000122070312,64.72000122070312,32
2026-09-01 20:45:00-04:00,64.81999969482422,64.81999969482422,64.7750015258789,64.78500366210938,13
2026-09-01 20:46:00-04:00,64.75,64.80500030517578,64.75,64.80500030517578,6
2026-09-01 20:47:00-04:00,64.74500274658203,64.7699966430664,64.74500274658203,64.74500274658203,7
2026-09-01 20:48:00-04:00,64.69999694824219,64.7249984741211,64.69999694824219,64.7249984741211,3
2026-09-01 20:49:00-04:00,64.66999816894531,64.68000030517578,64.66500091552734,64.66500091552734,9
2026-09-01 20:50:00-04:00,64.63999938964844,64.65499877929688,64.625,64.63999938964844,13
2026-09-01 20:51:00-04:00,64.62000274658203,64.63999938964844,64.62000274658203,64.63999938964844,5
2026-09-01 20:52:00-04:00,64.62000274658203,64.62999725341797,64.6050033569336,64.62999725341797,7
2026-09-01 20:53:00-04:00,64.6050033569336,64.625,64.58000183105469,64.625,8
2026-09-01 20:54:00-04:00,64.58499908447266,64.61499786376953,64.57499694824219,64.61499786376953,24
2026-09-01 20:55:00-04:00,64.6050033569336,64.61000061035156,64.58000183105469,64.58999633789062,24
2026-09-01 20:56:00-04:00,64.61000061035156,64.625,64.57499694824219,64.62000274658203,31
2026-09-01 20:57:00-04:00,64.625,64.625,64.5999984741211,64.61499786376953,32
2026-09-01 20:58:00-04:00,64.6449966430664,64.66000366210938,64.62999725341797,64.6500015258789,15
2026-09-01 20:59:00-04:00,64.46499633789062,64.62999725341797,64.36499786376953,64.62999725341797,268
2026-09-01 21:00:00-04:00,64.54000091552734,64.66000366210938,64.41999816894531,64.44499969482422,245
2026-09-01 21:01:00-04:00,64.4800033569336,64.58000183105469,64.41999816894531,64.51000213623047,126
2026-09-01 21:02:00-04:00,64.4749984741211,64.55000305175781,64.37000274658203,64.48999786376953,93
2026-09-01 21:03:00-04:00,64.58999633789062,64.62000274658203,64.43499755859375,64.46499633789062,41
2026-09-01 21:04:00-04:00,64.52999877929688,64.69999694824219,64.52999877929688,64.5999984741211,112
2026-09-01 21:05:00-04:00,64.38999938964844,64.48999786376953,64.33999633789062,64.48999786376953,142
2026-09-01 21:06:00-04:00,64.43499755859375,64.43499755859375,64.37000274658203,64.37999725341797,35
2026-09-01 21:07:00-04:00,64.46499633789062,64.50499725341797,64.40499877929688,64.41999816894531,51
2026-09-01 21:08:00-04:00,64.43000030517578,64.47000122070312,64.36499786376953,64.47000122070312,39
2026-09-01 21:09:00-04:00,64.3499984741211,64.43000030517578,64.34500122070312,64.41999816894531,27
2026-09-01 21:10:00-04:00,64.5,64.5,64.33999633789062,64.34500122070312,30
2026-09-01 21:11:00-04:00,64.48999786376953,64.5199966430664,64.44000244140625,64.50499725341797,23
2026-09-01 21:12:00-04:00,64.48999786376953,64.48999786376953,64.43000030517578,64.44999694824219,17
2026-09-01 21:13:00-04:00,64.4749984741211,64.5199966430664,64.4000015258789,64.50499725341797,61
2026-09-01 21:14:00-04:00,64.38999938964844,64.48500061035156,64.3499984741211,64.4800033569336,22
2026-09-01 21:15:00-04:00,64.58999633789062,64.5999984741211,64.375,64.375,29
2026-09-01 21:16:00-04:00,64.62999725341797,64.63500213623047,64.56999969482422,64.5999984741211,20
2026-09-01 21:17:00-04:00,64.6050033569336,64.61499786376953,64.58999633789062,64.6050033569336,24
2026-09-01 21:18:00-04:00,64.49500274658203,64.63999938964844,64.4749984741211,64.59500122070312,36
2026-09-01 21:19:00-04:00,64.43499755859375,64.49500274658203,64.43499755859375,64.48999786376953,18
2026-09-01 21:20:00-04:00,64.54499816894531,64.54499816894531,64.50499725341797,64.50499725341797,8
2026-09-01 21:21:00-04:00,64.53500366210938,64.55500030517578,64.53500366210938,64.54499816894531,7
2026-09-01 21:22:00-04:00,64.54499816894531,64.58999633789062,64.54499816894531,64.56999969482422,22
2026-09-01 21:23:00-04:00,64.62999725341797,64.63999938964844,64.55500030517578,64.55500030517578,22
2026-09-01 21:24:00-04:00,64.66000366210938,64.70500183105469,64.58999633789062,64.6449966430664,94
2026-09-01 21:25:00-04:00,64.63999938964844,64.69499969482422,64.61499786376953,64.66500091552734,82
2026-09-01 21:26:00-04:00,64.66000366210938,64.75,64.625,64.67500305175781,31
2026-09-01 21:27:00-04:00,64.55999755859375,64.67500305175781,64.55999755859375,64.67500305175781,26
2026-09-01 21:28:00-04:00,64.54000091552734,64.57499694824219,64.50499725341797,64.57499694824219,6
2026-09-01 21:29:00-04:00,64.5250015258789,64.56999969482422,64.5199966430664,64.5199966430664,8
2026-09-01 21:30:00-04:00,64.44000244140625,64.55500030517578,64.44000244140625,64.54000091552734,40
2026-09-01 21:31:00-04:00,64.4800033569336,64.51499938964844,64.43499755859375,64.44499969482422,17
2026-09-01 21:32:00-04:00,64.3550033569336,64.43499755859375,64.30500030517578,64.43499755859375,57
2026-09-01 21:33:00-04:00,64.27999877929688,64.40499877929688,64.25499725341797,64.3499984741211,95
2026-09-01 21:34:00-04:00,64.33999633789062,64.33999633789062,64.19999694824219,64.2699966430664,176
2026-09-01 21:35:00-04:00,64.26000213623047,64.32499694824219,64.25499725341797,64.32499694824219,22
2026-09-01 21:36:00-04:00,64.33499908447266,64.33999633789062,64.30500030517578,64.33999633789062,13
2026-09-01 21:37:00-04:00,64.2699966430664,64.30500030517578,64.26499938964844,64.30500030517578,16
2026-09-01 21:38:00-04:00,64.22000122070312,64.24500274658203,64.21499633789062,64.22000122070312,21
2026-09-01 21:39:00-04:00,64.28500366210938,64.29000091552734,64.18000030517578,64.20999908447266,33
2026-09-01 21:40:00-04:00,64.23999786376953,64.26499938964844,64.2300033569336,64.2300033569336,5
2026-09-01 21:41:00-04:00,64.2699966430664,64.2699966430664,64.23500061035156,64.25,17
2026-09-01 21:42:00-04:00,64.30000305175781,64.30000305175781,64.26499938964844,64.2750015258789,19
2026-09-01 21:43:00-04:00,64.2750015258789,64.30500030517578,64.2699966430664,64.30500030517578,10
2026-09-01 21:44:00-04:00,64.29000091552734,64.31500244140625,64.23999786376953,64.30000305175781,17
2026-09-01 21:45:00-04:00,64.24500274658203,64.29499816894531,64.22000122070312,64.2699966430664,20
2026-09-01 21:46:00-04:00,64.23500061035156,64.24500274658203,64.22000122070312,64.23500061035156,9
2026-09-01 21:47:00-04:00,64.17500305175781,64.19499969482422,64.1500015258789,64.19000244140625,21
2026-09-01 21:48:00-04:00,64.19000244140625,64.20999908447266,64.16000366210938,64.17500305175781,64
2026-09-01 21:49:00-04:00,64.19999694824219,64.25,64.19000244140625,64.19000244140625,18
2026-09-01 21:50:00-04:00,64.17500305175781,64.22000122070312,64.16999816894531,64.19999694824219,15
2026-09-01 21:51:00-04:00,64.13500213623047,64.19499969482422,64.125,64.17500305175781,51
2026-09-01 21:52:00-04:00,64.03500366210938,64.11499786376953,63.92499923706055,64.11499786376953,374
2026-09-01 21:53:00-04:00,64.0,64.05000305175781,63.93000030517578,64.0250015258789,87
2026-09-01 21:54:00-04:00,64.04000091552734,64.06999969482422,63.994998931884766,63.994998931884766,60
2026-09-01 21:55:00-04:00,64.07499694824219,64.1050033569336,64.02999877929688,64.02999877929688,104
2026-09-01 21:56:00-04:00,64.0250015258789,64.0999984741211,64.0199966430664,64.06500244140625,62
2026-09-01 21:57:00-04:00,63.9900016784668,64.03500366210938,63.9900016784668,64.02999877929688,20
2026-09-01 21:58:00-04:00,63.935001373291016,64.01000213623047,63.91999816894531,63.9900016784668,80
2026-09-01 21:59:00-04:00,63.959999084472656,63.994998931884766,63.95000076293945,63.95500183105469,33
2026-09-01 22:00:00-04:00,63.88999938964844,63.970001220703125,63.8849983215332,63.96500015258789,74
2026-09-01 22:01:00-04:00,63.970001220703125,63.974998474121094,63.880001068115234,63.89500045776367,59
2026-09-01 22:02:00-04:00,64.01499938964844,64.01499938964844,63.94499969482422,63.974998474121094,22
2026-09-01 22:03:00-04:00,64.06500244140625,64.07499694824219,64.00499725341797,64.01000213623047,27
2026-09-01 22:04:00-04:00,64.1050033569336,64.12000274658203,64.05000305175781,64.05000305175781,26
2026-09-01 22:05:00-04:00,64.125,64.13500213623047,64.11000061035156,64.13500213623047,25
2026-09-01 22:06:00-04:00,64.18499755859375,64.20999908447266,64.13500213623047,64.13500213623047,71
2026-09-01 22:07:00-04:00,64.18000030517578,64.20500183105469,64.16500091552734,64.19499969482422,21
2026-09-01 22:08:00-04:00,64.12999725341797,64.18000030517578,64.11499786376953,64.18000030517578,19
2026-09-01 22:09:00-04:00,64.05000305175781,64.13500213623047,64.03500366210938,64.13500213623047,28
2026-09-01 22:10:00-04:00,64.08999633789062,64.11000061035156,64.05000305175781,64.05000305175781,11
2026-09-01 22:11:00-04:00,64.1050033569336,64.11499786376953,64.05500030517578,64.06999969482422,39
2026-09-01 22:12:00-04:00,64.1449966430664,64.1449966430664,64.11000061035156,64.11499786376953,6
2026-09-01 22:13:00-04:00,64.17500305175781,64.19000244140625,64.1500015258789,64.1500015258789,30
2026-09-01 22:14:00-04:00,64.19499969482422,64.20999908447266,64.17500305175781,64.17500305175781,28
2026-09-01 22:15:00-04:00,64.20999908447266,64.20999908447266,64.1500015258789,64.18499755859375,52
2026-09-01 22:16:00-04:00,64.28500366210938,64.30500030517578,64.19999694824219,64.20999908447266,104
2026-09-01 22:17:00-04:00,64.29000091552734,64.31999969482422,64.25499725341797,64.29000091552734,92
2026-09-01 22:18:00-04:00,64.33499908447266,64.33499908447266,64.2750015258789,64.29499816894531,19
2026-09-01 22:19:00-04:00,64.32499694824219,64.33499908447266,64.30500030517578,64.32499694824219,23
2026-09-01 22:20:00-04:00,64.41500091552734,64.41500091552734,64.31999969482422,64.31999969482422,55
2026-09-01 22:21:00-04:00,64.38500213623047,64.5,64.38500213623047,64.43000030517578,141
2026-09-01 22:22:00-04:00,64.36000061035156,64.41500091552734,64.36000061035156,64.38999938964844,27
2026-09-01 22:23:00-04:00,64.38500213623047,64.4000015258789,64.36000061035156,64.37000274658203,19
2026-09-01 22:24:00-04:00,64.41500091552734,64.41500091552734,64.38500213623047,64.38500213623047,17
2026-09-01 22:25:00-04:00,64.42500305175781,64.42500305175781,64.41000366210938,64.41000366210938,7
2026-09-01 22:26:00-04:00,64.42500305175781,64.42500305175781,64.4000015258789,64.40499877929688,21
2026-09-01 22:27:00-04:00,64.43499755859375,64.45500183105469,64.43000030517578,64.43000030517578,12
2026-09-01 22:28:00-04:00,64.38999938964844,64.44999694824219,64.37000274658203,64.43499755859375,63
2026-09-01 22:29:00-04:00,64.4000015258789,64.41500091552734,64.3949966430664,64.3949966430664,9
2026-09-01 22:30:00-04:00,64.22000122070312,64.43499755859375,64.21499633789062,64.4000015258789,228
2026-09-01 22:31:00-04:00,64.30500030517578,64.30500030517578,64.21499633789062,64.21499633789062,33
2026-09-01 22:32:00-04:00,64.31999969482422,64.34500122070312,64.27999877929688,64.33499908447266,18
2026-09-01 22:33:00-04:00,64.38999938964844,64.38999938964844,64.33499908447266,64.33499908447266,32
2026-09-01 22:34:00-04:00,64.42500305175781,64.44499969482422,64.38500213623047,64.38999938964844,14
2026-09-01 22:35:00-04:00,64.44000244140625,64.44499969482422,64.41000366210938,64.41999816894531,17
2026-09-01 22:36:00-04:00,64.42500305175781,64.46499633789062,64.42500305175781,64.44999694824219,11
2026-09-01 22:37:00-04:00,64.45500183105469,64.4800033569336,64.41999816894531,64.41999816894531,37
2026-09-01 22:38:00-04:00,64.46499633789062,64.51000213623047,64.46499633789062,64.4749984741211,41
2026-09-01 22:39:00-04:00,64.50499725341797,64.51499938964844,64.45999908447266,64.47000122070312,11
2026-09-01 22:40:00-04:00,64.48500061035156,64.48500061035156,64.45999908447266,64.45999908447266,4
2026-09-01 22:41:00-04:00,64.5,64.5,64.48999786376953,64.49500274658203,4
2026-09-01 22:42:00-04:00,64.51499938964844,64.51499938964844,64.48500061035156,64.48999786376953,4
2026-09-01 22:43:00-04:00,64.49500274658203,64.5199966430664,64.46499633789062,64.48999786376953,74
2026-09-01 22:44:00-04:00,64.44499969482422,64.50499725341797,64.44000244140625,64.50499725341797,22
2026-09-01 22:45:00-04:00,64.43000030517578,64.43499755859375,64.40499877929688,64.41500091552734,22
2026-09-01 22:46:00-04:00,64.45999908447266,64.48500061035156,64.45999908447266,64.48500061035156,6
2026-09-01 22:47:00-04:00,64.43000030517578,64.43499755859375,64.41999816894531,64.43499755859375,17
2026-09-01 22:48:00-04:00,64.42500305175781,64.43000030517578,64.42500305175781,64.43000030517578,2
2026-09-01 22:49:00-04:00,64.4800033569336,64.4800033569336,64.4800033569336,64.4800033569336,2
2026-09-01 22:50:00-04:00,64.44999694824219,64.47000122070312,64.44999694824219,64.47000122070312,3
2026-09-01 22:51:00-04:00,64.3550033569336,64.41500091552734,64.33999633789062,64.41500091552734,23
2026-09-01 22:52:00-04:00,64.38500213623047,64.38500213623047,64.3499984741211,64.37000274658203,13
2026-09-01 22:53:00-04:00,64.375,64.375,64.3550033569336,64.3550033569336,4
2026-09-01 22:54:00-04:00,64.33999633789062,64.3550033569336,64.31999969482422,64.33000183105469,19
2026-09-01 22:55:00-04:00,64.2699966430664,64.31999969482422,64.23500061035156,64.30999755859375,42
2026-09-01 22:56:00-04:00,64.29000091552734,64.30000305175781,64.27999877929688,64.27999877929688,8
2026-09-01 22:57:00-04:00,64.25499725341797,64.2699966430664,64.23500061035156,64.2699966430664,9
2026-09-01 22:58:00-04:00,64.25,64.25,64.25,64.25,2
2026-09-01 22:59:00-04:00,64.30000305175781,64.30500030517578,64.26499938964844,64.26499938964844,10
2026-09-01 23:00:00-04:00,64.26499938964844,64.28500366210938,64.26000213623047,64.28500366210938,9
2026-09-01 23:01:00-04:00,64.30500030517578,64.31999969482422,64.30000305175781,64.30500030517578,9
2026-09-01 23:02:00-04:00,64.24500274658203,64.30500030517578,64.24500274658203,64.30500030517578,7
2026-09-01 23:03:00-04:00,64.25499725341797,64.25499725341797,64.22000122070312,64.25499725341797,7
2026-09-01 23:04:00-04:00,64.26499938964844,64.26499938964844,64.26499938964844,64.26499938964844,1
2026-09-01 23:05:00-04:00,64.2699966430664,64.2699966430664,64.25499725341797,64.26000213623047,24
2026-09-01 23:06:00-04:00,64.29000091552734,64.29000091552734,64.24500274658203,64.24500274658203,11
2026-09-01 23:07:00-04:00,64.31999969482422,64.31999969482422,64.2750015258789,64.2750015258789,11
2026-09-01 23:08:00-04:00,64.33999633789062,64.33999633789062,64.30500030517578,64.31999969482422,19
2026-09-01 23:09:00-04:00,64.33999633789062,64.33999633789062,64.2750015258789,64.33999633789062,14
2026-09-01 23:10:00-04:00,64.37000274658203,64.37000274658203,64.33000183105469,64.33000183105469,4
2026-09-01 23:11:00-04:00,64.36000061035156,64.37000274658203,64.33999633789062,64.33999633789062,8
2026-09-01 23:12:00-04:00,64.33499908447266,64.36499786376953,64.31999969482422,64.36499786376953,5
2026-09-01 23:13:00-04:00,64.32499694824219,64.33499908447266,64.32499694824219,64.33499908447266,2
2026-09-01 23:14:00-04:00,64.38500213623047,64.3949966430664,64.375,64.375,4
2026-09-01 23:15:00-04:00,64.38999938964844,64.41500091552734,64.37999725341797,64.38500213623047,12
2026-09-01 23:16:00-04:00,64.375,64.375,64.36000061035156,64.37000274658203,7
2026-09-01 23:17:00-04:00,64.30000305175781,64.31500244140625,64.30000305175781,64.30000305175781,5
2026-09-01 23:18:00-04:00,64.30000305175781,64.33499908447266,64.30000305175781,64.30999755859375,7
2026-09-01 23:19:00-04:00,64.26000213623047,64.30999755859375,64.26000213623047,64.30999755859375,24
2026-09-01 23:20:00-04:00,64.2249984741211,64.26000213623047,64.21499633789062,64.23999786376953,19
2026-09-01 23:21:00-04:00,64.24500274658203,64.26000213623047,64.19999694824219,64.20500183105469,23
2026-09-01 23:22:00-04:00,64.25,64.2750015258789,64.23999786376953,64.25499725341797,18
2026-09-01 23:23:00-04:00,64.25499725341797,64.26499938964844,64.24500274658203,64.26000213623047,6
2026-09-01 23:24:00-04:00,64.27999877929688,64.27999877929688,64.2249984741211,64.23999786376953,8
2026-09-01 23:25:00-04:00,64.31999969482422,64.32499694824219,64.26499938964844,64.2750015258789,20
2026-09-01 23:26:00-04:00,64.32499694824219,64.32499694824219,64.32499694824219,64.32499694824219,2
2026-09-01 23:27:00-04:00,64.31999969482422,64.33999633789062,64.31999969482422,64.32499694824219,5
2026-09-01 23:28:00-04:00,64.2750015258789,64.32499694824219,64.2750015258789,64.31999969482422,9
2026-09-01 23:29:00-04:00,64.29000091552734,64.30000305175781,64.27999877929688,64.28500366210938,17
2026-09-01 23:30:00-04:00,64.125,64.27999877929688,64.1050033569336,64.27999877929688,278
2026-09-01 23:31:00-04:00,64.15499877929688,64.15499877929688,64.11000061035156,64.13500213623047,17
2026-09-01 23:32:00-04:00,64.16000366210938,64.16999816894531,64.1449966430664,64.16999816894531,24
2026-09-01 23:33:00-04:00,64.1500015258789,64.16500091552734,64.1500015258789,64.16500091552734,5
2026-09-01 23:34:00-04:00,64.09500122070312,64.12999725341797,64.08999633789062,64.12999725341797,35
2026-09-01 23:35:00-04:00,64.08000183105469,64.11499786376953,64.06500244140625,64.11000061035156,16
2026-09-01 23:36:00-04:00,64.05000305175781,64.0999984741211,64.05000305175781,64.06500244140625,14
2026-09-01 23:37:00-04:00,64.08999633789062,64.08999633789062,64.08999633789062,64.08999633789062,1
2026-09-01 23:38:00-04:00,64.13500213623047,64.1500015258789,64.08999633789062,64.08999633789062,26
2026-09-01 23:39:00-04:00,64.17500305175781,64.17500305175781,64.125,64.1500015258789,19
2026-09-01 23:40:00-04:00,64.08999633789062,64.16000366210938,64.08999633789062,64.16000366210938,8
2026-09-01 23:41:00-04:00,64.05000305175781,64.0999984741211,64.05000305175781,64.0999984741211,6
2026-09-01 23:42:00-04:00,64.05999755859375,64.08999633789062,64.05500030517578,64.05999755859375,19
2026-09-01 23:43:00-04:00,64.04000091552734,64.06500244140625,64.00499725341797,64.06500244140625,39
2026-09-01 23:44:00-04:00,64.05500030517578,64.06500244140625,64.05500030517578,64.06500244140625,3
2026-09-01 23:45:00-04:00,64.0999984741211,64.0999984741211,64.07499694824219,64.07499694824219,4
2026-09-01 23:46:00-04:00,64.1500015258789,64.16000366210938,64.13500213623047,64.13500213623047,11
2026-09-01 23:47:00-04:00,64.19000244140625,64.19000244140625,64.16500091552734,64.16500091552734,9
2026-09-01 23:48:00-04:00,64.19999694824219,64.19999694824219,64.19000244140625,64.19000244140625,4
2026-09-01 23:49:00-04:00,64.20999908447266,64.2249984741211,64.20500183105469,64.2249984741211,4
2026-09-01 23:50:00-04:00,64.18000030517578,64.19499969482422,64.16000366210938,64.19000244140625,23
2026-09-01 23:51:00-04:00,64.17500305175781,64.18000030517578,64.13999938964844,64.18000030517578,12
2026-09-01 23:52:00-04:00,64.15499877929688,64.16500091552734,64.15499877929688,64.16500091552734,3
2026-09-01 23:53:00-04:00,64.18000030517578,64.18000030517578,64.16500091552734,64.16500091552734,3
2026-09-01 23:54:00-04:00,64.16999816894531,64.19000244140625,64.16999816894531,64.19000244140625,2
2026-09-01 23:55:00-04:00,64.19999694824219,64.20999908447266,64.19999694824219,64.20999908447266,8
2026-09-01 23:56:00-04:00,64.22000122070312,64.23999786376953,64.19000244140625,64.19999694824219,14
2026-09-01 23:57:00-04:00,64.24500274658203,64.25,64.20999908447266,64.20999908447266,6
2026-09-01 23:58:00-04:00,64.24500274658203,64.24500274658203,64.23999786376953,64.23999786376953,4
2026-09-02 00:00:00-04:00,64.26499938964844,64.2750015258789,64.26499938964844,64.26499938964844,8
2026-09-02 00:01:00-04:00,64.2249984741211,64.26499938964844,64.2249984741211,64.26000213623047,7
2026-09-02 00:03:00-04:00,64.27999877929688,64.28500366210938,64.25499725341797,64.25499725341797,9
2026-09-02 00:04:00-04:00,64.24500274658203,64.26000213623047,64.2300033569336,64.26000213623047,7
2026-09-02 00:05:00-04:00,64.29000091552734,64.29000091552734,64.25,64.25,12
2026-09-02 00:06:00-04:00,64.2750015258789,64.29499816894531,64.2750015258789,64.29499816894531,8
2026-09-02 00:07:00-04:00,64.26000213623047,64.26499938964844,64.24500274658203,64.26499938964844,6
2026-09-02 00:08:00-04:00,64.24500274658203,64.25,64.24500274658203,64.25,4
2026-09-02 00:09:00-04:00,64.2699966430664,64.29000091552734,64.25,64.29000091552734,9
2026-09-02 00:10:00-04:00,64.31500244140625,64.31999969482422,64.2750015258789,64.2750015258789,21
2026-09-02 00:11:00-04:00,64.29000091552734,64.30000305175781,64.29000091552734,64.30000305175781,3
2026-09-02 00:12:00-04:00,64.26499938964844,64.29499816894531,64.26499938964844,64.29000091552734,7
2026-09-02 00:13:00-04:00,64.23999786376953,64.25,64.23500061035156,64.25,4
2026-09-02 00:14:00-04:00,64.2699966430664,64.2699966430664,64.23999786376953,64.23999786376953,3
2026-09-02 00:15:00-04:00,64.2750015258789,64.27999877929688,64.2699966430664,64.2699966430664,4
2026-09-02 00:16:00-04:00,64.27999877929688,64.28500366210938,64.27999877929688,64.28500366210938,3
2026-09-02 00:17:00-04:00,64.28500366210938,64.28500366210938,64.26000213623047,64.26000213623047,6
2026-09-02 00:18:00-04:00,64.2699966430664,64.2699966430664,64.2699966430664,64.2699966430664,1
2026-09-02 00:19:00-04:00,64.2699966430664,64.2699966430664,64.2699966430664,64.2699966430664,1
2026-09-02 00:20:00-04:00,64.25,64.26000213623047,64.25,64.25499725341797,4
2026-09-02 00:21:00-04:00,64.2699966430664,64.2750015258789,64.2699966430664,64.2750015258789,3
2026-09-02 00:22:00-04:00,64.2750015258789,64.29000091552734,64.2750015258789,64.2750015258789,10
2026-09-02 00:23:00-04:00,64.2699966430664,64.2699966430664,64.2699966430664,64.2699966430664,1
2026-09-02 00:24:00-04:00,64.28500366210938,64.28500366210938,64.26499938964844,64.26499938964844,2
2026-09-02 00:25:00-04:00,64.26499938964844,64.28500366210938,64.26499938964844,64.28500366210938,2
2026-09-02 00:26:00-04:00,64.2699966430664,64.2699966430664,64.26000213623047,64.26000213623047,4
2026-09-02 00:28:00-04:00,64.22000122070312,64.2249984741211,64.22000122070312,64.2249984741211,5
2026-09-02 00:29:00-04:00,64.23999786376953,64.23999786376953,64.2249984741211,64.2249984741211,2
2026-09-02 00:30:00-04:00,64.25,64.25,64.23999786376953,64.23999786376953,2
2026-09-02 00:31:00-04:00,64.25,64.26499938964844,64.25,64.26000213623047,9
2026-09-02 00:32:00-04:00,64.31500244140625,64.31500244140625,64.25499725341797,64.25499725341797,6
2026-09-02 00:33:00-04:00,64.30000305175781,64.33000183105469,64.30000305175781,64.31999969482422,7
2026-09-02 00:34:00-04:00,64.26000213623047,64.2699966430664,64.25499725341797,64.25499725341797,4
2026-09-02 00:35:00-04:00,64.26000213623047,64.2699966430664,64.25499725341797,64.2699966430664,4
2026-09-02 00:36:00-04:00,64.23500061035156,64.25,64.2300033569336,64.25,10
2026-09-02 00:37:00-04:00,64.27999877929688,64.28500366210938,64.24500274658203,64.24500274658203,4
2026-09-02 00:38:00-04:00,64.27999877929688,64.28500366210938,64.2750015258789,64.28500366210938,5
2026-09-02 00:39:00-04:00,64.2750015258789,64.27999877929688,64.26000213623047,64.27999877929688,9
2026-09-02 00:40:00-04:00,64.2750015258789,64.28500366210938,64.2699966430664,64.28500366210938,8
2026-09-02 00:41:00-04:00,64.25499725341797,64.25499725341797,64.23999786376953,64.25,14
2026-09-02 00:42:00-04:00,64.26499938964844,64.27999877929688,64.26000213623047,64.26499938964844,9
2026-09-02 00:43:00-04:00,64.28500366210938,64.29000091552734,64.23999786376953,64.25499725341797,22
2026-09-02 00:45:00-04:00,64.2699966430664,64.29000091552734,64.25499725341797,64.29000091552734,7
2026-09-02 00:47:00-04:00,64.23500061035156,64.27999877929688,64.2300033569336,64.27999877929688,9
2026-09-02 00:51:00-04:00,64.26000213623047,64.26000213623047,64.26000213623047,64.26000213623047,1
2026-09-02 00:52:00-04:00,64.26000213623047,64.26000213623047,64.25499725341797,64.25499725341797,2
2026-09-02 00:55:00-04:00,64.31999969482422,64.31999969482422,64.28500366210938,64.28500366210938,14
2026-09-02 00:56:00-04:00,64.31500244140625,64.31999969482422,64.31500244140625,64.31999969482422,2
2026-09-02 00:57:00-04:00,64.33000183105469,64.34500122070312,64.33000183105469,64.33000183105469,11
2026-09-02 00:58:00-04:00,64.33000183105469,64.33999633789062,64.33000183105469,64.33499908447266,3
2026-09-02 00:59:00-04:00,64.34500122070312,64.3550033569336,64.33999633789062,64.3499984741211,7
2026-09-02 01:00:00-04:00,64.34500122070312,64.3550033569336,64.33000183105469,64.33000183105469,3
2026-09-02 01:01:00-04:00,64.31500244140625,64.34500122070312,64.31500244140625,64.34500122070312,4
2026-09-02 01:02:00-04:00,64.33000183105469,64.34500122070312,64.30999755859375,64.31500244140625,16
2026-09-02 01:03:00-04:00,64.30999755859375,64.30999755859375,64.29499816894531,64.30500030517578,5
2026-09-02 01:04:00-04:00,64.31500244140625,64.31999969482422,64.30999755859375,64.30999755859375,3
2026-09-02 01:05:00-04:00,64.2699966430664,64.30000305175781,64.2699966430664,64.30000305175781,4
2026-09-02 01:06:00-04:00,64.26000213623047,64.2699966430664,64.25499725341797,64.26499938964844,5
2026-09-02 01:07:00-04:00,64.25499725341797,64.25499725341797,64.24500274658203,64.24500274658203,3
2026-09-02 01:09:00-04:00,64.23500061035156,64.23500061035156,64.22000122070312,64.2300033569336,6
2026-09-02 01:10:00-04:00,64.25,64.2699966430664,64.23999786376953,64.23999786376953,8
2026-09-02 01:11:00-04:00,64.23999786376953,64.23999786376953,64.23999786376953,64.23999786376953,2
2026-09-02 01:12:00-04:00,64.30999755859375,64.30999755859375,64.26499938964844,64.26499938964844,10
2026-09-02 01:13:00-04:00,64.33000183105469,64.33000183105469,64.32499694824219,64.32499694824219,2
2026-09-02 01:14:00-04:00,64.33000183105469,64.33999633789062,64.31999969482422,64.31999969482422,5
2026-09-02 01:15:00-04:00,64.3550033569336,64.37999725341797,64.3550033569336,64.37000274658203,11
2026-09-02 01:16:00-04:00,64.37000274658203,64.3949966430664,64.37000274658203,64.38500213623047,6
2026-09-02 01:17:00-04:00,64.41000366210938,64.41000366210938,64.37000274658203,64.37999725341797,9
2026-09-02 01:18:00-04:00,64.46499633789062,64.4749984741211,64.41999816894531,64.41999816894531,33
2026-09-02 01:19:00-04:00,64.41000366210938,64.45500183105469,64.41000366210938,64.44499969482422,17
2026-09-02 01:20:00-04:00,64.41999816894531,64.42500305175781,64.375,64.42500305175781,22
2026-09-02 01:21:00-04:00,64.4000015258789,64.40499877929688,64.3949966430664,64.40499877929688,5
2026-09-02 01:22:00-04:00,64.33999633789062,64.36499786376953,64.33499908447266,64.36499786376953,13
2026-09-02 01:23:00-04:00,64.38500213623047,64.38500213623047,64.33999633789062,64.3499984741211,12
2026-09-02 01:24:00-04:00,64.36499786376953,64.3949966430664,64.36499786376953,64.3949966430664,4
2026-09-02 01:25:00-04:00,64.40499877929688,64.41000366210938,64.37999725341797,64.38999938964844,13
2026-09-02 01:26:00-04:00,64.43499755859375,64.43499755859375,64.40499877929688,64.40499877929688,25
2026-09-02 01:27:00-04:00,64.44000244140625,64.45500183105469,64.43499755859375,64.44499969482422,19
2026-09-02 01:28:00-04:00,64.51000213623047,64.51000213623047,64.43000030517578,64.44000244140625,24
2026-09-02 01:29:00-04:00,64.5250015258789,64.53500366210938,64.48999786376953,64.49500274658203,59
2026-09-02 01:30:00-04:00,64.66500091552734,64.67500305175781,64.51000213623047,64.5250015258789,177
2026-09-02 01:31:00-04:00,64.66000366210938,64.76499938964844,64.65499877929688,64.66000366210938,80
2026-09-02 01:32:00-04:00,64.63999938964844,64.6449966430664,64.61499786376953,64.6449966430664,20
2026-09-02 01:33:00-04:00,64.6449966430664,64.66000366210938,64.61499786376953,64.65499877929688,11
2026-09-02 01:34:00-04:00,64.63500213623047,64.67500305175781,64.62000274658203,64.65499877929688,24
2026-09-02 01:35:00-04:00,64.62000274658203,64.68499755859375,64.62000274658203,64.65499877929688,17
2026-09-02 01:36:00-04:00,64.57499694824219,64.62999725341797,64.57499694824219,64.62999725341797,9
2026-09-02 01:37:00-04:00,64.56999969482422,64.62000274658203,64.56999969482422,64.5999984741211,11
2026-09-02 01:38:00-04:00,64.54499816894531,64.55500030517578,64.52999877929688,64.54499816894531,13
2026-09-02 01:39:00-04:00,64.4800033569336,64.55999755859375,64.4800033569336,64.55500030517578,15
2026-09-02 01:40:00-04:00,64.46499633789062,64.50499725341797,64.46499633789062,64.49500274658203,22
2026-09-02 01:41:00-04:00,64.51000213623047,64.51000213623047,64.4800033569336,64.5,13
2026-09-02 01:42:00-04:00,64.55500030517578,64.55500030517578,64.53500366210938,64.53500366210938,5
2026-09-02 01:43:00-04:00,64.54000091552734,64.55999755859375,64.52999877929688,64.53500366210938,7
2026-09-02 01:44:00-04:00,64.57499694824219,64.57499694824219,64.55500030517578,64.55500030517578,4
2026-09-02 01:45:00-04:00,64.5999984741211,64.5999984741211,64.56500244140625,64.5999984741211,36
2026-09-02 01:46:00-04:00,64.5999984741211,64.62999725341797,64.58000183105469,64.61000061035156,23
2026-09-02 01:47:00-04:00,64.5999984741211,64.5999984741211,64.5999984741211,64.5999984741211,3
2026-09-02 01:48:00-04:00,64.62999725341797,64.62999725341797,64.62999725341797,64.62999725341797,1
2026-09-02 01:49:00-04:00,64.61499786376953,64.61499786376953,64.61499786376953,64.61499786376953,1
2026-09-02 01:50:00-04:00,64.57499694824219,64.68000030517578,64.57499694824219,64.67500305175781,19
2026-09-02 01:51:00-04:00,64.625,64.625,64.58000183105469,64.58000183105469,6
2026-09-02 01:52:00-04:00,64.58499908447266,64.6050033569336,64.58499908447266,64.5999984741211,5
2026-09-02 01:53:00-04:00,64.56500244140625,64.6050033569336,64.56500244140625,64.6050033569336,14
2026-09-02 01:54:00-04:00,64.5250015258789,64.55500030517578,64.5250015258789,64.55500030517578,13
2026-09-02 01:55:00-04:00,64.57499694824219,64.58000183105469,64.53500366210938,64.54000091552734,7
2026-09-02 01:56:00-04:00,64.6050033569336,64.6050033569336,64.54000091552734,64.55500030517578,14
2026-09-02 01:57:00-04:00,64.61000061035156,64.61000061035156,64.58999633789062,64.59500122070312,4
2026-09-02 01:58:00-04:00,64.58000183105469,64.62999725341797,64.58000183105469,64.61000061035156,21
2026-09-02 01:59:00-04:00,64.56500244140625,64.59500122070312,64.55000305175781,64.56999969482422,19
2026-09-02 02:00:00-04:00,64.5999984741211,64.5999984741211,64.56999969482422,64.58999633789062,25
2026-09-02 02:01:00-04:00,64.5999984741211,64.6050033569336,64.56999969482422,64.6050033569336,13
2026-09-02 02:02:00-04:00,64.62000274658203,64.625,64.58499908447266,64.61000061035156,20
2026-09-02 02:03:00-04:00,64.55000305175781,64.62999725341797,64.55000305175781,64.62000274658203,20
2026-09-02 02:04:00-04:00,64.5250015258789,64.53500366210938,64.49500274658203,64.51000213623047,23
2026-09-02 02:05:00-04:00,64.5199966430664,64.5250015258789,64.5,64.50499725341797,16
2026-09-02 02:06:00-04:00,64.55500030517578,64.55500030517578,64.51000213623047,64.51000213623047,7
2026-09-02 02:07:00-04:00,64.5,64.55500030517578,64.48500061035156,64.5250015258789,14
2026-09-02 02:08:00-04:00,64.5250015258789,64.52999877929688,64.5,64.5,13
2026-09-02 02:09:00-04:00,64.59500122070312,64.59500122070312,64.55000305175781,64.55000305175781,17
2026-09-02 02:10:00-04:00,64.57499694824219,64.5999984741211,64.57499694824219,64.5999984741211,8
2026-09-02 02:11:00-04:00,64.58000183105469,64.58000183105469,64.55000305175781,64.55000305175781,7
2026-09-02 02:12:00-04:00,64.6050033569336,64.61000061035156,64.6050033569336,64.61000061035156,3
2026-09-02 02:13:00-04:00,64.67500305175781,64.69000244140625,64.61499786376953,64.61499786376953,21
2026-09-02 02:14:00-04:00,64.69000244140625,64.71499633789062,64.68499755859375,64.70500183105469,43
2026-09-02 02:15:00-04:00,64.65499877929688,64.75,64.65499877929688,64.69499969482422,43
2026-09-02 02:16:00-04:00,64.5999984741211,64.67500305175781,64.5999984741211,64.66000366210938,25
2026-09-02 02:17:00-04:00,64.56500244140625,64.61000061035156,64.56500244140625,64.59500122070312,11
2026-09-02 02:18:00-04:00,64.63500213623047,64.63500213623047,64.58000183105469,64.58000183105469,27
2026-09-02 02:19:00-04:00,64.63500213623047,64.63500213623047,64.5999984741211,64.625,16
2026-09-02 02:20:00-04:00,64.58000183105469,64.62999725341797,64.56999969482422,64.62000274658203,18
2026-09-02 02:21:00-04:00,64.57499694824219,64.59500122070312,64.55000305175781,64.59500122070312,12
2026-09-02 02:22:00-04:00,64.54000091552734,64.58000183105469,64.51499938964844,64.58000183105469,19
2026-09-02 02:23:00-04:00,64.55999755859375,64.55999755859375,64.5199966430664,64.5199966430664,6
2026-09-02 02:24:00-04:00,64.61000061035156,64.61000061035156,64.56999969482422,64.56999969482422,9
2026-09-02 02:25:00-04:00,64.63500213623047,64.63999938964844,64.58999633789062,64.61000061035156,13
2026-09-02 02:26:00-04:00,64.63500213623047,64.65499877929688,64.61499786376953,64.63999938964844,14
2026-09-02 02:27:00-04:00,64.58999633789062,64.62999725341797,64.58999633789062,64.62999725341797,10
2026-09-02 02:28:00-04:00,64.58999633789062,64.6050033569336,64.56999969482422,64.5999984741211,7
2026-09-02 02:29:00-04:00,64.5199966430664,64.58000183105469,64.5199966430664,64.58000183105469,6
2026-09-02 02:30:00-04:00,64.51000213623047,64.52999877929688,64.5,64.50499725341797,14
2026-09-02 02:31:00-04:00,64.48500061035156,64.5250015258789,64.48500061035156,64.5250015258789,7
2026-09-02 02:32:00-04:00,64.5,64.5,64.49500274658203,64.49500274658203,2
2026-09-02 02:33:00-04:00,64.44999694824219,64.50499725341797,64.43499755859375,64.5,10
2026-09-02 02:34:00-04:00,64.5,64.50499725341797,64.41500091552734,64.43499755859375,46
2026-09-02 02:35:00-04:00,64.50499725341797,64.51499938964844,64.48999786376953,64.49500274658203,11
2026-09-02 02:36:00-04:00,64.48999786376953,64.5199966430664,64.48999786376953,64.51000213623047,23
2026-09-02 02:37:00-04:00,64.44999694824219,64.4800033569336,64.44999694824219,64.45500183105469,13
2026-09-02 02:38:00-04:00,64.5,64.51000213623047,64.47000122070312,64.47000122070312,18
2026-09-02 02:39:00-04:00,64.58499908447266,64.58499908447266,64.51499938964844,64.51499938964844,37
2026-09-02 02:40:00-04:00,64.62999725341797,64.62999725341797,64.56999969482422,64.61000061035156,26
2026-09-02 02:41:00-04:00,64.625,64.625,64.6050033569336,64.6050033569336,5
2026-09-02 02:42:00-04:00,64.62000274658203,64.6500015258789,64.58999633789062,64.6500015258789,23
2026-09-02 02:43:00-04:00,64.61499786376953,64.625,64.6050033569336,64.61000061035156,9
2026-09-02 02:44:00-04:00,64.6050033569336,64.6500015258789,64.6050033569336,64.6500015258789,13
2026-09-02 02:45:00-04:00,64.58499908447266,64.61499786376953,64.58499908447266,64.6050033569336,10
2026-09-02 02:46:00-04:00,64.51000213623047,64.57499694824219,64.51000213623047,64.57499694824219,14
2026-09-02 02:47:00-04:00,64.4749984741211,64.51499938964844,64.4749984741211,64.51000213623047,12
2026-09-02 02:48:00-04:00,64.4749984741211,64.5,64.47000122070312,64.4800033569336,15
2026-09-02 02:49:00-04:00,64.45999908447266,64.5,64.45999908447266,64.4800033569336,9
2026-09-02 02:50:00-04:00,64.44999694824219,64.49500274658203,64.44999694824219,64.46499633789062,16
2026-09-02 02:51:00-04:00,64.44000244140625,64.45500183105469,64.43000030517578,64.44000244140625,18
2026-09-02 02:52:00-04:00,64.4749984741211,64.48999786376953,64.44000244140625,64.44000244140625,12
2026-09-02 02:53:00-04:00,64.47000122070312,64.4800033569336,64.45999908447266,64.4749984741211,13
2026-09-02 02:54:00-04:00,64.4749984741211,64.48500061035156,64.46499633789062,64.46499633789062,14
2026-09-02 02:55:00-04:00,64.5,64.5,64.47000122070312,64.4800033569336,10
2026-09-02 02:56:00-04:00,64.55500030517578,64.55999755859375,64.50499725341797,64.50499725341797,27
2026-09-02 02:57:00-04:00,64.55999755859375,64.57499694824219,64.55500030517578,64.55999755859375,8
2026-09-02 02:58:00-04:00,64.54499816894531,64.56999969482422,64.53500366210938,64.55999755859375,43
2026-09-02 02:59:00-04:00,64.55000305175781,64.55999755859375,64.53500366210938,64.54000091552734,8
2026-09-02 03:00:00-04:00,64.61499786376953,64.61499786376953,64.51499938964844,64.56999969482422,28
2026-09-02 03:01:00-04:00,64.61499786376953,64.6500015258789,64.6050033569336,64.62000274658203,17
2026-09-02 03:02:00-04:00,64.69000244140625,64.69999694824219,64.6449966430664,64.6449966430664,10
2026-09-02 03:03:00-04:00,64.66000366210938,64.68499755859375,64.62000274658203,64.68000030517578,41
2026-09-02 03:04:00-04:00,64.68499755859375,64.69000244140625,64.63999938964844,64.65499877929688,34
2026-09-02 03:05:00-04:00,64.63500213623047,64.69999694824219,64.625,64.67500305175781,31
2026-09-02 03:06:00-04:00,64.63500213623047,64.6500015258789,64.62000274658203,64.6449966430664,12
2026-09-02 03:07:00-04:00,64.72000122070312,64.73500061035156,64.63999938964844,64.6449966430664,29
2026-09-02 03:08:00-04:00,64.73500061035156,64.75499725341797,64.70999908447266,64.70999908447266,12
2026-09-02 03:09:00-04:00,64.75499725341797,64.78500366210938,64.7300033569336,64.74500274658203,45
2026-09-02 03:10:00-04:00,64.7750015258789,64.80000305175781,64.76499938964844,64.76499938964844,12
2026-09-02 03:11:00-04:00,64.79000091552734,64.80000305175781,64.75,64.7699966430664,52
2026-09-02 03:12:00-04:00,64.7300033569336,64.80000305175781,64.70999908447266,64.79000091552734,42
2026-09-02 03:13:00-04:00,64.70999908447266,64.73500061035156,64.68499755859375,64.73500061035156,26
2026-09-02 03:14:00-04:00,64.66000366210938,64.71499633789062,64.6449966430664,64.69999694824219,21
2026-09-02 03:15:00-04:00,64.66500091552734,64.66500091552734,64.61499786376953,64.62000274658203,11
2026-09-02 03:16:00-04:00,64.63999938964844,64.66999816894531,64.63500213623047,64.66000366210938,7
2026-09-02 03:17:00-04:00,64.66000366210938,64.66500091552734,64.6449966430664,64.6500015258789,8
2026-09-02 03:18:00-04:00,64.65499877929688,64.67500305175781,64.6449966430664,64.65499877929688,15
2026-09-02 03:19:00-04:00,64.66000366210938,64.67500305175781,64.65499877929688,64.67500305175781,4
2026-09-02 03:20:00-04:00,64.63999938964844,64.69999694824219,64.63999938964844,64.66500091552734,13
2026-09-02 03:21:00-04:00,64.6449966430664,64.66999816894531,64.6449966430664,64.66500091552734,18
2026-09-02 03:22:00-04:00,64.66000366210938,64.66000366210938,64.625,64.63999938964844,8
2026-09-02 03:23:00-04:00,64.66500091552734,64.66999816894531,64.63999938964844,64.65499877929688,16
2026-09-02 03:24:00-04:00,64.69999694824219,64.69999694824219,64.6500015258789,64.6500015258789,2
2026-09-02 03:25:00-04:00,64.63500213623047,64.66000366210938,64.5999984741211,64.66000366210938,21
2026-09-02 03:26:00-04:00,64.62000274658203,64.63999938964844,64.6050033569336,64.625,23
2026-09-02 03:27:00-04:00,64.61000061035156,64.6449966430664,64.61000061035156,64.61000061035156,10
2026-09-02 03:28:00-04:00,64.6050033569336,64.61499786376953,64.6050033569336,64.61499786376953,4
2026-09-02 03:29:00-04:00,64.61000061035156,64.63500213623047,64.61000061035156,64.62000274658203,11
2026-09-02 03:30:00-04:00,64.6050033569336,64.6050033569336,64.55999755859375,64.58999633789062,14
2026-09-02 03:31:00-04:00,64.62999725341797,64.62999725341797,64.59500122070312,64.5999984741211,16
2026-09-02 03:32:00-04:00,64.62999725341797,64.62999725341797,64.62000274658203,64.62000274658203,3
2026-09-02 03:33:00-04:00,64.61499786376953,64.61499786376953,64.58499908447266,64.6050033569336,6
2026-09-02 03:34:00-04:00,64.58000183105469,64.6050033569336,64.58000183105469,64.6050033569336,6
2026-09-02 03:35:00-04:00,64.63999938964844,64.63999938964844,64.58000183105469,64.58499908447266,36
2026-09-02 03:36:00-04:00,64.61000061035156,64.63500213623047,64.61000061035156,64.63500213623047,7
2026-09-02 03:37:00-04:00,64.65499877929688,64.65499877929688,64.62000274658203,64.625,9
2026-09-02 03:38:00-04:00,64.61000061035156,64.66500091552734,64.61000061035156,64.66500091552734,4
2026-09-02 03:39:00-04:00,64.55000305175781,64.6050033569336,64.55000305175781,64.6050033569336,14
2026-09-02 03:40:00-04:00,64.55500030517578,64.55999755859375,64.54499816894531,64.54499816894531,5
2026-09-02 03:41:00-04:00,64.55999755859375,64.55999755859375,64.55999755859375,64.55999755859375,4
2026-09-02 03:42:00-04:00,64.56999969482422,64.56999969482422,64.56999969482422,64.56999969482422,4
2026-09-02 03:43:00-04:00,64.51000213623047,64.55999755859375,64.51000213623047,64.55500030517578,13
2026-09-02 03:44:00-04:00,64.53500366210938,64.55500030517578,64.5199966430664,64.5199966430664,13
2026-09-02 03:45:00-04:00,64.55000305175781,64.56999969482422,64.52999877929688,64.53500366210938,11
2026-09-02 03:46:00-04:00,64.55999755859375,64.56999969482422,64.55999755859375,64.56999969482422,2
2026-09-02 03:47:00-04:00,64.56999969482422,64.56999969482422,64.54000091552734,64.54000091552734,9
2026-09-02 03:48:00-04:00,64.54000091552734,64.56999969482422,64.54000091552734,64.56500244140625,3
2026-09-02 03:49:00-04:00,64.54499816894531,64.55000305175781,64.52999877929688,64.54000091552734,8
2026-09-02 03:50:00-04:00,64.54499816894531,64.54499816894531,64.5,64.51499938964844,40
2026-09-02 03:51:00-04:00,64.57499694824219,64.58000183105469,64.55000305175781,64.55000305175781,10
2026-09-02 03:52:00-04:00,64.57499694824219,64.58499908447266,64.55500030517578,64.56500244140625,13
2026-09-02 03:53:00-04:00,64.58999633789062,64.59500122070312,64.58999633789062,64.58999633789062,4
2026-09-02 03:54:00-04:00,64.6050033569336,64.62000274658203,64.58000183105469,64.59500122070312,21
2026-09-02 03:55:00-04:00,64.59500122070312,64.59500122070312,64.57499694824219,64.58000183105469,13
2026-09-02 03:56:00-04:00,64.56999969482422,64.5999984741211,64.56999969482422,64.56999969482422,7
2026-09-02 03:57:00-04:00,64.56999969482422,64.58499908447266,64.56500244140625,64.58499908447266,9
2026-09-02 03:58:00-04:00,64.58499908447266,64.58499908447266,64.58499908447266,64.58499908447266,1
2026-09-02 03:59:00-04:00,64.58000183105469,64.59500122070312,64.58000183105469,64.59500122070312,3
2026-09-02 04:00:00-04:00,64.5999984741211,64.5999984741211,64.55999755859375,64.58499908447266,15
2026-09-02 04:01:00-04:00,64.58999633789062,64.61000061035156,64.58999633789062,64.61000061035156,15
2026-09-02 04:02:00-04:00,64.61000061035156,64.625,64.56999969482422,64.625,16
2026-09-02 04:03:00-04:00,64.61000061035156,64.61000061035156,64.59500122070312,64.6050033569336,12
2026-09-02 04:04:00-04:00,64.6500015258789,64.6500015258789,64.61499786376953,64.61499786376953,6
2026-09-02 04:05:00-04:00,64.59500122070312,64.6449966430664,64.58499908447266,64.6449966430664,14
2026-09-02 04:06:00-04:00,64.55999755859375,64.5999984741211,64.54499816894531,64.59500122070312,23
2026-09-02 04:07:00-04:00,64.61000061035156,64.61000061035156,64.58999633789062,64.6050033569336,29
2026-09-02 04:08:00-04:00,64.68000030517578,64.69499969482422,64.63500213623047,64.63500213623047,16
2026-09-02 04:09:00-04:00,64.74500274658203,64.74500274658203,64.69000244140625,64.69499969482422,21
2026-09-02 04:10:00-04:00,64.7699966430664,64.7699966430664,64.74500274658203,64.75,14
2026-09-02 04:11:00-04:00,64.72000122070312,64.73999786376953,64.72000122070312,64.73500061035156,6
2026-09-02 04:12:00-04:00,64.72000122070312,64.7300033569336,64.69499969482422,64.69499969482422,25
2026-09-02 04:13:00-04:00,64.70500183105469,64.72000122070312,64.69000244140625,64.72000122070312,18
2026-09-02 04:14:00-04:00,64.67500305175781,64.69000244140625,64.66000366210938,64.69000244140625,8
2026-09-02 04:15:00-04:00,64.73500061035156,64.73999786376953,64.66500091552734,64.66500091552734,17
2026-09-02 04:16:00-04:00,64.69000244140625,64.7249984741211,64.69000244140625,64.71499633789062,11
2026-09-02 04:17:00-04:00,64.69999694824219,64.70500183105469,64.65499877929688,64.70500183105469,22
2026-09-02 04:18:00-04:00,64.70999908447266,64.70999908447266,64.69499969482422,64.69499969482422,3
2026-09-02 04:19:00-04:00,64.66000366210938,64.70500183105469,64.66000366210938,64.69499969482422,20
2026-09-02 04:20:00-04:00,64.65499877929688,64.67500305175781,64.65499877929688,64.67500305175781,6
2026-09-02 04:21:00-04:00,64.62999725341797,64.6500015258789,64.61499786376953,64.63999938964844,9
2026-09-02 04:22:00-04:00,64.6449966430664,64.6449966430664,64.62999725341797,64.62999725341797,4
2026-09-02 04:23:00-04:00,64.6500015258789,64.6500015258789,64.63999938964844,64.6449966430664,3
2026-09-02 04:24:00-04:00,64.63999938964844,64.6500015258789,64.62000274658203,64.62000274658203,5
2026-09-02 04:25:00-04:00,64.61499786376953,64.61499786376953,64.61499786376953,64.61499786376953,1
2026-09-02 04:26:00-04:00,64.61499786376953,64.625,64.61499786376953,64.61499786376953,5
2026-09-02 04:27:00-04:00,64.62000274658203,64.62000274658203,64.59500122070312,64.61000061035156,5
2026-09-02 04:28:00-04:00,64.62000274658203,64.63999938964844,64.62000274658203,64.63999938964844,5
2026-09-02 04:30:00-04:00,64.66999816894531,64.66999816894531,64.61000061035156,64.61000061035156,12
2026-09-02 04:31:00-04:00,64.63500213623047,64.66500091552734,64.625,64.66500091552734,12
2026-09-02 04:32:00-04:00,64.58000183105469,64.61499786376953,64.58000183105469,64.59500122070312,11
2026-09-02 04:33:00-04:00,64.58499908447266,64.58499908447266,64.57499694824219,64.57499694824219,5
2026-09-02 04:34:00-04:00,64.58499908447266,64.59500122070312,64.55999755859375,64.59500122070312,6
2026-09-02 04:35:00-04:00,64.54499816894531,64.58499908447266,64.54000091552734,64.58499908447266,20
2026-09-02 04:36:00-04:00,64.59500122070312,64.59500122070312,64.55999755859375,64.55999755859375,7
2026-09-02 04:37:00-04:00,64.61499786376953,64.61499786376953,64.56999969482422,64.58499908447266,13
2026-09-02 04:38:00-04:00,64.63999938964844,64.6500015258789,64.62999725341797,64.62999725341797,17
2026-09-02 04:39:00-04:00,64.65499877929688,64.69000244140625,64.6500015258789,64.6500015258789,18
2026-09-02 04:40:00-04:00,64.66000366210938,64.66500091552734,64.65499877929688,64.66500091552734,4
2026-09-02 04:41:00-04:00,64.66500091552734,64.68499755859375,64.66500091552734,64.66500091552734,10
2026-09-02 04:42:00-04:00,64.62999725341797,64.67500305175781,64.62999725341797,64.6500015258789,14
2026-09-02 04:43:00-04:00,64.62999725341797,64.63500213623047,64.625,64.625,9
2026-09-02 04:44:00-04:00,64.59500122070312,64.61000061035156,64.55500030517578,64.61000061035156,34
2026-09-02 04:45:00-04:00,64.56500244140625,64.58499908447266,64.56500244140625,64.58499908447266,5
2026-09-02 04:46:00-04:00,64.55500030517578,64.58000183105469,64.55500030517578,64.55500030517578,10
2026-09-02 04:47:00-04:00,64.55500030517578,64.55999755859375,64.53500366210938,64.55999755859375,8
2026-09-02 04:48:00-04:00,64.55500030517578,64.55500030517578,64.51000213623047,64.53500366210938,14
2026-09-02 04:49:00-04:00,64.56500244140625,64.56999969482422,64.55000305175781,64.56999969482422,10
2026-09-02 04:50:00-04:00,64.52999877929688,64.55999755859375,64.52999877929688,64.55500030517578,5
2026-09-02 04:51:00-04:00,64.46499633789062,64.51499938964844,64.45999908447266,64.51499938964844,49
2026-09-02 04:52:00-04:00,64.43499755859375,64.46499633789062,64.43499755859375,64.45500183105469,27
2026-09-02 04:53:00-04:00,64.38500213623047,64.44000244140625,64.38500213623047,64.44000244140625,18
2026-09-02 04:54:00-04:00,64.3499984741211,64.3949966430664,64.32499694824219,64.3949966430664,32
2026-09-02 04:55:00-04:00,64.375,64.38500213623047,64.33999633789062,64.3499984741211,56
2026-09-02 04:56:00-04:00,64.38500213623047,64.41999816894531,64.37999725341797,64.38999938964844,24
2026-09-02 04:57:00-04:00,64.37999725341797,64.41000366210938,64.37999725341797,64.4000015258789,25
2026-09-02 04:58:00-04:00,64.3499984741211,64.37999725341797,64.3499984741211,64.37999725341797,10
2026-09-02 04:59:00-04:00,64.34500122070312,64.375,64.33499908447266,64.36000061035156,37
2026-09-02 05:00:00-04:00,64.33999633789062,64.38999938964844,64.33499908447266,64.33499908447266,31
2026-09-02 05:01:00-04:00,64.36000061035156,64.36499786376953,64.33499908447266,64.33499908447266,17
2026-09-02 05:02:00-04:00,64.43499755859375,64.45999908447266,64.36499786376953,64.36499786376953,25
2026-09-02 05:03:00-04:00,64.43000030517578,64.43000030517578,64.4000015258789,64.42500305175781,16
2026-09-02 05:04:00-04:00,64.44999694824219,64.44999694824219,64.41000366210938,64.41999816894531,16
2026-09-02 05:05:00-04:00,64.52999877929688,64.52999877929688,64.45999908447266,64.45999908447266,23
2026-09-02 05:06:00-04:00,64.54000091552734,64.56500244140625,64.52999877929688,64.52999877929688,26
2026-09-02 05:07:00-04:00,64.52999877929688,64.55999755859375,64.5199966430664,64.55000305175781,17
2026-09-02 05:08:00-04:00,64.49500274658203,64.53500366210938,64.49500274658203,64.53500366210938,8
2026-09-02 05:09:00-04:00,64.48500061035156,64.52999877929688,64.48500061035156,64.5,13
2026-09-02 05:10:00-04:00,64.47000122070312,64.4749984741211,64.42500305175781,64.4749984741211,35
2026-09-02 05:11:00-04:00,64.46499633789062,64.49500274658203,64.45999908447266,64.4749984741211,12
2026-09-02 05:12:00-04:00,64.47000122070312,64.47000122070312,64.47000122070312,64.47000122070312,3
2026-09-02 05:13:00-04:00,64.45500183105469,64.48500061035156,64.44999694824219,64.45999908447266,13
2026-09-02 05:14:00-04:00,64.41500091552734,64.44999694824219,64.41000366210938,64.44999694824219,24
2026-09-02 05:15:00-04:00,64.3949966430664,64.41999816894531,64.38500213623047,64.41999816894531,29
2026-09-02 05:16:00-04:00,64.4000015258789,64.4000015258789,64.37999725341797,64.38500213623047,12
2026-09-02 05:18:00-04:00,64.42500305175781,64.42500305175781,64.40499877929688,64.40499877929688,11
2026-09-02 05:19:00-04:00,64.41000366210938,64.41999816894531,64.38999938964844,64.41999816894531,5
2026-09-02 05:20:00-04:00,64.36499786376953,64.4000015258789,64.36499786376953,64.3949966430664,9
2026-09-02 05:21:00-04:00,64.36000061035156,64.38500213623047,64.36000061035156,64.36499786376953,16
2026-09-02 05:22:00-04:00,64.33499908447266,64.3550033569336,64.33499908447266,64.3550033569336,26
2026-09-02 05:23:00-04:00,64.30000305175781,64.31500244140625,64.28500366210938,64.30999755859375,14
2026-09-02 05:24:00-04:00,64.27999877929688,64.29000091552734,64.2750015258789,64.27999877929688,21
2026-09-02 05:25:00-04:00,64.27999877929688,64.29000091552734,64.2699966430664,64.28500366210938,32
2026-09-02 05:26:00-04:00,64.26000213623047,64.27999877929688,64.26000213623047,64.27999877929688,7
2026-09-02 05:27:00-04:00,64.23999786376953,64.2699966430664,64.2300033569336,64.24500274658203,11
2026-09-02 05:28:00-04:00,64.27999877929688,64.27999877929688,64.23999786376953,64.23999786376953,8
2026-09-02 05:29:00-04:00,64.27999877929688,64.28500366210938,64.2750015258789,64.27999877929688,15
2026-09-02 05:30:00-04:00,64.26499938964844,64.30000305175781,64.26499938964844,64.29000091552734,16
2026-09-02 05:31:00-04:00,64.2249984741211,64.27999877929688,64.21499633789062,64.27999877929688,34
2026-09-02 05:32:00-04:00,64.25499725341797,64.25499725341797,64.2300033569336,64.2300033569336,7
2026-09-02 05:33:00-04:00,64.19499969482422,64.23999786376953,64.19499969482422,64.23999786376953,19
2026-09-02 05:34:00-04:00,64.2300033569336,64.2300033569336,64.19999694824219,64.19999694824219,10
2026-09-02 05:35:00-04:00,64.2249984741211,64.23999786376953,64.2249984741211,64.23500061035156,5
2026-09-02 05:36:00-04:00,64.21499633789062,64.21499633789062,64.19499969482422,64.21499633789062,15
2026-09-02 05:37:00-04:00,64.22000122070312,64.23500061035156,64.22000122070312,64.23500061035156,20
2026-09-02 05:38:00-04:00,64.2249984741211,64.26000213623047,64.21499633789062,64.2300033569336,9
2026-09-02 05:39:00-04:00,64.23500061035156,64.25,64.23500061035156,64.24500274658203,5
2026-09-02 05:40:00-04:00,64.2300033569336,64.26000213623047,64.2300033569336,64.2300033569336,20
2026-09-02 05:41:00-04:00,64.26000213623047,64.26000213623047,64.23500061035156,64.23500061035156,5
2026-09-02 05:42:00-04:00,64.25499725341797,64.26000213623047,64.25499725341797,64.25499725341797,3
2026-09-02 05:43:00-04:00,64.2300033569336,64.26000213623047,64.2300033569336,64.25,44
2026-09-02 05:44:00-04:00,64.2300033569336,64.23500061035156,64.2300033569336,64.23500061035156,4
2026-09-02 05:45:00-04:00,64.25,64.25,64.25,64.25,1
2026-09-02 05:46:00-04:00,64.2300033569336,64.26499938964844,64.2300033569336,64.24500274658203,18
2026-09-02 05:47:00-04:00,64.22000122070312,64.26000213623047,64.22000122070312,64.2300033569336,11
2026-09-02 05:48:00-04:00,64.25,64.2699966430664,64.24500274658203,64.24500274658203,8
2026-09-02 05:49:00-04:00,64.2300033569336,64.26499938964844,64.2300033569336,64.25499725341797,19
2026-09-02 05:50:00-04:00,64.20500183105469,64.23500061035156,64.20500183105469,64.21499633789062,10
2026-09-02 05:51:00-04:00,64.21499633789062,64.22000122070312,64.19999694824219,64.20500183105469,14
2026-09-02 05:52:00-04:00,64.20999908447266,64.20999908447266,64.19499969482422,64.20500183105469,25
2026-09-02 05:53:00-04:00,64.22000122070312,64.22000122070312,64.21499633789062,64.22000122070312,4
2026-09-02 05:54:00-04:00,64.22000122070312,64.22000122070312,64.22000122070312,64.22000122070312,3
2026-09-02 05:55:00-04:00,64.2249984741211,64.2249984741211,64.2249984741211,64.2249984741211,3
2026-09-02 05:57:00-04:00,64.23999786376953,64.26000213623047,64.2300033569336,64.23500061035156,15
2026-09-02 05:58:00-04:00,64.2300033569336,64.2300033569336,64.2300033569336,64.2300033569336,8
2026-09-02 05:59:00-04:00,64.24500274658203,64.26000213623047,64.23500061035156,64.23500061035156,11
2026-09-02 06:00:00-04:00,64.26499938964844,64.26499938964844,64.23999786376953,64.25,10
2026-09-02 06:01:00-04:00,64.26499938964844,64.2750015258789,64.24500274658203,64.25499725341797,15
2026-09-02 06:02:00-04:00,64.23500061035156,64.26000213623047,64.23500061035156,64.26000213623047,12
2026-09-02 06:03:00-04:00,64.22000122070312,64.2249984741211,64.22000122070312,64.2249984741211,3
2026-09-02 06:04:00-04:00,64.19999694824219,64.21499633789062,64.19999694824219,64.21499633789062,5
2026-09-02 06:05:00-04:00,64.2300033569336,64.2300033569336,64.19999694824219,64.19999694824219,15
2026-09-02 06:06:00-04:00,64.16500091552734,64.2249984741211,64.15499877929688,64.2249984741211,21
2026-09-02 06:07:00-04:00,64.16500091552734,64.18000030517578,64.16500091552734,64.16999816894531,5
2026-09-02 06:08:00-04:00,64.19499969482422,64.19499969482422,64.17500305175781,64.17500305175781,10
2026-09-02 06:09:00-04:00,64.19999694824219,64.19999694824219,64.16999816894531,64.18499755859375,8
2026-09-02 06:10:00-04:00,64.2249984741211,64.2249984741211,64.19999694824219,64.20500183105469,14
2026-09-02 06:11:00-04:00,64.2300033569336,64.2300033569336,64.18000030517578,64.19000244140625,15
2026-09-02 06:12:00-04:00,64.19999694824219,64.2300033569336,64.19999694824219,64.21499633789062,7
2026-09-02 06:13:00-04:00,64.33000183105469,64.33000183105469,64.20999908447266,64.20999908447266,87
2026-09-02 06:14:00-04:00,64.32499694824219,64.3550033569336,64.31999969482422,64.33999633789062,20
2026-09-02 06:15:00-04:00,64.32499694824219,64.34500122070312,64.32499694824219,64.34500122070312,3
2026-09-02 06:16:00-04:00,64.31999969482422,64.33499908447266,64.31500244140625,64.31999969482422,21
2026-09-02 06:17:00-04:00,64.36000061035156,64.36000061035156,64.33499908447266,64.33999633789062,41
2026-09-02 06:18:00-04:00,64.32499694824219,64.37000274658203,64.32499694824219,64.36499786376953,10
2026-09-02 06:19:00-04:00,64.31500244140625,64.32499694824219,64.29499816894531,64.31500244140625,60
2026-09-02 06:20:00-04:00,64.3499984741211,64.3499984741211,64.32499694824219,64.33000183105469,7
2026-09-02 06:21:00-04:00,64.33999633789062,64.34500122070312,64.33000183105469,64.33999633789062,8
2026-09-02 06:22:00-04:00,64.37999725341797,64.38999938964844,64.33999633789062,64.33999633789062,11
2026-09-02 06:23:00-04:00,64.34500122070312,64.34500122070312,64.34500122070312,64.34500122070312,2
2026-09-02 06:24:00-04:00,64.3550033569336,64.3550033569336,64.3499984741211,64.3499984741211,5
2026-09-02 06:25:00-04:00,64.38500213623047,64.38999938964844,64.36000061035156,64.36000061035156,16
2026-09-02 06:26:00-04:00,64.37999725341797,64.3949966430664,64.36000061035156,64.375,27
2026-09-02 06:27:00-04:00,64.38500213623047,64.38500213623047,64.375,64.37999725341797,5
2026-09-02 06:28:00-04:00,64.375,64.375,64.37000274658203,64.37000274658203,8
2026-09-02 06:29:00-04:00,64.31999969482422,64.3499984741211,64.31999969482422,64.3499984741211,8
2026-09-02 06:30:00-04:00,64.32499694824219,64.33999633789062,64.31999969482422,64.31999969482422,10
2026-09-02 06:31:00-04:00,64.26499938964844,64.31999969482422,64.26499938964844,64.31999969482422,11
2026-09-02 06:32:00-04:00,64.2750015258789,64.2750015258789,64.25499725341797,64.25499725341797,3
2026-09-02 06:33:00-04:00,64.2699966430664,64.2699966430664,64.25,64.25499725341797,3
2026-09-02 06:34:00-04:00,64.2750015258789,64.2750015258789,64.25499725341797,64.26499938964844,5
2026-09-02 06:35:00-04:00,64.24500274658203,64.27999877929688,64.23999786376953,64.2750015258789,17
2026-09-02 06:36:00-04:00,64.25499725341797,64.25499725341797,64.2300033569336,64.24500274658203,7
2026-09-02 06:37:00-04:00,64.23999786376953,64.24500274658203,64.2300033569336,64.24500274658203,22
2026-09-02 06:39:00-04:00,64.2249984741211,64.2300033569336,64.21499633789062,64.2300033569336,7
2026-09-02 06:40:00-04:00,64.23500061035156,64.25,64.2300033569336,64.2300033569336,10
2026-09-02 06:41:00-04:00,64.2249984741211,64.25,64.20500183105469,64.2300033569336,15
2026-09-02 06:42:00-04:00,64.2300033569336,64.25499725341797,64.2300033569336,64.2300033569336,3
2026-09-02 06:43:00-04:00,64.24500274658203,64.25,64.2249984741211,64.2249984741211,5
2026-09-02 06:44:00-04:00,64.23999786376953,64.24500274658203,64.23999786376953,64.24500274658203,3
2026-09-02 06:45:00-04:00,64.23500061035156,64.24500274658203,64.23500061035156,64.23500061035156,9
2026-09-02 06:46:00-04:00,64.23999786376953,64.23999786376953,64.23999786376953,64.23999786376953,2
2026-09-02 06:47:00-04:00,64.25499725341797,64.25499725341797,64.23999786376953,64.23999786376953,5
2026-09-02 06:48:00-04:00,64.25499725341797,64.26000213623047,64.23500061035156,64.23500061035156,10
2026-09-02 06:49:00-04:00,64.26000213623047,64.26499938964844,64.25,64.25499725341797,12
2026-09-02 06:50:00-04:00,64.22000122070312,64.2699966430664,64.22000122070312,64.26499938964844,13
2026-09-02 06:51:00-04:00,64.19000244140625,64.2249984741211,64.19000244140625,64.20500183105469,15
2026-09-02 06:52:00-04:00,64.17500305175781,64.17500305175781,64.15499877929688,64.17500305175781,17
2026-09-02 06:53:00-04:00,64.19999694824219,64.19999694824219,64.1500015258789,64.1500015258789,11
2026-09-02 06:54:00-04:00,64.21499633789062,64.21499633789062,64.19999694824219,64.19999694824219,3
2026-09-02 06:55:00-04:00,64.2249984741211,64.2300033569336,64.21499633789062,64.2249984741211,16
2026-09-02 06:56:00-04:00,64.20999908447266,64.2249984741211,64.19999694824219,64.2249984741211,7
2026-09-02 06:57:00-04:00,64.25,64.25,64.23500061035156,64.23500061035156,6
2026-09-02 06:58:00-04:00,64.20999908447266,64.24500274658203,64.20999908447266,64.24500274658203,9
2026-09-02 06:59:00-04:00,64.25499725341797,64.26499938964844,64.2249984741211,64.2249984741211,36
2026-09-02 07:00:00-04:00,64.26499938964844,64.2750015258789,64.21499633789062,64.24500274658203,59
2026-09-02 07:01:00-04:00,64.30999755859375,64.3499984741211,64.26000213623047,64.27999877929688,60
2026-09-02 07:02:00-04:00,64.33999633789062,64.37000274658203,64.33499908447266,64.34500122070312,16
2026-09-02 07:03:00-04:00,64.33000183105469,64.33999633789062,64.31999969482422,64.33999633789062,13
2026-09-02 07:04:00-04:00,64.38999938964844,64.40499877929688,64.36000061035156,64.36000061035156,48
2026-09-02 07:05:00-04:00,64.38500213623047,64.3949966430664,64.37000274658203,64.3949966430664,13
2026-09-02 07:06:00-04:00,64.375,64.375,64.36499786376953,64.37000274658203,6
2026-09-02 07:07:00-04:00,64.37000274658203,64.37000274658203,64.32499694824219,64.33999633789062,24
2026-09-02 07:08:00-04:00,64.3499984741211,64.4000015258789,64.3499984741211,64.4000015258789,4
2026-09-02 07:09:00-04:00,64.47000122070312,64.48500061035156,64.33499908447266,64.36000061035156,99
2026-09-02 07:10:00-04:00,64.48999786376953,64.49500274658203,64.41500091552734,64.45999908447266,62
2026-09-02 07:11:00-04:00,64.47000122070312,64.51000213623047,64.45999908447266,64.45999908447266,16
2026-09-02 07:12:00-04:00,64.48500061035156,64.48500061035156,64.43499755859375,64.46499633789062,11
2026-09-02 07:13:00-04:00,64.50499725341797,64.50499725341797,64.47000122070312,64.4800033569336,8
2026-09-02 07:14:00-04:00,64.6500015258789,64.68000030517578,64.51000213623047,64.51000213623047,106
2026-09-02 07:15:00-04:00,64.63999938964844,64.68000030517578,64.6050033569336,64.65499877929688,56
2026-09-02 07:16:00-04:00,64.61499786376953,64.65499877929688,64.5999984741211,64.6500015258789,50
2026-09-02 07:17:00-04:00,64.6050033569336,64.63500213623047,64.59500122070312,64.61499786376953,33
2026-09-02 07:18:00-04:00,64.53500366210938,64.61000061035156,64.53500366210938,64.61000061035156,18
2026-09-02 07:19:00-04:00,64.61499786376953,64.61499786376953,64.54499816894531,64.54499816894531,16
2026-09-02 07:20:00-04:00,64.62000274658203,64.63999938964844,64.62000274658203,64.62999725341797,6
2026-09-02 07:21:00-04:00,64.61000061035156,64.6449966430664,64.58499908447266,64.625,32
2026-09-02 07:22:00-04:00,64.61000061035156,64.61000061035156,64.58999633789062,64.5999984741211,6
2026-09-02 07:23:00-04:00,64.6500015258789,64.6500015258789,64.58499908447266,64.6050033569336,19
2026-09-02 07:24:00-04:00,64.62000274658203,64.6500015258789,64.62000274658203,64.6449966430664,26
2026-09-02 07:25:00-04:00,64.58499908447266,64.63999938964844,64.55999755859375,64.6050033569336,52
2026-09-02 07:26:00-04:00,64.55999755859375,64.58499908447266,64.54499816894531,64.57499694824219,39
2026-09-02 07:27:00-04:00,64.6050033569336,64.6050033569336,64.56500244140625,64.56999969482422,39
2026-09-02 07:28:00-04:00,64.63999938964844,64.66999816894531,64.61000061035156,64.625,38
2026-09-02 07:29:00-04:00,64.62999725341797,64.63500213623047,64.6050033569336,64.63500213623047,8
2026-09-02 07:30:00-04:00,64.68499755859375,64.69999694824219,64.61499786376953,64.61499786376953,20
2026-09-02 07:31:00-04:00,64.66500091552734,64.67500305175781,64.6500015258789,64.66500091552734,13
2026-09-02 07:32:00-04:00,64.75,64.75499725341797,64.66000366210938,64.66000366210938,29
2026-09-02 07:33:00-04:00,64.7750015258789,64.78500366210938,64.74500274658203,64.75499725341797,54
2026-09-02 07:34:00-04:00,64.84500122070312,64.84500122070312,64.77999877929688,64.79000091552734,64
2026-09-02 07:35:00-04:00,64.84500122070312,64.88999938964844,64.82499694824219,64.83999633789062,80
2026-09-02 07:36:00-04:00,64.84500122070312,64.86000061035156,64.83999633789062,64.83999633789062,19
2026-09-02 07:37:00-04:00,64.8499984741211,64.86000061035156,64.79499816894531,64.83499908447266,36
2026-09-02 07:38:00-04:00,64.87999725341797,64.8949966430664,64.83999633789062,64.84500122070312,52
2026-09-02 07:39:00-04:00,64.88500213623047,64.88999938964844,64.875,64.88500213623047,32
2026-09-02 07:40:00-04:00,64.86499786376953,64.91000366210938,64.86499786376953,64.87999725341797,27
2026-09-02 07:41:00-04:00,64.80000305175781,64.82499694824219,64.79000091552734,64.82499694824219,12
2026-09-02 07:42:00-04:00,64.78500366210938,64.80500030517578,64.77999877929688,64.80000305175781,14
2026-09-02 07:43:00-04:00,64.75499725341797,64.80000305175781,64.73999786376953,64.80000305175781,73
2026-09-02 07:44:00-04:00,64.77999877929688,64.78500366210938,64.75499725341797,64.76499938964844,15
2026-09-02 07:45:00-04:00,64.83000183105469,64.83000183105469,64.75,64.75,29
2026-09-02 07:46:00-04:00,64.79000091552734,64.83499908447266,64.7699966430664,64.83499908447266,15
2026-09-02 07:47:00-04:00,64.84500122070312,64.84500122070312,64.80000305175781,64.80500030517578,14
2026-09-02 07:48:00-04:00,64.83000183105469,64.87000274658203,64.83000183105469,64.8499984741211,12
2026-09-02 07:49:00-04:00,64.83999633789062,64.83999633789062,64.81500244140625,64.81999969482422,33
2026-09-02 07:50:00-04:00,64.86000061035156,64.86000061035156,64.83999633789062,64.83999633789062,12
2026-09-02 07:51:00-04:00,64.83999633789062,64.86499786376953,64.83000183105469,64.86000061035156,11
2026-09-02 07:52:00-04:00,64.86000061035156,64.86000061035156,64.83000183105469,64.83999633789062,52
2026-09-02 07:53:00-04:00,64.87999725341797,64.87999725341797,64.8499984741211,64.86499786376953,37
2026-09-02 07:54:00-04:00,64.96499633789062,64.97000122070312,64.87000274658203,64.87000274658203,72
2026-09-02 07:55:00-04:00,64.95999908447266,64.95999908447266,64.92500305175781,64.95500183105469,42
2026-09-02 07:56:00-04:00,64.9000015258789,64.94999694824219,64.9000015258789,64.94999694824219,22
2026-09-02 07:57:00-04:00,64.8949966430664,64.9000015258789,64.88500213623047,64.88500213623047,8
2026-09-02 07:58:00-04:00,64.87000274658203,64.91000366210938,64.86000061035156,64.90499877929688,29
2026-09-02 07:59:00-04:00,64.90499877929688,64.91000366210938,64.88999938964844,64.88999938964844,14
2026-09-02 08:00:00-04:00,64.94000244140625,64.95999908447266,64.86000061035156,64.91000366210938,80
2026-09-02 08:01:00-04:00,64.97000122070312,64.9749984741211,64.91000366210938,64.94000244140625,73
2026-09-02 08:02:00-04:00,64.86499786376953,64.94999694824219,64.86499786376953,64.94999694824219,50
2026-09-02 08:03:00-04:00,64.94999694824219,64.95500183105469,64.86499786376953,64.87000274658203,36
2026-09-02 08:04:00-04:00,64.9749984741211,64.98999786376953,64.94000244140625,64.95500183105469,47
2026-09-02 08:05:00-04:00,65.05999755859375,65.06500244140625,64.97000122070312,64.9800033569336,95
2026-09-02 08:06:00-04:00,65.0199966430664,65.06500244140625,64.9800033569336,65.05999755859375,50
2026-09-02 08:07:00-04:00,64.97000122070312,65.01499938964844,64.95500183105469,65.0,73
2026-09-02 08:08:00-04:00,64.96499633789062,64.9749984741211,64.95500183105469,64.96499633789062,42
2026-09-02 08:09:00-04:00,65.00499725341797,65.01499938964844,64.96499633789062,64.9749984741211,19
2026-09-02 08:10:00-04:00,64.98500061035156,65.01000213623047,64.9749984741211,65.00499725341797,18
2026-09-02 08:11:00-04:00,64.94000244140625,65.0,64.94000244140625,64.9800033569336,35
2026-09-02 08:12:00-04:00,64.91000366210938,64.93499755859375,64.88999938964844,64.93499755859375,53
2026-09-02 08:13:00-04:00,64.94499969482422,64.94999694824219,64.91000366210938,64.91500091552734,26
2026-09-02 08:14:00-04:00,64.9800033569336,64.9800033569336,64.95999908447266,64.96499633789062,13
2026-09-02 08:15:00-04:00,64.9800033569336,65.04000091552734,64.94499969482422,64.98999786376953,124
2026-09-02 08:16:00-04:00,64.94000244140625,64.99500274658203,64.91999816894531,64.98500061035156,23
2026-09-02 08:17:00-04:00,64.9749984741211,64.98500061035156,64.93000030517578,64.94499969482422,29
2026-09-02 08:18:00-04:00,64.96499633789062,64.9800033569336,64.94999694824219,64.9800033569336,19
2026-09-02 08:19:00-04:00,64.91000366210938,64.9749984741211,64.91000366210938,64.9749984741211,14
2026-09-02 08:20:00-04:00,65.11000061035156,65.13999938964844,64.84500122070312,64.88999938964844,278
2026-09-02 08:21:00-04:00,65.05500030517578,65.18000030517578,65.01000213623047,65.05999755859375,239
2026-09-02 08:22:00-04:00,65.04000091552734,65.05500030517578,64.98999786376953,65.05500030517578,47
2026-09-02 08:23:00-04:00,65.00499725341797,65.12000274658203,64.95999908447266,65.05500030517578,108
2026-09-02 08:24:00-04:00,65.05500030517578,65.05500030517578,64.99500274658203,65.01499938964844,15
2026-09-02 08:25:00-04:00,65.12999725341797,65.16500091552734,65.02999877929688,65.05500030517578,67
2026-09-02 08:26:00-04:00,65.125,65.13999938964844,65.11000061035156,65.12000274658203,24
2026-09-02 08:27:00-04:00,65.0250015258789,65.13500213623047,65.0199966430664,65.13500213623047,34
2026-09-02 08:28:00-04:00,65.01499938964844,65.0199966430664,64.95999908447266,65.0199966430664,25
2026-09-02 08:29:00-04:00,65.04499816894531,65.06500244140625,65.01499938964844,65.03500366210938,20
2026-09-02 08:30:00-04:00,65.0250015258789,65.08499908447266,65.01499938964844,65.04000091552734,75
2026-09-02 08:31:00-04:00,65.05000305175781,65.09500122070312,65.00499725341797,65.0199966430664,43
2026-09-02 08:32:00-04:00,64.98999786376953,65.06999969482422,64.98999786376953,65.05500030517578,25
2026-09-02 08:33:00-04:00,64.97000122070312,65.0250015258789,64.97000122070312,64.98999786376953,40
2026-09-02 08:34:00-04:00,64.94499969482422,64.97000122070312,64.93000030517578,64.97000122070312,37
2026-09-02 08:35:00-04:00,64.94999694824219,64.95999908447266,64.94499969482422,64.95500183105469,19
2026-09-02 08:36:00-04:00,64.9000015258789,64.94000244140625,64.88500213623047,64.94000244140625,35
2026-09-02 08:37:00-04:00,64.88500213623047,64.93000030517578,64.87999725341797,64.91000366210938,38
2026-09-02 08:38:00-04:00,64.94000244140625,64.94999694824219,64.9000015258789,64.9000015258789,40
2026-09-02 08:39:00-04:00,64.93499755859375,64.94499969482422,64.88999938964844,64.94000244140625,29
2026-09-02 08:40:00-04:00,64.93000030517578,64.95999908447266,64.91999816894531,64.95999908447266,36
2026-09-02 08:41:00-04:00,64.91500091552734,64.94000244140625,64.91000366210938,64.94000244140625,15
2026-09-02 08:42:00-04:00,64.9000015258789,64.91999816894531,64.9000015258789,64.91500091552734,21
2026-09-02 08:43:00-04:00,64.8949966430664,64.90499877929688,64.875,64.8949966430664,34
2026-09-02 08:44:00-04:00,64.90499877929688,64.91999816894531,64.9000015258789,64.91000366210938,20
2026-09-02 08:45:00-04:00,64.8949966430664,64.91500091552734,64.8550033569336,64.91500091552734,31
2026-09-02 08:46:00-04:00,64.87999725341797,64.9000015258789,64.87999725341797,64.88999938964844,10
2026-09-02 08:47:00-04:00,64.95500183105469,64.96499633789062,64.8550033569336,64.86499786376953,49
2026-09-02 08:48:00-04:00,64.94999694824219,64.96499633789062,64.94000244140625,64.94999694824219,10
2026-09-02 08:49:00-04:00,64.95999908447266,64.97000122070312,64.92500305175781,64.94499969482422,26
2026-09-02 08:50:00-04:00,64.93000030517578,64.97000122070312,64.91500091552734,64.96499633789062,21
2026-09-02 08:51:00-04:00,64.86000061035156,64.93499755859375,64.86000061035156,64.91000366210938,37
2026-09-02 08:52:00-04:00,64.8550033569336,64.88500213623047,64.83999633789062,64.875,23
2026-09-02 08:53:00-04:00,64.86000061035156,64.875,64.8550033569336,64.86499786376953,12
2026-09-02 08:54:00-04:00,64.87999725341797,64.87999725341797,64.875,64.875,7
2026-09-02 08:55:00-04:00,64.86499786376953,64.88999938964844,64.83999633789062,64.88999938964844,20
2026-09-02 08:56:00-04:00,64.83000183105469,64.8550033569336,64.82499694824219,64.8550033569336,24
2026-09-02 08:57:00-04:00,64.80000305175781,64.82499694824219,64.79000091552734,64.81500244140625,28
2026-09-02 08:58:00-04:00,64.82499694824219,64.8550033569336,64.80500030517578,64.80500030517578,44
2026-09-02 08:59:00-04:00,64.82499694824219,64.875,64.80999755859375,64.83000183105469,76
2026-09-02 09:00:00-04:00,65.0,65.04499816894531,64.78500366210938,64.81500244140625,262
2026-09-02 09:01:00-04:00,65.0199966430664,65.0199966430664,64.94499969482422,64.9749984741211,65
2026-09-02 09:02:00-04:00,65.06999969482422,65.11499786376953,65.01499938964844,65.01499938964844,63
2026-09-02 09:03:00-04:00,65.0999984741211,65.19000244140625,65.05999755859375,65.06500244140625,109
2026-09-02 09:04:00-04:00,65.0999984741211,65.11499786376953,65.06500244140625,65.1050033569336,70
2026-09-02 09:05:00-04:00,65.16000366210938,65.18499755859375,65.1050033569336,65.1050033569336,51
2026-09-02 09:06:00-04:00,65.13999938964844,65.16999816894531,65.13500213623047,65.13999938964844,30
2026-09-02 09:07:00-04:00,65.1449966430664,65.16999816894531,65.1050033569336,65.13999938964844,108
2026-09-02 09:08:00-04:00,65.26000213623047,65.26000213623047,65.16000366210938,65.16999816894531,90
2026-09-02 09:09:00-04:00,65.26499938964844,65.30000305175781,65.23999786376953,65.25499725341797,81
2026-09-02 09:10:00-04:00,65.25499725341797,65.28500366210938,65.24500274658203,65.26499938964844,94
2026-09-02 09:11:00-04:00,65.24500274658203,65.32499694824219,65.23500061035156,65.26000213623047,179
2026-09-02 09:12:00-04:00,65.2300033569336,65.25,65.22000122070312,65.24500274658203,38
2026-09-02 09:13:00-04:00,65.20500183105469,65.25,65.19499969482422,65.23999786376953,17
2026-09-02 09:14:00-04:00,65.2699966430664,65.30500030517578,65.19999694824219,65.20500183105469,75
2026-09-02 09:15:00-04:00,65.26000213623047,65.28500366210938,65.20999908447266,65.27999877929688,48
2026-09-02 09:16:00-04:00,65.26499938964844,65.29000091552734,65.22000122070312,65.25499725341797,28
2026-09-02 09:17:00-04:00,65.30500030517578,65.30500030517578,65.24500274658203,65.26000213623047,31
2026-09-02 09:18:00-04:00,65.29000091552734,65.29499816894531,65.26000213623047,65.29499816894531,23
2026-09-02 09:19:00-04:00,65.2750015258789,65.30999755859375,65.2750015258789,65.30000305175781,18
2026-09-02 09:20:00-04:00,65.26499938964844,65.3499984741211,65.26499938964844,65.29499816894531,57
2026-09-02 09:21:00-04:00,65.28500366210938,65.28500366210938,65.25499725341797,65.2750015258789,24
2026-09-02 09:22:00-04:00,65.30000305175781,65.30500030517578,65.27999877929688,65.29000091552734,39
2026-09-02 09:23:00-04:00,65.3499984741211,65.3499984741211,65.30999755859375,65.30999755859375,24
2026-09-02 09:24:00-04:00,65.3550033569336,65.36499786376953,65.33499908447266,65.3499984741211,33
2026-09-02 09:25:00-04:00,65.41500091552734,65.44999694824219,65.3499984741211,65.3499984741211,102
2026-09-02 09:26:00-04:00,65.56999969482422,65.58000183105469,65.4000015258789,65.41500091552734,216
2026-09-02 09:27:00-04:00,65.54499816894531,65.62000274658203,65.5199966430664,65.58000183105469,259
2026-09-02 09:28:00-04:00,65.5250015258789,65.58000183105469,65.51000213623047,65.54000091552734,149
2026-09-02 09:29:00-04:00,65.58999633789062,65.58999633789062,65.51000213623047,65.5199966430664,64
2026-09-02 09:30:00-04:00,65.69499969482422,65.7300033569336,65.57499694824219,65.58499908447266,274
2026-09-02 09:31:00-04:00,65.78500366210938,65.78500366210938,65.6449966430664,65.70500183105469,195
2026-09-02 09:32:00-04:00,65.83499908447266,65.875,65.7699966430664,65.79000091552734,195
2026-09-02 09:33:00-04:00,65.83000183105469,65.87000274658203,65.81999969482422,65.83999633789062,118
2026-09-02 09:34:00-04:00,65.84500122070312,65.88500213623047,65.76000213623047,65.81999969482422,221
2026-09-02 09:35:00-04:00,65.875,65.9000015258789,65.83000183105469,65.8499984741211,166
2026-09-02 09:36:00-04:00,65.875,65.91000366210938,65.83000183105469,65.88999938964844,117
2026-09-02 09:37:00-04:00,65.83000183105469,65.875,65.82499694824219,65.87000274658203,118
2026-09-02 09:38:00-04:00,65.8550033569336,65.86000061035156,65.78500366210938,65.83000183105469,185
2026-09-02 09:39:00-04:00,65.88500213623047,65.94999694824219,65.82499694824219,65.84500122070312,121
2026-09-02 09:40:00-04:00,65.80500030517578,65.8949966430664,65.7699966430664,65.87999725341797,81
2026-09-02 09:41:00-04:00,65.80999755859375,65.8550033569336,65.79499816894531,65.80999755859375,115
2026-09-02 09:42:00-04:00,65.93499755859375,65.94000244140625,65.80500030517578,65.80500030517578,89
2026-09-02 09:43:00-04:00,65.93499755859375,65.99500274658203,65.91999816894531,65.94000244140625,152
2026-09-02 09:44:00-04:00,66.06500244140625,66.07499694824219,65.90499877929688,65.91999816894531,247
2026-09-02 09:45:00-04:00,66.01499938964844,66.0999984741211,66.0,66.05500030517578,350
2026-09-02 09:46:00-04:00,65.88500213623047,66.0199966430664,65.86000061035156,66.0199966430664,138
2026-09-02 09:47:00-04:00,65.91500091552734,65.92500305175781,65.87999725341797,65.88500213623047,56
2026-09-02 09:48:00-04:00,65.90499877929688,65.93499755859375,65.875,65.93000030517578,62
2026-09-02 09:49:00-04:00,65.79000091552734,65.88500213623047,65.7750015258789,65.88500213623047,86
2026-09-02 09:50:00-04:00,65.8550033569336,65.86499786376953,65.7750015258789,65.79000091552734,64
2026-09-02 09:51:00-04:00,65.88999938964844,65.90499877929688,65.83999633789062,65.86000061035156,75
2026-09-02 09:52:00-04:00,66.00499725341797,66.01000213623047,65.86000061035156,65.88999938964844,96
2026-09-02 09:53:00-04:00,65.94499969482422,66.00499725341797,65.94499969482422,66.0,57
2026-09-02 09:54:00-04:00,65.97000122070312,65.9800033569336,65.91500091552734,65.94000244140625,57
2026-09-02 09:55:00-04:00,65.9000015258789,65.9749984741211,65.88999938964844,65.9749984741211,38
2026-09-02 09:56:00-04:00,65.94499969482422,65.94999694824219,65.875,65.9000015258789,114
2026-09-02 09:57:00-04:00,65.95500183105469,65.99500274658203,65.93000030517578,65.93499755859375,50
2026-09-02 09:58:00-04:00,66.0,66.05500030517578,65.95999908447266,65.95999908447266,128
2026-09-02 09:59:00-04:00,66.0999984741211,66.1050033569336,65.99500274658203,66.0,103
2026-09-02 10:00:00-04:00,66.00499725341797,66.08999633789062,66.0,66.08999633789062,114
2026-09-02 10:01:00-04:00,65.9000015258789,66.02999877929688,65.88500213623047,66.01000213623047,245
2026-09-02 10:02:00-04:00,66.0,66.0,65.8949966430664,65.91000366210938,131
2026-09-02 10:03:00-04:00,65.95500183105469,66.01000213623047,65.94499969482422,65.9800033569336,52
2026-09-02 10:04:00-04:00,66.0,66.01499938964844,65.96499633789062,65.98500061035156,37
2026-09-02 10:05:00-04:00,66.05000305175781,66.08000183105469,66.00499725341797,66.01499938964844,80
2026-09-02 10:06:00-04:00,66.03500366210938,66.05999755859375,66.0,66.05999755859375,30
2026-09-02 10:07:00-04:00,66.08000183105469,66.08499908447266,66.0199966430664,66.02999877929688,65
2026-09-02 10:08:00-04:00,66.1050033569336,66.12999725341797,66.06999969482422,66.06999969482422,113
2026-09-02 10:09:00-04:00,66.0199966430664,66.17500305175781,66.01000213623047,66.08999633789062,235
2026-09-02 10:10:00-04:00,66.04499816894531,66.08499908447266,65.99500274658203,66.0,88
2026-09-02 10:11:00-04:00,66.04499816894531,66.05999755859375,65.98999786376953,66.05999755859375,85
2026-09-02 10:12:00-04:00,65.9800033569336,66.06999969482422,65.95999908447266,66.05999755859375,51
2026-09-02 10:13:00-04:00,65.94499969482422,65.9749984741211,65.8949966430664,65.97000122070312,94
2026-09-02 10:14:00-04:00,65.9000015258789,65.9749984741211,65.9000015258789,65.94999694824219,64
2026-09-02 10:15:00-04:00,65.91500091552734,65.93499755859375,65.875,65.91500091552734,37
2026-09-02 10:16:00-04:00,65.9000015258789,65.95500183105469,65.9000015258789,65.91500091552734,50
2026-09-02 10:17:00-04:00,65.90499877929688,65.93499755859375,65.8949966430664,65.90499877929688,46
2026-09-02 10:18:00-04:00,65.88999938964844,65.91500091552734,65.875,65.90499877929688,47
2026-09-02 10:19:00-04:00,65.95500183105469,65.96499633789062,65.9000015258789,65.92500305175781,31
2026-09-02 10:20:00-04:00,66.01499938964844,66.01499938964844,65.94499969482422,65.94499969482422,55
2026-09-02 10:21:00-04:00,66.03500366210938,66.06999969482422,66.01000213623047,66.01000213623047,73
2026-09-02 10:22:00-04:00,65.93499755859375,66.04499816894531,65.93000030517578,66.04499816894531,52
2026-09-02 10:23:00-04:00,65.9000015258789,65.95500183105469,65.8949966430664,65.94000244140625,38
2026-09-02 10:24:00-04:00,65.875,65.9000015258789,65.87000274658203,65.88999938964844,63
2026-09-02 10:25:00-04:00,65.84500122070312,65.90499877929688,65.83999633789062,65.87999725341797,41
2026-09-02 10:26:00-04:00,65.875,65.87999725341797,65.83000183105469,65.83499908447266,32
2026-09-02 10:27:00-04:00,65.88500213623047,65.91500091552734,65.86499786376953,65.87999725341797,39
2026-09-02 10:28:00-04:00,65.8949966430664,65.90499877929688,65.8550033569336,65.87999725341797,40
2026-09-02 10:29:00-04:00,65.86000061035156,65.90499877929688,65.86000061035156,65.8949966430664,18
2026-09-02 10:30:00-04:00,65.7750015258789,65.86499786376953,65.73999786376953,65.86499786376953,125
2026-09-02 10:31:00-04:00,65.81999969482422,65.81999969482422,65.77999877929688,65.79000091552734,74
2026-09-02 10:32:00-04:00,65.86000061035156,65.9000015258789,65.79499816894531,65.81500244140625,80
2026-09-02 10:33:00-04:00,65.81999969482422,65.8499984741211,65.77999877929688,65.8499984741211,56
2026-09-02 10:34:00-04:00,65.79499816894531,65.83499908447266,65.78500366210938,65.82499694824219,67
2026-09-02 10:35:00-04:00,65.84500122070312,65.8550033569336,65.80000305175781,65.81500244140625,64
2026-09-02 10:36:00-04:00,65.81500244140625,65.84500122070312,65.80500030517578,65.84500122070312,40
2026-09-02 10:37:00-04:00,65.83999633789062,65.8499984741211,65.81500244140625,65.81500244140625,30
2026-09-02 10:38:00-04:00,65.81999969482422,65.83999633789062,65.79499816894531,65.83999633789062,33
2026-09-02 10:39:00-04:00,65.81500244140625,65.8499984741211,65.78500366210938,65.81999969482422,63
2026-09-02 10:40:00-04:00,65.82499694824219,65.83499908447266,65.79499816894531,65.81500244140625,33
2026-09-02 10:41:00-04:00,65.8550033569336,65.8550033569336,65.82499694824219,65.83999633789062,46
2026-09-02 10:42:00-04:00,65.8499984741211,65.90499877929688,65.84500122070312,65.8550033569336,67
2026-09-02 10:43:00-04:00,65.8550033569336,65.88999938964844,65.83000183105469,65.8499984741211,39
2026-09-02 10:44:00-04:00,65.8949966430664,65.8949966430664,65.86000061035156,65.86000061035156,22
2026-09-02 10:45:00-04:00,65.81999969482422,65.8949966430664,65.81500244140625,65.87999725341797,35
2026-09-02 10:46:00-04:00,65.79000091552734,65.81999969482422,65.77999877929688,65.81999969482422,83
2026-09-02 10:47:00-04:00,65.77999877929688,65.79499816894531,65.76499938964844,65.78500366210938,38
2026-09-02 10:48:00-04:00,65.76000213623047,65.79000091552734,65.75,65.77999877929688,35
2026-09-02 10:49:00-04:00,65.7750015258789,65.78500366210938,65.73500061035156,65.75,59
2026-09-02 10:50:00-04:00,65.78500366210938,65.80500030517578,65.76499938964844,65.7750015258789,50
2026-09-02 10:51:00-04:00,65.71499633789062,65.77999877929688,65.69000244140625,65.77999877929688,152
2026-09-02 10:52:00-04:00,65.7300033569336,65.73500061035156,65.69499969482422,65.70999908447266,76
2026-09-02 10:53:00-04:00,65.70500183105469,65.73500061035156,65.68499755859375,65.7249984741211,87
2026-09-02 10:54:00-04:00,65.68499755859375,65.73500061035156,65.68000030517578,65.70500183105469,54
2026-09-02 10:55:00-04:00,65.66000366210938,65.72000122070312,65.66000366210938,65.68499755859375,92
2026-09-02 10:56:00-04:00,65.66999816894531,65.68499755859375,65.6500015258789,65.66500091552734,63
2026-09-02 10:57:00-04:00,65.68000030517578,65.69499969482422,65.63999938964844,65.66999816894531,54
2026-09-02 10:58:00-04:00,65.63999938964844,65.67500305175781,65.63999938964844,65.67500305175781,46
2026-09-02 10:59:00-04:00,65.68499755859375,65.68499755859375,65.63500213623047,65.6449966430664,48
2026-09-02 11:00:00-04:00,65.65499877929688,65.70999908447266,65.65499877929688,65.68499755859375,120
2026-09-02 11:01:00-04:00,65.67500305175781,65.70999908447266,65.65499877929688,65.66000366210938,29
2026-09-02 11:02:00-04:00,65.7300033569336,65.75,65.66500091552734,65.66999816894531,85
2026-09-02 11:03:00-04:00,65.79000091552734,65.79499816894531,65.73500061035156,65.75,59
2026-09-02 11:04:00-04:00,65.73500061035156,65.79499816894531,65.72000122070312,65.78500366210938,58
2026-09-02 11:05:00-04:00,65.7699966430664,65.7699966430664,65.71499633789062,65.73500061035156,20
2026-09-02 11:06:00-04:00,65.7750015258789,65.81999969482422,65.7750015258789,65.7750015258789,42
2026-09-02 11:07:00-04:00,65.70500183105469,65.78500366210938,65.70500183105469,65.7750015258789,14
2026-09-02 11:08:00-04:00,65.69499969482422,65.72000122070312,65.69000244140625,65.69499969482422,30
2026-09-02 11:09:00-04:00,65.70999908447266,65.70999908447266,65.66000366210938,65.67500305175781,21
2026-09-02 11:10:00-04:00,65.66500091552734,65.69000244140625,65.6500015258789,65.69000244140625,15
2026-09-02 11:11:00-04:00,65.73999786376953,65.73999786376953,65.63999938964844,65.6449966430664,131
2026-09-02 11:12:00-04:00,65.67500305175781,65.75,65.67500305175781,65.72000122070312,57
2026-09-02 11:13:00-04:00,65.62999725341797,65.66999816894531,65.62999725341797,65.66999816894531,35
2026-09-02 11:14:00-04:00,65.5999984741211,65.65499877929688,65.59500122070312,65.63999938964844,63
2026-09-02 11:15:00-04:00,65.55000305175781,65.5999984741211,65.51499938964844,65.58499908447266,87
2026-09-02 11:16:00-04:00,65.55500030517578,65.57499694824219,65.52999877929688,65.55000305175781,89
2026-09-02 11:17:00-04:00,65.55000305175781,65.58999633789062,65.55000305175781,65.55999755859375,29
2026-09-02 11:18:00-04:00,65.55999755859375,65.56500244140625,65.54499816894531,65.55999755859375,16
2026-09-02 11:19:00-04:00,65.55999755859375,65.57499694824219,65.54499816894531,65.54499816894531,16
2026-09-02 11:20:00-04:00,65.51000213623047,65.55500030517578,65.49500274658203,65.55500030517578,78
2026-09-02 11:21:00-04:00,65.5199966430664,65.53500366210938,65.5,65.51499938964844,85
2026-09-02 11:22:00-04:00,65.55500030517578,65.55500030517578,65.50499725341797,65.5199966430664,30
2026-09-02 11:23:00-04:00,65.55999755859375,65.58999633789062,65.49500274658203,65.55000305175781,170
2026-09-02 11:24:00-04:00,65.56999969482422,65.58000183105469,65.55000305175781,65.55999755859375,15
2026-09-02 11:25:00-04:00,65.58499908447266,65.58999633789062,65.56500244140625,65.56999969482422,36
2026-09-02 11:26:00-04:00,65.58999633789062,65.6050033569336,65.58000183105469,65.59500122070312,54
2026-09-02 11:27:00-04:00,65.59500122070312,65.59500122070312,65.55500030517578,65.59500122070312,14
2026-09-02 11:28:00-04:00,65.6449966430664,65.6500015258789,65.59500122070312,65.59500122070312,52
2026-09-02 11:29:00-04:00,65.68499755859375,65.68499755859375,65.6500015258789,65.66000366210938,70
2026-09-02 11:30:00-04:00,65.68000030517578,65.7249984741211,65.65499877929688,65.68499755859375,134
2026-09-02 11:31:00-04:00,65.69499969482422,65.72000122070312,65.66999816894531,65.66999816894531,63
2026-09-02 11:32:00-04:00,65.66999816894531,65.70500183105469,65.66999816894531,65.69499969482422,22
2026-09-02 11:33:00-04:00,65.69000244140625,65.7300033569336,65.68000030517578,65.68000030517578,41
2026-09-02 11:34:00-04:00,65.65499877929688,65.69499969482422,65.65499877929688,65.69000244140625,19
2026-09-02 11:35:00-04:00,65.66999816894531,65.69499969482422,65.6500015258789,65.66000366210938,40
2026-09-02 11:36:00-04:00,65.65499877929688,65.71499633789062,65.65499877929688,65.69000244140625,26
2026-09-02 11:37:00-04:00,65.63999938964844,65.66000366210938,65.63500213623047,65.6500015258789,21
2026-09-02 11:38:00-04:00,65.6500015258789,65.65499877929688,65.61499786376953,65.65499877929688,29
2026-09-02 11:39:00-04:00,65.68499755859375,65.68499755859375,65.66000366210938,65.66500091552734,19
2026-09-02 11:40:00-04:00,65.69999694824219,65.73500061035156,65.69499969482422,65.70500183105469,44
2026-09-02 11:41:00-04:00,65.66999816894531,65.71499633789062,65.66500091552734,65.70500183105469,20
2026-09-02 11:42:00-04:00,65.66999816894531,65.66999816894531,65.63999938964844,65.66500091552734,43
2026-09-02 11:43:00-04:00,65.6500015258789,65.65499877929688,65.63500213623047,65.65499877929688,51
2026-09-02 11:44:00-04:00,65.58000183105469,65.63999938964844,65.58000183105469,65.63500213623047,23
2026-09-02 11:45:00-04:00,65.54000091552734,65.57499694824219,65.54000091552734,65.57499694824219,25
2026-09-02 11:46:00-04:00,65.61000061035156,65.61000061035156,65.54000091552734,65.54000091552734,23
2026-09-02 11:47:00-04:00,65.61499786376953,65.61499786376953,65.58999633789062,65.58999633789062,4
2026-09-02 11:48:00-04:00,65.59500122070312,65.61499786376953,65.57499694824219,65.61499786376953,23
2026-09-02 11:49:00-04:00,65.57499694824219,65.59500122070312,65.57499694824219,65.59500122070312,9
2026-09-02 11:50:00-04:00,65.56999969482422,65.57499694824219,65.55500030517578,65.56999969482422,28
2026-09-02 11:51:00-04:00,65.56500244140625,65.57499694824219,65.53500366210938,65.55999755859375,29
2026-09-02 11:52:00-04:00,65.55000305175781,65.56999969482422,65.53500366210938,65.55000305175781,43
2026-09-02 11:53:00-04:00,65.55999755859375,65.57499694824219,65.55500030517578,65.55999755859375,14
2026-09-02 11:54:00-04:00,65.55500030517578,65.58000183105469,65.54000091552734,65.55000305175781,20
2026-09-02 11:55:00-04:00,65.5999984741211,65.61499786376953,65.55500030517578,65.56500244140625,80
2026-09-02 11:56:00-04:00,65.63999938964844,65.6500015258789,65.61000061035156,65.61000061035156,40
2026-09-02 11:57:00-04:00,65.67500305175781,65.67500305175781,65.62999725341797,65.6500015258789,18
2026-09-02 11:58:00-04:00,65.70999908447266,65.70999908447266,65.66500091552734,65.66500091552734,17
2026-09-02 11:59:00-04:00,65.69000244140625,65.72000122070312,65.69000244140625,65.69999694824219,29
2026-09-02 12:00:00-04:00,65.69999694824219,65.72000122070312,65.67500305175781,65.68499755859375,52
2026-09-02 12:01:00-04:00,65.70999908447266,65.72000122070312,65.68000030517578,65.69499969482422,67
2026-09-02 12:02:00-04:00,65.70999908447266,65.71499633789062,65.70500183105469,65.70500183105469,14
2026-09-02 12:03:00-04:00,65.69999694824219,65.72000122070312,65.66500091552734,65.66999816894531,23
2026-09-02 12:04:00-04:00,65.70500183105469,65.72000122070312,65.68000030517578,65.69499969482422,74
2026-09-02 12:05:00-04:00,65.6500015258789,65.70999908447266,65.6449966430664,65.70999908447266,73
2026-09-02 12:06:00-04:00,65.68000030517578,65.69499969482422,65.6500015258789,65.6500015258789,36
2026-09-02 12:07:00-04:00,65.66999816894531,65.69000244140625,65.66999816894531,65.68499755859375,13
2026-09-02 12:08:00-04:00,65.68000030517578,65.68000030517578,65.66500091552734,65.66500091552734,12
2026-09-02 12:09:00-04:00,65.68000030517578,65.69999694824219,65.67500305175781,65.69999694824219,12
2026-09-02 12:10:00-04:00,65.68000030517578,65.69000244140625,65.67500305175781,65.69000244140625,18
2026-09-02 12:11:00-04:00,65.68499755859375,65.69499969482422,65.68499755859375,65.69000244140625,19
2026-09-02 12:12:00-04:00,65.68499755859375,65.69499969482422,65.68000030517578,65.69499969482422,9
2026-09-02 12:13:00-04:00,65.68000030517578,65.68499755859375,65.6500015258789,65.68000030517578,34
2026-09-02 12:14:00-04:00,65.66999816894531,65.70500183105469,65.66500091552734,65.68000030517578,103
2026-09-02 12:15:00-04:00,65.63500213623047,65.66999816894531,65.62999725341797,65.66500091552734,233
2026-09-02 12:16:00-04:00,65.58999633789062,65.62999725341797,65.58499908447266,65.62999725341797,18
2026-09-02 12:17:00-04:00,65.6050033569336,65.62000274658203,65.58999633789062,65.58999633789062,16
2026-09-02 12:18:00-04:00,65.63999938964844,65.63999938964844,65.6050033569336,65.6050033569336,11
2026-09-02 12:19:00-04:00,65.62999725341797,65.63500213623047,65.61499786376953,65.625,17
2026-09-02 12:20:00-04:00,65.61499786376953,65.62000274658203,65.5999984741211,65.61000061035156,15
2026-09-02 12:21:00-04:00,65.59500122070312,65.61499786376953,65.59500122070312,65.61000061035156,12
2026-09-02 12:22:00-04:00,65.625,65.625,65.58000183105469,65.5999984741211,30
2026-09-02 12:23:00-04:00,65.6050033569336,65.62999725341797,65.5999984741211,65.62999725341797,10
2026-09-02 12:24:00-04:00,65.61499786376953,65.62000274658203,65.61000061035156,65.61000061035156,8
2026-09-02 12:25:00-04:00,65.62000274658203,65.625,65.59500122070312,65.61499786376953,9
2026-09-02 12:26:00-04:00,65.62999725341797,65.62999725341797,65.61499786376953,65.62000274658203,15
2026-09-02 12:27:00-04:00,65.6050033569336,65.63500213623047,65.6050033569336,65.62999725341797,12
2026-09-02 12:28:00-04:00,65.5999984741211,65.61499786376953,65.58999633789062,65.59500122070312,35
2026-09-02 12:29:00-04:00,65.62000274658203,65.62000274658203,65.58499908447266,65.61000061035156,24
2026-09-02 12:30:00-04:00,65.62999725341797,65.63999938964844,65.5999984741211,65.61499786376953,13
2026-09-02 12:31:00-04:00,65.6449966430664,65.6449966430664,65.62999725341797,65.63500213623047,9
2026-09-02 12:32:00-04:00,65.63999938964844,65.65499877929688,65.63999938964844,65.65499877929688,7
2026-09-02 12:33:00-04:00,65.58000183105469,65.63999938964844,65.58000183105469,65.62999725341797,11
2026-09-02 12:34:00-04:00,65.55999755859375,65.58999633789062,65.55999755859375,65.57499694824219,22
2026-09-02 12:35:00-04:00,65.55999755859375,65.57499694824219,65.55000305175781,65.55999755859375,15
2026-09-02 12:36:00-04:00,65.54499816894531,65.56500244140625,65.54000091552734,65.55999755859375,19
2026-09-02 12:37:00-04:00,65.55000305175781,65.55000305175781,65.52999877929688,65.55000305175781,37
2026-09-02 12:38:00-04:00,65.5199966430664,65.54499816894531,65.5199966430664,65.54499816894531,7
2026-09-02 12:39:00-04:00,65.55500030517578,65.55500030517578,65.5250015258789,65.5250015258789,4
2026-09-02 12:40:00-04:00,65.5250015258789,65.53500366210938,65.50499725341797,65.53500366210938,18
2026-09-02 12:41:00-04:00,65.49500274658203,65.5199966430664,65.4749984741211,65.5199966430664,96
2026-09-02 12:42:00-04:00,65.4800033569336,65.51000213623047,65.4800033569336,65.5,42
2026-09-02 12:43:00-04:00,65.4800033569336,65.48999786376953,65.45500183105469,65.48500061035156,48
2026-09-02 12:44:00-04:00,65.4800033569336,65.48999786376953,65.4749984741211,65.4749984741211,10
2026-09-02 12:45:00-04:00,65.4749984741211,65.4800033569336,65.45500183105469,65.4749984741211,28
2026-09-02 12:46:00-04:00,65.49500274658203,65.51000213623047,65.4800033569336,65.4800033569336,26
2026-09-02 12:47:00-04:00,65.4800033569336,65.5,65.4800033569336,65.49500274658203,22
2026-09-02 12:48:00-04:00,65.4800033569336,65.49500274658203,65.4749984741211,65.4749984741211,19
2026-09-02 12:49:00-04:00,65.48999786376953,65.51000213623047,65.46499633789062,65.48500061035156,16
2026-09-02 12:50:00-04:00,65.50499725341797,65.50499725341797,65.47000122070312,65.49500274658203,64
2026-09-02 12:51:00-04:00,65.50499725341797,65.5199966430664,65.49500274658203,65.50499725341797,39
2026-09-02 12:52:00-04:00,65.5250015258789,65.54000091552734,65.48999786376953,65.5,27
2026-09-02 12:53:00-04:00,65.61000061035156,65.61000061035156,65.51499938964844,65.51499938964844,36
2026-09-02 12:54:00-04:00,65.58000183105469,65.6050033569336,65.57499694824219,65.6050033569336,31
2026-09-02 12:55:00-04:00,65.55999755859375,65.58499908447266,65.55500030517578,65.58000183105469,13
2026-09-02 12:56:00-04:00,65.58499908447266,65.58499908447266,65.54499816894531,65.55999755859375,48
2026-09-02 12:57:00-04:00,65.57499694824219,65.58000183105469,65.56999969482422,65.58000183105469,9
2026-09-02 12:58:00-04:00,65.56999969482422,65.56999969482422,65.55999755859375,65.56999969482422,9
2026-09-02 12:59:00-04:00,65.55500030517578,65.56999969482422,65.55000305175781,65.56500244140625,30
2026-09-02 13:00:00-04:00,65.56500244140625,65.58999633789062,65.55500030517578,65.56500244140625,31
2026-09-02 13:01:00-04:00,65.56500244140625,65.58000183105469,65.56500244140625,65.57499694824219,19
2026-09-02 13:02:00-04:00,65.55500030517578,65.56999969482422,65.54499816894531,65.56999969482422,13
2026-09-02 13:03:00-04:00,65.51499938964844,65.55500030517578,65.51499938964844,65.54499816894531,64
2026-09-02 13:04:00-04:00,65.56999969482422,65.58000183105469,65.5250015258789,65.5250015258789,75
2026-09-02 13:05:00-04:00,65.57499694824219,65.58999633789062,65.56500244140625,65.58000183105469,30
2026-09-02 13:06:00-04:00,65.58499908447266,65.5999984741211,65.57499694824219,65.57499694824219,36
2026-09-02 13:07:00-04:00,65.57499694824219,65.5999984741211,65.57499694824219,65.59500122070312,14
2026-09-02 13:08:00-04:00,65.56999969482422,65.5999984741211,65.56999969482422,65.58999633789062,19
2026-09-02 13:09:00-04:00,65.56500244140625,65.57499694824219,65.56500244140625,65.57499694824219,3
2026-09-02 13:10:00-04:00,65.55500030517578,65.58000183105469,65.55500030517578,65.57499694824219,20
2026-09-02 13:11:00-04:00,65.52999877929688,65.55500030517578,65.5250015258789,65.55500030517578,38
2026-09-02 13:12:00-04:00,65.55000305175781,65.55000305175781,65.51499938964844,65.52999877929688,16
2026-09-02 13:13:00-04:00,65.52999877929688,65.56999969482422,65.5250015258789,65.54499816894531,22
2026-09-02 13:14:00-04:00,65.53500366210938,65.53500366210938,65.51499938964844,65.5199966430664,32
2026-09-02 13:15:00-04:00,65.5199966430664,65.54499816894531,65.50499725341797,65.53500366210938,43
2026-09-02 13:16:00-04:00,65.44999694824219,65.5250015258789,65.43499755859375,65.5250015258789,90
2026-09-02 13:17:00-04:00,65.44000244140625,65.46499633789062,65.43000030517578,65.46499633789062,30
2026-09-02 13:18:00-04:00,65.42500305175781,65.44000244140625,65.41999816894531,65.44000244140625,45
2026-09-02 13:19:00-04:00,65.44999694824219,65.44999694824219,65.41999816894531,65.41999816894531,30
2026-09-02 13:20:00-04:00,65.45500183105469,65.46499633789062,65.44000244140625,65.45500183105469,51
2026-09-02 13:21:00-04:00,65.45999908447266,65.47000122070312,65.44000244140625,65.45500183105469,24
2026-09-02 13:22:00-04:00,65.44999694824219,65.48500061035156,65.44999694824219,65.47000122070312,28
2026-09-02 13:23:00-04:00,65.45999908447266,65.48500061035156,65.44999694824219,65.45500183105469,55
2026-09-02 13:24:00-04:00,65.48500061035156,65.5,65.43000030517578,65.46499633789062,334
2026-09-02 13:25:00-04:00,65.48500061035156,65.49500274658203,65.4749984741211,65.4800033569336,97
2026-09-02 13:26:00-04:00,65.48999786376953,65.5199966430664,65.48500061035156,65.49500274658203,35
2026-09-02 13:27:00-04:00,65.50499725341797,65.50499725341797,65.4800033569336,65.48500061035156,16
2026-09-02 13:28:00-04:00,65.5199966430664,65.5250015258789,65.49500274658203,65.5,32
2026-09-02 13:29:00-04:00,65.55000305175781,65.55500030517578,65.51000213623047,65.51499938964844,50
2026-09-02 13:30:00-04:00,65.58000183105469,65.58999633789062,65.54499816894531,65.54499816894531,61
2026-09-02 13:31:00-04:00,65.56500244140625,65.5999984741211,65.55500030517578,65.58000183105469,48
2026-09-02 13:32:00-04:00,65.53500366210938,65.55999755859375,65.5199966430664,65.55999755859375,57
2026-09-02 13:33:00-04:00,65.55500030517578,65.55500030517578,65.53500366210938,65.53500366210938,7
2026-09-02 13:34:00-04:00,65.54000091552734,65.54499816894531,65.54000091552734,65.54000091552734,10
2026-09-02 13:35:00-04:00,65.54000091552734,65.54000091552734,65.5199966430664,65.52999877929688,23
2026-09-02 13:36:00-04:00,65.53500366210938,65.53500366210938,65.53500366210938,65.53500366210938,1
2026-09-02 13:37:00-04:00,65.54499816894531,65.55500030517578,65.54499816894531,65.54499816894531,8
2026-09-02 13:38:00-04:00,65.51000213623047,65.54000091552734,65.51000213623047,65.53500366210938,19
2026-09-02 13:39:00-04:00,65.5,65.5199966430664,65.5,65.51499938964844,8
2026-09-02 13:40:00-04:00,65.5199966430664,65.5250015258789,65.5,65.5,6
2026-09-02 13:41:00-04:00,65.54499816894531,65.55000305175781,65.48999786376953,65.5250015258789,27
2026-09-02 13:42:00-04:00,65.5999984741211,65.62999725341797,65.54000091552734,65.54000091552734,261
2026-09-02 13:43:00-04:00,65.6449966430664,65.6500015258789,65.58999633789062,65.59500122070312,61
2026-09-02 13:44:00-04:00,65.65499877929688,65.69999694824219,65.62000274658203,65.625,95
2026-09-02 13:45:00-04:00,65.70999908447266,65.7300033569336,65.66500091552734,65.66999816894531,79
2026-09-02 13:46:00-04:00,65.7249984741211,65.7300033569336,65.69499969482422,65.69999694824219,24
2026-09-02 13:47:00-04:00,65.68000030517578,65.71499633789062,65.6500015258789,65.71499633789062,36
2026-09-02 13:48:00-04:00,65.66000366210938,65.69000244140625,65.6449966430664,65.69000244140625,16
2026-09-02 13:49:00-04:00,65.66000366210938,65.68000030517578,65.65499877929688,65.65499877929688,20
2026-09-02 13:50:00-04:00,65.65499877929688,65.65499877929688,65.6500015258789,65.6500015258789,2
2026-09-02 13:51:00-04:00,65.63999938964844,65.66000366210938,65.63999938964844,65.66000366210938,4
2026-09-02 13:52:00-04:00,65.65499877929688,65.65499877929688,65.6449966430664,65.6500015258789,7
2026-09-02 13:53:00-04:00,65.6500015258789,65.66000366210938,65.63999938964844,65.6449966430664,10
2026-09-02 13:54:00-04:00,65.63999938964844,65.6449966430664,65.63500213623047,65.63500213623047,10
2026-09-02 13:55:00-04:00,65.6449966430664,65.6449966430664,65.63500213623047,65.63999938964844,9
2026-09-02 13:56:00-04:00,65.65499877929688,65.65499877929688,65.625,65.65499877929688,18
2026-09-02 13:57:00-04:00,65.66999816894531,65.66999816894531,65.6500015258789,65.66500091552734,12
2026-09-02 13:58:00-04:00,65.66999816894531,65.66999816894531,65.66000366210938,65.66999816894531,7
2026-09-02 13:59:00-04:00,65.65499877929688,65.66999816894531,65.65499877929688,65.66999816894531,7
2026-09-02 14:00:00-04:00,65.57499694824219,65.66999816894531,65.57499694824219,65.66000366210938,72
2026-09-02 14:01:00-04:00,65.57499694824219,65.59500122070312,65.55500030517578,65.58499908447266,18
2026-09-02 14:02:00-04:00,65.61000061035156,65.61000061035156,65.58000183105469,65.58000183105469,10
2026-09-02 14:03:00-04:00,65.6500015258789,65.66000366210938,65.61499786376953,65.61499786376953,7
2026-09-02 14:04:00-04:00,65.63999938964844,65.66000366210938,65.62999725341797,65.6449966430664,20
2026-09-02 14:05:00-04:00,65.6449966430664,65.66500091552734,65.61499786376953,65.63999938964844,35
2026-09-02 14:06:00-04:00,65.6449966430664,65.65499877929688,65.63500213623047,65.6449966430664,45
2026-09-02 14:07:00-04:00,65.6500015258789,65.65499877929688,65.63999938964844,65.63999938964844,11
2026-09-02 14:08:00-04:00,65.62000274658203,65.6449966430664,65.62000274658203,65.63999938964844,8
2026-09-02 14:09:00-04:00,65.62000274658203,65.625,65.62000274658203,65.625,2
2026-09-02 14:10:00-04:00,65.625,65.63500213623047,65.61499786376953,65.61499786376953,8
2026-09-02 14:11:00-04:00,65.58999633789062,65.6050033569336,65.58999633789062,65.6050033569336,12
2026-09-02 14:12:00-04:00,65.58000183105469,65.58499908447266,65.57499694824219,65.58000183105469,14
2026-09-02 14:13:00-04:00,65.59500122070312,65.59500122070312,65.57499694824219,65.57499694824219,14
2026-09-02 14:14:00-04:00,65.55500030517578,65.57499694824219,65.54499816894531,65.56999969482422,55
2026-09-02 14:15:00-04:00,65.55999755859375,65.56500244140625,65.54000091552734,65.54499816894531,13
2026-09-02 14:16:00-04:00,65.56500244140625,65.56500244140625,65.55000305175781,65.55500030517578,6
2026-09-02 14:17:00-04:00,65.56999969482422,65.58999633789062,65.55500030517578,65.55999755859375,21
2026-09-02 14:18:00-04:00,65.70500183105469,65.76499938964844,65.57499694824219,65.57499694824219,261
2026-09-02 14:19:00-04:00,65.7249984741211,65.7249984741211,65.68499755859375,65.69999694824219,85
2026-09-02 14:20:00-04:00,65.7249984741211,65.73500061035156,65.70500183105469,65.72000122070312,53
2026-09-02 14:21:00-04:00,65.66000366210938,65.75,65.66000366210938,65.7249984741211,50
2026-09-02 14:22:00-04:00,65.63500213623047,65.63999938964844,65.5999984741211,65.63999938964844,39
2026-09-02 14:23:00-04:00,65.63999938964844,65.6449966430664,65.63500213623047,65.63500213623047,11
2026-09-02 14:24:00-04:00,65.63500213623047,65.63999938964844,65.63500213623047,65.63999938964844,6
2026-09-02 14:25:00-04:00,65.62000274658203,65.63999938964844,65.61499786376953,65.625,17
2026-09-02 14:26:00-04:00,65.63500213623047,65.63999938964844,65.62999725341797,65.63500213623047,6
2026-09-02 14:27:00-04:00,65.62000274658203,65.63500213623047,65.61000061035156,65.63500213623047,5
2026-09-02 14:28:00-04:00,65.625,65.625,65.61499786376953,65.62000274658203,7
2026-09-02 14:29:00-04:00,65.61499786376953,65.62999725341797,65.5999984741211,65.62999725341797,22
2026-09-02 14:30:00-04:00,65.65499877929688,65.65499877929688,65.625,65.625,23
2026-09-02 14:31:00-04:00,65.67500305175781,65.67500305175781,65.6500015258789,65.65499877929688,11
2026-09-02 14:32:00-04:00,65.69499969482422,65.69499969482422,65.66999816894531,65.66999816894531,19
2026-09-02 14:33:00-04:00,65.7699966430664,65.7750015258789,65.69999694824219,65.69999694824219,28
2026-09-02 14:34:00-04:00,65.7249984741211,65.76000213623047,65.70999908447266,65.76000213623047,47
2026-09-02 14:35:00-04:00,65.76000213623047,65.7699966430664,65.73500061035156,65.73500061035156,6
2026-09-02 14:36:00-04:00,65.7300033569336,65.74500274658203,65.72000122070312,65.74500274658203,8
2026-09-02 14:37:00-04:00,65.71499633789062,65.72000122070312,65.69499969482422,65.71499633789062,13
2026-09-02 14:38:00-04:00,65.72000122070312,65.72000122070312,65.71499633789062,65.72000122070312,4
2026-09-02 14:39:00-04:00,65.73500061035156,65.75,65.71499633789062,65.71499633789062,16
2026-09-02 14:40:00-04:00,65.75,65.75,65.74500274658203,65.74500274658203,5
2026-09-02 14:41:00-04:00,65.7249984741211,65.73999786376953,65.70999908447266,65.73999786376953,21
2026-09-02 14:42:00-04:00,65.69499969482422,65.7300033569336,65.69499969482422,65.7300033569336,38
2026-09-02 14:43:00-04:00,65.66999816894531,65.69000244140625,65.66999816894531,65.69000244140625,10
2026-09-02 14:44:00-04:00,65.6449966430664,65.67500305175781,65.6449966430664,65.67500305175781,29
2026-09-02 14:45:00-04:00,65.66000366210938,65.66000366210938,65.66000366210938,65.66000366210938,1
2026-09-02 14:46:00-04:00,65.66000366210938,65.66000366210938,65.6500015258789,65.66000366210938,25
2026-09-02 14:47:00-04:00,65.66500091552734,65.66999816894531,65.66500091552734,65.66500091552734,5
2026-09-02 14:48:00-04:00,65.68499755859375,65.69000244140625,65.65499877929688,65.65499877929688,14
2026-09-02 14:49:00-04:00,65.69999694824219,65.70999908447266,65.68499755859375,65.68499755859375,20
2026-09-02 14:50:00-04:00,65.71499633789062,65.71499633789062,65.69000244140625,65.69499969482422,15
2026-09-02 14:51:00-04:00,65.70999908447266,65.71499633789062,65.69499969482422,65.69999694824219,10
2026-09-02 14:52:00-04:00,65.70999908447266,65.71499633789062,65.69999694824219,65.70999908447266,8
2026-09-02 14:53:00-04:00,65.7249984741211,65.7249984741211,65.70999908447266,65.70999908447266,3
2026-09-02 14:54:00-04:00,65.69000244140625,65.7300033569336,65.68000030517578,65.72000122070312,18
2026-09-02 14:55:00-04:00,65.70999908447266,65.70999908447266,65.69999694824219,65.70500183105469,13
2026-09-02 14:56:00-04:00,65.69499969482422,65.70999908447266,65.69499969482422,65.69999694824219,4
2026-09-02 14:57:00-04:00,65.69000244140625,65.69999694824219,65.69000244140625,65.69999694824219,2
2026-09-02 14:58:00-04:00,65.66500091552734,65.66500091552734,65.66500091552734,65.66500091552734,2
2026-09-02 14:59:00-04:00,65.66999816894531,65.66999816894531,65.66500091552734,65.66500091552734,4
2026-09-02 15:00:00-04:00,65.6500015258789,65.7249984741211,65.6449966430664,65.69999694824219,17
2026-09-02 15:01:00-04:00,65.66000366210938,65.66999816894531,65.6500015258789,65.66500091552734,8
2026-09-02 15:02:00-04:00,65.6500015258789,65.6500015258789,65.625,65.6449966430664,29
2026-09-02 15:03:00-04:00,65.67500305175781,65.67500305175781,65.67500305175781,65.67500305175781,2
2026-09-02 15:05:00-04:00,65.69499969482422,65.69499969482422,65.68499755859375,65.68499755859375,2
2026-09-02 15:07:00-04:00,65.71499633789062,65.72000122070312,65.69999694824219,65.70500183105469,13
2026-09-02 15:08:00-04:00,65.7249984741211,65.7300033569336,65.7249984741211,65.7249984741211,5
2026-09-02 15:09:00-04:00,65.7750015258789,65.7750015258789,65.7249984741211,65.7249984741211,20
2026-09-02 15:10:00-04:00,65.75,65.7699966430664,65.75,65.76499938964844,6
2026-09-02 15:11:00-04:00,65.76499938964844,65.76499938964844,65.76499938964844,65.76499938964844,1
2026-09-02 15:12:00-04:00,65.79499816894531,65.81500244140625,65.75499725341797,65.75499725341797,80
2026-09-02 15:13:00-04:00,65.78500366210938,65.80500030517578,65.78500366210938,65.80500030517578,5
2026-09-02 15:14:00-04:00,65.77999877929688,65.79499816894531,65.7750015258789,65.79499816894531,5
2026-09-02 15:15:00-04:00,65.80000305175781,65.80000305175781,65.77999877929688,65.77999877929688,13
2026-09-02 15:16:00-04:00,65.78500366210938,65.78500366210938,65.77999877929688,65.78500366210938,6
2026-09-02 15:17:00-04:00,65.78500366210938,65.80000305175781,65.78500366210938,65.79499816894531,25
2026-09-02 15:18:00-04:00,65.78500366210938,65.80000305175781,65.7750015258789,65.79000091552734,26
2026-09-02 15:19:00-04:00,65.80500030517578,65.80500030517578,65.79000091552734,65.79000091552734,9
2026-09-02 15:20:00-04:00,65.78500366210938,65.80000305175781,65.7750015258789,65.80000305175781,29
2026-09-02 15:21:00-04:00,65.79499816894531,65.79499816894531,65.79000091552734,65.79000091552734,2
2026-09-02 15:22:00-04:00,65.79000091552734,65.79000091552734,65.77999877929688,65.78500366210938,9
2026-09-02 15:23:00-04:00,65.76499938964844,65.80500030517578,65.75499725341797,65.79000091552734,22
2026-09-02 15:24:00-04:00,65.76499938964844,65.7750015258789,65.76000213623047,65.76000213623047,8
2026-09-02 15:25:00-04:00,65.79000091552734,65.80000305175781,65.7699966430664,65.7699966430664,8
2026-09-02 15:26:00-04:00,65.80000305175781,65.80000305175781,65.80000305175781,65.80000305175781,1
2026-09-02 15:28:00-04:00,65.77999877929688,65.77999877929688,65.77999877929688,65.77999877929688,4
2026-09-02 15:29:00-04:00,65.76499938964844,65.76499938964844,65.76000213623047,65.76000213623047,2
2026-09-02 15:30:00-04:00,65.78500366210938,65.80500030517578,65.7750015258789,65.7750015258789,11
2026-09-02 15:31:00-04:00,65.79499816894531,65.80500030517578,65.79000091552734,65.79499816894531,25
2026-09-02 15:32:00-04:00,65.77999877929688,65.77999877929688,65.77999877929688,65.77999877929688,2
2026-09-02 15:33:00-04:00,65.77999877929688,65.79000091552734,65.7750015258789,65.7750015258789,11
2026-09-02 15:34:00-04:00,65.81500244140625,65.81999969482422,65.77999877929688,65.77999877929688,14
2026-09-02 15:35:00-04:00,65.78500366210938,65.79000091552734,65.7750015258789,65.78500366210938,9
2026-09-02 15:36:00-04:00,65.7699966430664,65.7750015258789,65.7699966430664,65.7699966430664,5
2026-09-02 15:37:00-04:00,65.80000305175781,65.80000305175781,65.76499938964844,65.76499938964844,6
2026-09-02 15:38:00-04:00,65.80500030517578,65.80999755859375,65.79499816894531,65.79499816894531,7
2026-09-02 15:39:00-04:00,65.83000183105469,65.83000183105469,65.80999755859375,65.80999755859375,34
2026-09-02 15:40:00-04:00,65.81999969482422,65.83499908447266,65.80999755859375,65.80999755859375,9
2026-09-02 15:41:00-04:00,65.81999969482422,65.82499694824219,65.81999969482422,65.81999969482422,4
2026-09-02 15:42:00-04:00,65.81500244140625,65.83499908447266,65.81500244140625,65.83499908447266,12
2026-09-02 15:43:00-04:00,65.8550033569336,65.86499786376953,65.83499908447266,65.83499908447266,17
2026-09-02 15:44:00-04:00,65.88500213623047,65.8949966430664,65.8550033569336,65.86499786376953,16
2026-09-02 15:45:00-04:00,65.8550033569336,65.88999938964844,65.8550033569336,65.87999725341797,15
2026-09-02 15:46:00-04:00,65.84500122070312,65.86000061035156,65.84500122070312,65.8499984741211,8
2026-09-02 15:47:00-04:00,65.87000274658203,65.87000274658203,65.8499984741211,65.8499984741211,15
2026-09-02 15:48:00-04:00,65.86000061035156,65.87999725341797,65.86000061035156,65.86499786376953,11
2026-09-02 15:49:00-04:00,65.8949966430664,65.8949966430664,65.86499786376953,65.86499786376953,22
2026-09-02 15:50:00-04:00,65.9000015258789,65.9000015258789,65.87000274658203,65.87000274658203,32
2026-09-02 15:51:00-04:00,65.8949966430664,65.91000366210938,65.88500213623047,65.9000015258789,21
2026-09-02 15:52:00-04:00,65.875,65.90499877929688,65.875,65.9000015258789,12
2026-09-02 15:53:00-04:00,65.83000183105469,65.87999725341797,65.81999969482422,65.875,28
2026-09-02 15:54:00-04:00,65.875,65.87999725341797,65.83999633789062,65.83999633789062,14
2026-09-02 15:55:00-04:00,65.86499786376953,65.87999725341797,65.8499984741211,65.86499786376953,23
2026-09-02 15:56:00-04:00,65.87999725341797,65.87999725341797,65.8499984741211,65.86000061035156,23
2026-09-02 15:57:00-04:00,65.88500213623047,65.8949966430664,65.87999725341797,65.88999938964844,24
2026-09-02 15:58:00-04:00,65.91000366210938,65.91500091552734,65.8949966430664,65.8949966430664,25
2026-09-02 15:59:00-04:00,65.95999908447266,65.95999908447266,65.91500091552734,65.91999816894531,82
2026-09-02 16:00:00-04:00,65.91000366210938,65.95500183105469,65.88500213623047,65.94999694824219,42
2026-09-02 16:01:00-04:00,65.93499755859375,65.93499755859375,65.91500091552734,65.91500091552734,9
2026-09-02 16:02:00-04:00,65.94000244140625,65.94000244140625,65.91999816894531,65.94000244140625,8
2026-09-02 16:03:00-04:00,65.93000030517578,65.93000030517578,65.93000030517578,65.93000030517578,6
2026-09-02 16:04:00-04:00,65.94499969482422,65.94499969482422,65.93499755859375,65.93499755859375,3
2026-09-02 16:05:00-04:00,65.92500305175781,65.94499969482422,65.92500305175781,65.94499969482422,13
2026-09-02 16:06:00-04:00,65.92500305175781,65.93499755859375,65.92500305175781,65.93000030517578,6
2026-09-02 16:07:00-04:00,65.94000244140625,65.94000244140625,65.94000244140625,65.94000244140625,1
2026-09-02 16:08:00-04:00,65.94499969482422,65.94499969482422,65.93000030517578,65.94499969482422,7
2026-09-02 16:09:00-04:00,65.91999816894531,65.94000244140625,65.91999816894531,65.94000244140625,17
2026-09-02 16:10:00-04:00,65.91999816894531,65.93000030517578,65.91999816894531,65.93000030517578,4
2026-09-02 16:11:00-04:00,65.94499969482422,65.94999694824219,65.92500305175781,65.92500305175781,31
2026-09-02 16:12:00-04:00,65.93000030517578,65.94000244140625,65.92500305175781,65.94000244140625,71
2026-09-02 16:13:00-04:00,65.93499755859375,65.93499755859375,65.91500091552734,65.91500091552734,7
2026-09-02 16:14:00-04:00,65.9000015258789,65.91999816894531,65.9000015258789,65.91999816894531,9
2026-09-02 16:15:00-04:00,65.8550033569336,65.90499877929688,65.84500122070312,65.88999938964844,46
2026-09-02 16:16:00-04:00,65.86000061035156,65.87000274658203,65.8550033569336,65.86499786376953,13
2026-09-02 16:17:00-04:00,65.875,65.875,65.875,65.875,2
2026-09-02 16:18:00-04:00,65.86499786376953,65.86499786376953,65.86499786376953,65.86499786376953,2
2026-09-02 16:20:00-04:00,65.8499984741211,65.86000061035156,65.8499984741211,65.86000061035156,3
2026-09-02 16:22:00-04:00,65.86000061035156,65.86000061035156,65.8550033569336,65.8550033569336,2
2026-09-02 16:23:00-04:00,65.87000274658203,65.87000274658203,65.87000274658203,65.87000274658203,2
2026-09-02 16:24:00-04:00,65.88999938964844,65.88999938964844,65.87000274658203,65.87999725341797,5
2026-09-02 16:25:00-04:00,65.91999816894531,65.91999816894531,65.88500213623047,65.88500213623047,12
2026-09-02 16:26:00-04:00,65.91500091552734,65.92500305175781,65.91500091552734,65.92500305175781,2
2026-09-02 16:28:00-04:00,65.91000366210938,65.91999816894531,65.91000366210938,65.91500091552734,3
2026-09-02 16:29:00-04:00,65.90499877929688,65.91000366210938,65.90499877929688,65.90499877929688,7
2026-09-02 16:30:00-04:00,65.9000015258789,65.9000015258789,65.9000015258789,65.9000015258789,1
2026-09-02 16:31:00-04:00,65.9000015258789,65.9000015258789,65.88999938964844,65.88999938964844,11
2026-09-02 16:32:00-04:00,65.91999816894531,65.92500305175781,65.8949966430664,65.91000366210938,10
2026-09-02 16:33:00-04:00,65.91500091552734,65.91999816894531,65.91500091552734,65.91999816894531,2
2026-09-02 16:34:00-04:00,65.91999816894531,65.91999816894531,65.91999816894531,65.91999816894531,1
2026-09-02 16:35:00-04:00,65.91999816894531,65.91999816894531,65.91999816894531,65.91999816894531,8
2026-09-02 16:36:00-04:00,65.91000366210938,65.91999816894531,65.91000366210938,65.91500091552734,6
2026-09-02 16:37:00-04:00,65.9000015258789,65.9000015258789,65.9000015258789,65.9000015258789,1
2026-09-02 16:38:00-04:00,65.91000366210938,65.91999816894531,65.9000015258789,65.9000015258789,10
2026-09-02 16:39:00-04:00,65.91999816894531,65.91999816894531,65.91500091552734,65.91500091552734,4
2026-09-02 16:40:00-04:00,65.92500305175781,65.92500305175781,65.91000366210938,65.91500091552734,3
2026-09-02 16:42:00-04:00,65.94000244140625,65.94000244140625,65.93000030517578,65.93000030517578,3
2026-09-02 16:43:00-04:00,65.94499969482422,65.94499969482422,65.93499755859375,65.93499755859375,5
2026-09-02 16:44:00-04:00,65.91500091552734,65.93499755859375,65.91500091552734,65.93499755859375,4
2026-09-02 16:45:00-04:00,65.9000015258789,65.91500091552734,65.9000015258789,65.91500091552734,6
2026-09-02 16:46:00-04:00,65.92500305175781,65.92500305175781,65.92500305175781,65.92500305175781,1
2026-09-02 16:48:00-04:00,65.93000030517578,65.93000030517578,65.93000030517578,65.93000030517578,1
2026-09-02 16:49:00-04:00,65.93000030517578,65.94000244140625,65.93000030517578,65.93499755859375,16
2026-09-02 16:50:00-04:00,65.94999694824219,65.95999908447266,65.93499755859375,65.94000244140625,38
2026-09-02 16:51:00-04:00,65.94499969482422,65.94499969482422,65.94000244140625,65.94000244140625,5
2026-09-02 16:53:00-04:00,65.93000030517578,65.94499969482422,65.93000030517578,65.94499969482422,3
2026-09-02 16:54:00-04:00,65.93000030517578,65.94000244140625,65.93000030517578,65.94000244140625,3
2026-09-02 16:55:00-04:00,65.93499755859375,65.94499969482422,65.93000030517578,65.93000030517578,13
2026-09-02 16:56:00-04:00,65.94999694824219,65.95500183105469,65.94000244140625,65.94000244140625,22
2026-09-02 16:57:00-04:00,65.90499877929688,65.95500183105469,65.90499877929688,65.95500183105469,25
2026-09-02 16:58:00-04:00,65.91999816894531,65.91999816894531,65.91500091552734,65.91999816894531,11
2026-09-02 16:59:00-04:00,65.92500305175781,65.93000030517578,65.91999816894531,65.93000030517578,6
2026-09-02 17:00:00-04:00,65.93000030517578,65.93000030517578,65.93000030517578,65.93000030517578,1
2026-09-02 18:00:00-04:00,65.97000122070312,66.16999816894531,65.93499755859375,66.16999816894531,0
2026-09-02 18:01:00-04:00,65.95999908447266,65.95999908447266,65.94999694824219,65.95999908447266,12
2026-09-02 18:02:00-04:00,66.0250015258789,66.04000091552734,65.9800033569336,65.98500061035156,37
2026-09-02 18:03:00-04:00,65.96499633789062,66.0199966430664,65.96499633789062,66.0199966430664,15
2026-09-02 18:04:00-04:00,65.98500061035156,65.98500061035156,65.9800033569336,65.9800033569336,2
2026-09-02 18:05:00-04:00,65.9749984741211,65.9749984741211,65.9749984741211,65.9749984741211,1
2026-09-02 18:06:00-04:00,65.97000122070312,65.98500061035156,65.97000122070312,65.97000122070312,7
2026-09-02 18:07:00-04:00,65.97000122070312,65.97000122070312,65.97000122070312,65.97000122070312,1
2026-09-02 18:08:00-04:00,65.96499633789062,65.97000122070312,65.96499633789062,65.97000122070312,5
2026-09-02 18:09:00-04:00,65.94999694824219,65.94999694824219,65.94999694824219,65.94999694824219,1
2026-09-02 18:10:00-04:00,65.95999908447266,65.95999908447266,65.95999908447266,65.95999908447266,1
2026-09-02 18:11:00-04:00,65.9800033569336,65.9800033569336,65.9800033569336,65.9800033569336,1
2026-09-02 18:12:00-04:00,65.98999786376953,65.98999786376953,65.9800033569336,65.9800033569336,2
2026-09-02 18:13:00-04:00,65.9749984741211,65.9749984741211,65.96499633789062,65.97000122070312,7
2026-09-02 18:14:00-04:00,65.96499633789062,65.98999786376953,65.95500183105469,65.98999786376953,9
2026-09-02 18:15:00-04:00,65.96499633789062,65.96499633789062,65.96499633789062,65.96499633789062,2
2026-09-02 18:16:00-04:00,65.95999908447266,65.98500061035156,65.95999908447266,65.96499633789062,9
2026-09-02 18:17:00-04:00,65.95500183105469,65.95500183105469,65.95500183105469,65.95500183105469,1
2026-09-02 18:18:00-04:00,65.94000244140625,65.94499969482422,65.94000244140625,65.94000244140625,4
2026-09-02 18:19:00-04:00,65.95500183105469,65.9749984741211,65.94999694824219,65.94999694824219,11
2026-09-02 18:23:00-04:00,65.97000122070312,65.97000122070312,65.97000122070312,65.97000122070312,1
2026-09-02 18:24:00-04:00,65.9800033569336,65.9800033569336,65.9800033569336,65.9800033569336,2
2026-09-02 18:25:00-04:00,65.98500061035156,65.98999786376953,65.98500061035156,65.98500061035156,5
2026-09-02 18:26:00-04:00,65.99500274658203,66.0,65.9800033569336,65.98500061035156,5
2026-09-02 18:27:00-04:00,65.98999786376953,65.98999786376953,65.98999786376953,65.98999786376953,1
2026-09-02 18:29:00-04:00,66.01499938964844,66.02999877929688,65.98999786376953,65.99500274658203,26
2026-09-02 18:30:00-04:00,66.01499938964844,66.01499938964844,65.98999786376953,65.99500274658203,10
2026-09-02 18:31:00-04:00,65.98999786376953,66.00499725341797,65.9800033569336,66.00499725341797,6
2026-09-02 18:32:00-04:00,66.0,66.0,66.0,66.0,2
2026-09-02 18:33:00-04:00,65.98999786376953,65.99500274658203,65.98999786376953,65.99500274658203,6
2026-09-02 18:36:00-04:00,65.99500274658203,66.0,65.99500274658203,66.0,2
2026-09-02 18:37:00-04:00,66.01000213623047,66.01000213623047,66.0,66.00499725341797,5
2026-09-02 18:38:00-04:00,66.0,66.01000213623047,65.99500274658203,66.01000213623047,3
2026-09-02 18:39:00-04:00,66.00499725341797,66.00499725341797,66.00499725341797,66.00499725341797,1
2026-09-02 18:40:00-04:00,66.00499725341797,66.00499725341797,66.00499725341797,66.00499725341797,1
2026-09-02 18:41:00-04:00,65.99500274658203,65.99500274658203,65.99500274658203,65.99500274658203,2
2026-09-02 18:42:00-04:00,65.98999786376953,65.98999786376953,65.98999786376953,65.98999786376953,2
2026-09-02 18:43:00-04:00,65.9800033569336,65.98500061035156,65.9800033569336,65.98500061035156,4
2026-09-02 18:44:00-04:00,65.94000244140625,65.9800033569336,65.94000244140625,65.9800033569336,3
2026-09-02 18:45:00-04:00,65.91999816894531,65.94499969482422,65.91500091552734,65.94499969482422,21
2026-09-02 18:47:00-04:00,65.93499755859375,65.93499755859375,65.93499755859375,65.93499755859375,4
2026-09-02 18:48:00-04:00,65.92500305175781,65.93000030517578,65.92500305175781,65.93000030517578,53
2026-09-02 18:49:00-04:00,65.9000015258789,65.91999816894531,65.88500213623047,65.91999816894531,19
2026-09-02 18:50:00-04:00,65.875,65.9000015258789,65.86000061035156,65.9000015258789,33
2026-09-02 18:52:00-04:00,65.87999725341797,65.87999725341797,65.87999725341797,65.87999725341797,1
2026-09-02 18:53:00-04:00,65.87999725341797,65.87999725341797,65.87999725341797,65.87999725341797,1
2026-09-02 18:54:00-04:00,65.88500213623047,65.88500213623047,65.88500213623047,65.88500213623047,3
2026-09-02 18:57:00-04:00,65.88500213623047,65.88500213623047,65.875,65.875,2
2026-09-02 18:58:00-04:00,65.88500213623047,65.88500213623047,65.87999725341797,65.87999725341797,2
2026-09-02 19:00:00-04:00,65.90499877929688,65.90499877929688,65.8949966430664,65.8949966430664,11
2026-09-02 19:01:00-04:00,65.92500305175781,65.92500305175781,65.90499877929688,65.90499877929688,4
2026-09-02 19:02:00-04:00,65.91500091552734,65.91999816894531,65.91500091552734,65.91999816894531,6
2026-09-02 19:03:00-04:00,65.91000366210938,65.91000366210938,65.90499877929688,65.90499877929688,2
2026-09-02 19:04:00-04:00,65.93000030517578,65.93000030517578,65.93000030517578,65.93000030517578,4
2026-09-02 19:05:00-04:00,65.91500091552734,65.95500183105469,65.91500091552734,65.94499969482422,10
2026-09-02 19:06:00-04:00,65.8949966430664,65.91500091552734,65.86499786376953,65.91500091552734,24
2026-09-02 19:07:00-04:00,65.8949966430664,65.9000015258789,65.88500213623047,65.88500213623047,6
2026-09-02 19:08:00-04:00,65.88999938964844,65.88999938964844,65.88999938964844,65.88999938964844,1
2026-09-02 19:09:00-04:00,65.9000015258789,65.9000015258789,65.88999938964844,65.88999938964844,2
2026-09-02 19:10:00-04:00,65.90499877929688,65.91000366210938,65.90499877929688,65.90499877929688,4
2026-09-02 19:11:00-04:00,65.91000366210938,65.91000366210938,65.91000366210938,65.91000366210938,1
2026-09-02 19:13:00-04:00,65.86000061035156,65.87000274658203,65.86000061035156,65.87000274658203,2
2026-09-02 19:14:00-04:00,65.86499786376953,65.86499786376953,65.86499786376953,65.86499786376953,1
2026-09-02 19:15:00-04:00,65.84500122070312,65.8499984741211,65.83999633789062,65.8499984741211,8
2026-09-02 19:16:00-04:00,65.83999633789062,65.86499786376953,65.83999633789062,65.86499786376953,3
2026-09-02 19:17:00-04:00,65.84500122070312,65.84500122070312,65.84500122070312,65.84500122070312,1
2026-09-02 19:18:00-04:00,65.82499694824219,65.8499984741211,65.82499694824219,65.8499984741211,10
2026-09-02 19:19:00-04:00,65.83499908447266,65.83499908447266,65.82499694824219,65.82499694824219,8
2026-09-02 19:20:00-04:00,65.83499908447266,65.83499908447266,65.83499908447266,65.83499908447266,1
2026-09-02 19:21:00-04:00,65.83000183105469,65.83000183105469,65.83000183105469,65.83000183105469,1
2026-09-02 19:22:00-04:00,65.84500122070312,65.8550033569336,65.83000183105469,65.83000183105469,10
2026-09-02 19:23:00-04:00,65.82499694824219,65.83999633789062,65.81999969482422,65.83000183105469,13
2026-09-02 19:24:00-04:00,65.83000183105469,65.83499908447266,65.82499694824219,65.82499694824219,8
2026-09-02 19:25:00-04:00,65.83000183105469,65.83000183105469,65.82499694824219,65.83000183105469,5
2026-09-02 19:26:00-04:00,65.83999633789062,65.83999633789062,65.81999969482422,65.81999969482422,9
2026-09-02 19:27:00-04:00,65.86000061035156,65.86499786376953,65.8499984741211,65.8499984741211,11
2026-09-02 19:28:00-04:00,65.86000061035156,65.86000061035156,65.86000061035156,65.86000061035156,1
2026-09-02 19:30:00-04:00,65.86499786376953,65.87000274658203,65.8550033569336,65.8550033569336,3
2026-09-02 19:31:00-04:00,65.87000274658203,65.87000274658203,65.86499786376953,65.86499786376953,2
2026-09-02 19:32:00-04:00,65.875,65.87999725341797,65.86499786376953,65.86499786376953,8
2026-09-02 19:33:00-04:00,65.87000274658203,65.87000274658203,65.87000274658203,65.87000274658203,1
2026-09-02 19:35:00-04:00,65.86499786376953,65.86499786376953,65.86499786376953,65.86499786376953,1
2026-09-02 19:36:00-04:00,65.86499786376953,65.87000274658203,65.8499984741211,65.8499984741211,4
2026-09-02 19:37:00-04:00,65.86499786376953,65.87000274658203,65.8550033569336,65.8550033569336,7
2026-09-02 19:38:00-04:00,65.8550033569336,65.875,65.8550033569336,65.875,4
2026-09-02 19:39:00-04:00,65.87999725341797,65.87999725341797,65.86000061035156,65.86000061035156,4
2026-09-02 19:40:00-04:00,65.90499877929688,65.91000366210938,65.87999725341797,65.88999938964844,17
2026-09-02 19:41:00-04:00,65.93000030517578,65.94000244140625,65.91000366210938,65.91000366210938,19
2026-09-02 19:42:00-04:00,65.94999694824219,65.94999694824219,65.93000030517578,65.93000030517578,10
2026-09-02 19:43:00-04:00,65.94499969482422,65.96499633789062,65.93499755859375,65.95999908447266,45
2026-09-02 19:44:00-04:00,65.94999694824219,65.9749984741211,65.94000244140625,65.94000244140625,29
2026-09-02 19:45:00-04:00,65.95500183105469,66.0,65.94000244140625,65.94999694824219,54
2026-09-02 19:46:00-04:00,65.9800033569336,65.9800033569336,65.9749984741211,65.9800033569336,4
2026-09-02 19:47:00-04:00,65.98999786376953,65.98999786376953,65.98500061035156,65.98999786376953,6
2026-09-02 19:48:00-04:00,65.94999694824219,65.98500061035156,65.94000244140625,65.98500061035156,25
2026-09-02 19:49:00-04:00,65.94499969482422,65.95999908447266,65.94499969482422,65.95999908447266,6
2026-09-02 19:50:00-04:00,65.95999908447266,65.95999908447266,65.95999908447266,65.95999908447266,1
2026-09-02 19:51:00-04:00,65.95500183105469,65.95500183105469,65.95500183105469,65.95500183105469,1
2026-09-02 19:52:00-04:00,65.94000244140625,65.96499633789062,65.94000244140625,65.96499633789062,7
2026-09-02 19:53:00-04:00,65.92500305175781,65.94000244140625,65.92500305175781,65.94000244140625,3
2026-09-02 19:54:00-04:00,65.91500091552734,65.91500091552734,65.91500091552734,65.91500091552734,1
2026-09-02 19:55:00-04:00,65.94000244140625,65.94000244140625,65.93000030517578,65.93499755859375,4
2026-09-02 19:56:00-04:00,65.94499969482422,65.94999694824219,65.94499969482422,65.94999694824219,3
2026-09-02 19:57:00-04:00,65.91000366210938,65.93499755859375,65.90499877929688,65.93499755859375,4
2026-09-02 19:58:00-04:00,65.91999816894531,65.92500305175781,65.91999816894531,65.92500305175781,2
2026-09-02 19:59:00-04:00,65.93000030517578,65.93000030517578,65.93000030517578,65.93000030517578,3
2026-09-02 20:00:00-04:00,65.91000366210938,65.93499755859375,65.9000015258789,65.92500305175781,25
2026-09-02 20:01:00-04:00,65.87000274658203,65.9000015258789,65.86000061035156,65.9000015258789,10
2026-09-02 20:02:00-04:00,65.86499786376953,65.86499786376953,65.8499984741211,65.86000061035156,11
2026-09-02 20:03:00-04:00,65.88999938964844,65.88999938964844,65.87999725341797,65.87999725341797,3
2026-09-02 20:04:00-04:00,65.93000030517578,65.93499755859375,65.92500305175781,65.92500305175781,5
2026-09-02 20:05:00-04:00,65.92500305175781,65.93000030517578,65.91999816894531,65.92500305175781,8
2026-09-02 20:06:00-04:00,65.91999816894531,65.93499755859375,65.90499877929688,65.92500305175781,12
2026-09-02 20:07:00-04:00,65.81999969482422,65.90499877929688,65.81999969482422,65.90499877929688,10
2026-09-02 20:08:00-04:00,65.82499694824219,65.82499694824219,65.79000091552734,65.81500244140625,31
2026-09-02 20:09:00-04:00,65.83000183105469,65.83000183105469,65.80500030517578,65.81999969482422,10
2026-09-02 20:10:00-04:00,65.87000274658203,65.87000274658203,65.83499908447266,65.83999633789062,10
2026-09-02 20:11:00-04:00,65.90499877929688,65.90499877929688,65.88999938964844,65.88999938964844,6
2026-09-02 20:12:00-04:00,65.88999938964844,65.91500091552734,65.88500213623047,65.91500091552734,18
2026-09-02 20:13:00-04:00,65.88500213623047,65.88500213623047,65.87000274658203,65.87999725341797,10
2026-09-02 20:14:00-04:00,65.88500213623047,65.88500213623047,65.88500213623047,65.88500213623047,1
2026-09-02 20:15:00-04:00,65.79499816894531,65.87999725341797,65.7750015258789,65.87000274658203,29
2026-09-02 20:16:00-04:00,65.79000091552734,65.79499816894531,65.79000091552734,65.79499816894531,3
2026-09-02 20:17:00-04:00,65.84500122070312,65.86000061035156,65.81500244140625,65.81500244140625,7
2026-09-02 20:18:00-04:00,65.87000274658203,65.87000274658203,65.84500122070312,65.84500122070312,6
2026-09-02 20:19:00-04:00,65.8499984741211,65.88999938964844,65.8499984741211,65.87000274658203,6
2026-09-02 20:20:00-04:00,65.88999938964844,65.9000015258789,65.83999633789062,65.8550033569336,15
2026-09-02 20:21:00-04:00,65.87000274658203,65.875,65.87000274658203,65.87000274658203,5
2026-09-02 20:22:00-04:00,65.9000015258789,65.91999816894531,65.88999938964844,65.88999938964844,6
2026-09-02 20:23:00-04:00,65.93499755859375,65.93499755859375,65.8949966430664,65.8949966430664,3
2026-09-02 20:24:00-04:00,65.92500305175781,65.93000030517578,65.92500305175781,65.93000030517578,2
2026-09-02 20:25:00-04:00,65.91999816894531,65.92500305175781,65.91999816894531,65.92500305175781,2
2026-09-02 20:26:00-04:00,65.94999694824219,65.94999694824219,65.94499969482422,65.94499969482422,5
2026-09-02 20:27:00-04:00,65.94999694824219,65.95500183105469,65.94999694824219,65.94999694824219,4
2026-09-02 20:28:00-04:00,65.91999816894531,65.94499969482422,65.91999816894531,65.94000244140625,8
2026-09-02 20:29:00-04:00,65.91999816894531,65.91999816894531,65.91999816894531,65.91999816894531,1
2026-09-02 20:30:00-04:00,65.88999938964844,65.91999816894531,65.88999938964844,65.91999816894531,7
2026-09-02 20:32:00-04:00,65.87000274658203,65.875,65.8550033569336,65.86000061035156,12
2026-09-02 20:33:00-04:00,65.83499908447266,65.83999633789062,65.83499908447266,65.83999633789062,2
2026-09-02 20:34:00-04:00,65.80500030517578,65.84500122070312,65.80500030517578,65.84500122070312,8
2026-09-02 20:35:00-04:00,65.84500122070312,65.84500122070312,65.79000091552734,65.79000091552734,9
2026-09-02 20:36:00-04:00,65.83000183105469,65.83999633789062,65.83000183105469,65.83999633789062,6
2026-09-02 20:37:00-04:00,65.83000183105469,65.83000183105469,65.83000183105469,65.83000183105469,2
2026-09-02 20:38:00-04:00,65.9000015258789,65.9000015258789,65.9000015258789,65.9000015258789,1
2026-09-02 20:39:00-04:00,65.8949966430664,65.91999816894531,65.8949966430664,65.91999816894531,2
2026-09-02 20:40:00-04:00,65.87999725341797,65.87999725341797,65.87999725341797,65.87999725341797,1
2026-09-02 20:41:00-04:00,65.91999816894531,65.91999816894531,65.88500213623047,65.88500213623047,17
2026-09-02 20:42:00-04:00,65.88999938964844,65.91999816894531,65.87000274658203,65.91999816894531,6
2026-09-02 20:43:00-04:00,65.9000015258789,65.9000015258789,65.8949966430664,65.8949966430664,2
2026-09-02 20:44:00-04:00,65.88999938964844,65.88999938964844,65.87000274658203,65.87000274658203,7
2026-09-02 20:45:00-04:00,65.88999938964844,65.8949966430664,65.88999938964844,65.8949966430664,6
2026-09-02 20:46:00-04:00,65.91000366210938,65.91500091552734,65.91000366210938,65.91000366210938,14
2026-09-02 20:48:00-04:00,65.91000366210938,65.91000366210938,65.88999938964844,65.8949966430664,7
2026-09-02 20:49:00-04:00,65.91000366210938,65.91000366210938,65.91000366210938,65.91000366210938,1
2026-09-02 20:50:00-04:00,65.96499633789062,65.98500061035156,65.94000244140625,65.94000244140625,15
2026-09-02 20:51:00-04:00,65.97000122070312,65.97000122070312,65.96499633789062,65.97000122070312,4
2026-09-02 20:52:00-04:00,66.0,66.00499725341797,65.98999786376953,65.99500274658203,9
2026-09-02 20:53:00-04:00,65.9800033569336,65.9800033569336,65.95999908447266,65.9749984741211,12
2026-09-02 20:54:00-04:00,65.9749984741211,65.98999786376953,65.96499633789062,65.96499633789062,15
2026-09-02 20:55:00-04:00,65.9800033569336,66.0199966430664,65.9749984741211,65.99500274658203,18
2026-09-02 20:56:00-04:00,65.98500061035156,65.98500061035156,65.98500061035156,65.98500061035156,2
2026-09-02 20:57:00-04:00,66.0199966430664,66.0199966430664,66.01000213623047,66.01000213623047,3
2026-09-02 20:58:00-04:00,66.00499725341797,66.01000213623047,66.00499725341797,66.01000213623047,7
2026-09-02 20:59:00-04:00,65.93499755859375,65.99500274658203,65.9000015258789,65.98500061035156,64
2026-09-02 21:00:00-04:00,65.88500213623047,65.98500061035156,65.87000274658203,65.93000030517578,270
2026-09-02 21:01:00-04:00,65.93499755859375,66.01000213623047,65.90499877929688,65.93499755859375,41
2026-09-02 21:02:00-04:00,66.05500030517578,66.06999969482422,65.9000015258789,65.93000030517578,50
2026-09-02 21:03:00-04:00,65.95500183105469,66.0999984741211,65.8949966430664,66.08499908447266,48
2026-09-02 21:04:00-04:00,66.05000305175781,66.05500030517578,65.98999786376953,65.99500274658203,8
2026-09-02 21:05:00-04:00,66.0999984741211,66.1050033569336,66.03500366210938,66.05500030517578,18
2026-09-02 21:06:00-04:00,66.04499816894531,66.07499694824219,66.04000091552734,66.06999969482422,10
2026-09-02 21:07:00-04:00,66.16999816894531,66.19499969482422,66.06500244140625,66.06500244140625,88
2026-09-02 21:08:00-04:00,66.28500366210938,66.28500366210938,66.1500015258789,66.16999816894531,153
2026-09-02 21:09:00-04:00,66.2699966430664,66.30500030517578,66.23999786376953,66.25499725341797,75
2026-09-02 21:10:00-04:00,66.29499816894531,66.30500030517578,66.2699966430664,66.2750015258789,37
2026-09-02 21:11:00-04:00,66.37999725341797,66.38500213623047,66.30000305175781,66.30500030517578,68
2026-09-02 21:12:00-04:00,66.30000305175781,66.38500213623047,66.27999877929688,66.38500213623047,93
2026-09-02 21:13:00-04:00,66.26499938964844,66.31500244140625,66.25499725341797,66.30000305175781,56
2026-09-02 21:14:00-04:00,66.2300033569336,66.28500366210938,66.21499633789062,66.28500366210938,36
2026-09-02 21:15:00-04:00,66.31999969482422,66.31999969482422,66.20999908447266,66.22000122070312,30
2026-09-02 21:16:00-04:00,66.29000091552734,66.32499694824219,66.29000091552734,66.32499694824219,14
2026-09-02 21:17:00-04:00,66.27999877929688,66.28500366210938,66.25,66.2699966430664,32
2026-09-02 21:18:00-04:00,66.24500274658203,66.2699966430664,66.24500274658203,66.2699966430664,40
2026-09-02 21:19:00-04:00,66.2750015258789,66.30000305175781,66.2750015258789,66.29000091552734,11
2026-09-02 21:20:00-04:00,66.27999877929688,66.28500366210938,66.25499725341797,66.26499938964844,8
2026-09-02 21:21:00-04:00,66.26000213623047,66.33000183105469,66.26000213623047,66.28500366210938,11
2026-09-02 21:22:00-04:00,66.2699966430664,66.2699966430664,66.23999786376953,66.26499938964844,16
2026-09-02 21:23:00-04:00,66.23999786376953,66.29000091552734,66.2249984741211,66.29000091552734,12
2026-09-02 21:24:00-04:00,66.07499694824219,66.20999908447266,66.06500244140625,66.20999908447266,35
2026-09-02 21:25:00-04:00,66.125,66.1500015258789,66.08000183105469,66.08000183105469,31
2026-09-02 21:26:00-04:00,66.13500213623047,66.18499755859375,66.11000061035156,66.16000366210938,10
2026-09-02 21:27:00-04:00,66.16999816894531,66.18000030517578,66.12000274658203,66.12000274658203,10
2026-09-02 21:28:00-04:00,66.20999908447266,66.2249984741211,66.13999938964844,66.1449966430664,6
2026-09-02 21:29:00-04:00,66.2750015258789,66.27999877929688,66.22000122070312,66.22000122070312,14
2026-09-02 21:30:00-04:00,66.31500244140625,66.31500244140625,66.28500366210938,66.28500366210938,9
2026-09-02 21:31:00-04:00,66.37999725341797,66.37999725341797,66.30500030517578,66.33000183105469,20
2026-09-02 21:32:00-04:00,66.31500244140625,66.36000061035156,66.31500244140625,66.36000061035156,10
2026-09-02 21:33:00-04:00,66.33000183105469,66.33000183105469,66.29000091552734,66.31500244140625,13
2026-09-02 21:34:00-04:00,66.3499984741211,66.3499984741211,66.31999969482422,66.32499694824219,5
2026-09-02 21:35:00-04:00,66.32499694824219,66.4000015258789,66.29000091552734,66.38999938964844,25
2026-09-02 21:36:00-04:00,66.33000183105469,66.33999633789062,66.32499694824219,66.33000183105469,7
2026-09-02 21:37:00-04:00,66.30000305175781,66.31500244140625,66.25,66.30000305175781,24
2026-09-02 21:38:00-04:00,66.30000305175781,66.30500030517578,66.26499938964844,66.30500030517578,23
2026-09-02 21:39:00-04:00,66.31999969482422,66.31999969482422,66.28500366210938,66.30000305175781,8
2026-09-02 21:40:00-04:00,66.29000091552734,66.31999969482422,66.27999877929688,66.31999969482422,15
2026-09-02 21:41:00-04:00,66.30999755859375,66.30999755859375,66.28500366210938,66.28500366210938,11
2026-09-02 21:42:00-04:00,66.23500061035156,66.24500274658203,66.2300033569336,66.24500274658203,10
2026-09-02 21:43:00-04:00,66.1500015258789,66.20999908447266,66.1500015258789,66.20999908447266,15
2026-09-02 21:44:00-04:00,66.18000030517578,66.18499755859375,66.15499877929688,66.15499877929688,7
2026-09-02 21:45:00-04:00,66.19999694824219,66.19999694824219,66.1500015258789,66.18499755859375,9
2026-09-02 21:46:00-04:00,66.16500091552734,66.19000244140625,66.1449966430664,66.18000030517578,14
2026-09-02 21:47:00-04:00,66.16000366210938,66.18499755859375,66.16000366210938,66.16500091552734,7
2026-09-02 21:48:00-04:00,66.20999908447266,66.20999908447266,66.13999938964844,66.13999938964844,10
2026-09-02 21:49:00-04:00,66.29000091552734,66.30500030517578,66.22000122070312,66.22000122070312,13
2026-09-02 21:50:00-04:00,66.25,66.2750015258789,66.23999786376953,66.2750015258789,5
2026-09-02 21:51:00-04:00,66.19499969482422,66.2300033569336,66.19499969482422,66.2300033569336,3
2026-09-02 21:52:00-04:00,66.23999786376953,66.25,66.2300033569336,66.23999786376953,5
2026-09-02 21:53:00-04:00,66.2300033569336,66.26000213623047,66.22000122070312,66.25,10
2026-09-02 21:54:00-04:00,66.22000122070312,66.22000122070312,66.19999694824219,66.22000122070312,9
2026-09-02 21:55:00-04:00,66.2750015258789,66.2750015258789,66.26499938964844,66.26499938964844,2
2026-09-02 21:56:00-04:00,66.25,66.26499938964844,66.24500274658203,66.25499725341797,9
2026-09-02 21:57:00-04:00,66.2249984741211,66.2249984741211,66.20500183105469,66.2249984741211,9
2026-09-02 21:58:00-04:00,66.26499938964844,66.28500366210938,66.26000213623047,66.2699966430664,9
2026-09-02 21:59:00-04:00,66.29499816894531,66.33999633789062,66.29000091552734,66.29000091552734,9
2026-09-02 22:00:00-04:00,66.29499816894531,66.29499816894531,66.25,66.27999877929688,19
2026-09-02 22:01:00-04:00,66.375,66.375,66.29499816894531,66.29499816894531,15
2026-09-02 22:02:00-04:00,66.375,66.40499877929688,66.3499984741211,66.3550033569336,22
2026-09-02 22:03:00-04:00,66.33999633789062,66.37999725341797,66.33999633789062,66.3550033569336,7
2026-09-02 22:04:00-04:00,66.27999877929688,66.33999633789062,66.27999877929688,66.33999633789062,6
2026-09-02 22:05:00-04:00,66.2750015258789,66.29499816894531,66.2699966430664,66.2699966430664,10
2026-09-02 22:06:00-04:00,66.27999877929688,66.30000305175781,66.27999877929688,66.29499816894531,8
2026-09-02 22:07:00-04:00,66.25499725341797,66.2750015258789,66.23999786376953,66.26000213623047,7
2026-09-02 22:08:00-04:00,66.27999877929688,66.27999877929688,66.27999877929688,66.27999877929688,1
2026-09-02 22:09:00-04:00,66.27999877929688,66.27999877929688,66.27999877929688,66.27999877929688,1
2026-09-02 22:10:00-04:00,66.30000305175781,66.30500030517578,66.28500366210938,66.28500366210938,9
2026-09-02 22:11:00-04:00,66.29000091552734,66.29000091552734,66.26000213623047,66.26000213623047,2
2026-09-02 22:12:00-04:00,66.31999969482422,66.31999969482422,66.27999877929688,66.27999877929688,4
2026-09-02 22:13:00-04:00,66.30500030517578,66.30500030517578,66.25499725341797,66.2699966430664,5
2026-09-02 22:14:00-04:00,66.30000305175781,66.30999755859375,66.30000305175781,66.30500030517578,3
2026-09-02 22:15:00-04:00,66.33499908447266,66.33499908447266,66.33000183105469,66.33000183105469,3
2026-09-02 22:16:00-04:00,66.36499786376953,66.37999725341797,66.33999633789062,66.33999633789062,9
2026-09-02 22:17:00-04:00,66.32499694824219,66.3499984741211,66.30500030517578,66.3499984741211,7
2026-09-02 22:18:00-04:00,66.30000305175781,66.31500244140625,66.30000305175781,66.30500030517578,3
2026-09-02 22:19:00-04:00,66.30000305175781,66.30000305175781,66.30000305175781,66.30000305175781,3
2026-09-02 22:20:00-04:00,66.30000305175781,66.30999755859375,66.30000305175781,66.30500030517578,3
2026-09-02 22:22:00-04:00,66.29499816894531,66.3499984741211,66.29499816894531,66.31999969482422,8
2026-09-02 22:23:00-04:00,66.25,66.29000091552734,66.24500274658203,66.29000091552734,6
2026-09-02 22:24:00-04:00,66.30000305175781,66.30000305175781,66.29000091552734,66.30000305175781,10
2026-09-02 22:25:00-04:00,66.26000213623047,66.27999877929688,66.26000213623047,66.27999877929688,4
2026-09-02 22:26:00-04:00,66.25,66.28500366210938,66.25,66.28500366210938,4
2026-09-02 22:27:00-04:00,66.30999755859375,66.30999755859375,66.25,66.25,7
2026-09-02 22:28:00-04:00,66.30999755859375,66.30999755859375,66.30000305175781,66.30000305175781,14
2026-09-02 22:29:00-04:00,66.30999755859375,66.30999755859375,66.30999755859375,66.30999755859375,1
2026-09-02 22:30:00-04:00,66.42500305175781,66.43000030517578,66.28500366210938,66.29000091552734,32
2026-09-02 22:31:00-04:00,66.38500213623047,66.45999908447266,66.38500213623047,66.42500305175781,25
2026-09-02 22:32:00-04:00,66.3949966430664,66.3949966430664,66.375,66.38999938964844,4
2026-09-02 22:33:00-04:00,66.36499786376953,66.4000015258789,66.36000061035156,66.36000061035156,6
2026-09-02 22:34:00-04:00,66.33999633789062,66.41500091552734,66.33999633789062,66.40499877929688,7
2026-09-02 22:35:00-04:00,66.30000305175781,66.37000274658203,66.30000305175781,66.37000274658203,4
2026-09-02 22:36:00-04:00,66.31500244140625,66.31500244140625,66.29000091552734,66.30000305175781,7
2026-09-02 22:37:00-04:00,66.34500122070312,66.37999725341797,66.34500122070312,66.34500122070312,18
2026-09-02 22:38:00-04:00,66.40499877929688,66.40499877929688,66.32499694824219,66.33000183105469,10
2026-09-02 22:39:00-04:00,66.33999633789062,66.4000015258789,66.33499908447266,66.4000015258789,12
2026-09-02 22:40:00-04:00,66.34500122070312,66.3499984741211,66.34500122070312,66.3499984741211,2
2026-09-02 22:41:00-04:00,66.29000091552734,66.3499984741211,66.29000091552734,66.33000183105469,9
2026-09-02 22:42:00-04:00,66.28500366210938,66.30500030517578,66.25,66.29000091552734,18
2026-09-02 22:43:00-04:00,66.29000091552734,66.30000305175781,66.28500366210938,66.30000305175781,6
2026-09-02 22:44:00-04:00,66.2699966430664,66.27999877929688,66.2699966430664,66.27999877929688,6
2026-09-02 22:45:00-04:00,66.2249984741211,66.25,66.18000030517578,66.25,38
2026-09-02 22:46:00-04:00,66.2750015258789,66.2750015258789,66.23500061035156,66.23500061035156,11
2026-09-02 22:47:00-04:00,66.28500366210938,66.30999755859375,66.2750015258789,66.2750015258789,14
2026-09-02 22:48:00-04:00,66.25499725341797,66.28500366210938,66.24500274658203,66.28500366210938,8
2026-09-02 22:49:00-04:00,66.33999633789062,66.33999633789062,66.27999877929688,66.27999877929688,7
2026-09-02 22:50:00-04:00,66.375,66.375,66.33000183105469,66.33499908447266,11
2026-09-02 22:51:00-04:00,66.31500244140625,66.36499786376953,66.29000091552734,66.36499786376953,11
2026-09-02 22:52:00-04:00,66.36499786376953,66.37000274658203,66.34500122070312,66.34500122070312,5
2026-09-02 22:53:00-04:00,66.31999969482422,66.3550033569336,66.31999969482422,66.3550033569336,8
2026-09-02 22:54:00-04:00,66.33000183105469,66.33999633789062,66.31500244140625,66.32499694824219,20
2026-09-02 22:55:00-04:00,66.26000213623047,66.33499908447266,66.26000213623047,66.33499908447266,25
2026-09-02 22:56:00-04:00,66.29499816894531,66.29499816894531,66.23999786376953,66.25499725341797,25
2026-09-02 22:57:00-04:00,66.26499938964844,66.29000091552734,66.26499938964844,66.29000091552734,7
2026-09-02 22:58:00-04:00,66.24500274658203,66.2750015258789,66.23500061035156,66.2750015258789,12
2026-09-02 22:59:00-04:00,66.31500244140625,66.31500244140625,66.25499725341797,66.26000213623047,26
2026-09-02 23:00:00-04:00,66.30500030517578,66.33000183105469,66.28500366210938,66.28500366210938,11
2026-09-02 23:01:00-04:00,66.26000213623047,66.31999969482422,66.26000213623047,66.31999969482422,2
2026-09-02 23:02:00-04:00,66.2699966430664,66.2699966430664,66.24500274658203,66.26499938964844,32
2026-09-02 23:03:00-04:00,66.33499908447266,66.33499908447266,66.24500274658203,66.26000213623047,29
2026-09-02 23:04:00-04:00,66.40499877929688,66.43000030517578,66.33000183105469,66.33000183105469,41
2026-09-02 23:05:00-04:00,66.37000274658203,66.41500091552734,66.37000274658203,66.40499877929688,21
2026-09-02 23:06:00-04:00,66.3949966430664,66.3949966430664,66.3499984741211,66.37999725341797,15
2026-09-02 23:07:00-04:00,66.41999816894531,66.42500305175781,66.3949966430664,66.3949966430664,17
2026-09-02 23:08:00-04:00,66.41999816894531,66.42500305175781,66.41000366210938,66.41999816894531,21
2026-09-02 23:09:00-04:00,66.40499877929688,66.43000030517578,66.40499877929688,66.42500305175781,15
2026-09-02 23:10:00-04:00,66.3949966430664,66.44000244140625,66.3949966430664,66.44000244140625,10
2026-09-02 23:11:00-04:00,66.41000366210938,66.41999816894531,66.41000366210938,66.41999816894531,4
2026-09-02 23:12:00-04:00,66.50499725341797,66.5199966430664,66.4000015258789,66.41000366210938,50
2026-09-02 23:13:00-04:00,66.56500244140625,66.59500122070312,66.5199966430664,66.5199966430664,53
2026-09-02 23:14:00-04:00,66.58499908447266,66.58499908447266,66.51000213623047,66.53500366210938,41
2026-09-02 23:15:00-04:00,66.62000274658203,66.62999725341797,66.56999969482422,66.56999969482422,70
2026-09-02 23:16:00-04:00,66.57499694824219,66.625,66.55999755859375,66.625,33
2026-09-02 23:17:00-04:00,66.5199966430664,66.58000183105469,66.5199966430664,66.56999969482422,30
2026-09-02 23:18:00-04:00,66.50499725341797,66.50499725341797,66.47000122070312,66.48999786376953,16
2026-09-02 23:19:00-04:00,66.43499755859375,66.5,66.42500305175781,66.49500274658203,46
2026-09-02 23:20:00-04:00,66.41999816894531,66.45999908447266,66.41999816894531,66.44499969482422,20
2026-09-02 23:21:00-04:00,66.4000015258789,66.42500305175781,66.4000015258789,66.41500091552734,6
2026-09-02 23:22:00-04:00,66.41000366210938,66.41000366210938,66.38500213623047,66.4000015258789,7
2026-09-02 23:23:00-04:00,66.38999938964844,66.4000015258789,66.38999938964844,66.4000015258789,5
2026-09-02 23:24:00-04:00,66.41500091552734,66.43000030517578,66.3949966430664,66.40499877929688,11
2026-09-02 23:25:00-04:00,66.44499969482422,66.44499969482422,66.3949966430664,66.4000015258789,29
2026-09-02 23:26:00-04:00,66.44499969482422,66.45999908447266,66.43499755859375,66.44499969482422,21
2026-09-02 23:27:00-04:00,66.42500305175781,66.43499755859375,66.42500305175781,66.42500305175781,9
2026-09-02 23:28:00-04:00,66.4800033569336,66.48999786376953,66.41999816894531,66.42500305175781,31
2026-09-02 23:29:00-04:00,66.45500183105469,66.48500061035156,66.44999694824219,66.4749984741211,30
2026-09-02 23:30:00-04:00,66.51499938964844,66.5199966430664,66.46499633789062,66.46499633789062,23
2026-09-02 23:31:00-04:00,66.45500183105469,66.51000213623047,66.45500183105469,66.51000213623047,8
2026-09-02 23:32:00-04:00,66.46499633789062,66.4800033569336,66.46499633789062,66.46499633789062,9
2026-09-02 23:33:00-04:00,66.4749984741211,66.49500274658203,66.45999908447266,66.45999908447266,12
2026-09-02 23:34:00-04:00,66.50499725341797,66.50499725341797,66.4800033569336,66.4800033569336,6
2026-09-02 23:35:00-04:00,66.48500061035156,66.48500061035156,66.44999694824219,66.47000122070312,7
2026-09-02 23:36:00-04:00,66.44999694824219,66.45999908447266,66.44999694824219,66.45999908447266,8
2026-09-02 23:37:00-04:00,66.47000122070312,66.4800033569336,66.45500183105469,66.45500183105469,4
2026-09-02 23:38:00-04:00,66.51499938964844,66.51499938964844,66.48500061035156,66.48999786376953,20
2026-09-02 23:39:00-04:00,66.5250015258789,66.5250015258789,66.50499725341797,66.5250015258789,13
2026-09-02 23:40:00-04:00,66.5250015258789,66.52999877929688,66.5199966430664,66.5199966430664,7
2026-09-02 23:41:00-04:00,66.59500122070312,66.61000061035156,66.52999877929688,66.53500366210938,93
2026-09-02 23:42:00-04:00,66.56500244140625,66.58999633789062,66.55500030517578,66.58999633789062,46
2026-09-02 23:43:00-04:00,66.55500030517578,66.57499694824219,66.55500030517578,66.57499694824219,7
2026-09-02 23:44:00-04:00,66.5199966430664,66.55000305175781,66.5199966430664,66.55000305175781,4
2026-09-02 23:45:00-04:00,66.49500274658203,66.53500366210938,66.48500061035156,66.49500274658203,11
2026-09-02 23:46:00-04:00,66.4800033569336,66.51499938964844,66.4800033569336,66.51499938964844,5
2026-09-02 23:47:00-04:00,66.47000122070312,66.47000122070312,66.47000122070312,66.47000122070312,3
2026-09-02 23:48:00-04:00,66.5,66.5,66.4800033569336,66.4800033569336,2
2026-09-02 23:49:00-04:00,66.5199966430664,66.55000305175781,66.49500274658203,66.5,22
2026-09-02 23:50:00-04:00,66.54000091552734,66.54000091552734,66.5199966430664,66.5199966430664,8
2026-09-02 23:51:00-04:00,66.55500030517578,66.55500030517578,66.54000091552734,66.55500030517578,4
2026-09-02 23:52:00-04:00,66.58999633789062,66.58999633789062,66.55999755859375,66.56500244140625,16
2026-09-02 23:53:00-04:00,66.6050033569336,66.62000274658203,66.58999633789062,66.58999633789062,17
2026-09-02 23:54:00-04:00,66.62999725341797,66.62999725341797,66.58999633789062,66.58999633789062,6
2026-09-02 23:55:00-04:00,66.66000366210938,66.66000366210938,66.62999725341797,66.6449966430664,14
2026-09-02 23:56:00-04:00,66.69999694824219,66.70500183105469,66.66000366210938,66.66000366210938,33
2026-09-02 23:57:00-04:00,66.68499755859375,66.70500183105469,66.68499755859375,66.69999694824219,13
2026-09-02 23:58:00-04:00,66.67500305175781,66.69000244140625,66.67500305175781,66.67500305175781,8
2026-09-03 00:00:00-04:00,66.6500015258789,66.6500015258789,66.63999938964844,66.63999938964844,4
2026-09-03 00:01:00-04:00,66.59500122070312,66.6449966430664,66.58000183105469,66.6449966430664,9
2026-09-03 00:02:00-04:00,66.57499694824219,66.58499908447266,66.56999969482422,66.58499908447266,5
2026-09-03 00:03:00-04:00,66.56999969482422,66.57499694824219,66.54000091552734,66.57499694824219,10
2026-09-03 00:04:00-04:00,66.56999969482422,66.56999969482422,66.56999969482422,66.56999969482422,2
2026-09-03 00:06:00-04:00,66.53500366210938,66.57499694824219,66.53500366210938,66.54000091552734,3
2026-09-03 00:07:00-04:00,66.625,66.62999725341797,66.51000213623047,66.52999877929688,59
2026-09-03 00:08:00-04:00,66.69000244140625,66.7249984741211,66.61499786376953,66.62999725341797,77
2026-09-03 00:09:00-04:00,66.68000030517578,66.7300033569336,66.67500305175781,66.69499969482422,48
2026-09-03 00:10:00-04:00,66.70999908447266,66.7300033569336,66.68499755859375,66.68499755859375,51
2026-09-03 00:11:00-04:00,66.70500183105469,66.7300033569336,66.69499969482422,66.70999908447266,42
2026-09-03 00:12:00-04:00,66.66500091552734,66.70999908447266,66.66000366210938,66.70500183105469,35
2026-09-03 00:13:00-04:00,66.66500091552734,66.68000030517578,66.65499877929688,66.66000366210938,11
2026-09-03 00:14:00-04:00,66.6050033569336,66.65499877929688,66.6050033569336,66.65499877929688,16
2026-09-03 00:15:00-04:00,66.59500122070312,66.62000274658203,66.59500122070312,66.62000274658203,6
2026-09-03 00:16:00-04:00,66.58999633789062,66.59500122070312,66.58999633789062,66.58999633789062,3
2026-09-03 00:17:00-04:00,66.6050033569336,66.6050033569336,66.6050033569336,66.6050033569336,1
2026-09-03 00:18:00-04:00,66.58499908447266,66.58499908447266,66.58000183105469,66.58000183105469,3
2026-09-03 00:19:00-04:00,66.56999969482422,66.56999969482422,66.55500030517578,66.56999969482422,29
2026-09-03 00:20:00-04:00,66.58000183105469,66.58499908447266,66.57499694824219,66.57499694824219,4
2026-09-03 00:21:00-04:00,66.61000061035156,66.61000061035156,66.58000183105469,66.58000183105469,8
2026-09-03 00:22:00-04:00,66.61000061035156,66.61000061035156,66.5999984741211,66.5999984741211,2
2026-09-03 00:23:00-04:00,66.62000274658203,66.62000274658203,66.62000274658203,66.62000274658203,1
2026-09-03 00:25:00-04:00,66.66999816894531,66.66999816894531,66.66500091552734,66.66500091552734,2
2026-09-03 00:26:00-04:00,66.6500015258789,66.6500015258789,66.6500015258789,66.6500015258789,1
2026-09-03 00:27:00-04:00,66.6500015258789,66.6500015258789,66.62999725341797,66.62999725341797,3
2026-09-03 00:29:00-04:00,66.70500183105469,66.70500183105469,66.6449966430664,66.65499877929688,27
2026-09-03 00:30:00-04:00,66.69499969482422,66.72000122070312,66.69499969482422,66.71499633789062,9
2026-09-03 00:31:00-04:00,66.66500091552734,66.7249984741211,66.66500091552734,66.69499969482422,43
2026-09-03 00:32:00-04:00,66.67500305175781,66.68000030517578,66.66000366210938,66.66000366210938,17
2026-09-03 00:33:00-04:00,66.70500183105469,66.7300033569336,66.68000030517578,66.68000030517578,22
2026-09-03 00:34:00-04:00,66.72000122070312,66.72000122070312,66.69499969482422,66.70500183105469,9
2026-09-03 00:35:00-04:00,66.69499969482422,66.7300033569336,66.69499969482422,66.7300033569336,10
2026-09-03 00:36:00-04:00,66.69499969482422,66.70999908447266,66.69499969482422,66.70500183105469,9
2026-09-03 00:37:00-04:00,66.69999694824219,66.70999908447266,66.69499969482422,66.69499969482422,8
2026-09-03 00:38:00-04:00,66.7249984741211,66.74500274658203,66.7249984741211,66.7300033569336,7
2026-09-03 00:39:00-04:00,66.7300033569336,66.73500061035156,66.72000122070312,66.73500061035156,7
2026-09-03 00:40:00-04:00,66.73999786376953,66.73999786376953,66.7249984741211,66.7300033569336,6
2026-09-03 00:41:00-04:00,66.72000122070312,66.73500061035156,66.70999908447266,66.73500061035156,9
2026-09-03 00:42:00-04:00,66.73500061035156,66.73999786376953,66.69999694824219,66.69999694824219,17
2026-09-03 00:43:00-04:00,66.73500061035156,66.73999786376953,66.72000122070312,66.73500061035156,6
2026-09-03 00:44:00-04:00,66.74500274658203,66.74500274658203,66.74500274658203,66.74500274658203,1
2026-09-03 00:45:00-04:00,66.75,66.76499938964844,66.73500061035156,66.73500061035156,83
2026-09-03 00:46:00-04:00,66.7699966430664,66.7699966430664,66.73500061035156,66.75,45
2026-09-03 00:47:00-04:00,66.76499938964844,66.77999877929688,66.76499938964844,66.76499938964844,10
2026-09-03 00:48:00-04:00,66.75499725341797,66.75499725341797,66.75499725341797,66.75499725341797,1
2026-09-03 00:49:00-04:00,66.71499633789062,66.73500061035156,66.71499633789062,66.73500061035156,5
2026-09-03 00:50:00-04:00,66.70999908447266,66.7300033569336,66.70999908447266,66.71499633789062,4
2026-09-03 00:51:00-04:00,66.69499969482422,66.70999908447266,66.69499969482422,66.69999694824219,7
2026-09-03 00:52:00-04:00,66.73999786376953,66.73999786376953,66.67500305175781,66.68499755859375,46
2026-09-03 00:53:00-04:00,66.73999786376953,66.73999786376953,66.73999786376953,66.73999786376953,3
2026-09-03 00:54:00-04:00,66.73999786376953,66.73999786376953,66.71499633789062,66.72000122070312,12
2026-09-03 00:55:00-04:00,66.70500183105469,66.74500274658203,66.67500305175781,66.73500061035156,14
2026-09-03 00:56:00-04:00,66.7249984741211,66.7249984741211,66.71499633789062,66.71499633789062,8
2026-09-03 00:57:00-04:00,66.73500061035156,66.73999786376953,66.70999908447266,66.72000122070312,19
2026-09-03 00:59:00-04:00,66.7249984741211,66.7300033569336,66.70999908447266,66.7300033569336,12
2026-09-03 01:00:00-04:00,66.79000091552734,66.79000091552734,66.7300033569336,66.7300033569336,23
2026-09-03 01:01:00-04:00,66.68499755859375,66.77999877929688,66.68499755859375,66.77999877929688,29
2026-09-03 01:02:00-04:00,66.66500091552734,66.69000244140625,66.66500091552734,66.68499755859375,9
2026-09-03 01:03:00-04:00,66.62999725341797,66.68499755859375,66.62000274658203,66.66999816894531,20
2026-09-03 01:04:00-04:00,66.625,66.6449966430664,66.625,66.6449966430664,12
2026-09-03 01:05:00-04:00,66.57499694824219,66.61000061035156,66.57499694824219,66.61000061035156,17
2026-09-03 01:06:00-04:00,66.46499633789062,66.56999969482422,66.46499633789062,66.56999969482422,60
2026-09-03 01:07:00-04:00,66.4749984741211,66.48500061035156,66.44499969482422,66.46499633789062,56
2026-09-03 01:08:00-04:00,66.4749984741211,66.4800033569336,66.45999908447266,66.4749984741211,35
2026-09-03 01:09:00-04:00,66.45999908447266,66.48500061035156,66.45999908447266,66.4749984741211,17
2026-09-03 01:10:00-04:00,66.52999877929688,66.52999877929688,66.47000122070312,66.47000122070312,99
2026-09-03 01:11:00-04:00,66.4800033569336,66.5199966430664,66.47000122070312,66.5199966430664,14
2026-09-03 01:12:00-04:00,66.48500061035156,66.48999786376953,66.4749984741211,66.4749984741211,6
2026-09-03 01:13:00-04:00,66.4800033569336,66.49500274658203,66.46499633789062,66.4749984741211,22
2026-09-03 01:14:00-04:00,66.5199966430664,66.5199966430664,66.47000122070312,66.47000122070312,23
2026-09-03 01:15:00-04:00,66.44499969482422,66.51000213623047,66.44499969482422,66.51000213623047,8
2026-09-03 01:16:00-04:00,66.44000244140625,66.46499633789062,66.42500305175781,66.44499969482422,26
2026-09-03 01:17:00-04:00,66.42500305175781,66.44499969482422,66.41500091552734,66.44499969482422,14
2026-09-03 01:18:00-04:00,66.44999694824219,66.4800033569336,66.41000366210938,66.43499755859375,36
2026-09-03 01:19:00-04:00,66.41999816894531,66.44000244140625,66.41000366210938,66.43000030517578,10
2026-09-03 01:20:00-04:00,66.36000061035156,66.40499877929688,66.3499984741211,66.40499877929688,69
2026-09-03 01:21:00-04:00,66.31500244140625,66.37000274658203,66.30999755859375,66.37000274658203,41
2026-09-03 01:22:00-04:00,66.29000091552734,66.31999969482422,66.29000091552734,66.31500244140625,35
2026-09-03 01:23:00-04:00,66.2750015258789,66.28500366210938,66.22000122070312,66.28500366210938,48
2026-09-03 01:24:00-04:00,66.31500244140625,66.31999969482422,66.2699966430664,66.2699966430664,65
2026-09-03 01:25:00-04:00,66.2750015258789,66.36499786376953,66.2750015258789,66.32499694824219,56
2026-09-03 01:26:00-04:00,66.26000213623047,66.31999969482422,66.26000213623047,66.29000091552734,20
2026-09-03 01:27:00-04:00,66.26499938964844,66.30000305175781,66.24500274658203,66.2750015258789,26
2026-09-03 01:28:00-04:00,66.28500366210938,66.29000091552734,66.2750015258789,66.2750015258789,9
2026-09-03 01:29:00-04:00,66.24500274658203,66.32499694824219,66.24500274658203,66.29499816894531,23
2026-09-03 01:30:00-04:00,66.30000305175781,66.30500030517578,66.17500305175781,66.23999786376953,247
2026-09-03 01:31:00-04:00,66.26499938964844,66.2750015258789,66.2249984741211,66.25499725341797,26
2026-09-03 01:32:00-04:00,66.33000183105469,66.33000183105469,66.23500061035156,66.25499725341797,23
2026-09-03 01:33:00-04:00,66.38500213623047,66.3949966430664,66.32499694824219,66.32499694824219,27
2026-09-03 01:34:00-04:00,66.38500213623047,66.44499969482422,66.375,66.38999938964844,53
2026-09-03 01:35:00-04:00,66.32499694824219,66.43499755859375,66.30500030517578,66.37999725341797,46
2026-09-03 01:36:00-04:00,66.25499725341797,66.27999877929688,66.20999908447266,66.2699966430664,60
2026-09-03 01:37:00-04:00,66.2699966430664,66.28500366210938,66.2249984741211,66.2249984741211,27
2026-09-03 01:38:00-04:00,66.29499816894531,66.30000305175781,66.26000213623047,66.26000213623047,7
2026-09-03 01:39:00-04:00,66.2750015258789,66.33999633789062,66.2750015258789,66.28500366210938,24
2026-09-03 01:40:00-04:00,66.2249984741211,66.2699966430664,66.2249984741211,66.26000213623047,13
2026-09-03 01:41:00-04:00,66.20500183105469,66.2249984741211,66.20500183105469,66.22000122070312,12
2026-09-03 01:42:00-04:00,66.30000305175781,66.30000305175781,66.21499633789062,66.21499633789062,14
2026-09-03 01:43:00-04:00,66.30500030517578,66.31999969482422,66.2750015258789,66.31999969482422,9
2026-09-03 01:44:00-04:00,66.33499908447266,66.3499984741211,66.32499694824219,66.32499694824219,4
2026-09-03 01:45:00-04:00,66.31999969482422,66.36499786376953,66.31999969482422,66.33999633789062,14
2026-09-03 01:46:00-04:00,66.23500061035156,66.27999877929688,66.22000122070312,66.27999877929688,15
2026-09-03 01:47:00-04:00,66.29000091552734,66.29000091552734,66.24500274658203,66.25499725341797,21
2026-09-03 01:48:00-04:00,66.3949966430664,66.3949966430664,66.36000061035156,66.36000061035156,3
2026-09-03 01:49:00-04:00,66.36000061035156,66.4000015258789,66.3550033569336,66.4000015258789,12
2026-09-03 01:50:00-04:00,66.44499969482422,66.44999694824219,66.38500213623047,66.38500213623047,18
2026-09-03 01:51:00-04:00,66.3949966430664,66.42500305175781,66.37999725341797,66.41000366210938,7
2026-09-03 01:52:00-04:00,66.41999816894531,66.44000244140625,66.41500091552734,66.41999816894531,10
2026-09-03 01:53:00-04:00,66.37000274658203,66.41000366210938,66.3550033569336,66.41000366210938,14
2026-09-03 01:54:00-04:00,66.37000274658203,66.37999725341797,66.34500122070312,66.375,17
2026-09-03 01:55:00-04:00,66.3949966430664,66.41999816894531,66.375,66.38999938964844,58
2026-09-03 01:56:00-04:00,66.40499877929688,66.41500091552734,66.38500213623047,66.40499877929688,29
2026-09-03 01:57:00-04:00,66.41000366210938,66.41000366210938,66.3499984741211,66.40499877929688,20
2026-09-03 01:58:00-04:00,66.3949966430664,66.4000015258789,66.37999725341797,66.37999725341797,10
2026-09-03 01:59:00-04:00,66.375,66.41000366210938,66.33999633789062,66.3949966430664,28
2026-09-03 02:00:00-04:00,66.42500305175781,66.45999908447266,66.37999725341797,66.37999725341797,34
2026-09-03 02:01:00-04:00,66.3949966430664,66.4749984741211,66.3949966430664,66.41500091552734,33
2026-09-03 02:02:00-04:00,66.36000061035156,66.38500213623047,66.3550033569336,66.38500213623047,20
2026-09-03 02:03:00-04:00,66.4000015258789,66.40499877929688,66.34500122070312,66.3499984741211,24
2026-09-03 02:04:00-04:00,66.41000366210938,66.41500091552734,66.38999938964844,66.3949966430664,11
2026-09-03 02:05:00-04:00,66.46499633789062,66.46499633789062,66.41999816894531,66.42500305175781,26
2026-09-03 02:06:00-04:00,66.61000061035156,66.61000061035156,66.44499969482422,66.44499969482422,62
2026-09-03 02:07:00-04:00,66.57499694824219,66.69000244140625,66.55000305175781,66.6050033569336,133
2026-09-03 02:08:00-04:00,66.67500305175781,66.68000030517578,66.58499908447266,66.58499908447266,55
2026-09-03 02:09:00-04:00,66.63999938964844,66.66500091552734,66.59500122070312,66.66500091552734,71
2026-09-03 02:10:00-04:00,66.61000061035156,66.66999816894531,66.58499908447266,66.6500015258789,42
2026-09-03 02:11:00-04:00,66.54000091552734,66.625,66.54000091552734,66.61499786376953,40
2026-09-03 02:12:00-04:00,66.54499816894531,66.56500244140625,66.5250015258789,66.53500366210938,52
2026-09-03 02:13:00-04:00,66.51000213623047,66.52999877929688,66.49500274658203,66.5250015258789,20
2026-09-03 02:14:00-04:00,66.51499938964844,66.55500030517578,66.50499725341797,66.52999877929688,12
2026-09-03 02:15:00-04:00,66.56999969482422,66.58000183105469,66.50499725341797,66.50499725341797,14
2026-09-03 02:16:00-04:00,66.48500061035156,66.55000305175781,66.4749984741211,66.55000305175781,29
2026-09-03 02:17:00-04:00,66.48999786376953,66.51499938964844,66.46499633789062,66.4800033569336,20
2026-09-03 02:18:00-04:00,66.50499725341797,66.55000305175781,66.50499725341797,66.54499816894531,14
2026-09-03 02:19:00-04:00,66.49500274658203,66.51499938964844,66.4800033569336,66.51499938964844,9
2026-09-03 02:20:00-04:00,66.48999786376953,66.49500274658203,66.4800033569336,66.49500274658203,7
2026-09-03 02:21:00-04:00,66.4000015258789,66.4800033569336,66.36000061035156,66.4800033569336,39
2026-09-03 02:22:00-04:00,66.37000274658203,66.38999938964844,66.36499786376953,66.38999938964844,33
2026-09-03 02:23:00-04:00,66.36499786376953,66.3949966430664,66.33000183105469,66.36499786376953,102
2026-09-03 02:24:00-04:00,66.30500030517578,66.38500213623047,66.30000305175781,66.37000274658203,58
2026-09-03 02:25:00-04:00,66.29499816894531,66.30999755859375,66.29499816894531,66.29499816894531,16
2026-09-03 02:26:00-04:00,66.34500122070312,66.3499984741211,66.31500244140625,66.31500244140625,11
2026-09-03 02:27:00-04:00,66.36499786376953,66.37000274658203,66.3499984741211,66.3499984741211,6
2026-09-03 02:28:00-04:00,66.31999969482422,66.3499984741211,66.31999969482422,66.3499984741211,9
2026-09-03 02:29:00-04:00,66.36000061035156,66.36000061035156,66.31500244140625,66.31500244140625,7
2026-09-03 02:30:00-04:00,66.36499786376953,66.36499786376953,66.33000183105469,66.3550033569336,11
2026-09-03 02:31:00-04:00,66.3550033569336,66.37000274658203,66.33499908447266,66.37000274658203,7
2026-09-03 02:32:00-04:00,66.33000183105469,66.36000061035156,66.31500244140625,66.36000061035156,6
2026-09-03 02:33:00-04:00,66.33000183105469,66.33000183105469,66.31500244140625,66.31500244140625,7
2026-09-03 02:34:00-04:00,66.30500030517578,66.31999969482422,66.2750015258789,66.31999969482422,20
2026-09-03 02:35:00-04:00,66.31999969482422,66.31999969482422,66.30000305175781,66.30000305175781,10
2026-09-03 02:36:00-04:00,66.3499984741211,66.3550033569336,66.30000305175781,66.30999755859375,10
2026-09-03 02:37:00-04:00,66.33000183105469,66.36499786376953,66.33000183105469,66.36000061035156,8
2026-09-03 02:38:00-04:00,66.33499908447266,66.33999633789062,66.31500244140625,66.33999633789062,7
2026-09-03 02:39:00-04:00,66.31500244140625,66.3499984741211,66.31500244140625,66.33999633789062,15
2026-09-03 02:40:00-04:00,66.3499984741211,66.3499984741211,66.32499694824219,66.32499694824219,3
2026-09-03 02:41:00-04:00,66.37000274658203,66.37999725341797,66.37000274658203,66.37000274658203,3
2026-09-03 02:42:00-04:00,66.37999725341797,66.37999725341797,66.36499786376953,66.37999725341797,15
2026-09-03 02:43:00-04:00,66.41999816894531,66.41999816894531,66.38999938964844,66.38999938964844,18
2026-09-03 02:44:00-04:00,66.36000061035156,66.41500091552734,66.36000061035156,66.41000366210938,36
2026-09-03 02:45:00-04:00,66.37000274658203,66.38500213623047,66.3499984741211,66.38500213623047,41
2026-09-03 02:46:00-04:00,66.37999725341797,66.42500305175781,66.37999725341797,66.41000366210938,12
2026-09-03 02:47:00-04:00,66.38500213623047,66.38500213623047,66.37999725341797,66.37999725341797,2
2026-09-03 02:48:00-04:00,66.3550033569336,66.3550033569336,66.3550033569336,66.3550033569336,1
2026-09-03 02:49:00-04:00,66.3550033569336,66.3550033569336,66.3550033569336,66.3550033569336,2
2026-09-03 02:50:00-04:00,66.36499786376953,66.36499786376953,66.33999633789062,66.3550033569336,12
2026-09-03 02:51:00-04:00,66.33499908447266,66.3499984741211,66.33499908447266,66.3499984741211,3
2026-09-03 02:52:00-04:00,66.31500244140625,66.33499908447266,66.31500244140625,66.33499908447266,6
2026-09-03 02:53:00-04:00,66.32499694824219,66.36000061035156,66.31500244140625,66.33000183105469,13
2026-09-03 02:54:00-04:00,66.28500366210938,66.33499908447266,66.28500366210938,66.33499908447266,4
2026-09-03 02:55:00-04:00,66.29499816894531,66.29499816894531,66.26000213623047,66.28500366210938,17
2026-09-03 02:56:00-04:00,66.2699966430664,66.29000091552734,66.26000213623047,66.29000091552734,11
2026-09-03 02:57:00-04:00,66.23500061035156,66.27999877929688,66.23500061035156,66.27999877929688,11
2026-09-03 02:58:00-04:00,66.18000030517578,66.21499633789062,66.17500305175781,66.21499633789062,34
2026-09-03 02:59:00-04:00,66.19999694824219,66.20500183105469,66.18000030517578,66.19499969482422,10
2026-09-03 03:00:00-04:00,66.31999969482422,66.31999969482422,66.17500305175781,66.19000244140625,25
2026-09-03 03:01:00-04:00,66.33000183105469,66.33499908447266,66.31999969482422,66.31999969482422,15
2026-09-03 03:02:00-04:00,66.44000244140625,66.44999694824219,66.33999633789062,66.34500122070312,23
2026-09-03 03:03:00-04:00,66.42500305175781,66.47000122070312,66.42500305175781,66.45500183105469,32
2026-09-03 03:04:00-04:00,66.51000213623047,66.51000213623047,66.42500305175781,66.42500305175781,20
2026-09-03 03:05:00-04:00,66.5199966430664,66.55000305175781,66.48500061035156,66.54499816894531,19
2026-09-03 03:06:00-04:00,66.5250015258789,66.5250015258789,66.45999908447266,66.51000213623047,25
2026-09-03 03:07:00-04:00,66.42500305175781,66.5199966430664,66.42500305175781,66.5,21
2026-09-03 03:08:00-04:00,66.41999816894531,66.41999816894531,66.38500213623047,66.41500091552734,16
2026-09-03 03:09:00-04:00,66.45500183105469,66.47000122070312,66.41000366210938,66.41500091552734,15
2026-09-03 03:10:00-04:00,66.45999908447266,66.48500061035156,66.4000015258789,66.44499969482422,31
2026-09-03 03:11:00-04:00,66.42500305175781,66.47000122070312,66.42500305175781,66.44999694824219,15
2026-09-03 03:12:00-04:00,66.43000030517578,66.44000244140625,66.40499877929688,66.43499755859375,10
2026-09-03 03:13:00-04:00,66.41999816894531,66.44000244140625,66.40499877929688,66.43000030517578,11
2026-09-03 03:14:00-04:00,66.41000366210938,66.41000366210938,66.40499877929688,66.40499877929688,2
2026-09-03 03:15:00-04:00,66.37000274658203,66.42500305175781,66.37000274658203,66.42500305175781,12
2026-09-03 03:16:00-04:00,66.44000244140625,66.44000244140625,66.41500091552734,66.41999816894531,6
2026-09-03 03:17:00-04:00,66.41000366210938,66.44499969482422,66.41000366210938,66.44499969482422,6
2026-09-03 03:18:00-04:00,66.43499755859375,66.43499755859375,66.37999725341797,66.41999816894531,20
2026-09-03 03:19:00-04:00,66.43000030517578,66.44499969482422,66.41999816894531,66.43499755859375,22
2026-09-03 03:20:00-04:00,66.41500091552734,66.44999694824219,66.41000366210938,66.44499969482422,22
2026-09-03 03:21:00-04:00,66.38500213623047,66.43499755859375,66.38500213623047,66.43000030517578,24
2026-09-03 03:22:00-04:00,66.3949966430664,66.41000366210938,66.37000274658203,66.38500213623047,20
2026-09-03 03:23:00-04:00,66.43000030517578,66.43499755859375,66.4000015258789,66.41999816894531,39
2026-09-03 03:24:00-04:00,66.44000244140625,66.45999908447266,66.42500305175781,66.45999908447266,19
2026-09-03 03:25:00-04:00,66.36499786376953,66.45500183105469,66.3550033569336,66.45500183105469,11
2026-09-03 03:26:00-04:00,66.37000274658203,66.375,66.3499984741211,66.36000061035156,9
2026-09-03 03:27:00-04:00,66.40499877929688,66.40499877929688,66.32499694824219,66.33499908447266,24
2026-09-03 03:28:00-04:00,66.41000366210938,66.43000030517578,66.38999938964844,66.3949966430664,16
2026-09-03 03:29:00-04:00,66.3949966430664,66.41999816894531,66.3949966430664,66.40499877929688,4
2026-09-03 03:30:00-04:00,66.43000030517578,66.45999908447266,66.43000030517578,66.43000030517578,11
2026-09-03 03:31:00-04:00,66.45999908447266,66.45999908447266,66.45999908447266,66.45999908447266,1
2026-09-03 03:32:00-04:00,66.51499938964844,66.53500366210938,66.48999786376953,66.48999786376953,20
2026-09-03 03:33:00-04:00,66.5199966430664,66.54000091552734,66.51499938964844,66.5199966430664,10
2026-09-03 03:34:00-04:00,66.5250015258789,66.55500030517578,66.5199966430664,66.54000091552734,17
2026-09-03 03:35:00-04:00,66.44499969482422,66.59500122070312,66.44499969482422,66.51499938964844,26
2026-09-03 03:36:00-04:00,66.42500305175781,66.49500274658203,66.42500305175781,66.48500061035156,13
2026-09-03 03:37:00-04:00,66.45999908447266,66.45999908447266,66.41500091552734,66.41500091552734,2
2026-09-03 03:38:00-04:00,66.50499725341797,66.54499816894531,66.47000122070312,66.47000122070312,26
2026-09-03 03:39:00-04:00,66.51000213623047,66.51000213623047,66.5,66.5,8
2026-09-03 03:40:00-04:00,66.55500030517578,66.55500030517578,66.4749984741211,66.48500061035156,9
2026-09-03 03:41:00-04:00,66.55999755859375,66.56500244140625,66.55000305175781,66.56500244140625,12
2026-09-03 03:42:00-04:00,66.51000213623047,66.55000305175781,66.51000213623047,66.55000305175781,6
2026-09-03 03:43:00-04:00,66.51499938964844,66.52999877929688,66.5,66.5,12
2026-09-03 03:44:00-04:00,66.47000122070312,66.48999786376953,66.47000122070312,66.48999786376953,12
2026-09-03 03:45:00-04:00,66.46499633789062,66.4800033569336,66.44999694824219,66.44999694824219,12
2026-09-03 03:46:00-04:00,66.49500274658203,66.49500274658203,66.45999908447266,66.45999908447266,4
2026-09-03 03:47:00-04:00,66.41000366210938,66.48500061035156,66.41000366210938,66.48500061035156,7
2026-09-03 03:48:00-04:00,66.37999725341797,66.41000366210938,66.3499984741211,66.40499877929688,28
2026-09-03 03:49:00-04:00,66.43499755859375,66.44000244140625,66.3949966430664,66.3949966430664,8
2026-09-03 03:50:00-04:00,66.40499877929688,66.44499969482422,66.40499877929688,66.41000366210938,13
2026-09-03 03:51:00-04:00,66.4000015258789,66.41000366210938,66.3949966430664,66.41000366210938,10
2026-09-03 03:52:00-04:00,66.41500091552734,66.41500091552734,66.36000061035156,66.41500091552734,75
2026-09-03 03:53:00-04:00,66.48500061035156,66.48500061035156,66.41999816894531,66.41999816894531,21
2026-09-03 03:54:00-04:00,66.50499725341797,66.51499938964844,66.45500183105469,66.48500061035156,62
2026-09-03 03:55:00-04:00,66.47000122070312,66.49500274658203,66.44999694824219,66.49500274658203,20
2026-09-03 03:57:00-04:00,66.5,66.50499725341797,66.48500061035156,66.50499725341797,5
2026-09-03 03:58:00-04:00,66.5199966430664,66.5199966430664,66.49500274658203,66.5,4
2026-09-03 03:59:00-04:00,66.47000122070312,66.4749984741211,66.47000122070312,66.47000122070312,5
2026-09-03 04:00:00-04:00,66.44499969482422,66.47000122070312,66.42500305175781,66.46499633789062,23
2026-09-03 04:01:00-04:00,66.46499633789062,66.46499633789062,66.43499755859375,66.43499755859375,4
2026-09-03 04:02:00-04:00,66.44499969482422,66.44999694824219,66.4000015258789,66.44999694824219,15
2026-09-03 04:03:00-04:00,66.68000030517578,66.68000030517578,66.44999694824219,66.45500183105469,175
2026-09-03 04:04:00-04:00,66.61499786376953,66.70999908447266,66.58499908447266,66.67500305175781,84
2026-09-03 04:05:00-04:00,66.71499633789062,66.78500366210938,66.625,66.625,106
2026-09-03 04:06:00-04:00,66.7249984741211,66.7699966430664,66.69000244140625,66.70500183105469,83
2026-09-03 04:07:00-04:00,66.77999877929688,66.79499816894531,66.71499633789062,66.71499633789062,114
2026-09-03 04:08:00-04:00,66.71499633789062,66.78500366210938,66.69000244140625,66.78500366210938,53
2026-09-03 04:09:00-04:00,66.5999984741211,66.72000122070312,66.5999984741211,66.71499633789062,18
2026-09-03 04:10:00-04:00,66.59500122070312,66.61499786376953,66.58999633789062,66.5999984741211,20
2026-09-03 04:11:00-04:00,66.58499908447266,66.58499908447266,66.56500244140625,66.58499908447266,11
2026-09-03 04:12:00-04:00,66.55999755859375,66.5999984741211,66.55999755859375,66.5999984741211,7
2026-09-03 04:13:00-04:00,66.48500061035156,66.56999969482422,66.4800033569336,66.56999969482422,12
2026-09-03 04:14:00-04:00,66.51499938964844,66.5199966430664,66.50499725341797,66.50499725341797,11
2026-09-03 04:15:00-04:00,66.5,66.5,66.46499633789062,66.4749984741211,23
2026-09-03 04:16:00-04:00,66.49500274658203,66.49500274658203,66.46499633789062,66.46499633789062,6
2026-09-03 04:17:00-04:00,66.54000091552734,66.55000305175781,66.51000213623047,66.51000213623047,10
2026-09-03 04:18:00-04:00,66.54000091552734,66.55000305175781,66.53500366210938,66.54000091552734,8
2026-09-03 04:19:00-04:00,66.625,66.63999938964844,66.55500030517578,66.55500030517578,39
2026-09-03 04:20:00-04:00,66.625,66.66500091552734,66.61499786376953,66.62999725341797,27
2026-09-03 04:21:00-04:00,66.6449966430664,66.6500015258789,66.63999938964844,66.6449966430664,13
2026-09-03 04:22:00-04:00,66.62999725341797,66.65499877929688,66.62999725341797,66.63999938964844,16
2026-09-03 04:23:00-04:00,66.55999755859375,66.62000274658203,66.54000091552734,66.6050033569336,48
2026-09-03 04:24:00-04:00,66.55999755859375,66.55999755859375,66.55000305175781,66.55000305175781,3
2026-09-03 04:25:00-04:00,66.58499908447266,66.58499908447266,66.56500244140625,66.58499908447266,3
2026-09-03 04:26:00-04:00,66.56500244140625,66.59500122070312,66.56500244140625,66.56999969482422,7
2026-09-03 04:27:00-04:00,66.58999633789062,66.61499786376953,66.58999633789062,66.5999984741211,12
2026-09-03 04:28:00-04:00,66.52999877929688,66.56500244140625,66.52999877929688,66.56500244140625,10
2026-09-03 04:29:00-04:00,66.6050033569336,66.6050033569336,66.54499816894531,66.54499816894531,62
2026-09-03 04:30:00-04:00,66.55999755859375,66.59500122070312,66.55000305175781,66.59500122070312,10
2026-09-03 04:31:00-04:00,66.55500030517578,66.59500122070312,66.54499816894531,66.55000305175781,38
2026-09-03 04:32:00-04:00,66.56500244140625,66.56500244140625,66.56500244140625,66.56500244140625,1
2026-09-03 04:33:00-04:00,66.5999984741211,66.61499786376953,66.58000183105469,66.5999984741211,13
2026-09-03 04:34:00-04:00,66.61000061035156,66.63500213623047,66.61000061035156,66.62999725341797,11
2026-09-03 04:35:00-04:00,66.55000305175781,66.625,66.55000305175781,66.6050033569336,17
2026-09-03 04:36:00-04:00,66.58000183105469,66.58000183105469,66.55500030517578,66.55500030517578,14
2026-09-03 04:37:00-04:00,66.54000091552734,66.54499816894531,66.52999877929688,66.52999877929688,3
2026-09-03 04:38:00-04:00,66.55999755859375,66.55999755859375,66.54499816894531,66.55999755859375,5
2026-09-03 04:39:00-04:00,66.5,66.52999877929688,66.5,66.52999877929688,5
2026-09-03 04:40:00-04:00,66.50499725341797,66.51499938964844,66.48999786376953,66.51000213623047,41
2026-09-03 04:41:00-04:00,66.49500274658203,66.5199966430664,66.49500274658203,66.5199966430664,3
2026-09-03 04:42:00-04:00,66.49500274658203,66.5,66.48999786376953,66.49500274658203,29
2026-09-03 04:43:00-04:00,66.5199966430664,66.5199966430664,66.45999908447266,66.4749984741211,32
2026-09-03 04:44:00-04:00,66.4800033569336,66.5199966430664,66.47000122070312,66.5199966430664,8
2026-09-03 04:45:00-04:00,66.54000091552734,66.54000091552734,66.49500274658203,66.49500274658203,9
2026-09-03 04:46:00-04:00,66.6050033569336,66.6050033569336,66.55500030517578,66.55500030517578,29
2026-09-03 04:47:00-04:00,66.66000366210938,66.68000030517578,66.61499786376953,66.61499786376953,62
2026-09-03 04:48:00-04:00,66.67500305175781,66.68499755859375,66.6500015258789,66.66999816894531,99
2026-09-03 04:49:00-04:00,66.65499877929688,66.69000244140625,66.6449966430664,66.68499755859375,37
2026-09-03 04:50:00-04:00,66.66000366210938,66.66000366210938,66.63500213623047,66.66000366210938,12
2026-09-03 04:51:00-04:00,66.48999786376953,66.6449966430664,66.45999908447266,66.63999938964844,87
2026-09-03 04:52:00-04:00,66.45500183105469,66.4749984741211,66.45500183105469,66.4749984741211,3
2026-09-03 04:53:00-04:00,66.45999908447266,66.50499725341797,66.44999694824219,66.4749984741211,41
2026-09-03 04:54:00-04:00,66.48500061035156,66.48500061035156,66.44999694824219,66.44999694824219,12
2026-09-03 04:55:00-04:00,66.4800033569336,66.4800033569336,66.45999908447266,66.4800033569336,3
2026-09-03 04:56:00-04:00,66.4749984741211,66.4800033569336,66.45500183105469,66.46499633789062,17
2026-09-03 04:57:00-04:00,66.5,66.5,66.48500061035156,66.48999786376953,12
2026-09-03 04:58:00-04:00,66.48999786376953,66.51499938964844,66.48999786376953,66.5,12
2026-09-03 04:59:00-04:00,66.48999786376953,66.48999786376953,66.46499633789062,66.47000122070312,8
2026-09-03 05:00:00-04:00,66.5,66.50499725341797,66.47000122070312,66.4749984741211,13
2026-09-03 05:01:00-04:00,66.50499725341797,66.50499725341797,66.45999908447266,66.48999786376953,20
2026-09-03 05:02:00-04:00,66.49500274658203,66.49500274658203,66.47000122070312,66.47000122070312,13
2026-09-03 05:03:00-04:00,66.45999908447266,66.45999908447266,66.45999908447266,66.45999908447266,1
2026-09-03 05:04:00-04:00,66.5,66.5,66.46499633789062,66.4749984741211,3
2026-09-03 05:05:00-04:00,66.45999908447266,66.47000122070312,66.45500183105469,66.47000122070312,4
2026-09-03 05:06:00-04:00,66.50499725341797,66.50499725341797,66.49500274658203,66.49500274658203,3
2026-09-03 05:07:00-04:00,66.53500366210938,66.53500366210938,66.4749984741211,66.5,17
2026-09-03 05:08:00-04:00,66.55000305175781,66.58000183105469,66.54000091552734,66.54000091552734,26
2026-09-03 05:09:00-04:00,66.55000305175781,66.55000305175781,66.5250015258789,66.54499816894531,11
2026-09-03 05:10:00-04:00,66.54000091552734,66.54000091552734,66.5250015258789,66.5250015258789,7
2026-09-03 05:11:00-04:00,66.54000091552734,66.54000091552734,66.53500366210938,66.53500366210938,2
2026-09-03 05:12:00-04:00,66.54000091552734,66.55000305175781,66.53500366210938,66.55000305175781,4
2026-09-03 05:13:00-04:00,66.56500244140625,66.56500244140625,66.54000091552734,66.54000091552734,3
2026-09-03 05:14:00-04:00,66.5,66.54499816894531,66.5,66.54499816894531,14
2026-09-03 05:15:00-04:00,66.4749984741211,66.49500274658203,66.47000122070312,66.49500274658203,7
2026-09-03 05:16:00-04:00,66.4000015258789,66.4800033569336,66.4000015258789,66.4800033569336,11
2026-09-03 05:17:00-04:00,66.41000366210938,66.42500305175781,66.3949966430664,66.41000366210938,8
2026-09-03 05:18:00-04:00,66.43499755859375,66.44499969482422,66.42500305175781,66.43499755859375,5
2026-09-03 05:19:00-04:00,66.3550033569336,66.41999816894531,66.3499984741211,66.41999816894531,23
2026-09-03 05:20:00-04:00,66.3949966430664,66.3949966430664,66.36000061035156,66.36000061035156,6
2026-09-03 05:21:00-04:00,66.40499877929688,66.41000366210938,66.36000061035156,66.37000274658203,26
2026-09-03 05:22:00-04:00,66.40499877929688,66.41999816894531,66.3949966430664,66.4000015258789,4
2026-09-03 05:23:00-04:00,66.3550033569336,66.375,66.3550033569336,66.36000061035156,4
2026-09-03 05:24:00-04:00,66.37000274658203,66.375,66.3550033569336,66.36000061035156,19
2026-09-03 05:25:00-04:00,66.36000061035156,66.36000061035156,66.3499984741211,66.36000061035156,4
2026-09-03 05:26:00-04:00,66.3550033569336,66.3550033569336,66.3550033569336,66.3550033569336,3
2026-09-03 05:27:00-04:00,66.38500213623047,66.38500213623047,66.36000061035156,66.36000061035156,5
2026-09-03 05:28:00-04:00,66.37999725341797,66.37999725341797,66.36499786376953,66.36499786376953,2
2026-09-03 05:29:00-04:00,66.36000061035156,66.37999725341797,66.3550033569336,66.37999725341797,12
2026-09-03 05:30:00-04:00,66.33000183105469,66.36499786376953,66.33000183105469,66.36000061035156,13
2026-09-03 05:31:00-04:00,66.31500244140625,66.3499984741211,66.31500244140625,66.3499984741211,7
2026-09-03 05:32:00-04:00,66.36499786376953,66.375,66.31999969482422,66.33000183105469,12
2026-09-03 05:33:00-04:00,66.38999938964844,66.38999938964844,66.36499786376953,66.36499786376953,10
2026-09-03 05:34:00-04:00,66.3499984741211,66.38500213623047,66.3499984741211,66.38500213623047,6
2026-09-03 05:35:00-04:00,66.36000061035156,66.36000061035156,66.36000061035156,66.36000061035156,2
2026-09-03 05:36:00-04:00,66.32499694824219,66.38500213623047,66.31999969482422,66.38500213623047,10
2026-09-03 05:37:00-04:00,66.26499938964844,66.29000091552734,66.25,66.29000091552734,11
2026-09-03 05:38:00-04:00,66.25499725341797,66.2750015258789,66.23500061035156,66.26000213623047,21
2026-09-03 05:39:00-04:00,66.28500366210938,66.28500366210938,66.24500274658203,66.2699966430664,15
2026-09-03 05:40:00-04:00,66.31500244140625,66.31500244140625,66.29499816894531,66.30000305175781,20
2026-09-03 05:41:00-04:00,66.30000305175781,66.30000305175781,66.29499816894531,66.29499816894531,3
2026-09-03 05:42:00-04:00,66.30999755859375,66.30999755859375,66.30999755859375,66.30999755859375,1
2026-09-03 05:43:00-04:00,66.27999877929688,66.32499694824219,66.27999877929688,66.32499694824219,7
2026-09-03 05:44:00-04:00,66.25,66.25,66.2300033569336,66.25,9
2026-09-03 05:45:00-04:00,66.23999786376953,66.25499725341797,66.2249984741211,66.24500274658203,15
2026-09-03 05:46:00-04:00,66.2249984741211,66.23500061035156,66.20500183105469,66.2300033569336,36
2026-09-03 05:47:00-04:00,66.26000213623047,66.26000213623047,66.22000122070312,66.2300033569336,6
2026-09-03 05:48:00-04:00,66.25,66.25,66.21499633789062,66.2249984741211,7
2026-09-03 05:49:00-04:00,66.21499633789062,66.24500274658203,66.21499633789062,66.24500274658203,9
2026-09-03 05:50:00-04:00,66.26000213623047,66.26000213623047,66.2249984741211,66.2249984741211,2
2026-09-03 05:51:00-04:00,66.2750015258789,66.2750015258789,66.24500274658203,66.24500274658203,21
2026-09-03 05:52:00-04:00,66.2300033569336,66.25499725341797,66.22000122070312,66.25499725341797,13
2026-09-03 05:53:00-04:00,66.26000213623047,66.26000213623047,66.25,66.25499725341797,3
2026-09-03 05:54:00-04:00,66.24500274658203,66.24500274658203,66.24500274658203,66.24500274658203,1
2026-09-03 05:55:00-04:00,66.25,66.25499725341797,66.19999694824219,66.23500061035156,29
2026-09-03 05:56:00-04:00,66.2249984741211,66.24500274658203,66.2249984741211,66.2300033569336,16
2026-09-03 05:57:00-04:00,66.24500274658203,66.25,66.24500274658203,66.25,6
2026-09-03 05:58:00-04:00,66.20999908447266,66.2750015258789,66.20999908447266,66.2750015258789,10
2026-09-03 05:59:00-04:00,66.25,66.2750015258789,66.23999786376953,66.23999786376953,17
2026-09-03 06:00:00-04:00,66.2300033569336,66.25499725341797,66.2300033569336,66.25499725341797,4
2026-09-03 06:01:00-04:00,66.23500061035156,66.23500061035156,66.22000122070312,66.22000122070312,5
2026-09-03 06:02:00-04:00,66.19000244140625,66.22000122070312,66.18499755859375,66.22000122070312,22
2026-09-03 06:03:00-04:00,66.20500183105469,66.20500183105469,66.17500305175781,66.19499969482422,20
2026-09-03 06:05:00-04:00,66.25,66.25,66.23500061035156,66.23999786376953,5
2026-09-03 06:06:00-04:00,66.26000213623047,66.26000213623047,66.25,66.25,6
2026-09-03 06:07:00-04:00,66.25,66.25,66.25,66.25,4
2026-09-03 06:08:00-04:00,66.20999908447266,66.23999786376953,66.20999908447266,66.23999786376953,16
2026-09-03 06:09:00-04:00,66.19499969482422,66.19499969482422,66.19499969482422,66.19499969482422,4
2026-09-03 06:10:00-04:00,66.18000030517578,66.18499755859375,66.17500305175781,66.18000030517578,18
2026-09-03 06:11:00-04:00,66.20999908447266,66.2249984741211,66.17500305175781,66.17500305175781,43
2026-09-03 06:12:00-04:00,66.19499969482422,66.23500061035156,66.19499969482422,66.20999908447266,25
2026-09-03 06:13:00-04:00,66.18499755859375,66.19499969482422,66.18499755859375,66.19499969482422,3
2026-09-03 06:14:00-04:00,66.16999816894531,66.19000244140625,66.15499877929688,66.19000244140625,24
2026-09-03 06:15:00-04:00,66.17500305175781,66.19000244140625,66.17500305175781,66.18499755859375,18
2026-09-03 06:16:00-04:00,66.16000366210938,66.18499755859375,66.15499877929688,66.18000030517578,23
2026-09-03 06:17:00-04:00,66.16000366210938,66.16999816894531,66.16000366210938,66.16500091552734,4
2026-09-03 06:18:00-04:00,66.1449966430664,66.16000366210938,66.13999938964844,66.15499877929688,15
2026-09-03 06:19:00-04:00,66.05000305175781,66.13500213623047,66.05000305175781,66.13500213623047,117
2026-09-03 06:20:00-04:00,66.00499725341797,66.05000305175781,65.98500061035156,66.05000305175781,80
2026-09-03 06:21:00-04:00,65.99500274658203,66.01000213623047,65.97000122070312,66.0,58
2026-09-03 06:22:00-04:00,66.03500366210938,66.04000091552734,66.0,66.0,54
2026-09-03 06:23:00-04:00,66.0250015258789,66.03500366210938,66.0199966430664,66.03500366210938,11
2026-09-03 06:24:00-04:00,65.98500061035156,66.06999969482422,65.98500061035156,66.0199966430664,62
2026-09-03 06:25:00-04:00,66.0199966430664,66.0199966430664,65.98500061035156,66.0,24
2026-09-03 06:26:00-04:00,66.0199966430664,66.0250015258789,66.0,66.01499938964844,16
2026-09-03 06:27:00-04:00,66.06500244140625,66.06999969482422,66.01499938964844,66.02999877929688,36
2026-09-03 06:28:00-04:00,66.0199966430664,66.06999969482422,66.0199966430664,66.05500030517578,28
2026-09-03 06:29:00-04:00,66.04000091552734,66.04499816894531,66.0199966430664,66.0199966430664,16
2026-09-03 06:30:00-04:00,66.01499938964844,66.03500366210938,66.01499938964844,66.03500366210938,12
2026-09-03 06:31:00-04:00,65.9800033569336,66.0,65.9800033569336,65.99500274658203,18
2026-09-03 06:32:00-04:00,65.98999786376953,66.00499725341797,65.98500061035156,65.99500274658203,32
2026-09-03 06:33:00-04:00,66.01499938964844,66.0250015258789,65.9749984741211,65.98500061035156,23
2026-09-03 06:34:00-04:00,66.0,66.0199966430664,66.0,66.01000213623047,11
2026-09-03 06:35:00-04:00,66.04000091552734,66.04499816894531,66.0,66.00499725341797,16
2026-09-03 06:36:00-04:00,66.05500030517578,66.08499908447266,66.03500366210938,66.03500366210938,30
2026-09-03 06:37:00-04:00,66.0250015258789,66.05999755859375,66.0250015258789,66.04000091552734,11
2026-09-03 06:38:00-04:00,66.08499908447266,66.08499908447266,66.04000091552734,66.04000091552734,39
2026-09-03 06:39:00-04:00,66.13500213623047,66.15499877929688,66.08499908447266,66.08499908447266,24
2026-09-03 06:40:00-04:00,66.11499786376953,66.13999938964844,66.11499786376953,66.13999938964844,11
2026-09-03 06:41:00-04:00,66.16999816894531,66.16999816894531,66.13500213623047,66.13500213623047,18
2026-09-03 06:42:00-04:00,66.1449966430664,66.17500305175781,66.13999938964844,66.16500091552734,26
2026-09-03 06:43:00-04:00,66.16999816894531,66.16999816894531,66.1500015258789,66.16500091552734,9
2026-09-03 06:44:00-04:00,66.16000366210938,66.16000366210938,66.13999938964844,66.16000366210938,11
2026-09-03 06:45:00-04:00,66.17500305175781,66.19000244140625,66.15499877929688,66.15499877929688,5
2026-09-03 06:46:00-04:00,66.15499877929688,66.16999816894531,66.1449966430664,66.16999816894531,3
2026-09-03 06:47:00-04:00,66.16500091552734,66.16500091552734,66.16500091552734,66.16500091552734,1
2026-09-03 06:48:00-04:00,66.13500213623047,66.16500091552734,66.13500213623047,66.16000366210938,7
2026-09-03 06:49:00-04:00,66.125,66.1449966430664,66.125,66.1449966430664,5
2026-09-03 06:50:00-04:00,66.1449966430664,66.1449966430664,66.13500213623047,66.13500213623047,4
2026-09-03 06:51:00-04:00,66.15499877929688,66.15499877929688,66.13500213623047,66.13500213623047,3
2026-09-03 06:52:00-04:00,66.16500091552734,66.16500091552734,66.1500015258789,66.1500015258789,2
2026-09-03 06:53:00-04:00,66.19499969482422,66.19999694824219,66.17500305175781,66.17500305175781,12
2026-09-03 06:54:00-04:00,66.19499969482422,66.20999908447266,66.19000244140625,66.20500183105469,9
2026-09-03 06:55:00-04:00,66.2249984741211,66.2249984741211,66.19999694824219,66.20999908447266,13
2026-09-03 06:56:00-04:00,66.21499633789062,66.21499633789062,66.20999908447266,66.21499633789062,9
2026-09-03 06:57:00-04:00,66.19499969482422,66.2300033569336,66.19499969482422,66.21499633789062,5
2026-09-03 06:59:00-04:00,66.13500213623047,66.20500183105469,66.12999725341797,66.20500183105469,28
2026-09-03 07:00:00-04:00,66.23500061035156,66.2699966430664,66.12000274658203,66.13999938964844,102
2026-09-03 07:01:00-04:00,66.17500305175781,66.2300033569336,66.17500305175781,66.2249984741211,28
2026-09-03 07:02:00-04:00,66.18499755859375,66.19000244140625,66.16500091552734,66.16999816894531,22
2026-09-03 07:03:00-04:00,66.2249984741211,66.2300033569336,66.18499755859375,66.19499969482422,20
2026-09-03 07:04:00-04:00,66.18499755859375,66.19499969482422,66.18499755859375,66.19000244140625,5
2026-09-03 07:05:00-04:00,66.19000244140625,66.21499633789062,66.19000244140625,66.19499969482422,9
2026-09-03 07:06:00-04:00,66.20999908447266,66.20999908447266,66.20999908447266,66.20999908447266,1
2026-09-03 07:07:00-04:00,66.19999694824219,66.22000122070312,66.19999694824219,66.22000122070312,2
2026-09-03 07:08:00-04:00,66.29000091552734,66.30500030517578,66.23500061035156,66.23500061035156,27
2026-09-03 07:09:00-04:00,66.30999755859375,66.33000183105469,66.30000305175781,66.33000183105469,15
2026-09-03 07:10:00-04:00,66.30999755859375,66.31999969482422,66.30000305175781,66.30000305175781,33
2026-09-03 07:11:00-04:00,66.3550033569336,66.36499786376953,66.31500244140625,66.32499694824219,32
2026-09-03 07:12:00-04:00,66.36499786376953,66.37000274658203,66.34500122070312,66.34500122070312,13
2026-09-03 07:13:00-04:00,66.36499786376953,66.36499786376953,66.3499984741211,66.3499984741211,8
2026-09-03 07:14:00-04:00,66.375,66.3949966430664,66.3550033569336,66.37000274658203,60
2026-09-03 07:15:00-04:00,66.38500213623047,66.45500183105469,66.375,66.37999725341797,39
2026-09-03 07:16:00-04:00,66.38500213623047,66.3949966430664,66.37999725341797,66.37999725341797,15
2026-09-03 07:17:00-04:00,66.38999938964844,66.38999938964844,66.3499984741211,66.37999725341797,17
2026-09-03 07:18:00-04:00,66.38500213623047,66.4800033569336,66.33000183105469,66.37999725341797,114
2026-09-03 07:19:00-04:00,66.3949966430664,66.41500091552734,66.38999938964844,66.38999938964844,19
2026-09-03 07:20:00-04:00,66.30999755859375,66.3949966430664,66.30999755859375,66.38999938964844,47
2026-09-03 07:21:00-04:00,66.31999969482422,66.33000183105469,66.30999755859375,66.31999969482422,13
2026-09-03 07:22:00-04:00,66.30999755859375,66.33000183105469,66.30999755859375,66.33000183105469,2
2026-09-03 07:23:00-04:00,66.31999969482422,66.32499694824219,66.30000305175781,66.32499694824219,21
2026-09-03 07:24:00-04:00,66.31999969482422,66.31999969482422,66.31999969482422,66.31999969482422,1
2026-09-03 07:25:00-04:00,66.3550033569336,66.3550033569336,66.33000183105469,66.33499908447266,16
2026-09-03 07:26:00-04:00,66.375,66.40499877929688,66.36499786376953,66.36499786376953,28
2026-09-03 07:27:00-04:00,66.33999633789062,66.37000274658203,66.33999633789062,66.3550033569336,7
2026-09-03 07:28:00-04:00,66.3499984741211,66.3499984741211,66.33000183105469,66.33499908447266,6
2026-09-03 07:29:00-04:00,66.37999725341797,66.38999938964844,66.33499908447266,66.34500122070312,10
2026-09-03 07:30:00-04:00,66.32499694824219,66.4000015258789,66.32499694824219,66.38500213623047,23
2026-09-03 07:31:00-04:00,66.30999755859375,66.32499694824219,66.16999816894531,66.31999969482422,167
2026-09-03 07:32:00-04:00,66.30500030517578,66.33499908447266,66.29499816894531,66.30000305175781,35
2026-09-03 07:33:00-04:00,66.34500122070312,66.34500122070312,66.30000305175781,66.30999755859375,21
2026-09-03 07:34:00-04:00,66.33999633789062,66.34500122070312,66.33499908447266,66.34500122070312,6
2026-09-03 07:35:00-04:00,66.31999969482422,66.3550033569336,66.31500244140625,66.33999633789062,11
2026-09-03 07:36:00-04:00,66.37999725341797,66.37999725341797,66.33000183105469,66.33000183105469,23
2026-09-03 07:37:00-04:00,66.33499908447266,66.375,66.33499908447266,66.37000274658203,8
2026-09-03 07:38:00-04:00,66.32499694824219,66.32499694824219,66.29499816894531,66.32499694824219,51
2026-09-03 07:39:00-04:00,66.31999969482422,66.36499786376953,66.31999969482422,66.33499908447266,18
2026-09-03 07:40:00-04:00,66.3949966430664,66.4000015258789,66.30999755859375,66.31500244140625,22
2026-09-03 07:41:00-04:00,66.34500122070312,66.37999725341797,66.33499908447266,66.37999725341797,17
2026-09-03 07:42:00-04:00,66.36000061035156,66.37000274658203,66.3499984741211,66.3499984741211,7
2026-09-03 07:43:00-04:00,66.38999938964844,66.4000015258789,66.37000274658203,66.37000274658203,11
2026-09-03 07:44:00-04:00,66.37000274658203,66.4000015258789,66.37000274658203,66.4000015258789,11
2026-09-03 07:45:00-04:00,66.4000015258789,66.41000366210938,66.3550033569336,66.37999725341797,26
2026-09-03 07:46:00-04:00,66.37000274658203,66.41000366210938,66.36499786376953,66.38999938964844,40
2026-09-03 07:47:00-04:00,66.3550033569336,66.36499786376953,66.33499908447266,66.36499786376953,28
2026-09-03 07:48:00-04:00,66.34500122070312,66.3550033569336,66.31500244140625,66.3550033569336,32
2026-09-03 07:49:00-04:00,66.36000061035156,66.36499786376953,66.34500122070312,66.3550033569336,11
2026-09-03 07:50:00-04:00,66.33000183105469,66.38500213623047,66.33000183105469,66.375,20
2026-09-03 07:51:00-04:00,66.33000183105469,66.36000061035156,66.33000183105469,66.33000183105469,7
2026-09-03 07:52:00-04:00,66.3550033569336,66.36499786376953,66.32499694824219,66.32499694824219,18
2026-09-03 07:53:00-04:00,66.3550033569336,66.37000274658203,66.33499908447266,66.3499984741211,41
2026-09-03 07:54:00-04:00,66.33999633789062,66.36000061035156,66.33999633789062,66.33999633789062,11
2026-09-03 07:55:00-04:00,66.36000061035156,66.36000061035156,66.34500122070312,66.34500122070312,6
2026-09-03 07:56:00-04:00,66.34500122070312,66.36000061035156,66.34500122070312,66.3499984741211,5
2026-09-03 07:57:00-04:00,66.36000061035156,66.38500213623047,66.31500244140625,66.33999633789062,90
2026-09-03 07:58:00-04:00,66.37999725341797,66.38500213623047,66.34500122070312,66.3550033569336,20
2026-09-03 07:59:00-04:00,66.375,66.38500213623047,66.36499786376953,66.37999725341797,18
2026-09-03 08:00:00-04:00,66.36499786376953,66.375,66.30000305175781,66.37000274658203,35
2026-09-03 08:01:00-04:00,66.36000061035156,66.38999938964844,66.33999633789062,66.3550033569336,43
2026-09-03 08:02:00-04:00,66.37000274658203,66.38500213623047,66.33000183105469,66.37000274658203,28
2026-09-03 08:03:00-04:00,66.41000366210938,66.44999694824219,66.37999725341797,66.37999725341797,56
2026-09-03 08:04:00-04:00,66.4000015258789,66.43000030517578,66.3949966430664,66.40499877929688,25
2026-09-03 08:05:00-04:00,66.3949966430664,66.41000366210938,66.37000274658203,66.40499877929688,40
2026-09-03 08:06:00-04:00,66.33000183105469,66.4000015258789,66.33000183105469,66.3949966430664,20
2026-09-03 08:07:00-04:00,66.31999969482422,66.31999969482422,66.29499816894531,66.30999755859375,33
2026-09-03 08:08:00-04:00,66.30999755859375,66.33999633789062,66.30999755859375,66.33999633789062,8
2026-09-03 08:09:00-04:00,66.32499694824219,66.33499908447266,66.29499816894531,66.29499816894531,34
2026-09-03 08:10:00-04:00,66.38999938964844,66.38999938964844,66.32499694824219,66.33000183105469,33
2026-09-03 08:11:00-04:00,66.30999755859375,66.38999938964844,66.29499816894531,66.38999938964844,61
2026-09-03 08:12:00-04:00,66.28500366210938,66.32499694824219,66.24500274658203,66.31500244140625,67
2026-09-03 08:13:00-04:00,66.29000091552734,66.29499816894531,66.26000213623047,66.2750015258789,85
2026-09-03 08:14:00-04:00,66.2750015258789,66.29000091552734,66.2750015258789,66.28500366210938,20
2026-09-03 08:15:00-04:00,66.23500061035156,66.25499725341797,66.2249984741211,66.25499725341797,27
2026-09-03 08:16:00-04:00,66.18499755859375,66.23500061035156,66.16999816894531,66.2300033569336,66
2026-09-03 08:17:00-04:00,66.21499633789062,66.22000122070312,66.17500305175781,66.17500305175781,49
2026-09-03 08:18:00-04:00,66.25499725341797,66.26499938964844,66.20500183105469,66.20500183105469,43
2026-09-03 08:19:00-04:00,66.24500274658203,66.2699966430664,66.24500274658203,66.24500274658203,31
2026-09-03 08:20:00-04:00,66.21499633789062,66.2750015258789,66.19999694824219,66.26000213623047,124
2026-09-03 08:21:00-04:00,66.23999786376953,66.23999786376953,66.2249984741211,66.2249984741211,26
2026-09-03 08:22:00-04:00,66.25,66.2750015258789,66.23500061035156,66.25,13
2026-09-03 08:23:00-04:00,66.29499816894531,66.29499816894531,66.25,66.26499938964844,32
2026-09-03 08:24:00-04:00,66.38999938964844,66.41999816894531,66.30500030517578,66.30500030517578,39
2026-09-03 08:25:00-04:00,66.38999938964844,66.45500183105469,66.375,66.38500213623047,54
2026-09-03 08:26:00-04:00,66.44000244140625,66.44000244140625,66.38999938964844,66.38999938964844,58
2026-09-03 08:27:00-04:00,66.38999938964844,66.45500183105469,66.375,66.44499969482422,41
2026-09-03 08:28:00-04:00,66.41500091552734,66.41500091552734,66.375,66.3949966430664,21
2026-09-03 08:29:00-04:00,66.44000244140625,66.45500183105469,66.41999816894531,66.43000030517578,24
2026-09-03 08:30:00-04:00,66.73999786376953,66.98999786376953,66.42500305175781,66.42500305175781,780
2026-09-03 08:31:00-04:00,66.88999938964844,66.9000015258789,66.69499969482422,66.69999694824219,109
2026-09-03 08:32:00-04:00,66.83999633789062,66.93000030517578,66.83000183105469,66.9000015258789,164
2026-09-03 08:33:00-04:00,66.7699966430664,66.84500122070312,66.75499725341797,66.84500122070312,73
2026-09-03 08:34:00-04:00,66.77999877929688,66.78500366210938,66.7249984741211,66.76499938964844,56
2026-09-03 08:35:00-04:00,66.59500122070312,66.80999755859375,66.54499816894531,66.7750015258789,210
2026-09-03 08:36:00-04:00,66.70999908447266,66.70999908447266,66.59500122070312,66.59500122070312,62
2026-09-03 08:37:00-04:00,66.78500366210938,66.78500366210938,66.71499633789062,66.74500274658203,81
2026-09-03 08:38:00-04:00,66.90499877929688,66.93000030517578,66.80000305175781,66.80000305175781,93
2026-09-03 08:39:00-04:00,66.8499984741211,66.91000366210938,66.80999755859375,66.91000366210938,96
2026-09-03 08:40:00-04:00,66.83000183105469,66.86499786376953,66.7750015258789,66.8550033569336,114
2026-09-03 08:41:00-04:00,66.66000366210938,66.83000183105469,66.6500015258789,66.83000183105469,65
2026-09-03 08:42:00-04:00,66.66000366210938,66.68499755859375,66.61000061035156,66.66999816894531,89
2026-09-03 08:43:00-04:00,66.61000061035156,66.66500091552734,66.56999969482422,66.65499877929688,52
2026-09-03 08:44:00-04:00,66.61000061035156,66.66000366210938,66.56999969482422,66.61499786376953,45
2026-09-03 08:45:00-04:00,66.66999816894531,66.67500305175781,66.58499908447266,66.61000061035156,49
2026-09-03 08:46:00-04:00,66.75,66.75,66.66000366210938,66.66500091552734,111
2026-09-03 08:47:00-04:00,66.76000213623047,66.79499816894531,66.7300033569336,66.73999786376953,51
2026-09-03 08:48:00-04:00,66.77999877929688,66.80500030517578,66.74500274658203,66.7750015258789,56
2026-09-03 08:49:00-04:00,66.91999816894531,66.91999816894531,66.7699966430664,66.77999877929688,318
2026-09-03 08:50:00-04:00,66.97000122070312,66.98999786376953,66.91500091552734,66.91999816894531,264
2026-09-03 08:51:00-04:00,66.9800033569336,67.01499938964844,66.96499633789062,66.98500061035156,157
2026-09-03 08:52:00-04:00,66.99500274658203,67.05000305175781,66.97000122070312,66.98999786376953,194
2026-09-03 08:53:00-04:00,67.07499694824219,67.11499786376953,66.99500274658203,67.00499725341797,209
2026-09-03 08:54:00-04:00,67.25,67.25499725341797,67.06999969482422,67.06999969482422,265
2026-09-03 08:55:00-04:00,67.2699966430664,67.29499816894531,67.19499969482422,67.2249984741211,117
2026-09-03 08:56:00-04:00,67.20500183105469,67.27999877929688,67.19999694824219,67.26000213623047,89
2026-09-03 08:57:00-04:00,67.23999786376953,67.24500274658203,67.17500305175781,67.21499633789062,120
2026-09-03 08:58:00-04:00,67.33499908447266,67.36499786376953,67.2300033569336,67.2300033569336,164
2026-09-03 08:59:00-04:00,67.26000213623047,67.33000183105469,67.2300033569336,67.33000183105469,150
2026-09-03 09:00:00-04:00,67.2249984741211,67.30000305175781,67.09500122070312,67.24500274658203,436
2026-09-03 09:01:00-04:00,67.2300033569336,67.3499984741211,67.20999908447266,67.2249984741211,153
2026-09-03 09:02:00-04:00,67.19000244140625,67.27999877929688,67.16999816894531,67.2249984741211,86
2026-09-03 09:03:00-04:00,67.24500274658203,67.28500366210938,67.17500305175781,67.23500061035156,68
2026-09-03 09:04:00-04:00,67.1500015258789,67.23999786376953,67.11000061035156,67.23999786376953,76
2026-09-03 09:05:00-04:00,67.16999816894531,67.18000030517578,67.125,67.18000030517578,39
2026-09-03 09:06:00-04:00,67.08499908447266,67.18000030517578,67.07499694824219,67.1500015258789,51
2026-09-03 09:07:00-04:00,67.13500213623047,67.15499877929688,67.0250015258789,67.08999633789062,88
2026-09-03 09:08:00-04:00,67.17500305175781,67.22000122070312,67.0999984741211,67.12999725341797,85
2026-09-03 09:09:00-04:00,67.125,67.17500305175781,67.125,67.17500305175781,16
2026-09-03 09:10:00-04:00,67.125,67.16000366210938,67.125,67.13500213623047,31
2026-09-03 09:11:00-04:00,67.19000244140625,67.19999694824219,67.11000061035156,67.12000274658203,83
2026-09-03 09:12:00-04:00,67.12000274658203,67.19000244140625,67.11000061035156,67.19000244140625,31
2026-09-03 09:13:00-04:00,67.09500122070312,67.18000030517578,67.08499908447266,67.12999725341797,29
2026-09-03 09:14:00-04:00,67.125,67.19000244140625,67.08499908447266,67.09500122070312,49
2026-09-03 09:15:00-04:00,67.1449966430664,67.1449966430664,67.08499908447266,67.125,54
2026-09-03 09:16:00-04:00,67.11000061035156,67.16000366210938,67.07499694824219,67.15499877929688,35
2026-09-03 09:17:00-04:00,66.99500274658203,67.11000061035156,66.9800033569336,67.1050033569336,187
2026-09-03 09:18:00-04:00,67.01000213623047,67.02999877929688,66.98500061035156,66.99500274658203,62
2026-09-03 09:19:00-04:00,66.97000122070312,67.02999877929688,66.95500183105469,66.99500274658203,81
2026-09-03 09:20:00-04:00,67.0,67.0199966430664,66.94000244140625,66.96499633789062,71
2026-09-03 09:21:00-04:00,67.0,67.0199966430664,66.94999694824219,66.98999786376953,47
2026-09-03 09:22:00-04:00,67.02999877929688,67.08999633789062,67.00499725341797,67.00499725341797,74
2026-09-03 09:23:00-04:00,67.04499816894531,67.05999755859375,67.01000213623047,67.01000213623047,30
2026-09-03 09:24:00-04:00,67.05999755859375,67.06999969482422,67.0250015258789,67.03500366210938,34
2026-09-03 09:25:00-04:00,66.94999694824219,67.05500030517578,66.94999694824219,67.03500366210938,96
2026-09-03 09:26:00-04:00,66.9749984741211,67.00499725341797,66.93499755859375,66.94499969482422,31
2026-09-03 09:27:00-04:00,67.0,67.01499938964844,66.95999908447266,66.98500061035156,34
2026-09-03 09:28:00-04:00,66.98999786376953,67.01499938964844,66.97000122070312,67.00499725341797,21
2026-09-03 09:29:00-04:00,67.04499816894531,67.04499816894531,66.98500061035156,66.99500274658203,33
2026-09-03 09:30:00-04:00,67.0,67.08499908447266,66.9800033569336,67.02999877929688,106
2026-09-03 09:31:00-04:00,66.94499969482422,67.0199966430664,66.94499969482422,67.0199966430664,49
2026-09-03 09:32:00-04:00,66.93000030517578,67.01499938964844,66.91000366210938,66.93000030517578,64
2026-09-03 09:33:00-04:00,67.0,67.05000305175781,66.93000030517578,66.93499755859375,60
2026-09-03 09:34:00-04:00,66.90499877929688,67.0,66.87999725341797,67.0,93
2026-09-03 09:35:00-04:00,66.93499755859375,66.95500183105469,66.87000274658203,66.88999938964844,37
2026-09-03 09:36:00-04:00,66.86499786376953,66.94000244140625,66.83499908447266,66.93000030517578,38
2026-09-03 09:37:00-04:00,66.87000274658203,66.90499877929688,66.83000183105469,66.8499984741211,27
2026-09-03 09:38:00-04:00,66.86000061035156,66.90499877929688,66.8499984741211,66.86499786376953,33
2026-09-03 09:39:00-04:00,66.87999725341797,66.9000015258789,66.83000183105469,66.83999633789062,69
2026-09-03 09:40:00-04:00,66.80000305175781,66.875,66.80000305175781,66.87000274658203,100
2026-09-03 09:41:00-04:00,66.875,66.87999725341797,66.73999786376953,66.79000091552734,73
2026-09-03 09:42:00-04:00,66.83000183105469,66.87999725341797,66.81999969482422,66.86499786376953,59
2026-09-03 09:43:00-04:00,66.83999633789062,66.83999633789062,66.7699966430664,66.82499694824219,53
2026-09-03 09:44:00-04:00,66.81999969482422,66.83000183105469,66.73500061035156,66.7750015258789,40
2026-09-03 09:45:00-04:00,66.76000213623047,66.81999969482422,66.74500274658203,66.81500244140625,70
2026-09-03 09:46:00-04:00,66.69499969482422,66.80000305175781,66.69499969482422,66.75,90
2026-09-03 09:47:00-04:00,66.6500015258789,66.73500061035156,66.6449966430664,66.69499969482422,64
2026-09-03 09:48:00-04:00,66.62000274658203,66.66000366210938,66.5999984741211,66.63999938964844,159
2026-09-03 09:49:00-04:00,66.66500091552734,66.66999816894531,66.56999969482422,66.61000061035156,99
2026-09-03 09:50:00-04:00,66.69499969482422,66.72000122070312,66.66999816894531,66.68000030517578,101
2026-09-03 09:51:00-04:00,66.78500366210938,66.78500366210938,66.66000366210938,66.69000244140625,69
2026-09-03 09:52:00-04:00,66.80000305175781,66.82499694824219,66.73999786376953,66.76499938964844,43
2026-09-03 09:53:00-04:00,66.77999877929688,66.81500244140625,66.7699966430664,66.80500030517578,26
2026-09-03 09:54:00-04:00,66.86499786376953,66.86499786376953,66.7699966430664,66.77999877929688,49
2026-09-03 09:55:00-04:00,66.94499969482422,66.94499969482422,66.83999633789062,66.87000274658203,68
2026-09-03 09:56:00-04:00,66.91500091552734,66.9800033569336,66.90499877929688,66.94999694824219,45
2026-09-03 09:57:00-04:00,66.875,66.91999816894531,66.86499786376953,66.91999816894531,69
2026-09-03 09:58:00-04:00,66.91999816894531,66.91999816894531,66.87000274658203,66.87999725341797,29
2026-09-03 09:59:00-04:00,67.0,67.01000213623047,66.92500305175781,66.93000030517578,60
2026-09-03 10:00:00-04:00,66.86499786376953,67.01000213623047,66.7249984741211,66.98999786376953,313
2026-09-03 10:01:00-04:00,66.8499984741211,66.88999938964844,66.80999755859375,66.86499786376953,52
2026-09-03 10:02:00-04:00,66.8550033569336,66.8949966430664,66.80999755859375,66.8499984741211,55
2026-09-03 10:03:00-04:00,66.9000015258789,66.94999694824219,66.87000274658203,66.87999725341797,37
2026-09-03 10:04:00-04:00,66.87999725341797,66.91999816894531,66.87000274658203,66.8949966430664,46
2026-09-03 10:05:00-04:00,66.9000015258789,66.9000015258789,66.87000274658203,66.88500213623047,29
2026-09-03 10:06:00-04:00,66.98500061035156,66.98500061035156,66.88999938964844,66.90499877929688,69
2026-09-03 10:07:00-04:00,66.9749984741211,67.0199966430664,66.95999908447266,66.97000122070312,72
2026-09-03 10:08:00-04:00,66.83000183105469,66.9749984741211,66.81500244140625,66.9749984741211,75
2026-09-03 10:09:00-04:00,66.8550033569336,66.875,66.80000305175781,66.81500244140625,87
2026-09-03 10:10:00-04:00,66.82499694824219,66.86499786376953,66.80500030517578,66.83999633789062,26
2026-09-03 10:11:00-04:00,66.87999725341797,66.88500213623047,66.80500030517578,66.80500030517578,19
2026-09-03 10:12:00-04:00,66.87999725341797,66.94999694824219,66.87000274658203,66.87000274658203,35
2026-09-03 10:13:00-04:00,66.94000244140625,66.96499633789062,66.88999938964844,66.88999938964844,27
2026-09-03 10:14:00-04:00,66.91000366210938,66.91000366210938,66.83499908447266,66.9000015258789,26
2026-09-03 10:15:00-04:00,67.0,67.0,66.90499877929688,66.90499877929688,72
2026-09-03 10:16:00-04:00,66.96499633789062,67.0250015258789,66.96499633789062,67.00499725341797,55
2026-09-03 10:17:00-04:00,66.98999786376953,67.01000213623047,66.94000244140625,66.95999908447266,45
2026-09-03 10:18:00-04:00,67.05000305175781,67.05000305175781,66.9749984741211,66.9749984741211,50
2026-09-03 10:19:00-04:00,67.15499877929688,67.16500091552734,67.04000091552734,67.04499816894531,121
2026-09-03 10:20:00-04:00,67.18000030517578,67.22000122070312,67.1500015258789,67.15499877929688,85
2026-09-03 10:21:00-04:00,67.1449966430664,67.2249984741211,67.1449966430664,67.19999694824219,53
2026-09-03 10:22:00-04:00,67.06500244140625,67.18499755859375,67.06500244140625,67.16999816894531,56
2026-09-03 10:23:00-04:00,67.125,67.1449966430664,67.05500030517578,67.05500030517578,27
2026-09-03 10:24:00-04:00,67.11499786376953,67.17500305175781,67.1050033569336,67.1449966430664,38
2026-09-03 10:25:00-04:00,67.08499908447266,67.11000061035156,67.04499816894531,67.11000061035156,63
2026-09-03 10:26:00-04:00,67.0250015258789,67.11499786376953,67.00499725341797,67.0999984741211,68
2026-09-03 10:27:00-04:00,67.06999969482422,67.0999984741211,67.02999877929688,67.02999877929688,22
2026-09-03 10:28:00-04:00,67.05999755859375,67.06999969482422,67.04499816894531,67.06999969482422,14
2026-09-03 10:29:00-04:00,67.09500122070312,67.13999938964844,67.06500244140625,67.06500244140625,55
2026-09-03 10:30:00-04:00,67.13500213623047,67.16000366210938,67.09500122070312,67.1050033569336,61
2026-09-03 10:31:00-04:00,67.13999938964844,67.16500091552734,67.11499786376953,67.125,33
2026-09-03 10:32:00-04:00,67.12000274658203,67.17500305175781,67.11499786376953,67.1500015258789,52
2026-09-03 10:33:00-04:00,66.98999786376953,67.125,66.98999786376953,67.11499786376953,44
2026-09-03 10:34:00-04:00,66.97000122070312,67.02999877929688,66.97000122070312,67.0,59
2026-09-03 10:35:00-04:00,67.01000213623047,67.01499938964844,66.96499633789062,66.96499633789062,30
2026-09-03 10:36:00-04:00,66.97000122070312,67.0199966430664,66.97000122070312,67.01499938964844,15
2026-09-03 10:37:00-04:00,66.97000122070312,66.9800033569336,66.93499755859375,66.97000122070312,36
2026-09-03 10:38:00-04:00,67.05000305175781,67.05999755859375,66.9749984741211,66.9749984741211,32
2026-09-03 10:39:00-04:00,66.99500274658203,67.05000305175781,66.99500274658203,67.04000091552734,25
2026-09-03 10:40:00-04:00,66.8949966430664,66.9800033569336,66.88500213623047,66.97000122070312,42
2026-09-03 10:41:00-04:00,66.95999908447266,66.95999908447266,66.91000366210938,66.91000366210938,18
2026-09-03 10:42:00-04:00,66.95999908447266,66.99500274658203,66.94499969482422,66.95999908447266,37
2026-09-03 10:43:00-04:00,67.00499725341797,67.00499725341797,66.94000244140625,66.94000244140625,23
2026-09-03 10:44:00-04:00,66.98999786376953,67.03500366210938,66.98999786376953,67.0250015258789,27
2026-09-03 10:45:00-04:00,67.04000091552734,67.04000091552734,66.98500061035156,66.98999786376953,28
2026-09-03 10:46:00-04:00,67.06500244140625,67.06500244140625,67.0250015258789,67.05000305175781,14
2026-09-03 10:47:00-04:00,67.16999816894531,67.16999816894531,67.05500030517578,67.08999633789062,64
2026-09-03 10:48:00-04:00,67.13500213623047,67.19999694824219,67.12999725341797,67.16999816894531,76
2026-09-03 10:49:00-04:00,67.11499786376953,67.16000366210938,67.08999633789062,67.12999725341797,62
2026-09-03 10:50:00-04:00,67.19999694824219,67.20999908447266,67.0999984741211,67.0999984741211,85
2026-09-03 10:51:00-04:00,67.16999816894531,67.20500183105469,67.15499877929688,67.20500183105469,22
2026-09-03 10:52:00-04:00,67.11000061035156,67.16000366210938,67.11000061035156,67.16000366210938,37
2026-09-03 10:53:00-04:00,67.12999725341797,67.12999725341797,67.0999984741211,67.11000061035156,6
2026-09-03 10:54:00-04:00,67.12999725341797,67.16500091552734,67.1050033569336,67.11499786376953,64
2026-09-03 10:55:00-04:00,67.18000030517578,67.20500183105469,67.1449966430664,67.1449966430664,34
2026-09-03 10:56:00-04:00,67.1500015258789,67.2249984741211,66.98999786376953,67.18499755859375,420
2026-09-03 10:57:00-04:00,67.24500274658203,67.26000213623047,67.13500213623047,67.13500213623047,62
2026-09-03 10:58:00-04:00,67.2699966430664,67.29000091552734,67.23500061035156,67.24500274658203,45
2026-09-03 10:59:00-04:00,67.33000183105469,67.33999633789062,67.26499938964844,67.26499938964844,94
2026-09-03 11:00:00-04:00,67.41000366210938,67.41000366210938,67.34500122070312,67.34500122070312,134
2026-09-03 11:01:00-04:00,67.5199966430664,67.54499816894531,67.41000366210938,67.41000366210938,198
2026-09-03 11:02:00-04:00,67.4749984741211,67.55000305175781,67.44000244140625,67.51499938964844,126
2026-09-03 11:03:00-04:00,67.58000183105469,67.58999633789062,67.47000122070312,67.47000122070312,197
2026-09-03 11:04:00-04:00,67.68499755859375,67.77999877929688,67.55999755859375,67.56500244140625,365
2026-09-03 11:05:00-04:00,67.71499633789062,67.76000213623047,67.66500091552734,67.68000030517578,200
2026-09-03 11:06:00-04:00,67.7699966430664,67.80500030517578,67.71499633789062,67.73500061035156,242
2026-09-03 11:07:00-04:00,67.84500122070312,67.86000061035156,67.7249984741211,67.7750015258789,207
2026-09-03 11:08:00-04:00,67.875,67.96499633789062,67.8550033569336,67.86499786376953,217
2026-09-03 11:09:00-04:00,67.80999755859375,67.88500213623047,67.78500366210938,67.87000274658203,176
2026-09-03 11:10:00-04:00,67.76000213623047,67.83499908447266,67.74500274658203,67.81500244140625,144
2026-09-03 11:11:00-04:00,67.80500030517578,67.86000061035156,67.76499938964844,67.7699966430664,191
2026-09-03 11:12:00-04:00,67.81999969482422,67.86000061035156,67.76499938964844,67.80500030517578,84
2026-09-03 11:13:00-04:00,67.81500244140625,67.83499908447266,67.7750015258789,67.80500030517578,71
2026-09-03 11:14:00-04:00,67.93499755859375,67.96499633789062,67.80999755859375,67.80999755859375,135
2026-09-03 11:15:00-04:00,67.94000244140625,68.0199966430664,67.93499755859375,67.94499969482422,234
2026-09-03 11:16:00-04:00,67.9000015258789,67.94000244140625,67.875,67.93499755859375,113
2026-09-03 11:17:00-04:00,67.91000366210938,67.92500305175781,67.88999938964844,67.8949966430664,67
2026-09-03 11:18:00-04:00,67.96499633789062,67.9749984741211,67.91000366210938,67.91500091552734,120
2026-09-03 11:19:00-04:00,68.00499725341797,68.02999877929688,67.95999908447266,67.95999908447266,184
2026-09-03 11:20:00-04:00,67.9800033569336,68.00499725341797,67.94999694824219,68.00499725341797,101
2026-09-03 11:21:00-04:00,67.91500091552734,68.00499725341797,67.91500091552734,67.99500274658203,94
2026-09-03 11:22:00-04:00,67.93499755859375,67.93499755859375,67.9000015258789,67.92500305175781,97
2026-09-03 11:23:00-04:00,67.94499969482422,67.95500183105469,67.9000015258789,67.94999694824219,58
2026-09-03 11:24:00-04:00,67.9000015258789,68.0,67.9000015258789,67.95500183105469,65
2026-09-03 11:25:00-04:00,67.92500305175781,67.94000244140625,67.8949966430664,67.90499877929688,49
2026-09-03 11:26:00-04:00,67.95500183105469,67.95999908447266,67.91999816894531,67.91999816894531,45
2026-09-03 11:27:00-04:00,67.9749984741211,67.9800033569336,67.94499969482422,67.96499633789062,44
2026-09-03 11:28:00-04:00,67.99500274658203,68.0199966430664,67.9749984741211,67.9749984741211,75
2026-09-03 11:29:00-04:00,68.03500366210938,68.05999755859375,67.98500061035156,67.99500274658203,111
2026-09-03 11:30:00-04:00,68.06999969482422,68.08000183105469,68.01499938964844,68.03500366210938,78
2026-09-03 11:31:00-04:00,67.94999694824219,68.05500030517578,67.94999694824219,68.05500030517578,110
2026-09-03 11:32:00-04:00,67.91000366210938,67.94999694824219,67.87999725341797,67.94999694824219,58
2026-09-03 11:33:00-04:00,67.81999969482422,67.91999816894531,67.81500244140625,67.91999816894531,69
2026-09-03 11:34:00-04:00,67.86000061035156,67.87999725341797,67.77999877929688,67.83000183105469,159
2026-09-03 11:35:00-04:00,67.8550033569336,67.90499877929688,67.83999633789062,67.8550033569336,52
2026-09-03 11:36:00-04:00,67.87000274658203,67.87999725341797,67.84500122070312,67.84500122070312,53
2026-09-03 11:37:00-04:00,67.8499984741211,67.9000015258789,67.8499984741211,67.88500213623047,48
2026-09-03 11:38:00-04:00,67.7750015258789,67.83499908447266,67.76499938964844,67.83499908447266,52
2026-09-03 11:39:00-04:00,67.72000122070312,67.76499938964844,67.69499969482422,67.76000213623047,119
2026-09-03 11:40:00-04:00,67.70500183105469,67.74500274658203,67.69999694824219,67.7300033569336,90
2026-09-03 11:41:00-04:00,67.69999694824219,67.70999908447266,67.65499877929688,67.70500183105469,80
2026-09-03 11:42:00-04:00,67.70999908447266,67.7300033569336,67.69000244140625,67.70999908447266,54
2026-09-03 11:43:00-04:00,67.70500183105469,67.7699966430664,67.69999694824219,67.71499633789062,53
2026-09-03 11:44:00-04:00,67.68499755859375,67.70500183105469,67.68499755859375,67.69999694824219,9
2026-09-03 11:45:00-04:00,67.6500015258789,67.69499969482422,67.62999725341797,67.69499969482422,65
2026-09-03 11:46:00-04:00,67.68000030517578,67.68000030517578,67.63500213623047,67.63500213623047,46
2026-09-03 11:47:00-04:00,67.59500122070312,67.66999816894531,67.56999969482422,67.66999816894531,62
2026-09-03 11:48:00-04:00,67.55000305175781,67.58999633789062,67.54499816894531,67.58999633789062,32
2026-09-03 11:49:00-04:00,67.54000091552734,67.55500030517578,67.50499725341797,67.55000305175781,32
2026-09-03 11:50:00-04:00,67.58000183105469,67.58999633789062,67.51499938964844,67.54000091552734,58
2026-09-03 11:51:00-04:00,67.61000061035156,67.6500015258789,67.58000183105469,67.58999633789062,47
2026-09-03 11:52:00-04:00,67.625,67.6449966430664,67.6050033569336,67.61000061035156,33
2026-09-03 11:53:00-04:00,67.65499877929688,67.65499877929688,67.62000274658203,67.6449966430664,47
2026-09-03 11:54:00-04:00,67.63500213623047,67.66500091552734,67.62999725341797,67.6500015258789,37
2026-09-03 11:55:00-04:00,67.5999984741211,67.63500213623047,67.58499908447266,67.61499786376953,75
2026-09-03 11:56:00-04:00,67.63500213623047,67.65499877929688,67.58999633789062,67.58999633789062,28
2026-09-03 11:57:00-04:00,67.62000274658203,67.6500015258789,67.56500244140625,67.6449966430664,38
2026-09-03 11:58:00-04:00,67.66500091552734,67.66500091552734,67.62000274658203,67.62000274658203,23
2026-09-03 11:59:00-04:00,67.69499969482422,67.71499633789062,67.66999816894531,67.68000030517578,42
2026-09-03 12:00:00-04:00,67.68499755859375,67.72000122070312,67.66999816894531,67.69999694824219,38
2026-09-03 12:01:00-04:00,67.68499755859375,67.70500183105469,67.66999816894531,67.68499755859375,17
2026-09-03 12:02:00-04:00,67.69999694824219,67.70500183105469,67.68000030517578,67.69000244140625,16
2026-09-03 12:03:00-04:00,67.66999816894531,67.69499969482422,67.6500015258789,67.69499969482422,46
2026-09-03 12:04:00-04:00,67.625,67.67500305175781,67.62000274658203,67.66999816894531,33
2026-09-03 12:05:00-04:00,67.5999984741211,67.61499786376953,67.58000183105469,67.61000061035156,56
2026-09-03 12:06:00-04:00,67.61499786376953,67.62000274658203,67.56500244140625,67.59500122070312,31
2026-09-03 12:07:00-04:00,67.65499877929688,67.68000030517578,67.61000061035156,67.61000061035156,35
2026-09-03 12:08:00-04:00,67.68000030517578,67.68000030517578,67.6500015258789,67.65499877929688,23
2026-09-03 12:09:00-04:00,67.66999816894531,67.69000244140625,67.6500015258789,67.68000030517578,24
2026-09-03 12:10:00-04:00,67.71499633789062,67.71499633789062,67.67500305175781,67.68000030517578,34
2026-09-03 12:11:00-04:00,67.72000122070312,67.7300033569336,67.69000244140625,67.7249984741211,30
2026-09-03 12:12:00-04:00,67.69999694824219,67.7300033569336,67.69499969482422,67.71499633789062,19
2026-09-03 12:13:00-04:00,67.69499969482422,67.7300033569336,67.69499969482422,67.70999908447266,22
2026-09-03 12:14:00-04:00,67.73500061035156,67.73500061035156,67.69499969482422,67.69499969482422,45
2026-09-03 12:15:00-04:00,67.75,67.7750015258789,67.7300033569336,67.73500061035156,40
2026-09-03 12:16:00-04:00,67.80000305175781,67.80500030517578,67.74500274658203,67.76000213623047,29
2026-09-03 12:17:00-04:00,67.79499816894531,67.80999755859375,67.79000091552734,67.80500030517578,29
2026-09-03 12:18:00-04:00,67.74500274658203,67.79499816894531,67.74500274658203,67.79000091552734,30
2026-09-03 12:19:00-04:00,67.80000305175781,67.80000305175781,67.76000213623047,67.76499938964844,14
2026-09-03 12:20:00-04:00,67.7750015258789,67.79499816894531,67.7750015258789,67.79499816894531,14
2026-09-03 12:21:00-04:00,67.75499725341797,67.7750015258789,67.75499725341797,67.7699966430664,8
2026-09-03 12:22:00-04:00,67.69499969482422,67.75499725341797,67.69499969482422,67.75499725341797,28
2026-09-03 12:23:00-04:00,67.7249984741211,67.7249984741211,67.68499755859375,67.69999694824219,27
2026-09-03 12:24:00-04:00,67.71499633789062,67.7300033569336,67.69499969482422,67.7300033569336,40
2026-09-03 12:25:00-04:00,67.69499969482422,67.7249984741211,67.67500305175781,67.7249984741211,14
2026-09-03 12:26:00-04:00,67.68000030517578,67.70500183105469,67.67500305175781,67.69499969482422,16
2026-09-03 12:27:00-04:00,67.74500274658203,67.74500274658203,67.68499755859375,67.68499755859375,28
2026-09-03 12:28:00-04:00,67.73500061035156,67.78500366210938,67.73500061035156,67.75499725341797,44
2026-09-03 12:29:00-04:00,67.7300033569336,67.73500061035156,67.72000122070312,67.7300033569336,11
2026-09-03 12:30:00-04:00,67.79000091552734,67.83999633789062,67.73500061035156,67.73999786376953,86
2026-09-03 12:31:00-04:00,67.75,67.79499816894531,67.75,67.79499816894531,17
2026-09-03 12:32:00-04:00,67.71499633789062,67.74500274658203,67.68000030517578,67.74500274658203,28
2026-09-03 12:33:00-04:00,67.69499969482422,67.7249984741211,67.68499755859375,67.72000122070312,38
2026-09-03 12:34:00-04:00,67.69000244140625,67.70500183105469,67.66999816894531,67.70500183105469,23
2026-09-03 12:35:00-04:00,67.6500015258789,67.68499755859375,67.6449966430664,67.68499755859375,16
2026-09-03 12:36:00-04:00,67.6449966430664,67.68000030517578,67.6449966430664,67.6500015258789,35
2026-09-03 12:37:00-04:00,67.67500305175781,67.68499755859375,67.6449966430664,67.65499877929688,33
2026-09-03 12:38:00-04:00,67.72000122070312,67.72000122070312,67.68000030517578,67.68000030517578,24
2026-09-03 12:39:00-04:00,67.70999908447266,67.72000122070312,67.69499969482422,67.72000122070312,25
2026-09-03 12:40:00-04:00,67.68499755859375,67.70999908447266,67.67500305175781,67.70500183105469,25
2026-09-03 12:41:00-04:00,67.66500091552734,67.67500305175781,67.63999938964844,67.67500305175781,15
2026-09-03 12:42:00-04:00,67.6500015258789,67.67500305175781,67.6500015258789,67.66999816894531,7
2026-09-03 12:43:00-04:00,67.65499877929688,67.68000030517578,67.6500015258789,67.66500091552734,25
2026-09-03 12:44:00-04:00,67.68499755859375,67.68499755859375,67.66500091552734,67.66500091552734,13
2026-09-03 12:45:00-04:00,67.72000122070312,67.73999786376953,67.69499969482422,67.69499969482422,60
2026-09-03 12:46:00-04:00,67.7249984741211,67.75,67.7249984741211,67.7249984741211,24
2026-09-03 12:47:00-04:00,67.71499633789062,67.73999786376953,67.71499633789062,67.73999786376953,15
2026-09-03 12:48:00-04:00,67.6500015258789,67.70999908447266,67.6500015258789,67.70999908447266,29
2026-09-03 12:49:00-04:00,67.69999694824219,67.69999694824219,67.66500091552734,67.66500091552734,5
2026-09-03 12:50:00-04:00,67.69999694824219,67.72000122070312,67.68000030517578,67.70999908447266,16
2026-09-03 12:51:00-04:00,67.6449966430664,67.69499969482422,67.625,67.69499969482422,80
2026-09-03 12:52:00-04:00,67.625,67.6500015258789,67.6050033569336,67.6449966430664,20
2026-09-03 12:53:00-04:00,67.63500213623047,67.65499877929688,67.63500213623047,67.63500213623047,10
2026-09-03 12:54:00-04:00,67.63999938964844,67.6500015258789,67.63999938964844,67.6449966430664,12
2026-09-03 12:55:00-04:00,67.63500213623047,67.63500213623047,67.61000061035156,67.62999725341797,27
2026-09-03 12:56:00-04:00,67.6449966430664,67.65499877929688,67.62000274658203,67.63500213623047,43
2026-09-03 12:57:00-04:00,67.6449966430664,67.65499877929688,67.63999938964844,67.65499877929688,7
2026-09-03 12:58:00-04:00,67.625,67.63999938964844,67.62000274658203,67.63500213623047,9
2026-09-03 12:59:00-04:00,67.61000061035156,67.61499786376953,67.6050033569336,67.61000061035156,22
2026-09-03 13:00:00-04:00,67.5999984741211,67.66000366210938,67.5999984741211,67.62000274658203,54
2026-09-03 13:01:00-04:00,67.66999816894531,67.66999816894531,67.59500122070312,67.59500122070312,29
2026-09-03 13:02:00-04:00,67.63500213623047,67.68000030517578,67.63500213623047,67.66000366210938,30
2026-09-03 13:03:00-04:00,67.66999816894531,67.68000030517578,67.62999725341797,67.62999725341797,31
2026-09-03 13:04:00-04:00,67.7300033569336,67.7300033569336,67.69000244140625,67.69000244140625,40
2026-09-03 13:05:00-04:00,67.73500061035156,67.75,67.71499633789062,67.72000122070312,44
2026-09-03 13:06:00-04:00,67.71499633789062,67.73999786376953,67.70500183105469,67.73999786376953,16
2026-09-03 13:07:00-04:00,67.69999694824219,67.70999908447266,67.69000244140625,67.70500183105469,14
2026-09-03 13:08:00-04:00,67.67500305175781,67.70999908447266,67.67500305175781,67.70999908447266,40
2026-09-03 13:09:00-04:00,67.66000366210938,67.66999816894531,67.63999938964844,67.65499877929688,12
2026-09-03 13:10:00-04:00,67.67500305175781,67.67500305175781,67.6500015258789,67.67500305175781,29
2026-09-03 13:11:00-04:00,67.63500213623047,67.68000030517578,67.63500213623047,67.68000030517578,26
2026-09-03 13:12:00-04:00,67.65499877929688,67.66500091552734,67.63999938964844,67.6449966430664,30
2026-09-03 13:13:00-04:00,67.66000366210938,67.67500305175781,67.6500015258789,67.65499877929688,42
2026-09-03 13:14:00-04:00,67.66999816894531,67.69000244140625,67.65499877929688,67.65499877929688,26
2026-09-03 13:15:00-04:00,67.6449966430664,67.66999816894531,67.63999938964844,67.66999816894531,17
2026-09-03 13:16:00-04:00,67.62000274658203,67.66000366210938,67.62000274658203,67.6500015258789,63
2026-09-03 13:17:00-04:00,67.62000274658203,67.625,67.61000061035156,67.61499786376953,20
2026-09-03 13:18:00-04:00,67.625,67.63500213623047,67.61000061035156,67.61000061035156,25
2026-09-03 13:19:00-04:00,67.61000061035156,67.63500213623047,67.5999984741211,67.625,34
2026-09-03 13:20:00-04:00,67.61499786376953,67.6449966430664,67.59500122070312,67.6050033569336,33
2026-09-03 13:21:00-04:00,67.63500213623047,67.63999938964844,67.6050033569336,67.62000274658203,26
2026-09-03 13:22:00-04:00,67.63999938964844,67.6500015258789,67.625,67.62999725341797,46
2026-09-03 13:23:00-04:00,67.69000244140625,67.69999694824219,67.63500213623047,67.63500213623047,106
2026-09-03 13:24:00-04:00,67.72000122070312,67.7300033569336,67.63500213623047,67.68499755859375,906
2026-09-03 13:25:00-04:00,67.66500091552734,67.72000122070312,67.66500091552734,67.72000122070312,125
2026-09-03 13:26:00-04:00,67.69499969482422,67.69999694824219,67.66500091552734,67.66500091552734,77
2026-09-03 13:27:00-04:00,67.69000244140625,67.69999694824219,67.69000244140625,67.69499969482422,16
2026-09-03 13:28:00-04:00,67.7300033569336,67.75,67.69999694824219,67.69999694824219,27
2026-09-03 13:29:00-04:00,67.7699966430664,67.78500366210938,67.7300033569336,67.7300033569336,44
2026-09-03 13:30:00-04:00,67.81500244140625,67.81999969482422,67.75,67.7699966430664,55
2026-09-03 13:31:00-04:00,67.78500366210938,67.80999755859375,67.7750015258789,67.80999755859375,25
2026-09-03 13:32:00-04:00,67.7750015258789,67.80000305175781,67.75,67.80000305175781,18
2026-09-03 13:33:00-04:00,67.75,67.77999877929688,67.74500274658203,67.7750015258789,14
2026-09-03 13:34:00-04:00,67.75,67.75499725341797,67.73999786376953,67.74500274658203,24
2026-09-03 13:35:00-04:00,67.7750015258789,67.7750015258789,67.73999786376953,67.76000213623047,88
2026-09-03 13:36:00-04:00,67.80500030517578,67.81500244140625,67.80000305175781,67.80000305175781,36
2026-09-03 13:37:00-04:00,67.79000091552734,67.81999969482422,67.78500366210938,67.80000305175781,60
2026-09-03 13:38:00-04:00,67.7699966430664,67.78500366210938,67.7699966430664,67.78500366210938,5
2026-09-03 13:39:00-04:00,67.76499938964844,67.78500366210938,67.76499938964844,67.7750015258789,5
2026-09-03 13:40:00-04:00,67.7699966430664,67.7750015258789,67.7699966430664,67.7750015258789,2
2026-09-03 13:41:00-04:00,67.7699966430664,67.79000091552734,67.7699966430664,67.78500366210938,19
2026-09-03 13:42:00-04:00,67.7699966430664,67.7750015258789,67.76000213623047,67.76000213623047,4
2026-09-03 13:43:00-04:00,67.7699966430664,67.79000091552734,67.7699966430664,67.7750015258789,12
2026-09-03 13:44:00-04:00,67.78500366210938,67.79000091552734,67.7750015258789,67.77999877929688,11
2026-09-03 13:45:00-04:00,67.83000183105469,67.83000183105469,67.76499938964844,67.78500366210938,21
2026-09-03 13:46:00-04:00,67.83000183105469,67.83499908447266,67.81500244140625,67.83499908447266,11
2026-09-03 13:47:00-04:00,67.83499908447266,67.8550033569336,67.83499908447266,67.8550033569336,8
2026-09-03 13:48:00-04:00,67.80000305175781,67.81500244140625,67.78500366210938,67.81500244140625,6
2026-09-03 13:49:00-04:00,67.79000091552734,67.80000305175781,67.78500366210938,67.80000305175781,13
2026-09-03 13:50:00-04:00,67.75,67.78500366210938,67.74500274658203,67.78500366210938,16
2026-09-03 13:51:00-04:00,67.72000122070312,67.75,67.70500183105469,67.75,22
2026-09-03 13:52:00-04:00,67.73500061035156,67.74500274658203,67.7300033569336,67.7300033569336,16
2026-09-03 13:55:00-04:00,67.7300033569336,67.74500274658203,67.7300033569336,67.74500274658203,12
2026-09-03 13:56:00-04:00,67.7249984741211,67.7300033569336,67.70999908447266,67.7249984741211,11
2026-09-03 13:57:00-04:00,67.7300033569336,67.73500061035156,67.7249984741211,67.7300033569336,9
2026-09-03 13:58:00-04:00,67.73999786376953,67.73999786376953,67.7300033569336,67.7300033569336,2
2026-09-03 14:00:00-04:00,67.76499938964844,67.7750015258789,67.75,67.75,37
2026-09-03 14:01:00-04:00,67.76499938964844,67.7699966430664,67.76499938964844,67.7699966430664,3
2026-09-03 14:02:00-04:00,67.78500366210938,67.78500366210938,67.78500366210938,67.78500366210938,0
2026-09-03 14:03:00-04:00,67.76000213623047,67.78500366210938,67.74500274658203,67.74500274658203,38219
2026-09-03 14:04:00-04:00,67.76499938964844,67.76499938964844,67.75499725341797,67.76000213623047,5
2026-09-03 14:05:00-04:00,67.6500015258789,67.75499725341797,67.6449966430664,67.75499725341797,54
2026-09-03 14:06:00-04:00,67.67500305175781,67.68000030517578,67.6449966430664,67.65499877929688,13
2026-09-03 14:07:00-04:00,67.68000030517578,67.68499755859375,67.65499877929688,67.67500305175781,15
2026-09-03 14:08:00-04:00,67.70500183105469,67.70500183105469,67.66999816894531,67.68499755859375,11
2026-09-03 14:09:00-04:00,67.72000122070312,67.72000122070312,67.68499755859375,67.70500183105469,31
2026-09-03 14:10:00-04:00,67.66500091552734,67.72000122070312,67.66000366210938,67.72000122070312,38
2026-09-03 14:11:00-04:00,67.68499755859375,67.68499755859375,67.65499877929688,67.67500305175781,34
2026-09-03 14:12:00-04:00,67.63999938964844,67.67500305175781,67.63500213623047,67.67500305175781,15
2026-09-03 14:13:00-04:00,67.62999725341797,67.63999938964844,67.62000274658203,67.63500213623047,40
2026-09-03 14:14:00-04:00,67.55999755859375,67.61499786376953,67.55999755859375,67.61499786376953,32
2026-09-03 14:15:00-04:00,67.62000274658203,67.62000274658203,67.55999755859375,67.55999755859375,44
2026-09-03 14:16:00-04:00,67.59500122070312,67.63500213623047,67.59500122070312,67.62000274658203,25
2026-09-03 14:17:00-04:00,67.59500122070312,67.62000274658203,67.59500122070312,67.5999984741211,19
2026-09-03 14:18:00-04:00,67.625,67.625,67.58000183105469,67.58000183105469,23
2026-09-03 14:19:00-04:00,67.63500213623047,67.63500213623047,67.62000274658203,67.62000274658203,9
2026-09-03 14:20:00-04:00,67.62999725341797,67.63999938964844,67.62999725341797,67.63500213623047,42
2026-09-03 14:21:00-04:00,67.66999816894531,67.68000030517578,67.65499877929688,67.65499877929688,12
2026-09-03 14:22:00-04:00,67.6500015258789,67.68000030517578,67.6500015258789,67.66999816894531,26
2026-09-03 14:23:00-04:00,67.57499694824219,67.63999938964844,67.57499694824219,67.63999938964844,32
2026-09-03 14:24:00-04:00,67.61499786376953,67.61499786376953,67.57499694824219,67.58499908447266,14
2026-09-03 14:25:00-04:00,67.625,67.625,67.5999984741211,67.61499786376953,16
2026-09-03 14:26:00-04:00,67.6449966430664,67.6500015258789,67.61499786376953,67.62000274658203,17
2026-09-03 14:27:00-04:00,67.6500015258789,67.66000366210938,67.6449966430664,67.6500015258789,10
2026-09-03 14:28:00-04:00,67.6449966430664,67.66500091552734,67.61499786376953,67.6500015258789,45
2026-09-03 14:29:00-04:00,67.6500015258789,67.66999816894531,67.625,67.63999938964844,38
2026-09-03 14:30:00-04:00,67.57499694824219,67.6449966430664,67.57499694824219,67.63999938964844,32
2026-09-03 14:31:00-04:00,67.50499725341797,67.56500244140625,67.50499725341797,67.56500244140625,24
2026-09-03 14:32:00-04:00,67.5199966430664,67.5199966430664,67.4800033569336,67.5,26
2026-09-03 14:33:00-04:00,67.53500366210938,67.53500366210938,67.50499725341797,67.51000213623047,20
2026-09-03 14:34:00-04:00,67.5250015258789,67.55500030517578,67.5250015258789,67.54000091552734,6
2026-09-03 14:35:00-04:00,67.55500030517578,67.55999755859375,67.5199966430664,67.52999877929688,39
2026-09-03 14:36:00-04:00,67.58000183105469,67.58499908447266,67.56500244140625,67.56999969482422,7
2026-09-03 14:37:00-04:00,67.58499908447266,67.58999633789062,67.58499908447266,67.58999633789062,9
2026-09-03 14:38:00-04:00,67.58999633789062,67.58999633789062,67.57499694824219,67.58000183105469,18
2026-09-03 14:39:00-04:00,67.58999633789062,67.58999633789062,67.56999969482422,67.58000183105469,5
2026-09-03 14:40:00-04:00,67.56999969482422,67.58000183105469,67.55999755859375,67.58000183105469,6
2026-09-03 14:41:00-04:00,67.55999755859375,67.58000183105469,67.55999755859375,67.58000183105469,3
2026-09-03 14:42:00-04:00,67.56500244140625,67.56999969482422,67.56500244140625,67.56500244140625,4
2026-09-03 14:43:00-04:00,67.56999969482422,67.56999969482422,67.56500244140625,67.56500244140625,2
2026-09-03 14:44:00-04:00,67.56500244140625,67.56500244140625,67.56500244140625,67.56500244140625,1
2026-09-03 14:45:00-04:00,67.55000305175781,67.58000183105469,67.55000305175781,67.56999969482422,7
2026-09-03 14:46:00-04:00,67.55000305175781,67.55500030517578,67.54499816894531,67.55500030517578,5
2026-09-03 14:47:00-04:00,67.54499816894531,67.57499694824219,67.54499816894531,67.55999755859375,19
2026-09-03 14:48:00-04:00,67.48999786376953,67.55999755859375,67.48999786376953,67.55999755859375,18
2026-09-03 14:49:00-04:00,67.51000213623047,67.51000213623047,67.49500274658203,67.49500274658203,6
2026-09-03 14:50:00-04:00,67.5199966430664,67.5250015258789,67.51000213623047,67.51000213623047,5
2026-09-03 14:51:00-04:00,67.5199966430664,67.5250015258789,67.5199966430664,67.5199966430664,4
2026-09-03 14:52:00-04:00,67.5250015258789,67.5250015258789,67.51499938964844,67.51499938964844,4
2026-09-03 14:53:00-04:00,67.48999786376953,67.51499938964844,67.48999786376953,67.51499938964844,4
2026-09-03 14:54:00-04:00,67.49500274658203,67.49500274658203,67.48500061035156,67.48500061035156,3
2026-09-03 14:55:00-04:00,67.49500274658203,67.5,67.4800033569336,67.48500061035156,14
2026-09-03 14:56:00-04:00,67.45500183105469,67.5,67.45500183105469,67.5,5
2026-09-03 14:57:00-04:00,67.48500061035156,67.48500061035156,67.45999908447266,67.4749984741211,12
2026-09-03 14:58:00-04:00,67.4749984741211,67.4800033569336,67.45999908447266,67.47000122070312,6
2026-09-03 14:59:00-04:00,67.4749984741211,67.4800033569336,67.4749984741211,67.4800033569336,2
2026-09-03 15:00:00-04:00,67.4749984741211,67.4749984741211,67.44999694824219,67.4749984741211,14
2026-09-03 15:01:00-04:00,67.46499633789062,67.46499633789062,67.45999908447266,67.45999908447266,3
2026-09-03 15:02:00-04:00,67.47000122070312,67.4749984741211,67.45500183105469,67.45999908447266,15
2026-09-03 15:03:00-04:00,67.4749984741211,67.4749984741211,67.47000122070312,67.47000122070312,2
2026-09-03 15:04:00-04:00,67.47000122070312,67.48500061035156,67.46499633789062,67.47000122070312,9
2026-09-03 15:05:00-04:00,67.51499938964844,67.5199966430664,67.46499633789062,67.4800033569336,29
2026-09-03 15:06:00-04:00,67.5199966430664,67.54000091552734,67.50499725341797,67.50499725341797,24
2026-09-03 15:07:00-04:00,67.5250015258789,67.54000091552734,67.51499938964844,67.52999877929688,53
2026-09-03 15:08:00-04:00,67.48500061035156,67.5250015258789,67.48500061035156,67.5250015258789,24
2026-09-03 15:09:00-04:00,67.48999786376953,67.48999786376953,67.47000122070312,67.4749984741211,7
2026-09-03 15:10:00-04:00,67.52999877929688,67.54499816894531,67.5250015258789,67.54499816894531,13
2026-09-03 15:11:00-04:00,67.5199966430664,67.54000091552734,67.51499938964844,67.5250015258789,23
2026-09-03 15:12:00-04:00,67.51000213623047,67.51000213623047,67.50499725341797,67.51000213623047,8
2026-09-03 15:13:00-04:00,67.48500061035156,67.50499725341797,67.4800033569336,67.50499725341797,38
2026-09-03 15:14:00-04:00,67.5,67.5,67.4800033569336,67.4800033569336,11
2026-09-03 15:15:00-04:00,67.50499725341797,67.51000213623047,67.50499725341797,67.51000213623047,2
2026-09-03 15:16:00-04:00,67.5199966430664,67.52999877929688,67.50499725341797,67.5199966430664,8
2026-09-03 15:17:00-04:00,67.51000213623047,67.51499938964844,67.50499725341797,67.50499725341797,7
2026-09-03 15:18:00-04:00,67.55000305175781,67.55000305175781,67.5250015258789,67.5250015258789,5
2026-09-03 15:19:00-04:00,67.54499816894531,67.54499816894531,67.52999877929688,67.54499816894531,19
2026-09-03 15:20:00-04:00,67.54000091552734,67.54000091552734,67.54000091552734,67.54000091552734,1
2026-09-03 15:21:00-04:00,67.54000091552734,67.54000091552734,67.5250015258789,67.5250015258789,2
2026-09-03 15:22:00-04:00,67.54499816894531,67.54499816894531,67.54000091552734,67.54000091552734,4
2026-09-03 15:23:00-04:00,67.54000091552734,67.54000091552734,67.53500366210938,67.54000091552734,5
2026-09-03 15:25:00-04:00,67.48999786376953,67.49500274658203,67.48500061035156,67.49500274658203,9
2026-09-03 15:26:00-04:00,67.49500274658203,67.51499938964844,67.48999786376953,67.48999786376953,11
2026-09-03 15:27:00-04:00,67.5199966430664,67.5199966430664,67.5199966430664,67.5199966430664,1
2026-09-03 15:28:00-04:00,67.51000213623047,67.51000213623047,67.51000213623047,67.51000213623047,2
2026-09-03 15:29:00-04:00,67.54000091552734,67.54000091552734,67.5250015258789,67.5250015258789,5
2026-09-03 15:30:00-04:00,67.57499694824219,67.6050033569336,67.55999755859375,67.55999755859375,28
2026-09-03 15:31:00-04:00,67.56500244140625,67.58999633789062,67.55999755859375,67.57499694824219,34
2026-09-03 15:32:00-04:00,67.58000183105469,67.58000183105469,67.58000183105469,67.58000183105469,1
2026-09-03 15:33:00-04:00,67.56500244140625,67.57499694824219,67.55000305175781,67.56999969482422,33
2026-09-03 15:34:00-04:00,67.55999755859375,67.56999969482422,67.55500030517578,67.56999969482422,4
2026-09-03 15:35:00-04:00,67.57499694824219,67.57499694824219,67.55500030517578,67.55500030517578,6
2026-09-03 15:36:00-04:00,67.57499694824219,67.57499694824219,67.57499694824219,67.57499694824219,2
2026-09-03 15:37:00-04:00,67.59500122070312,67.5999984741211,67.56999969482422,67.56999969482422,11
2026-09-03 15:38:00-04:00,67.56500244140625,67.58999633789062,67.56500244140625,67.58499908447266,38
2026-09-03 15:39:00-04:00,67.58000183105469,67.58000183105469,67.55000305175781,67.55999755859375,6
2026-09-03 15:40:00-04:00,67.61000061035156,67.62000274658203,67.6050033569336,67.61000061035156,16
2026-09-03 15:41:00-04:00,67.6449966430664,67.6449966430664,67.62000274658203,67.62000274658203,13
2026-09-03 15:42:00-04:00,67.63999938964844,67.6500015258789,67.63999938964844,67.6449966430664,12
2026-09-03 15:43:00-04:00,67.63999938964844,67.65499877929688,67.63999938964844,67.6449966430664,9
2026-09-03 15:44:00-04:00,67.62999725341797,67.6449966430664,67.625,67.63999938964844,8
2026-09-03 15:45:00-04:00,67.6500015258789,67.6500015258789,67.63500213623047,67.63500213623047,2
2026-09-03 15:46:00-04:00,67.66000366210938,67.66000366210938,67.6500015258789,67.6500015258789,4
2026-09-03 15:47:00-04:00,67.66000366210938,67.68000030517578,67.65499877929688,67.66999816894531,22
2026-09-03 15:48:00-04:00,67.66999816894531,67.68000030517578,67.6500015258789,67.65499877929688,12
2026-09-03 15:49:00-04:00,67.66000366210938,67.67500305175781,67.66000366210938,67.67500305175781,31
2026-09-03 15:50:00-04:00,67.66000366210938,67.66000366210938,67.65499877929688,67.65499877929688,3
2026-09-03 15:51:00-04:00,67.66000366210938,67.66500091552734,67.6449966430664,67.6449966430664,6
2026-09-03 15:52:00-04:00,67.66000366210938,67.66000366210938,67.65499877929688,67.66000366210938,4
2026-09-03 15:53:00-04:00,67.6500015258789,67.6500015258789,67.625,67.6500015258789,18
2026-09-03 15:54:00-04:00,67.66500091552734,67.66999816894531,67.63999938964844,67.6449966430664,12
2026-09-03 15:55:00-04:00,67.66500091552734,67.67500305175781,67.66000366210938,67.66999816894531,21
2026-09-03 15:56:00-04:00,67.68000030517578,67.68000030517578,67.66999816894531,67.67500305175781,11
2026-09-03 15:57:00-04:00,67.67500305175781,67.68000030517578,67.66500091552734,67.66500091552734,14
2026-09-03 15:58:00-04:00,67.62999725341797,67.69000244140625,67.62999725341797,67.66500091552734,24
2026-09-03 15:59:00-04:00,67.6449966430664,67.6449966430664,67.61000061035156,67.625,39
2026-09-03 16:00:00-04:00,67.55999755859375,67.6449966430664,67.55999755859375,67.6449966430664,22
2026-09-03 16:01:00-04:00,67.55000305175781,67.56999969482422,67.5199966430664,67.56999969482422,39
2026-09-03 16:02:00-04:00,67.55500030517578,67.56500244140625,67.55500030517578,67.55500030517578,6
2026-09-03 16:03:00-04:00,67.55500030517578,67.55500030517578,67.54499816894531,67.55000305175781,6
2026-09-03 16:04:00-04:00,67.55999755859375,67.55999755859375,67.55999755859375,67.55999755859375,2
2026-09-03 16:05:00-04:00,67.55500030517578,67.55500030517578,67.55000305175781,67.55000305175781,2
2026-09-03 16:06:00-04:00,67.54499816894531,67.54499816894531,67.5199966430664,67.52999877929688,14
2026-09-03 16:07:00-04:00,67.56999969482422,67.56999969482422,67.56500244140625,67.56500244140625,5
2026-09-03 16:08:00-04:00,67.58000183105469,67.58000183105469,67.56999969482422,67.57499694824219,8
2026-09-03 16:09:00-04:00,67.58000183105469,67.59500122070312,67.58000183105469,67.59500122070312,2
2026-09-03 16:10:00-04:00,67.59500122070312,67.59500122070312,67.58499908447266,67.58499908447266,5
2026-09-03 16:11:00-04:00,67.57499694824219,67.57499694824219,67.57499694824219,67.57499694824219,4
2026-09-03 16:12:00-04:00,67.58999633789062,67.58999633789062,67.58999633789062,67.58999633789062,1
2026-09-03 16:13:00-04:00,67.57499694824219,67.57499694824219,67.56999969482422,67.57499694824219,5
2026-09-03 16:14:00-04:00,67.56999969482422,67.57499694824219,67.56999969482422,67.57499694824219,3
2026-09-03 16:15:00-04:00,67.55000305175781,67.56999969482422,67.55000305175781,67.56999969482422,7
2026-09-03 16:16:00-04:00,67.52999877929688,67.54000091552734,67.52999877929688,67.54000091552734,8
2026-09-03 16:17:00-04:00,67.52999877929688,67.54000091552734,67.5250015258789,67.54000091552734,3
2026-09-03 16:18:00-04:00,67.53500366210938,67.53500366210938,67.53500366210938,67.53500366210938,2
2026-09-03 16:20:00-04:00,67.5250015258789,67.5250015258789,67.5250015258789,67.5250015258789,6
2026-09-03 16:21:00-04:00,67.51000213623047,67.51499938964844,67.51000213623047,67.51499938964844,8
2026-09-03 16:22:00-04:00,67.5250015258789,67.52999877929688,67.5250015258789,67.52999877929688,3
2026-09-03 16:23:00-04:00,67.52999877929688,67.52999877929688,67.52999877929688,67.52999877929688,1
2026-09-03 16:24:00-04:00,67.53500366210938,67.53500366210938,67.52999877929688,67.52999877929688,2
2026-09-03 16:25:00-04:00,67.54000091552734,67.54000091552734,67.5250015258789,67.5250015258789,34
2026-09-03 16:26:00-04:00,67.55000305175781,67.55999755859375,67.55000305175781,67.55500030517578,4
2026-09-03 16:28:00-04:00,67.54499816894531,67.54499816894531,67.54499816894531,67.54499816894531,1
2026-09-03 16:29:00-04:00,67.54499816894531,67.55000305175781,67.54000091552734,67.55000305175781,8
2026-09-03 16:30:00-04:00,67.56500244140625,67.57499694824219,67.54499816894531,67.54499816894531,13
2026-09-03 16:31:00-04:00,67.57499694824219,67.57499694824219,67.57499694824219,67.57499694824219,1
2026-09-03 16:32:00-04:00,67.55500030517578,67.55999755859375,67.55500030517578,67.55999755859375,3
2026-09-03 16:35:00-04:00,67.55000305175781,67.55500030517578,67.54000091552734,67.55500030517578,12
2026-09-03 16:36:00-04:00,67.56500244140625,67.56500244140625,67.55500030517578,67.55500030517578,2
2026-09-03 16:37:00-04:00,67.55999755859375,67.55999755859375,67.55999755859375,67.55999755859375,1
2026-09-03 16:38:00-04:00,67.55500030517578,67.56500244140625,67.55500030517578,67.56500244140625,2
2026-09-03 16:39:00-04:00,67.55500030517578,67.56999969482422,67.55000305175781,67.56500244140625,20
2026-09-03 16:40:00-04:00,67.55500030517578,67.55500030517578,67.55500030517578,67.55500030517578,1
2026-09-03 16:41:00-04:00,67.58000183105469,67.58000183105469,67.58000183105469,67.58000183105469,2
2026-09-03 16:42:00-04:00,67.58499908447266,67.58499908447266,67.57499694824219,67.57499694824219,3
2026-09-03 16:43:00-04:00,67.58999633789062,67.58999633789062,67.58999633789062,67.58999633789062,2
2026-09-03 16:44:00-04:00,67.58499908447266,67.58999633789062,67.58499908447266,67.58999633789062,2
2026-09-03 16:45:00-04:00,67.57499694824219,67.57499694824219,67.57499694824219,67.57499694824219,6
2026-09-03 16:46:00-04:00,67.58000183105469,67.58000183105469,67.56999969482422,67.56999969482422,3
2026-09-03 16:47:00-04:00,67.5999984741211,67.5999984741211,67.58499908447266,67.58499908447266,5
2026-09-03 16:48:00-04:00,67.61000061035156,67.61000061035156,67.59500122070312,67.59500122070312,5
2026-09-03 16:49:00-04:00,67.62000274658203,67.62000274658203,67.61499786376953,67.61499786376953,2
2026-09-03 16:50:00-04:00,67.59500122070312,67.62999725341797,67.59500122070312,67.62999725341797,16
2026-09-03 16:51:00-04:00,67.59500122070312,67.59500122070312,67.59500122070312,67.59500122070312,2
2026-09-03 16:52:00-04:00,67.56999969482422,67.59500122070312,67.56999969482422,67.59500122070312,22
2026-09-03 16:53:00-04:00,67.56999969482422,67.56999969482422,67.56500244140625,67.56999969482422,4
2026-09-03 16:54:00-04:00,67.59500122070312,67.5999984741211,67.55999755859375,67.56999969482422,13
2026-09-03 16:55:00-04:00,67.58499908447266,67.58499908447266,67.58499908447266,67.58499908447266,2
2026-09-03 16:56:00-04:00,67.58499908447266,67.5999984741211,67.58499908447266,67.59500122070312,6
2026-09-03 16:57:00-04:00,67.58499908447266,67.58999633789062,67.58499908447266,67.58999633789062,9
2026-09-03 16:58:00-04:00,67.58999633789062,67.58999633789062,67.58499908447266,67.58999633789062,4
2026-09-03 16:59:00-04:00,67.58000183105469,67.58000183105469,67.57499694824219,67.58000183105469,17
2026-09-03 17:00:00-04:00,67.58499908447266,67.58499908447266,67.58499908447266,67.58499908447266,1
2026-09-03 18:00:00-04:00,67.63999938964844,67.67500305175781,67.62999725341797,67.62999725341797,0
2026-09-03 18:01:00-04:00,67.63500213623047,67.6449966430664,67.58999633789062,67.63500213623047,12
2026-09-03 18:02:00-04:00,67.6500015258789,67.6500015258789,67.6449966430664,67.6449966430664,3
2026-09-03 18:03:00-04:00,67.66999816894531,67.67500305175781,67.66500091552734,67.66500091552734,8
2026-09-03 18:04:00-04:00,67.6449966430664,67.69000244140625,67.6449966430664,67.67500305175781,19
2026-09-03 18:05:00-04:00,67.6500015258789,67.66000366210938,67.6500015258789,67.66000366210938,4
2026-09-03 18:07:00-04:00,67.61000061035156,67.625,67.61000061035156,67.625,3
2026-09-03 18:08:00-04:00,67.61499786376953,67.61499786376953,67.61000061035156,67.61000061035156,2
2026-09-03 18:09:00-04:00,67.62999725341797,67.62999725341797,67.625,67.625,2
2026-09-03 18:10:00-04:00,67.6050033569336,67.62000274658203,67.6050033569336,67.62000274658203,6
2026-09-03 18:11:00-04:00,67.59500122070312,67.5999984741211,67.56999969482422,67.5999984741211,15
2026-09-03 18:13:00-04:00,67.61000061035156,67.61499786376953,67.61000061035156,67.61499786376953,5
2026-09-03 18:14:00-04:00,67.62999725341797,67.62999725341797,67.62999725341797,67.62999725341797,1
2026-09-03 18:15:00-04:00,67.62999725341797,67.62999725341797,67.62999725341797,67.62999725341797,1
2026-09-03 18:16:00-04:00,67.62000274658203,67.62000274658203,67.62000274658203,67.62000274658203,2
2026-09-03 18:18:00-04:00,67.62999725341797,67.63999938964844,67.62999725341797,67.63999938964844,3
2026-09-03 18:19:00-04:00,67.6050033569336,67.625,67.5999984741211,67.625,7
2026-09-03 18:20:00-04:00,67.59500122070312,67.5999984741211,67.59500122070312,67.5999984741211,4
2026-09-03 18:22:00-04:00,67.59500122070312,67.59500122070312,67.58999633789062,67.58999633789062,2
2026-09-03 18:23:00-04:00,67.5999984741211,67.6050033569336,67.5999984741211,67.6050033569336,2
2026-09-03 18:25:00-04:00,67.58499908447266,67.59500122070312,67.58499908447266,67.59500122070312,10
2026-09-03 18:26:00-04:00,67.59500122070312,67.59500122070312,67.59500122070312,67.59500122070312,2
2026-09-03 18:27:00-04:00,67.57499694824219,67.59500122070312,67.56999969482422,67.58999633789062,15
2026-09-03 18:28:00-04:00,67.56500244140625,67.56999969482422,67.56500244140625,67.56999969482422,4
2026-09-03 18:29:00-04:00,67.57499694824219,67.58499908447266,67.55500030517578,67.55500030517578,12
2026-09-03 18:30:00-04:00,67.62000274658203,67.62000274658203,67.57499694824219,67.57499694824219,18
2026-09-03 18:31:00-04:00,67.5999984741211,67.625,67.5999984741211,67.62000274658203,10
2026-09-03 18:32:00-04:00,67.59500122070312,67.59500122070312,67.58499908447266,67.58499908447266,5
2026-09-03 18:33:00-04:00,67.5999984741211,67.5999984741211,67.5999984741211,67.5999984741211,1
2026-09-03 18:34:00-04:00,67.5999984741211,67.6050033569336,67.5999984741211,67.6050033569336,2
2026-09-03 18:35:00-04:00,67.59500122070312,67.61000061035156,67.59500122070312,67.6050033569336,6
2026-09-03 18:37:00-04:00,67.58499908447266,67.59500122070312,67.58499908447266,67.59500122070312,5
2026-09-03 18:38:00-04:00,67.58999633789062,67.58999633789062,67.58999633789062,67.58999633789062,1
2026-09-03 18:40:00-04:00,67.62999725341797,67.62999725341797,67.5999984741211,67.5999984741211,6
2026-09-03 18:41:00-04:00,67.5999984741211,67.63999938964844,67.5999984741211,67.63999938964844,14
2026-09-03 18:42:00-04:00,67.58499908447266,67.59500122070312,67.56500244140625,67.59500122070312,11
2026-09-03 18:43:00-04:00,67.58000183105469,67.58000183105469,67.57499694824219,67.57499694824219,2
2026-09-03 18:44:00-04:00,67.57499694824219,67.58000183105469,67.57499694824219,67.58000183105469,3
2026-09-03 18:45:00-04:00,67.58000183105469,67.58000183105469,67.57499694824219,67.57499694824219,3
2026-09-03 18:46:00-04:00,67.58000183105469,67.5999984741211,67.58000183105469,67.59500122070312,8
2026-09-03 18:47:00-04:00,67.59500122070312,67.5999984741211,67.58499908447266,67.58499908447266,5
2026-09-03 18:48:00-04:00,67.57499694824219,67.57499694824219,67.57499694824219,67.57499694824219,1
2026-09-03 18:49:00-04:00,67.61499786376953,67.62000274658203,67.61499786376953,67.62000274658203,3
2026-09-03 18:50:00-04:00,67.6050033569336,67.61499786376953,67.6050033569336,67.61000061035156,13
2026-09-03 18:51:00-04:00,67.59500122070312,67.59500122070312,67.58000183105469,67.58000183105469,4
2026-09-03 18:52:00-04:00,67.6050033569336,67.6050033569336,67.59500122070312,67.5999984741211,3
2026-09-03 18:53:00-04:00,67.59500122070312,67.59500122070312,67.59500122070312,67.59500122070312,1
2026-09-03 18:54:00-04:00,67.55999755859375,67.58000183105469,67.55000305175781,67.58000183105469,13
2026-09-03 18:55:00-04:00,67.58499908447266,67.58999633789062,67.58499908447266,67.58999633789062,2
2026-09-03 18:59:00-04:00,67.58499908447266,67.5999984741211,67.58499908447266,67.59500122070312,8
2026-09-03 19:00:00-04:00,67.58999633789062,67.58999633789062,67.58499908447266,67.58499908447266,2
2026-09-03 19:02:00-04:00,67.61000061035156,67.61000061035156,67.61000061035156,67.61000061035156,1
2026-09-03 19:03:00-04:00,67.625,67.625,67.61499786376953,67.61499786376953,3
2026-09-03 19:04:00-04:00,67.61000061035156,67.61000061035156,67.61000061035156,67.61000061035156,3
2026-09-03 19:05:00-04:00,67.5999984741211,67.5999984741211,67.5999984741211,67.5999984741211,5
2026-09-03 19:06:00-04:00,67.52999877929688,67.59500122070312,67.52999877929688,67.59500122070312,14
2026-09-03 19:07:00-04:00,67.55000305175781,67.55000305175781,67.5250015258789,67.5250015258789,8
2026-09-03 19:08:00-04:00,67.58999633789062,67.58999633789062,67.55500030517578,67.56500244140625,11
2026-09-03 19:09:00-04:00,67.56999969482422,67.6050033569336,67.56999969482422,67.59500122070312,23
2026-09-03 19:10:00-04:00,67.58000183105469,67.58000183105469,67.58000183105469,67.58000183105469,1
2026-09-03 19:11:00-04:00,67.56500244140625,67.56999969482422,67.56500244140625,67.56999969482422,7
2026-09-03 19:12:00-04:00,67.56500244140625,67.56500244140625,67.56500244140625,67.56500244140625,1
2026-09-03 19:13:00-04:00,67.55999755859375,67.55999755859375,67.55000305175781,67.55999755859375,6
2026-09-03 19:14:00-04:00,67.54499816894531,67.55000305175781,67.54000091552734,67.55000305175781,6
2026-09-03 19:15:00-04:00,67.54499816894531,67.54499816894531,67.54000091552734,67.54000091552734,3
2026-09-03 19:16:00-04:00,67.51499938964844,67.54000091552734,67.51499938964844,67.54000091552734,6
2026-09-03 19:17:00-04:00,67.54000091552734,67.54000091552734,67.51000213623047,67.51000213623047,15
2026-09-03 19:19:00-04:00,67.53500366210938,67.53500366210938,67.53500366210938,67.53500366210938,2
2026-09-03 19:21:00-04:00,67.54000091552734,67.54000091552734,67.54000091552734,67.54000091552734,1
2026-09-03 19:22:00-04:00,67.52999877929688,67.52999877929688,67.52999877929688,67.52999877929688,1
2026-09-03 19:23:00-04:00,67.54000091552734,67.54000091552734,67.54000091552734,67.54000091552734,1
2026-09-03 19:25:00-04:00,67.54000091552734,67.54000091552734,67.54000091552734,67.54000091552734,4
2026-09-03 19:26:00-04:00,67.54000091552734,67.54000091552734,67.54000091552734,67.54000091552734,2
2026-09-03 19:27:00-04:00,67.55500030517578,67.55500030517578,67.55500030517578,67.55500030517578,1
2026-09-03 19:28:00-04:00,67.56500244140625,67.56500244140625,67.55500030517578,67.55500030517578,3
2026-09-03 19:29:00-04:00,67.56999969482422,67.57499694824219,67.56999969482422,67.57499694824219,3
2026-09-03 19:31:00-04:00,67.58000183105469,67.5999984741211,67.58000183105469,67.58999633789062,41
2026-09-03 19:32:00-04:00,67.58000183105469,67.58999633789062,67.58000183105469,67.58999633789062,2
2026-09-03 19:33:00-04:00,67.54000091552734,67.54499816894531,67.54000091552734,67.54499816894531,2
2026-09-03 19:34:00-04:00,67.55000305175781,67.55000305175781,67.55000305175781,67.55000305175781,1
2026-09-03 19:36:00-04:00,67.5999984741211,67.5999984741211,67.57499694824219,67.57499694824219,11
2026-09-03 19:37:00-04:00,67.58000183105469,67.59500122070312,67.58000183105469,67.59500122070312,5
2026-09-03 19:38:00-04:00,67.58000183105469,67.58000183105469,67.58000183105469,67.58000183105469,4
2026-09-03 19:39:00-04:00,67.58999633789062,67.58999633789062,67.58499908447266,67.58999633789062,5
2026-09-03 19:41:00-04:00,67.59500122070312,67.59500122070312,67.59500122070312,67.59500122070312,1
2026-09-03 19:43:00-04:00,67.58000183105469,67.58000183105469,67.58000183105469,67.58000183105469,1
2026-09-03 19:44:00-04:00,67.58000183105469,67.58999633789062,67.58000183105469,67.58499908447266,5
2026-09-03 19:45:00-04:00,67.58999633789062,67.58999633789062,67.58999633789062,67.58999633789062,1
2026-09-03 19:46:00-04:00,67.57499694824219,67.57499694824219,67.57499694824219,67.57499694824219,2
2026-09-03 19:48:00-04:00,67.55999755859375,67.56500244140625,67.55999755859375,67.56500244140625,3
2026-09-03 19:50:00-04:00,67.5999984741211,67.6050033569336,67.58999633789062,67.58999633789062,3
2026-09-03 19:51:00-04:00,67.59500122070312,67.61499786376953,67.59500122070312,67.61499786376953,7
2026-09-03 19:52:00-04:00,67.58499908447266,67.58499908447266,67.58499908447266,67.58499908447266,1
2026-09-03 19:53:00-04:00,67.54499816894531,67.55999755859375,67.52999877929688,67.55999755859375,5
2026-09-03 19:54:00-04:00,67.56500244140625,67.56500244140625,67.55500030517578,67.55500030517578,7
2026-09-03 19:55:00-04:00,67.59500122070312,67.59500122070312,67.59500122070312,67.59500122070312,2
2026-09-03 19:56:00-04:00,67.57499694824219,67.6050033569336,67.57499694824219,67.5999984741211,5
2026-09-03 19:57:00-04:00,67.59500122070312,67.59500122070312,67.57499694824219,67.58000183105469,11
2026-09-03 19:58:00-04:00,67.59500122070312,67.59500122070312,67.59500122070312,67.59500122070312,1
2026-09-03 19:59:00-04:00,67.59500122070312,67.59500122070312,67.59500122070312,67.59500122070312,1
2026-09-03 20:00:00-04:00,67.56999969482422,67.58499908447266,67.56999969482422,67.58499908447266,17
2026-09-03 20:01:00-04:00,67.54499816894531,67.55500030517578,67.54499816894531,67.55500030517578,4
2026-09-03 20:02:00-04:00,67.55999755859375,67.56999969482422,67.55999755859375,67.56999969482422,6
2026-09-03 20:03:00-04:00,67.55000305175781,67.55999755859375,67.54499816894531,67.55500030517578,15
2026-09-03 20:04:00-04:00,67.55500030517578,67.55500030517578,67.53500366210938,67.54499816894531,26
2026-09-03 20:05:00-04:00,67.59500122070312,67.5999984741211,67.57499694824219,67.58499908447266,25
2026-09-03 20:06:00-04:00,67.58999633789062,67.61000061035156,67.58999633789062,67.6050033569336,9
2026-09-03 20:07:00-04:00,67.59500122070312,67.59500122070312,67.58000183105469,67.58000183105469,2
2026-09-03 20:08:00-04:00,67.58000183105469,67.59500122070312,67.58000183105469,67.58999633789062,7
2026-09-03 20:09:00-04:00,67.58499908447266,67.58499908447266,67.57499694824219,67.57499694824219,3
2026-09-03 20:10:00-04:00,67.58000183105469,67.58000183105469,67.56500244140625,67.56500244140625,4
2026-09-03 20:11:00-04:00,67.56999969482422,67.58000183105469,67.56999969482422,67.57499694824219,4
2026-09-03 20:12:00-04:00,67.55000305175781,67.56500244140625,67.55000305175781,67.55500030517578,14
2026-09-03 20:15:00-04:00,67.5199966430664,67.54000091552734,67.51000213623047,67.54000091552734,37
2026-09-03 20:16:00-04:00,67.48500061035156,67.5199966430664,67.48500061035156,67.51499938964844,77
2026-09-03 20:17:00-04:00,67.48500061035156,67.48999786376953,67.46499633789062,67.48500061035156,9
2026-09-03 20:18:00-04:00,67.48999786376953,67.48999786376953,67.4800033569336,67.4800033569336,5
2026-09-03 20:19:00-04:00,67.50499725341797,67.51499938964844,67.50499725341797,67.51499938964844,5
2026-09-03 20:20:00-04:00,67.5199966430664,67.5199966430664,67.50499725341797,67.51499938964844,11
2026-09-03 20:21:00-04:00,67.49500274658203,67.51000213623047,67.49500274658203,67.51000213623047,5
2026-09-03 20:22:00-04:00,67.51000213623047,67.51000213623047,67.51000213623047,67.51000213623047,1
2026-09-03 20:23:00-04:00,67.54499816894531,67.55000305175781,67.52999877929688,67.52999877929688,9
2026-09-03 20:24:00-04:00,67.5250015258789,67.54499816894531,67.5250015258789,67.54499816894531,3
2026-09-03 20:25:00-04:00,67.4800033569336,67.51499938964844,67.45500183105469,67.51499938964844,15
2026-09-03 20:26:00-04:00,67.45500183105469,67.48500061035156,67.45500183105469,67.48500061035156,9
2026-09-03 20:27:00-04:00,67.4749984741211,67.4800033569336,67.47000122070312,67.47000122070312,3
2026-09-03 20:28:00-04:00,67.45500183105469,67.45999908447266,67.45500183105469,67.45999908447266,2
2026-09-03 20:29:00-04:00,67.45500183105469,67.47000122070312,67.45500183105469,67.47000122070312,3
2026-09-03 20:30:00-04:00,67.44000244140625,67.44999694824219,67.41500091552734,67.44999694824219,34
2026-09-03 20:31:00-04:00,67.46499633789062,67.46499633789062,67.43499755859375,67.44499969482422,17
2026-09-03 20:32:00-04:00,67.46499633789062,67.46499633789062,67.46499633789062,67.46499633789062,1
2026-09-03 20:33:00-04:00,67.45999908447266,67.47000122070312,67.45999908447266,67.47000122070312,3
2026-09-03 20:34:00-04:00,67.54000091552734,67.54000091552734,67.47000122070312,67.47000122070312,19
2026-09-03 20:35:00-04:00,67.55500030517578,67.56500244140625,67.55500030517578,67.55999755859375,8
2026-09-03 20:36:00-04:00,67.54000091552734,67.55999755859375,67.54000091552734,67.55999755859375,10
2026-09-03 20:37:00-04:00,67.54000091552734,67.54000091552734,67.54000091552734,67.54000091552734,1
2026-09-03 20:38:00-04:00,67.51499938964844,67.51499938964844,67.49500274658203,67.5,8
2026-09-03 20:40:00-04:00,67.52999877929688,67.52999877929688,67.51000213623047,67.51000213623047,5
2026-09-03 20:41:00-04:00,67.5199966430664,67.5250015258789,67.5199966430664,67.5250015258789,2
2026-09-03 20:42:00-04:00,67.54499816894531,67.54499816894531,67.5250015258789,67.5250015258789,5
2026-09-03 20:43:00-04:00,67.55999755859375,67.55999755859375,67.55000305175781,67.55000305175781,3
2026-09-03 20:44:00-04:00,67.59500122070312,67.59500122070312,67.56999969482422,67.56999969482422,11
2026-09-03 20:45:00-04:00,67.58999633789062,67.58999633789062,67.58000183105469,67.58999633789062,13
2026-09-03 20:46:00-04:00,67.57499694824219,67.59500122070312,67.57499694824219,67.59500122070312,20
2026-09-03 20:47:00-04:00,67.61499786376953,67.625,67.5999984741211,67.5999984741211,12
2026-09-03 20:48:00-04:00,67.61499786376953,67.625,67.6050033569336,67.62000274658203,9
2026-09-03 20:49:00-04:00,67.56500244140625,67.6050033569336,67.56500244140625,67.6050033569336,6
2026-09-03 20:50:00-04:00,67.56500244140625,67.56500244140625,67.55999755859375,67.55999755859375,2
2026-09-03 20:51:00-04:00,67.57499694824219,67.58499908447266,67.57499694824219,67.57499694824219,3
2026-09-03 20:52:00-04:00,67.58499908447266,67.59500122070312,67.58499908447266,67.59500122070312,2
2026-09-03 20:53:00-04:00,67.58999633789062,67.61499786376953,67.58999633789062,67.5999984741211,15
2026-09-03 20:54:00-04:00,67.625,67.63500213623047,67.58999633789062,67.58999633789062,27
2026-09-03 20:55:00-04:00,67.66500091552734,67.66500091552734,67.59500122070312,67.5999984741211,26
2026-09-03 20:56:00-04:00,67.6500015258789,67.68000030517578,67.6449966430664,67.66500091552734,16
2026-09-03 20:57:00-04:00,67.6500015258789,67.66000366210938,67.6449966430664,67.6449966430664,5
2026-09-03 20:58:00-04:00,67.68499755859375,67.69000244140625,67.66500091552734,67.66500091552734,8
2026-09-03 20:59:00-04:00,67.72000122070312,67.76499938964844,67.68499755859375,67.68499755859375,114
2026-09-03 21:00:00-04:00,67.69000244140625,67.75499725341797,67.66000366210938,67.7249984741211,302
2026-09-03 21:01:00-04:00,67.7300033569336,67.80999755859375,67.66500091552734,67.67500305175781,184
2026-09-03 21:02:00-04:00,67.73500061035156,67.76000213623047,67.69499969482422,67.73500061035156,45
2026-09-03 21:03:00-04:00,67.6050033569336,67.72000122070312,67.6050033569336,67.70500183105469,71
2026-09-03 21:04:00-04:00,67.4749984741211,67.61000061035156,67.4749984741211,67.61000061035156,60
2026-09-03 21:05:00-04:00,67.44999694824219,67.52999877929688,67.43499755859375,67.48500061035156,42
2026-09-03 21:06:00-04:00,67.43000030517578,67.45500183105469,67.38999938964844,67.43499755859375,71
2026-09-03 21:07:00-04:00,67.41000366210938,67.47000122070312,67.40499877929688,67.44000244140625,24
2026-09-03 21:08:00-04:00,67.44499969482422,67.44499969482422,67.44499969482422,67.44499969482422,1
2026-09-03 21:09:00-04:00,67.41999816894531,67.48500061035156,67.41999816894531,67.44999694824219,12
2026-09-03 21:10:00-04:00,67.44499969482422,67.45500183105469,67.3949966430664,67.42500305175781,10
2026-09-03 21:11:00-04:00,67.4800033569336,67.48500061035156,67.41999816894531,67.41999816894531,10
2026-09-03 21:12:00-04:00,67.46499633789062,67.50499725341797,67.45500183105469,67.4749984741211,17
2026-09-03 21:13:00-04:00,67.3949966430664,67.44499969482422,67.3949966430664,67.43499755859375,4
2026-09-03 21:14:00-04:00,67.3550033569336,67.42500305175781,67.3499984741211,67.41999816894531,36
2026-09-03 21:15:00-04:00,67.4000015258789,67.42500305175781,67.32499694824219,67.3550033569336,43
2026-09-03 21:16:00-04:00,67.36499786376953,67.41000366210938,67.36499786376953,67.4000015258789,15
2026-09-03 21:17:00-04:00,67.41500091552734,67.44999694824219,67.41000366210938,67.41000366210938,6
2026-09-03 21:18:00-04:00,67.44000244140625,67.44000244140625,67.42500305175781,67.43499755859375,19
2026-09-03 21:19:00-04:00,67.40499877929688,67.42500305175781,67.37999725341797,67.42500305175781,5
2026-09-03 21:20:00-04:00,67.3949966430664,67.43000030517578,67.37000274658203,67.41500091552734,19
2026-09-03 21:21:00-04:00,67.40499877929688,67.41500091552734,67.38999938964844,67.41000366210938,9
2026-09-03 21:22:00-04:00,67.42500305175781,67.42500305175781,67.4000015258789,67.41000366210938,17
2026-09-03 21:23:00-04:00,67.41500091552734,67.41999816894531,67.40499877929688,67.41500091552734,8
2026-09-03 21:24:00-04:00,67.33999633789062,67.41999816894531,67.31999969482422,67.41000366210938,36
2026-09-03 21:25:00-04:00,67.3499984741211,67.3499984741211,67.33000183105469,67.33000183105469,10
2026-09-03 21:26:00-04:00,67.2249984741211,67.33999633789062,67.20500183105469,67.32499694824219,124
2026-09-03 21:27:00-04:00,67.2249984741211,67.23999786376953,67.17500305175781,67.2249984741211,209
2026-09-03 21:28:00-04:00,67.28500366210938,67.29000091552734,67.2249984741211,67.2249984741211,34
2026-09-03 21:29:00-04:00,67.26499938964844,67.28500366210938,67.25,67.28500366210938,12
2026-09-03 21:30:00-04:00,67.29499816894531,67.29499816894531,67.25,67.25499725341797,8
2026-09-03 21:31:00-04:00,67.23999786376953,67.2750015258789,67.2300033569336,67.2699966430664,15
2026-09-03 21:32:00-04:00,67.22000122070312,67.24500274658203,67.19999694824219,67.24500274658203,11
2026-09-03 21:33:00-04:00,67.2249984741211,67.23500061035156,67.22000122070312,67.2300033569336,18
2026-09-03 21:34:00-04:00,67.2699966430664,67.2699966430664,67.22000122070312,67.2300033569336,11
2026-09-03 21:35:00-04:00,67.33000183105469,67.33999633789062,67.23500061035156,67.25,26
2026-09-03 21:36:00-04:00,67.41500091552734,67.41500091552734,67.31999969482422,67.33000183105469,42
2026-09-03 21:37:00-04:00,67.43000030517578,67.46499633789062,67.41500091552734,67.41999816894531,37
2026-09-03 21:38:00-04:00,67.45500183105469,67.45500183105469,67.42500305175781,67.44000244140625,13
2026-09-03 21:39:00-04:00,67.37999725341797,67.44999694824219,67.375,67.44999694824219,15
2026-09-03 21:40:00-04:00,67.41500091552734,67.42500305175781,67.38999938964844,67.41000366210938,7
2026-09-03 21:41:00-04:00,67.37999725341797,67.43499755859375,67.37999725341797,67.41500091552734,13
2026-09-03 21:42:00-04:00,67.36499786376953,67.38500213623047,67.36499786376953,67.375,12
2026-09-03 21:43:00-04:00,67.3499984741211,67.36000061035156,67.33000183105469,67.36000061035156,15
2026-09-03 21:44:00-04:00,67.43499755859375,67.43499755859375,67.40499877929688,67.40499877929688,4
2026-09-03 21:45:00-04:00,67.3499984741211,67.40499877929688,67.3499984741211,67.40499877929688,7
2026-09-03 21:46:00-04:00,67.33999633789062,67.37999725341797,67.33999633789062,67.37999725341797,3
2026-09-03 21:47:00-04:00,67.30500030517578,67.34500122070312,67.2750015258789,67.34500122070312,19
2026-09-03 21:48:00-04:00,67.31500244140625,67.31999969482422,67.28500366210938,67.30000305175781,14
2026-09-03 21:49:00-04:00,67.30000305175781,67.33499908447266,67.30000305175781,67.30999755859375,13
2026-09-03 21:50:00-04:00,67.31500244140625,67.31500244140625,67.2750015258789,67.27999877929688,3
2026-09-03 21:51:00-04:00,67.30999755859375,67.30999755859375,67.29499816894531,67.30500030517578,3
2026-09-03 21:52:00-04:00,67.36499786376953,67.36499786376953,67.30999755859375,67.30999755859375,11
2026-09-03 21:53:00-04:00,67.37999725341797,67.37999725341797,67.36000061035156,67.37000274658203,9
2026-09-03 21:54:00-04:00,67.40499877929688,67.40499877929688,67.37999725341797,67.37999725341797,4
2026-09-03 21:55:00-04:00,67.40499877929688,67.41999816894531,67.40499877929688,67.41500091552734,10
2026-09-03 21:56:00-04:00,67.44000244140625,67.44000244140625,67.41999816894531,67.41999816894531,5
2026-09-03 21:57:00-04:00,67.45500183105469,67.45500183105469,67.44999694824219,67.44999694824219,3
2026-09-03 21:58:00-04:00,67.48500061035156,67.50499725341797,67.48500061035156,67.48500061035156,20
2026-09-03 21:59:00-04:00,67.45999908447266,67.48500061035156,67.45999908447266,67.48500061035156,3
2026-09-03 22:00:00-04:00,67.45999908447266,67.4749984741211,67.45999908447266,67.4749984741211,2
2026-09-03 22:01:00-04:00,67.44999694824219,67.45999908447266,67.43000030517578,67.45999908447266,7
2026-09-03 22:02:00-04:00,67.5,67.5,67.44999694824219,67.44999694824219,9
2026-09-03 22:03:00-04:00,67.54499816894531,67.55000305175781,67.52999877929688,67.52999877929688,17
2026-09-03 22:04:00-04:00,67.50499725341797,67.5250015258789,67.50499725341797,67.5250015258789,3
2026-09-03 22:05:00-04:00,67.48500061035156,67.48999786376953,67.47000122070312,67.48500061035156,6
2026-09-03 22:06:00-04:00,67.5,67.5,67.4800033569336,67.48500061035156,5
2026-09-03 22:07:00-04:00,67.50499725341797,67.51000213623047,67.5,67.51000213623047,5
2026-09-03 22:08:00-04:00,67.47000122070312,67.49500274658203,67.47000122070312,67.4749984741211,6
2026-09-03 22:09:00-04:00,67.45999908447266,67.4800033569336,67.45999908447266,67.4800033569336,7
2026-09-03 22:10:00-04:00,67.44999694824219,67.46499633789062,67.44499969482422,67.45500183105469,11
2026-09-03 22:11:00-04:00,67.3949966430664,67.45999908447266,67.38500213623047,67.44999694824219,25
2026-09-03 22:12:00-04:00,67.3949966430664,67.41999816894531,67.37999725341797,67.3949966430664,18
2026-09-03 22:13:00-04:00,67.40499877929688,67.41999816894531,67.3949966430664,67.40499877929688,8
2026-09-03 22:14:00-04:00,67.40499877929688,67.41000366210938,67.375,67.3949966430664,9
2026-09-03 22:15:00-04:00,67.42500305175781,67.42500305175781,67.42500305175781,67.42500305175781,1
2026-09-03 22:17:00-04:00,67.40499877929688,67.41999816894531,67.40499877929688,67.41999816894531,4
2026-09-03 22:18:00-04:00,67.37999725341797,67.4000015258789,67.37000274658203,67.4000015258789,12
2026-09-03 22:19:00-04:00,67.41500091552734,67.41500091552734,67.37999725341797,67.3949966430664,11
2026-09-03 22:20:00-04:00,67.3949966430664,67.4000015258789,67.3949966430664,67.4000015258789,2
2026-09-03 22:21:00-04:00,67.37000274658203,67.37999725341797,67.37000274658203,67.37999725341797,5
2026-09-03 22:22:00-04:00,67.34500122070312,67.37000274658203,67.34500122070312,67.36499786376953,20
2026-09-03 22:23:00-04:00,67.36000061035156,67.36000061035156,67.32499694824219,67.33499908447266,9
2026-09-03 22:25:00-04:00,67.38500213623047,67.38500213623047,67.37999725341797,67.37999725341797,2
2026-09-03 22:26:00-04:00,67.33999633789062,67.36499786376953,67.31999969482422,67.3550033569336,28
2026-09-03 22:27:00-04:00,67.33999633789062,67.34500122070312,67.33000183105469,67.34500122070312,7
2026-09-03 22:28:00-04:00,67.31999969482422,67.33999633789062,67.30000305175781,67.33999633789062,10
2026-09-03 22:29:00-04:00,67.33999633789062,67.33999633789062,67.32499694824219,67.32499694824219,4
2026-09-03 22:30:00-04:00,67.2750015258789,67.33999633789062,67.23999786376953,67.31999969482422,133
2026-09-03 22:31:00-04:00,67.26000213623047,67.28500366210938,67.22000122070312,67.28500366210938,41
2026-09-03 22:32:00-04:00,67.30000305175781,67.30000305175781,67.26000213623047,67.26000213623047,14
2026-09-03 22:33:00-04:00,67.2750015258789,67.27999877929688,67.2300033569336,67.2300033569336,24
2026-09-03 22:34:00-04:00,67.26000213623047,67.27999877929688,67.26000213623047,67.2699966430664,7
2026-09-03 22:35:00-04:00,67.23500061035156,67.24500274658203,67.20500183105469,67.20999908447266,21
2026-09-03 22:36:00-04:00,67.29000091552734,67.29000091552734,67.23999786376953,67.2699966430664,44
2026-09-03 22:37:00-04:00,67.29499816894531,67.31999969482422,67.29000091552734,67.29499816894531,17
2026-09-03 22:38:00-04:00,67.33999633789062,67.3499984741211,67.33499908447266,67.33499908447266,6
2026-09-03 22:39:00-04:00,67.3550033569336,67.37999725341797,67.33999633789062,67.33999633789062,16
2026-09-03 22:40:00-04:00,67.3550033569336,67.375,67.32499694824219,67.36499786376953,21
2026-09-03 22:41:00-04:00,67.36000061035156,67.37999725341797,67.33499908447266,67.36000061035156,38
2026-09-03 22:42:00-04:00,67.32499694824219,67.33999633789062,67.30500030517578,67.33999633789062,18
2026-09-03 22:43:00-04:00,67.31500244140625,67.34500122070312,67.30999755859375,67.30999755859375,10
2026-09-03 22:44:00-04:00,67.27999877929688,67.31500244140625,67.27999877929688,67.30000305175781,12
2026-09-03 22:45:00-04:00,67.29499816894531,67.30500030517578,67.2699966430664,67.27999877929688,14
2026-09-03 22:46:00-04:00,67.31999969482422,67.31999969482422,67.30500030517578,67.30500030517578,5
2026-09-03 22:47:00-04:00,67.36499786376953,67.36499786376953,67.32499694824219,67.33000183105469,14
2026-09-03 22:48:00-04:00,67.37999725341797,67.37999725341797,67.37999725341797,67.37999725341797,2
2026-09-03 22:49:00-04:00,67.375,67.375,67.36499786376953,67.36499786376953,12
2026-09-03 22:50:00-04:00,67.36000061035156,67.38500213623047,67.36000061035156,67.37999725341797,5
2026-09-03 22:51:00-04:00,67.41999816894531,67.43000030517578,67.4000015258789,67.4000015258789,19
2026-09-03 22:52:00-04:00,67.44499969482422,67.44999694824219,67.38500213623047,67.4000015258789,21
2026-09-03 22:53:00-04:00,67.44999694824219,67.45999908447266,67.44499969482422,67.44499969482422,16
2026-09-03 22:54:00-04:00,67.48999786376953,67.48999786376953,67.44499969482422,67.45999908447266,11
2026-09-03 22:55:00-04:00,67.51000213623047,67.51000213623047,67.48999786376953,67.49500274658203,17
2026-09-03 22:56:00-04:00,67.42500305175781,67.51000213623047,67.41999816894531,67.50499725341797,22
2026-09-03 22:57:00-04:00,67.38500213623047,67.41500091552734,67.37000274658203,67.41500091552734,15
2026-09-03 22:58:00-04:00,67.38999938964844,67.4000015258789,67.38999938964844,67.4000015258789,5
2026-09-03 22:59:00-04:00,67.42500305175781,67.42500305175781,67.37000274658203,67.37000274658203,9
2026-09-03 23:00:00-04:00,67.37999725341797,67.41999816894531,67.37999725341797,67.41999816894531,9
2026-09-03 23:01:00-04:00,67.41999816894531,67.41999816894531,67.37999725341797,67.37999725341797,9
2026-09-03 23:02:00-04:00,67.37000274658203,67.38999938964844,67.3499984741211,67.38999938964844,16
2026-09-03 23:03:00-04:00,67.36499786376953,67.36499786376953,67.36000061035156,67.36000061035156,3
2026-09-03 23:04:00-04:00,67.3499984741211,67.3550033569336,67.3499984741211,67.3550033569336,4
2026-09-03 23:05:00-04:00,67.2750015258789,67.33499908447266,67.24500274658203,67.33499908447266,25
2026-09-03 23:06:00-04:00,67.27999877929688,67.28500366210938,67.26499938964844,67.28500366210938,4
2026-09-03 23:07:00-04:00,67.28500366210938,67.28500366210938,67.26499938964844,67.26499938964844,6
2026-09-03 23:08:00-04:00,67.30000305175781,67.31500244140625,67.30000305175781,67.30500030517578,6
2026-09-03 23:09:00-04:00,67.26000213623047,67.29000091552734,67.25,67.29000091552734,9
2026-09-03 23:10:00-04:00,67.24500274658203,67.24500274658203,67.2249984741211,67.23999786376953,10
2026-09-03 23:11:00-04:00,67.2300033569336,67.26000213623047,67.2300033569336,67.25499725341797,4
2026-09-03 23:12:00-04:00,67.2300033569336,67.24500274658203,67.2249984741211,67.24500274658203,9
2026-09-03 23:13:00-04:00,67.23500061035156,67.23999786376953,67.2249984741211,67.2249984741211,6
2026-09-03 23:14:00-04:00,67.27999877929688,67.27999877929688,67.26499938964844,67.26499938964844,11
2026-09-03 23:15:00-04:00,67.23999786376953,67.2699966430664,67.2300033569336,67.26000213623047,8
2026-09-03 23:16:00-04:00,67.25,67.26000213623047,67.25,67.26000213623047,3
2026-09-03 23:17:00-04:00,67.29000091552734,67.30500030517578,67.29000091552734,67.29000091552734,8
2026-09-03 23:18:00-04:00,67.30000305175781,67.30999755859375,67.28500366210938,67.28500366210938,7
2026-09-03 23:19:00-04:00,67.29499816894531,67.29499816894531,67.29000091552734,67.29000091552734,2
2026-09-03 23:20:00-04:00,67.33499908447266,67.33499908447266,67.29000091552734,67.29000091552734,9
2026-09-03 23:21:00-04:00,67.32499694824219,67.33499908447266,67.31500244140625,67.33499908447266,6
2026-09-03 23:22:00-04:00,67.33999633789062,67.33999633789062,67.33999633789062,67.33999633789062,1
2026-09-03 23:23:00-04:00,67.32499694824219,67.32499694824219,67.32499694824219,67.32499694824219,1
2026-09-03 23:24:00-04:00,67.31500244140625,67.33000183105469,67.30999755859375,67.30999755859375,4
2026-09-03 23:25:00-04:00,67.34500122070312,67.34500122070312,67.31999969482422,67.32499694824219,11
2026-09-03 23:26:00-04:00,67.33499908447266,67.34500122070312,67.33499908447266,67.34500122070312,2
2026-09-03 23:27:00-04:00,67.32499694824219,67.33499908447266,67.32499694824219,67.33499908447266,4
2026-09-03 23:28:00-04:00,67.30000305175781,67.32499694824219,67.30000305175781,67.32499694824219,5
2026-09-03 23:29:00-04:00,67.31500244140625,67.31500244140625,67.30000305175781,67.30000305175781,3
2026-09-03 23:30:00-04:00,67.37000274658203,67.4000015258789,67.32499694824219,67.33000183105469,30
2026-09-03 23:31:00-04:00,67.38500213623047,67.38500213623047,67.3499984741211,67.3499984741211,6
2026-09-03 23:32:00-04:00,67.375,67.38999938964844,67.37000274658203,67.38999938964844,7
2026-09-03 23:33:00-04:00,67.38999938964844,67.4000015258789,67.37999725341797,67.37999725341797,10
2026-09-03 23:34:00-04:00,67.37000274658203,67.3949966430664,67.37000274658203,67.3949966430664,3
2026-09-03 23:35:00-04:00,67.3550033569336,67.36000061035156,67.3550033569336,67.36000061035156,4
2026-09-03 23:36:00-04:00,67.3550033569336,67.3550033569336,67.33999633789062,67.33999633789062,4
2026-09-03 23:37:00-04:00,67.36000061035156,67.36000061035156,67.36000061035156,67.36000061035156,2
2026-09-03 23:38:00-04:00,67.36499786376953,67.375,67.36499786376953,67.37000274658203,4
2026-09-03 23:39:00-04:00,67.33000183105469,67.3550033569336,67.33000183105469,67.3550033569336,3
2026-09-03 23:40:00-04:00,67.30999755859375,67.33499908447266,67.30999755859375,67.33499908447266,12
2026-09-03 23:41:00-04:00,67.31999969482422,67.31999969482422,67.30999755859375,67.30999755859375,2
2026-09-03 23:42:00-04:00,67.28500366210938,67.29000091552734,67.26499938964844,67.29000091552734,9
2026-09-03 23:43:00-04:00,67.27999877929688,67.28500366210938,67.2699966430664,67.2699966430664,4
2026-09-03 23:44:00-04:00,67.25,67.2699966430664,67.25,67.26499938964844,8
2026-09-03 23:45:00-04:00,67.26000213623047,67.2699966430664,67.25499725341797,67.25499725341797,4
2026-09-03 23:46:00-04:00,67.2699966430664,67.2699966430664,67.25499725341797,67.26000213623047,8
2026-09-03 23:48:00-04:00,67.24500274658203,67.25499725341797,67.24500274658203,67.25499725341797,2
2026-09-03 23:49:00-04:00,67.26000213623047,67.26000213623047,67.26000213623047,67.26000213623047,1
2026-09-03 23:52:00-04:00,67.2750015258789,67.28500366210938,67.2750015258789,67.28500366210938,3
2026-09-03 23:53:00-04:00,67.2699966430664,67.2699966430664,67.2699966430664,67.2699966430664,2
2026-09-03 23:54:00-04:00,67.27999877929688,67.27999877929688,67.27999877929688,67.27999877929688,1
2026-09-03 23:56:00-04:00,67.25,67.26000213623047,67.24500274658203,67.26000213623047,8
2026-09-03 23:57:00-04:00,67.23999786376953,67.23999786376953,67.23999786376953,67.23999786376953,4
2026-09-03 23:58:00-04:00,67.21499633789062,67.2249984741211,67.19999694824219,67.2249984741211,14
2026-09-04 00:00:00-04:00,67.16999816894531,67.19499969482422,67.16999816894531,67.19499969482422,10
2026-09-04 00:01:00-04:00,67.19999694824219,67.20500183105469,67.17500305175781,67.18000030517578,9
2026-09-04 00:02:00-04:00,67.16000366210938,67.20500183105469,67.16000366210938,67.19999694824219,14
2026-09-04 00:03:00-04:00,67.19499969482422,67.19999694824219,67.16500091552734,67.16999816894531,35
2026-09-04 00:04:00-04:00,67.23999786376953,67.25,67.20999908447266,67.20999908447266,15
2026-09-04 00:05:00-04:00,67.25499725341797,67.25499725341797,67.23999786376953,67.23999786376953,5
2026-09-04 00:06:00-04:00,67.20999908447266,67.20999908447266,67.20500183105469,67.20999908447266,6
2026-09-04 00:07:00-04:00,67.19000244140625,67.19000244140625,67.18000030517578,67.18000030517578,2
2026-09-04 00:08:00-04:00,67.22000122070312,67.22000122070312,67.19499969482422,67.19499969482422,8
2026-09-04 00:09:00-04:00,67.21499633789062,67.21499633789062,67.21499633789062,67.21499633789062,1
2026-09-04 00:10:00-04:00,67.22000122070312,67.22000122070312,67.20999908447266,67.20999908447266,3
2026-09-04 00:11:00-04:00,67.2300033569336,67.26000213623047,67.2249984741211,67.2249984741211,4
2026-09-04 00:12:00-04:00,67.21499633789062,67.2249984741211,67.20999908447266,67.2249984741211,11
2026-09-04 00:13:00-04:00,67.2300033569336,67.24500274658203,67.19499969482422,67.20999908447266,38
2026-09-04 00:14:00-04:00,67.21499633789062,67.23500061035156,67.21499633789062,67.23500061035156,15
2026-09-04 00:15:00-04:00,67.20999908447266,67.20999908447266,67.20999908447266,67.20999908447266,1
2026-09-04 00:16:00-04:00,67.21499633789062,67.21499633789062,67.21499633789062,67.21499633789062,2
2026-09-04 00:19:00-04:00,67.22000122070312,67.22000122070312,67.22000122070312,67.22000122070312,1
2026-09-04 00:21:00-04:00,67.2300033569336,67.2300033569336,67.2249984741211,67.2249984741211,3
2026-09-04 00:23:00-04:00,67.2249984741211,67.2249984741211,67.20999908447266,67.20999908447266,4
2026-09-04 00:24:00-04:00,67.2300033569336,67.24500274658203,67.2249984741211,67.2249984741211,14
2026-09-04 00:26:00-04:00,67.24500274658203,67.24500274658203,67.23500061035156,67.23500061035156,12
2026-09-04 00:27:00-04:00,67.23500061035156,67.23500061035156,67.23500061035156,67.23500061035156,2
2026-09-04 00:28:00-04:00,67.2699966430664,67.2699966430664,67.25,67.25499725341797,6
2026-09-04 00:29:00-04:00,67.2699966430664,67.27999877929688,67.26499938964844,67.2699966430664,13
2026-09-04 00:30:00-04:00,67.30500030517578,67.30500030517578,67.2750015258789,67.2750015258789,4
2026-09-04 00:31:00-04:00,67.33999633789062,67.33999633789062,67.30500030517578,67.30500030517578,14
2026-09-04 00:32:00-04:00,67.31500244140625,67.31500244140625,67.31500244140625,67.31500244140625,1
2026-09-04 00:33:00-04:00,67.29499816894531,67.29499816894531,67.29000091552734,67.29499816894531,4
2026-09-04 00:34:00-04:00,67.30999755859375,67.30999755859375,67.28500366210938,67.28500366210938,6
2026-09-04 00:35:00-04:00,67.30500030517578,67.30500030517578,67.30500030517578,67.30500030517578,2
2026-09-04 00:36:00-04:00,67.31500244140625,67.31500244140625,67.30000305175781,67.30000305175781,3
2026-09-04 00:37:00-04:00,67.32499694824219,67.3499984741211,67.32499694824219,67.33000183105469,9
2026-09-04 00:38:00-04:00,67.30999755859375,67.31500244140625,67.30999755859375,67.31500244140625,2
2026-09-04 00:39:00-04:00,67.30999755859375,67.30999755859375,67.30000305175781,67.30000305175781,2
2026-09-04 00:40:00-04:00,67.30500030517578,67.31500244140625,67.30000305175781,67.31500244140625,5
2026-09-04 00:42:00-04:00,67.32499694824219,67.32499694824219,67.31999969482422,67.31999969482422,2
2026-09-04 00:43:00-04:00,67.33000183105469,67.33000183105469,67.33000183105469,67.33000183105469,5
2026-09-04 00:44:00-04:00,67.33999633789062,67.33999633789062,67.33000183105469,67.33000183105469,2
2026-09-04 00:45:00-04:00,67.33999633789062,67.3550033569336,67.33999633789062,67.34500122070312,11
2026-09-04 00:47:00-04:00,67.33000183105469,67.33999633789062,67.33000183105469,67.33999633789062,3
2026-09-04 00:48:00-04:00,67.3499984741211,67.3499984741211,67.33499908447266,67.33499908447266,3
2026-09-04 00:49:00-04:00,67.3499984741211,67.3499984741211,67.3499984741211,67.3499984741211,1
2026-09-04 00:50:00-04:00,67.3550033569336,67.3550033569336,67.3550033569336,67.3550033569336,1
2026-09-04 00:52:00-04:00,67.33999633789062,67.36000061035156,67.33999633789062,67.3550033569336,12
2026-09-04 00:53:00-04:00,67.3499984741211,67.3499984741211,67.3499984741211,67.3499984741211,6
2026-09-04 00:54:00-04:00,67.3499984741211,67.3499984741211,67.3499984741211,67.3499984741211,1
2026-09-04 00:56:00-04:00,67.3499984741211,67.3499984741211,67.3499984741211,67.3499984741211,1
2026-09-04 00:59:00-04:00,67.36000061035156,67.375,67.36000061035156,67.375,9
2026-09-04 01:00:00-04:00,67.36000061035156,67.38999938964844,67.36000061035156,67.38500213623047,13
2026-09-04 01:01:00-04:00,67.33000183105469,67.33000183105469,67.33000183105469,67.33000183105469,1
2026-09-04 01:02:00-04:00,67.33000183105469,67.34500122070312,67.33000183105469,67.34500122070312,5
2026-09-04 01:03:00-04:00,67.29499816894531,67.33000183105469,67.2699966430664,67.33000183105469,21
2026-09-04 01:04:00-04:00,67.31999969482422,67.31999969482422,67.31999969482422,67.31999969482422,1
2026-09-04 01:05:00-04:00,67.23999786376953,67.27999877929688,67.23999786376953,67.27999877929688,14
2026-09-04 01:06:00-04:00,67.22000122070312,67.22000122070312,67.21499633789062,67.21499633789062,2
2026-09-04 01:07:00-04:00,67.2249984741211,67.23500061035156,67.2249984741211,67.2300033569336,5
2026-09-04 01:08:00-04:00,67.28500366210938,67.28500366210938,67.23500061035156,67.23500061035156,8
2026-09-04 01:09:00-04:00,67.22000122070312,67.25499725341797,67.21499633789062,67.25499725341797,5
2026-09-04 01:10:00-04:00,67.19999694824219,67.21499633789062,67.19999694824219,67.21499633789062,4
2026-09-04 01:11:00-04:00,67.18499755859375,67.19000244140625,67.16000366210938,67.19000244140625,16
2026-09-04 01:14:00-04:00,67.20500183105469,67.20500183105469,67.20500183105469,67.20500183105469,1
2026-09-04 01:15:00-04:00,67.24500274658203,67.24500274658203,67.2249984741211,67.2249984741211,2
2026-09-04 01:16:00-04:00,67.24500274658203,67.24500274658203,67.23999786376953,67.23999786376953,3
2026-09-04 01:17:00-04:00,67.30000305175781,67.30000305175781,67.24500274658203,67.24500274658203,9
2026-09-04 01:18:00-04:00,67.36000061035156,67.36000061035156,67.30000305175781,67.30500030517578,13
2026-09-04 01:19:00-04:00,67.3499984741211,67.36000061035156,67.3499984741211,67.36000061035156,4
2026-09-04 01:20:00-04:00,67.34500122070312,67.3499984741211,67.34500122070312,67.3499984741211,2
2026-09-04 01:21:00-04:00,67.25499725341797,67.33499908447266,67.25499725341797,67.33499908447266,5
2026-09-04 01:22:00-04:00,67.2699966430664,67.2699966430664,67.2699966430664,67.2699966430664,2
2026-09-04 01:23:00-04:00,67.2699966430664,67.2699966430664,67.2699966430664,67.2699966430664,1
2026-09-04 01:25:00-04:00,67.24500274658203,67.24500274658203,67.23500061035156,67.24500274658203,4
2026-09-04 01:26:00-04:00,67.2249984741211,67.23500061035156,67.2249984741211,67.23500061035156,4
2026-09-04 01:27:00-04:00,67.2300033569336,67.2300033569336,67.2300033569336,67.2300033569336,1
2026-09-04 01:28:00-04:00,67.16500091552734,67.22000122070312,67.16500091552734,67.22000122070312,12
2026-09-04 01:29:00-04:00,67.12999725341797,67.18499755859375,67.12999725341797,67.18499755859375,16
2026-09-04 01:30:00-04:00,67.29499816894531,67.29499816894531,67.11499786376953,67.125,138
2026-09-04 01:31:00-04:00,67.31500244140625,67.31500244140625,67.27999877929688,67.29000091552734,16
2026-09-04 01:32:00-04:00,67.43499755859375,67.44000244140625,67.33000183105469,67.33000183105469,35
2026-09-04 01:33:00-04:00,67.37999725341797,67.48500061035156,67.37999725341797,67.44000244140625,33
2026-09-04 01:34:00-04:00,67.4000015258789,67.41000366210938,67.3949966430664,67.40499877929688,13
2026-09-04 01:35:00-04:00,67.31999969482422,67.4000015258789,67.31999969482422,67.3949966430664,22
2026-09-04 01:36:00-04:00,67.29000091552734,67.31500244140625,67.29000091552734,67.31500244140625,4
2026-09-04 01:37:00-04:00,67.31500244140625,67.32499694824219,67.27999877929688,67.29499816894531,11
2026-09-04 01:38:00-04:00,67.37999725341797,67.37999725341797,67.32499694824219,67.33000183105469,5
2026-09-04 01:39:00-04:00,67.43000030517578,67.44499969482422,67.40499877929688,67.40499877929688,11
2026-09-04 01:40:00-04:00,67.44000244140625,67.47000122070312,67.43000030517578,67.44000244140625,19
2026-09-04 01:41:00-04:00,67.42500305175781,67.4749984741211,67.42500305175781,67.45500183105469,15
2026-09-04 01:42:00-04:00,67.42500305175781,67.44499969482422,67.41500091552734,67.41500091552734,15
2026-09-04 01:43:00-04:00,67.36499786376953,67.4000015258789,67.36499786376953,67.3949966430664,18
2026-09-04 01:44:00-04:00,67.31500244140625,67.3550033569336,67.28500366210938,67.3550033569336,33
2026-09-04 01:45:00-04:00,67.3499984741211,67.37000274658203,67.30999755859375,67.30999755859375,13
2026-09-04 01:46:00-04:00,67.3499984741211,67.37000274658203,67.3499984741211,67.36499786376953,8
2026-09-04 01:47:00-04:00,67.3550033569336,67.3550033569336,67.34500122070312,67.3499984741211,3
2026-09-04 01:48:00-04:00,67.34500122070312,67.3499984741211,67.33999633789062,67.33999633789062,6
2026-09-04 01:49:00-04:00,67.3499984741211,67.3499984741211,67.3499984741211,67.3499984741211,1
2026-09-04 01:50:00-04:00,67.25,67.30500030517578,67.2300033569336,67.30500030517578,16
2026-09-04 01:51:00-04:00,67.2699966430664,67.2699966430664,67.23500061035156,67.23500061035156,6
2026-09-04 01:52:00-04:00,67.21499633789062,67.23500061035156,67.20999908447266,67.2249984741211,21
2026-09-04 01:53:00-04:00,67.19000244140625,67.22000122070312,67.19000244140625,67.20500183105469,20
2026-09-04 01:54:00-04:00,67.20999908447266,67.21499633789062,67.18499755859375,67.21499633789062,7
2026-09-04 01:55:00-04:00,67.23500061035156,67.23500061035156,67.19000244140625,67.19000244140625,12
2026-09-04 01:56:00-04:00,67.26000213623047,67.26000213623047,67.23500061035156,67.23500061035156,6
2026-09-04 01:57:00-04:00,67.25499725341797,67.25499725341797,67.23500061035156,67.25,11
2026-09-04 01:58:00-04:00,67.25,67.26000213623047,67.25,67.25,11
2026-09-04 01:59:00-04:00,67.26499938964844,67.2750015258789,67.23999786376953,67.25499725341797,34
2026-09-04 02:00:00-04:00,67.24500274658203,67.2699966430664,67.2300033569336,67.26000213623047,51
2026-09-04 02:01:00-04:00,67.27999877929688,67.30999755859375,67.24500274658203,67.26000213623047,20
2026-09-04 02:02:00-04:00,67.2750015258789,67.30999755859375,67.26499938964844,67.2750015258789,24
2026-09-04 02:03:00-04:00,67.2750015258789,67.30000305175781,67.24500274658203,67.26499938964844,18
2026-09-04 02:04:00-04:00,67.30000305175781,67.30000305175781,67.25,67.26000213623047,16
2026-09-04 02:05:00-04:00,67.2750015258789,67.29499816894531,67.26000213623047,67.27999877929688,13
2026-09-04 02:06:00-04:00,67.2750015258789,67.2750015258789,67.25499725341797,67.2750015258789,24
2026-09-04 02:07:00-04:00,67.2699966430664,67.28500366210938,67.24500274658203,67.25499725341797,32
2026-09-04 02:08:00-04:00,67.2249984741211,67.24500274658203,67.20999908447266,67.24500274658203,9
2026-09-04 02:09:00-04:00,67.26499938964844,67.26499938964844,67.20999908447266,67.23999786376953,20
2026-09-04 02:10:00-04:00,67.26499938964844,67.29499816894531,67.25,67.26499938964844,9
2026-09-04 02:11:00-04:00,67.23500061035156,67.29000091552734,67.23500061035156,67.29000091552734,15
2026-09-04 02:12:00-04:00,67.26000213623047,67.26000213623047,67.22000122070312,67.23999786376953,8
2026-09-04 02:13:00-04:00,67.20999908447266,67.25499725341797,67.20999908447266,67.25499725341797,6
2026-09-04 02:14:00-04:00,67.26000213623047,67.26000213623047,67.23999786376953,67.25,6
2026-09-04 02:15:00-04:00,67.2249984741211,67.24500274658203,67.2249984741211,67.2300033569336,5
2026-09-04 02:16:00-04:00,67.18000030517578,67.22000122070312,67.18000030517578,67.21499633789062,22
2026-09-04 02:17:00-04:00,67.16500091552734,67.18499755859375,67.1500015258789,67.18000030517578,49
2026-09-04 02:18:00-04:00,67.20999908447266,67.20999908447266,67.16000366210938,67.16000366210938,20
2026-09-04 02:19:00-04:00,67.21499633789062,67.21499633789062,67.19999694824219,67.20500183105469,7
2026-09-04 02:20:00-04:00,67.2699966430664,67.27999877929688,67.20999908447266,67.20999908447266,22
2026-09-04 02:21:00-04:00,67.28500366210938,67.28500366210938,67.2750015258789,67.28500366210938,3
2026-09-04 02:22:00-04:00,67.17500305175781,67.27999877929688,67.16500091552734,67.2750015258789,39
2026-09-04 02:23:00-04:00,67.18499755859375,67.21499633789062,67.18000030517578,67.18000030517578,10
2026-09-04 02:24:00-04:00,67.16999816894531,67.17500305175781,67.12999725341797,67.17500305175781,35
2026-09-04 02:25:00-04:00,67.20500183105469,67.21499633789062,67.18499755859375,67.18499755859375,10
2026-09-04 02:26:00-04:00,67.21499633789062,67.22000122070312,67.19999694824219,67.22000122070312,11
2026-09-04 02:27:00-04:00,67.25499725341797,67.25499725341797,67.2249984741211,67.2249984741211,6
2026-09-04 02:28:00-04:00,67.19499969482422,67.2249984741211,67.19000244140625,67.22000122070312,8
2026-09-04 02:29:00-04:00,67.18499755859375,67.2249984741211,67.17500305175781,67.20500183105469,20
2026-09-04 02:30:00-04:00,67.17500305175781,67.19999694824219,67.16999816894531,67.19000244140625,10
2026-09-04 02:31:00-04:00,67.15499877929688,67.19000244140625,67.0999984741211,67.18499755859375,48
2026-09-04 02:32:00-04:00,67.16500091552734,67.18000030517578,67.15499877929688,67.16500091552734,12
2026-09-04 02:33:00-04:00,67.18000030517578,67.18000030517578,67.16500091552734,67.16500091552734,3
2026-09-04 02:34:00-04:00,67.05999755859375,67.1500015258789,67.05999755859375,67.1500015258789,35
2026-09-04 02:35:00-04:00,67.04499816894531,67.08000183105469,67.02999877929688,67.05999755859375,43
2026-09-04 02:36:00-04:00,67.01499938964844,67.05000305175781,67.01499938964844,67.05000305175781,26
2026-09-04 02:37:00-04:00,66.91000366210938,67.0199966430664,66.87999725341797,67.0199966430664,218
2026-09-04 02:38:00-04:00,67.01000213623047,67.0199966430664,66.91500091552734,66.91500091552734,47
2026-09-04 02:39:00-04:00,67.05000305175781,67.05999755859375,67.01499938964844,67.01499938964844,33
2026-09-04 02:40:00-04:00,67.03500366210938,67.04499816894531,67.01499938964844,67.04499816894531,22
2026-09-04 02:41:00-04:00,67.0999984741211,67.1050033569336,67.04000091552734,67.04000091552734,11
2026-09-04 02:42:00-04:00,67.08499908447266,67.09500122070312,67.08499908447266,67.09500122070312,10
2026-09-04 02:43:00-04:00,67.125,67.13999938964844,67.08999633789062,67.08999633789062,17
2026-09-04 02:44:00-04:00,67.08000183105469,67.13500213623047,67.05999755859375,67.13500213623047,15
2026-09-04 02:45:00-04:00,67.0199966430664,67.07499694824219,67.0199966430664,67.05999755859375,8
2026-09-04 02:46:00-04:00,67.0250015258789,67.0250015258789,66.99500274658203,67.0250015258789,34
2026-09-04 02:47:00-04:00,67.06500244140625,67.06500244140625,67.0199966430664,67.0199966430664,9
2026-09-04 02:48:00-04:00,67.08000183105469,67.0999984741211,67.05000305175781,67.05500030517578,7
2026-09-04 02:49:00-04:00,67.04499816894531,67.06500244140625,67.03500366210938,67.06500244140625,6
2026-09-04 02:50:00-04:00,67.12999725341797,67.13500213623047,67.02999877929688,67.02999877929688,24
2026-09-04 02:51:00-04:00,67.1050033569336,67.11499786376953,67.09500122070312,67.11499786376953,7
2026-09-04 02:52:00-04:00,67.1050033569336,67.1050033569336,67.0999984741211,67.0999984741211,4
2026-09-04 02:53:00-04:00,67.08000183105469,67.08999633789062,67.07499694824219,67.07499694824219,15
2026-09-04 02:54:00-04:00,67.08499908447266,67.0999984741211,67.07499694824219,67.08000183105469,33
2026-09-04 02:55:00-04:00,67.0999984741211,67.125,67.08499908447266,67.09500122070312,25
2026-09-04 02:56:00-04:00,67.08499908447266,67.08499908447266,67.07499694824219,67.08000183105469,4
2026-09-04 02:57:00-04:00,67.07499694824219,67.08499908447266,67.05500030517578,67.07499694824219,18
2026-09-04 02:58:00-04:00,67.13500213623047,67.13500213623047,67.08499908447266,67.08499908447266,20
2026-09-04 02:59:00-04:00,67.16500091552734,67.17500305175781,67.1500015258789,67.1500015258789,11
2026-09-04 03:00:00-04:00,67.18499755859375,67.19000244140625,67.125,67.1449966430664,29
2026-09-04 03:01:00-04:00,67.16500091552734,67.18499755859375,67.15499877929688,67.15499877929688,8
2026-09-04 03:02:00-04:00,67.18499755859375,67.18499755859375,67.16999816894531,67.16999816894531,5
2026-09-04 03:03:00-04:00,67.2300033569336,67.2300033569336,67.18000030517578,67.19499969482422,54
2026-09-04 03:04:00-04:00,67.2249984741211,67.25,67.22000122070312,67.23999786376953,35
2026-09-04 03:05:00-04:00,67.24500274658203,67.26000213623047,67.20999908447266,67.2249984741211,15
2026-09-04 03:06:00-04:00,67.2699966430664,67.2699966430664,67.24500274658203,67.24500274658203,7
2026-09-04 03:07:00-04:00,67.2699966430664,67.29000091552734,67.25499725341797,67.26499938964844,25
2026-09-04 03:08:00-04:00,67.30500030517578,67.30500030517578,67.26000213623047,67.26000213623047,18
2026-09-04 03:09:00-04:00,67.31500244140625,67.33000183105469,67.29499816894531,67.30500030517578,16
2026-09-04 03:10:00-04:00,67.30000305175781,67.30500030517578,67.29000091552734,67.30500030517578,4
2026-09-04 03:11:00-04:00,67.29000091552734,67.31999969482422,67.29000091552734,67.31500244140625,8
2026-09-04 03:12:00-04:00,67.30000305175781,67.30500030517578,67.27999877929688,67.30500030517578,8
2026-09-04 03:13:00-04:00,67.33000183105469,67.36000061035156,67.2750015258789,67.28500366210938,30
2026-09-04 03:14:00-04:00,67.32499694824219,67.33999633789062,67.32499694824219,67.33499908447266,8
2026-09-04 03:15:00-04:00,67.30500030517578,67.31500244140625,67.2699966430664,67.30500030517578,11
2026-09-04 03:16:00-04:00,67.29000091552734,67.30500030517578,67.27999877929688,67.29499816894531,13
2026-09-04 03:17:00-04:00,67.30500030517578,67.30500030517578,67.29499816894531,67.29499816894531,5
2026-09-04 03:18:00-04:00,67.31500244140625,67.31500244140625,67.30000305175781,67.30500030517578,9
2026-09-04 03:19:00-04:00,67.33000183105469,67.33000183105469,67.30500030517578,67.31500244140625,5
2026-09-04 03:20:00-04:00,67.33000183105469,67.3499984741211,67.31999969482422,67.33999633789062,14
2026-09-04 03:21:00-04:00,67.31500244140625,67.33999633789062,67.31500244140625,67.32499694824219,6
2026-09-04 03:22:00-04:00,67.33000183105469,67.33999633789062,67.31500244140625,67.31500244140625,9
2026-09-04 03:23:00-04:00,67.32499694824219,67.32499694824219,67.32499694824219,67.32499694824219,1
2026-09-04 03:24:00-04:00,67.36499786376953,67.37000274658203,67.33999633789062,67.33999633789062,7
2026-09-04 03:25:00-04:00,67.34500122070312,67.36000061035156,67.33999633789062,67.36000061035156,6
2026-09-04 03:26:00-04:00,67.31999969482422,67.3499984741211,67.31999969482422,67.3499984741211,14
2026-09-04 03:27:00-04:00,67.3550033569336,67.3550033569336,67.31500244140625,67.31500244140625,30
2026-09-04 03:28:00-04:00,67.37999725341797,67.38999938964844,67.36000061035156,67.36000061035156,12
2026-09-04 03:29:00-04:00,67.41500091552734,67.42500305175781,67.36499786376953,67.36499786376953,38
2026-09-04 03:30:00-04:00,67.44499969482422,67.44499969482422,67.41999816894531,67.42500305175781,29
2026-09-04 03:31:00-04:00,67.45999908447266,67.4800033569336,67.44999694824219,67.44999694824219,17
2026-09-04 03:32:00-04:00,67.45500183105469,67.48500061035156,67.45500183105469,67.4800033569336,14
2026-09-04 03:33:00-04:00,67.43000030517578,67.44999694824219,67.41999816894531,67.44499969482422,31
2026-09-04 03:34:00-04:00,67.44499969482422,67.44499969482422,67.43499755859375,67.43499755859375,6
2026-09-04 03:35:00-04:00,67.44000244140625,67.44000244140625,67.41999816894531,67.44000244140625,12
2026-09-04 03:36:00-04:00,67.4749984741211,67.4749984741211,67.45500183105469,67.45500183105469,9
2026-09-04 03:37:00-04:00,67.47000122070312,67.47000122070312,67.47000122070312,67.47000122070312,1
2026-09-04 03:38:00-04:00,67.48999786376953,67.51000213623047,67.45999908447266,67.46499633789062,15
2026-09-04 03:39:00-04:00,67.45999908447266,67.47000122070312,67.45500183105469,67.47000122070312,6
2026-09-04 03:41:00-04:00,67.5250015258789,67.5250015258789,67.48500061035156,67.49500274658203,11
2026-09-04 03:42:00-04:00,67.55999755859375,67.55999755859375,67.5250015258789,67.5250015258789,53
2026-09-04 03:43:00-04:00,67.55500030517578,67.58999633789062,67.55000305175781,67.55999755859375,80
2026-09-04 03:44:00-04:00,67.58999633789062,67.58999633789062,67.56500244140625,67.56500244140625,48
2026-09-04 03:45:00-04:00,67.5999984741211,67.5999984741211,67.55500030517578,67.58499908447266,16
2026-09-04 03:46:00-04:00,67.58499908447266,67.6050033569336,67.57499694824219,67.59500122070312,27
2026-09-04 03:47:00-04:00,67.6050033569336,67.61499786376953,67.58999633789062,67.5999984741211,25
2026-09-04 03:48:00-04:00,67.61000061035156,67.625,67.5999984741211,67.61000061035156,27
2026-09-04 03:49:00-04:00,67.625,67.625,67.5999984741211,67.61499786376953,14
2026-09-04 03:50:00-04:00,67.56999969482422,67.63500213623047,67.56999969482422,67.625,15
2026-09-04 03:51:00-04:00,67.55000305175781,67.57499694824219,67.53500366210938,67.56999969482422,8
2026-09-04 03:52:00-04:00,67.54000091552734,67.55999755859375,67.54000091552734,67.55000305175781,10
2026-09-04 03:53:00-04:00,67.56999969482422,67.56999969482422,67.55000305175781,67.55500030517578,8
2026-09-04 03:54:00-04:00,67.55500030517578,67.58499908447266,67.55500030517578,67.56500244140625,9
2026-09-04 03:55:00-04:00,67.55000305175781,67.56999969482422,67.55000305175781,67.56500244140625,4
2026-09-04 03:56:00-04:00,67.56999969482422,67.58499908447266,67.52999877929688,67.53500366210938,15
2026-09-04 03:57:00-04:00,67.5250015258789,67.55999755859375,67.5199966430664,67.55500030517578,23
2026-09-04 03:58:00-04:00,67.55999755859375,67.55999755859375,67.54000091552734,67.54000091552734,8
2026-09-04 03:59:00-04:00,67.58000183105469,67.58000183105469,67.55000305175781,67.55000305175781,6
2026-09-04 04:00:00-04:00,67.6500015258789,67.6500015258789,67.56999969482422,67.56999969482422,38
2026-09-04 04:01:00-04:00,67.63500213623047,67.66000366210938,67.63500213623047,67.6449966430664,20
2026-09-04 04:02:00-04:00,67.66999816894531,67.66999816894531,67.625,67.6500015258789,68
2026-09-04 04:03:00-04:00,67.6500015258789,67.67500305175781,67.6500015258789,67.66000366210938,21
2026-09-04 04:04:00-04:00,67.65499877929688,67.69000244140625,67.6500015258789,67.6500015258789,27
2026-09-04 04:05:00-04:00,67.62000274658203,67.6500015258789,67.61499786376953,67.6500015258789,11
2026-09-04 04:06:00-04:00,67.625,67.63500213623047,67.61499786376953,67.63500213623047,10
2026-09-04 04:07:00-04:00,67.63999938964844,67.6449966430664,67.63999938964844,67.63999938964844,3
2026-09-04 04:08:00-04:00,67.63999938964844,67.63999938964844,67.62000274658203,67.62000274658203,6
2026-09-04 04:09:00-04:00,67.6050033569336,67.63999938964844,67.5999984741211,67.63999938964844,8
2026-09-04 04:10:00-04:00,67.6500015258789,67.66000366210938,67.61499786376953,67.61499786376953,16
2026-09-04 04:11:00-04:00,67.65499877929688,67.65499877929688,67.625,67.63500213623047,21
2026-09-04 04:12:00-04:00,67.6449966430664,67.66000366210938,67.62999725341797,67.63999938964844,15
2026-09-04 04:13:00-04:00,67.69999694824219,67.69999694824219,67.65499877929688,67.66500091552734,21
2026-09-04 04:14:00-04:00,67.67500305175781,67.69999694824219,67.66500091552734,67.69499969482422,10
2026-09-04 04:15:00-04:00,67.73999786376953,67.76000213623047,67.66999816894531,67.67500305175781,87
2026-09-04 04:16:00-04:00,67.72000122070312,67.73500061035156,67.71499633789062,67.73500061035156,27
2026-09-04 04:17:00-04:00,67.73999786376953,67.73999786376953,67.73500061035156,67.73500061035156,8
2026-09-04 04:18:00-04:00,67.75499725341797,67.75499725341797,67.73500061035156,67.74500274658203,12
2026-09-04 04:19:00-04:00,67.72000122070312,67.7300033569336,67.72000122070312,67.7300033569336,11
2026-09-04 04:20:00-04:00,67.75,67.75,67.72000122070312,67.72000122070312,4
2026-09-04 04:21:00-04:00,67.72000122070312,67.73999786376953,67.72000122070312,67.73999786376953,7
2026-09-04 04:22:00-04:00,67.70999908447266,67.71499633789062,67.70999908447266,67.71499633789062,6
2026-09-04 04:23:00-04:00,67.70500183105469,67.70999908447266,67.69000244140625,67.69499969482422,13
2026-09-04 04:24:00-04:00,67.68499755859375,67.70500183105469,67.68499755859375,67.69999694824219,5
2026-09-04 04:25:00-04:00,67.65499877929688,67.66500091552734,67.625,67.66500091552734,16
2026-09-04 04:26:00-04:00,67.66999816894531,67.67500305175781,67.66500091552734,67.66999816894531,6
2026-09-04 04:27:00-04:00,67.69999694824219,67.69999694824219,67.67500305175781,67.67500305175781,5
2026-09-04 04:28:00-04:00,67.72000122070312,67.72000122070312,67.70999908447266,67.72000122070312,6
2026-09-04 04:29:00-04:00,67.70500183105469,67.70999908447266,67.69000244140625,67.70999908447266,12
2026-09-04 04:30:00-04:00,67.74500274658203,67.75,67.70999908447266,67.71499633789062,10
2026-09-04 04:31:00-04:00,67.70999908447266,67.76000213623047,67.70999908447266,67.75,7
2026-09-04 04:32:00-04:00,67.69499969482422,67.69999694824219,67.67500305175781,67.69999694824219,31
2026-09-04 04:33:00-04:00,67.73999786376953,67.73999786376953,67.69499969482422,67.69499969482422,5
2026-09-04 04:34:00-04:00,67.72000122070312,67.73500061035156,67.72000122070312,67.7300033569336,9
2026-09-04 04:35:00-04:00,67.70500183105469,67.73999786376953,67.70500183105469,67.7300033569336,19
2026-09-04 04:36:00-04:00,67.68000030517578,67.69999694824219,67.67500305175781,67.69999694824219,12
2026-09-04 04:37:00-04:00,67.65499877929688,67.68000030517578,67.65499877929688,67.67500305175781,45
2026-09-04 04:38:00-04:00,67.65499877929688,67.66500091552734,67.63999938964844,67.63999938964844,12
2026-09-04 04:39:00-04:00,67.65499877929688,67.66000366210938,67.65499877929688,67.66000366210938,4
2026-09-04 04:40:00-04:00,67.6500015258789,67.6500015258789,67.6500015258789,67.6500015258789,3
2026-09-04 04:41:00-04:00,67.63999938964844,67.65499877929688,67.63999938964844,67.65499877929688,2
2026-09-04 04:42:00-04:00,67.63999938964844,67.66000366210938,67.63999938964844,67.6500015258789,10
2026-09-04 04:44:00-04:00,67.63500213623047,67.63500213623047,67.62000274658203,67.625,4
2026-09-04 04:45:00-04:00,67.62999725341797,67.63999938964844,67.625,67.625,5
2026-09-04 04:46:00-04:00,67.63500213623047,67.63500213623047,67.63500213623047,67.63500213623047,1
2026-09-04 04:47:00-04:00,67.6500015258789,67.6500015258789,67.63500213623047,67.63999938964844,10
2026-09-04 04:48:00-04:00,67.63500213623047,67.63500213623047,67.62999725341797,67.62999725341797,2
2026-09-04 04:49:00-04:00,67.59500122070312,67.6050033569336,67.59500122070312,67.6050033569336,5
2026-09-04 04:50:00-04:00,67.56999969482422,67.58000183105469,67.56999969482422,67.58000183105469,4
2026-09-04 04:52:00-04:00,67.59500122070312,67.5999984741211,67.58000183105469,67.58499908447266,7
2026-09-04 04:53:00-04:00,67.57499694824219,67.58999633789062,67.56999969482422,67.58999633789062,4
2026-09-04 04:54:00-04:00,67.62000274658203,67.625,67.62000274658203,67.62000274658203,5
2026-09-04 04:55:00-04:00,67.62999725341797,67.63999938964844,67.62999725341797,67.63999938964844,4
2026-09-04 04:56:00-04:00,67.66500091552734,67.68000030517578,67.6500015258789,67.65499877929688,40
2026-09-04 04:57:00-04:00,67.6500015258789,67.6500015258789,67.6500015258789,67.6500015258789,5
2026-09-04 04:58:00-04:00,67.62999725341797,67.62999725341797,67.62999725341797,67.62999725341797,3
2026-09-04 04:59:00-04:00,67.63999938964844,67.63999938964844,67.63999938964844,67.63999938964844,1
2026-09-04 05:00:00-04:00,67.6449966430664,67.66000366210938,67.6449966430664,67.6500015258789,7
2026-09-04 05:01:00-04:00,67.625,67.63500213623047,67.62000274658203,67.63500213623047,4
2026-09-04 05:02:00-04:00,67.63999938964844,67.63999938964844,67.62999725341797,67.62999725341797,4
2026-09-04 05:03:00-04:00,67.63999938964844,67.63999938964844,67.63999938964844,67.63999938964844,3
2026-09-04 05:04:00-04:00,67.5999984741211,67.625,67.5999984741211,67.625,6
2026-09-04 05:05:00-04:00,67.58499908447266,67.5999984741211,67.56999969482422,67.5999984741211,10
2026-09-04 05:06:00-04:00,67.52999877929688,67.58499908447266,67.52999877929688,67.58499908447266,20
2026-09-04 05:07:00-04:00,67.54000091552734,67.54000091552734,67.51499938964844,67.5199966430664,10
2026-09-04 05:08:00-04:00,67.54000091552734,67.55000305175781,67.54000091552734,67.54499816894531,4
2026-09-04 05:09:00-04:00,67.54000091552734,67.54000091552734,67.52999877929688,67.52999877929688,3
2026-09-04 05:10:00-04:00,67.53500366210938,67.53500366210938,67.5250015258789,67.53500366210938,5
2026-09-04 05:11:00-04:00,67.5,67.51000213623047,67.5,67.51000213623047,3
2026-09-04 05:12:00-04:00,67.46499633789062,67.47000122070312,67.44999694824219,67.44999694824219,21
2026-09-04 05:13:00-04:00,67.43499755859375,67.43499755859375,67.43499755859375,67.43499755859375,2
2026-09-04 05:14:00-04:00,67.44999694824219,67.44999694824219,67.42500305175781,67.44499969482422,20
2026-09-04 05:15:00-04:00,67.44000244140625,67.45999908447266,67.40499877929688,67.44999694824219,20
2026-09-04 05:16:00-04:00,67.41000366210938,67.44999694824219,67.3949966430664,67.44999694824219,17
2026-09-04 05:17:00-04:00,67.40499877929688,67.45500183105469,67.4000015258789,67.44000244140625,22
2026-09-04 05:18:00-04:00,67.4000015258789,67.41000366210938,67.38999938964844,67.41000366210938,28
2026-09-04 05:19:00-04:00,67.36000061035156,67.38999938964844,67.36000061035156,67.38999938964844,16
2026-09-04 05:20:00-04:00,67.30999755859375,67.33999633789062,67.29000091552734,67.33999633789062,42
2026-09-04 05:21:00-04:00,67.21499633789062,67.30999755859375,67.20500183105469,67.30999755859375,43
2026-09-04 05:22:00-04:00,67.2699966430664,67.2699966430664,67.20500183105469,67.22000122070312,26
2026-09-04 05:23:00-04:00,67.29000091552734,67.30000305175781,67.2750015258789,67.27999877929688,10
2026-09-04 05:24:00-04:00,67.23999786376953,67.29000091552734,67.23999786376953,67.29000091552734,9
2026-09-04 05:25:00-04:00,67.22000122070312,67.24500274658203,67.20999908447266,67.23999786376953,19
2026-09-04 05:26:00-04:00,67.25499725341797,67.2699966430664,67.2249984741211,67.23999786376953,21
2026-09-04 05:27:00-04:00,67.23500061035156,67.26000213623047,67.22000122070312,67.26000213623047,16
2026-09-04 05:28:00-04:00,67.2249984741211,67.25,67.2249984741211,67.23500061035156,15
2026-09-04 05:29:00-04:00,67.26499938964844,67.26499938964844,67.21499633789062,67.21499633789062,13
2026-09-04 05:30:00-04:00,67.26499938964844,67.28500366210938,67.24500274658203,67.2699966430664,23
2026-09-04 05:31:00-04:00,67.30500030517578,67.30999755859375,67.26000213623047,67.29000091552734,67
2026-09-04 05:32:00-04:00,67.36499786376953,67.36499786376953,67.26499938964844,67.30000305175781,40
2026-09-04 05:33:00-04:00,67.33999633789062,67.36499786376953,67.33999633789062,67.36499786376953,8
2026-09-04 05:34:00-04:00,67.31500244140625,67.31999969482422,67.30999755859375,67.31999969482422,3
2026-09-04 05:35:00-04:00,67.31999969482422,67.3499984741211,67.31500244140625,67.31500244140625,13
2026-09-04 05:36:00-04:00,67.3499984741211,67.3499984741211,67.33000183105469,67.33000183105469,4
2026-09-04 05:37:00-04:00,67.31999969482422,67.34500122070312,67.31500244140625,67.34500122070312,14
2026-09-04 05:38:00-04:00,67.30000305175781,67.32499694824219,67.30000305175781,67.31999969482422,9
2026-09-04 05:39:00-04:00,67.29000091552734,67.30999755859375,67.29000091552734,67.30500030517578,4
2026-09-04 05:40:00-04:00,67.27999877929688,67.28500366210938,67.23999786376953,67.28500366210938,21
2026-09-04 05:41:00-04:00,67.28500366210938,67.29000091552734,67.28500366210938,67.29000091552734,3
2026-09-04 05:42:00-04:00,67.30500030517578,67.30500030517578,67.29000091552734,67.29000091552734,2
2026-09-04 05:43:00-04:00,67.2750015258789,67.29499816894531,67.2699966430664,67.29499816894531,7
2026-09-04 05:44:00-04:00,67.27999877929688,67.28500366210938,67.27999877929688,67.28500366210938,5
2026-09-04 05:45:00-04:00,67.33499908447266,67.33499908447266,67.29499816894531,67.29499816894531,13
2026-09-04 05:46:00-04:00,67.33499908447266,67.33499908447266,67.31999969482422,67.33000183105469,16
2026-09-04 05:47:00-04:00,67.33499908447266,67.33499908447266,67.31999969482422,67.32499694824219,6
2026-09-04 05:48:00-04:00,67.3499984741211,67.3499984741211,67.31999969482422,67.31999969482422,10
2026-09-04 05:49:00-04:00,67.32499694824219,67.34500122070312,67.32499694824219,67.34500122070312,12
2026-09-04 05:50:00-04:00,67.31500244140625,67.33000183105469,67.30999755859375,67.33000183105469,8
2026-09-04 05:51:00-04:00,67.33999633789062,67.34500122070312,67.32499694824219,67.32499694824219,9
2026-09-04 05:52:00-04:00,67.30999755859375,67.32499694824219,67.30999755859375,67.32499694824219,3
2026-09-04 05:53:00-04:00,67.32499694824219,67.33000183105469,67.31500244140625,67.31999969482422,19
2026-09-04 05:54:00-04:00,67.33999633789062,67.34500122070312,67.33499908447266,67.33999633789062,9
2026-09-04 05:55:00-04:00,67.30000305175781,67.30999755859375,67.26499938964844,67.30999755859375,45
2026-09-04 05:56:00-04:00,67.32499694824219,67.32499694824219,67.31500244140625,67.31500244140625,3
2026-09-04 05:57:00-04:00,67.33999633789062,67.33999633789062,67.32499694824219,67.32499694824219,2
2026-09-04 05:58:00-04:00,67.29000091552734,67.32499694824219,67.29000091552734,67.32499694824219,29
2026-09-04 05:59:00-04:00,67.26000213623047,67.30999755859375,67.26000213623047,67.30999755859375,5
2026-09-04 06:00:00-04:00,67.27999877929688,67.31500244140625,67.26499938964844,67.26499938964844,22
2026-09-04 06:01:00-04:00,67.2750015258789,67.29000091552734,67.2699966430664,67.29000091552734,13
2026-09-04 06:02:00-04:00,67.2750015258789,67.29000091552734,67.25499725341797,67.26000213623047,15
2026-09-04 06:03:00-04:00,67.2750015258789,67.28500366210938,67.26000213623047,67.26000213623047,7
2026-09-04 06:04:00-04:00,67.31999969482422,67.32499694824219,67.27999877929688,67.28500366210938,12
2026-09-04 06:05:00-04:00,67.30500030517578,67.30500030517578,67.30000305175781,67.30000305175781,4
2026-09-04 06:06:00-04:00,67.30500030517578,67.30500030517578,67.29499816894531,67.29499816894531,2
2026-09-04 06:07:00-04:00,67.36499786376953,67.37999725341797,67.31500244140625,67.31999969482422,44
2026-09-04 06:08:00-04:00,67.36499786376953,67.37000274658203,67.34500122070312,67.37000274658203,12
2026-09-04 06:09:00-04:00,67.38500213623047,67.38500213623047,67.38500213623047,67.38500213623047,7
2026-09-04 06:10:00-04:00,67.375,67.37999725341797,67.37000274658203,67.37000274658203,7
2026-09-04 06:11:00-04:00,67.38500213623047,67.38500213623047,67.38500213623047,67.38500213623047,3
2026-09-04 06:12:00-04:00,67.4000015258789,67.4000015258789,67.38500213623047,67.38500213623047,3
2026-09-04 06:13:00-04:00,67.40499877929688,67.41500091552734,67.3949966430664,67.4000015258789,12
2026-09-04 06:14:00-04:00,67.43499755859375,67.44499969482422,67.41500091552734,67.41999816894531,16
2026-09-04 06:15:00-04:00,67.41000366210938,67.42500305175781,67.41000366210938,67.42500305175781,22
2026-09-04 06:16:00-04:00,67.43000030517578,67.43000030517578,67.41000366210938,67.41000366210938,2
2026-09-04 06:17:00-04:00,67.4000015258789,67.42500305175781,67.3949966430664,67.42500305175781,6
2026-09-04 06:19:00-04:00,67.40499877929688,67.40499877929688,67.3949966430664,67.40499877929688,7
2026-09-04 06:20:00-04:00,67.41500091552734,67.41500091552734,67.4000015258789,67.4000015258789,2
2026-09-04 06:21:00-04:00,67.38999938964844,67.41000366210938,67.38999938964844,67.41000366210938,5
2026-09-04 06:22:00-04:00,67.37999725341797,67.4000015258789,67.375,67.38999938964844,31
2026-09-04 06:23:00-04:00,67.36000061035156,67.375,67.3550033569336,67.375,18
2026-09-04 06:24:00-04:00,67.37999725341797,67.37999725341797,67.3499984741211,67.36000061035156,29
2026-09-04 06:25:00-04:00,67.43499755859375,67.48999786376953,67.37000274658203,67.38500213623047,129
2026-09-04 06:26:00-04:00,67.34500122070312,67.41999816894531,67.33999633789062,67.41500091552734,40
2026-09-04 06:27:00-04:00,67.36499786376953,67.37000274658203,67.3550033569336,67.36000061035156,8
2026-09-04 06:28:00-04:00,67.3949966430664,67.3949966430664,67.375,67.375,9
2026-09-04 06:29:00-04:00,67.40499877929688,67.40499877929688,67.37999725341797,67.3949966430664,21
2026-09-04 06:30:00-04:00,67.40499877929688,67.41500091552734,67.40499877929688,67.40499877929688,4
2026-09-04 06:31:00-04:00,67.43000030517578,67.44499969482422,67.42500305175781,67.42500305175781,9
2026-09-04 06:32:00-04:00,67.44000244140625,67.45500183105469,67.44000244140625,67.45500183105469,3
2026-09-04 06:33:00-04:00,67.44999694824219,67.44999694824219,67.44999694824219,67.44999694824219,2
2026-09-04 06:34:00-04:00,67.41000366210938,67.43499755859375,67.41000366210938,67.43499755859375,2
2026-09-04 06:35:00-04:00,67.36499786376953,67.40499877929688,67.36499786376953,67.40499877929688,5
2026-09-04 06:36:00-04:00,67.3499984741211,67.36000061035156,67.34500122070312,67.36000061035156,5
2026-09-04 06:37:00-04:00,67.3499984741211,67.3550033569336,67.34500122070312,67.34500122070312,8
2026-09-04 06:38:00-04:00,67.375,67.375,67.33999633789062,67.33999633789062,21
2026-09-04 06:39:00-04:00,67.38500213623047,67.38500213623047,67.38500213623047,67.38500213623047,1
2026-09-04 06:41:00-04:00,67.44499969482422,67.44499969482422,67.44499969482422,67.44499969482422,1
2026-09-04 06:42:00-04:00,67.44499969482422,67.45500183105469,67.44499969482422,67.44999694824219,9
2026-09-04 06:43:00-04:00,67.44999694824219,67.44999694824219,67.44999694824219,67.44999694824219,2
2026-09-04 06:44:00-04:00,67.45500183105469,67.45999908447266,67.44499969482422,67.45500183105469,5
2026-09-04 06:45:00-04:00,67.46499633789062,67.46499633789062,67.45500183105469,67.45500183105469,3
2026-09-04 06:46:00-04:00,67.47000122070312,67.4800033569336,67.45999908447266,67.46499633789062,12
2026-09-04 06:47:00-04:00,67.49500274658203,67.49500274658203,67.48500061035156,67.48500061035156,5
2026-09-04 06:48:00-04:00,67.45999908447266,67.4749984741211,67.45500183105469,67.4749984741211,6
2026-09-04 06:49:00-04:00,67.45500183105469,67.45999908447266,67.44000244140625,67.45999908447266,25
2026-09-04 06:50:00-04:00,67.45999908447266,67.4749984741211,67.44999694824219,67.44999694824219,14
2026-09-04 06:51:00-04:00,67.45999908447266,67.45999908447266,67.45500183105469,67.45500183105469,4
2026-09-04 06:52:00-04:00,67.45500183105469,67.45999908447266,67.45500183105469,67.45999908447266,4
2026-09-04 06:53:00-04:00,67.44499969482422,67.44999694824219,67.44499969482422,67.44999694824219,2
2026-09-04 06:54:00-04:00,67.44499969482422,67.45500183105469,67.44499969482422,67.45500183105469,2
2026-09-04 06:55:00-04:00,67.43499755859375,67.46499633789062,67.43499755859375,67.44999694824219,16
2026-09-04 06:56:00-04:00,67.44999694824219,67.45500183105469,67.44999694824219,67.45500183105469,3
2026-09-04 06:57:00-04:00,67.44000244140625,67.44000244140625,67.44000244140625,67.44000244140625,5
2026-09-04 06:58:00-04:00,67.43499755859375,67.45999908447266,67.43499755859375,67.44999694824219,14
2026-09-04 06:59:00-04:00,67.4000015258789,67.43000030517578,67.3949966430664,67.43000030517578,43
2026-09-04 07:00:00-04:00,67.40499877929688,67.41000366210938,67.36499786376953,67.38999938964844,70
2026-09-04 07:01:00-04:00,67.3949966430664,67.40499877929688,67.36000061035156,67.40499877929688,40
2026-09-04 07:02:00-04:00,67.38999938964844,67.4000015258789,67.38999938964844,67.4000015258789,5
2026-09-04 07:03:00-04:00,67.40499877929688,67.41000366210938,67.375,67.375,32
2026-09-04 07:04:00-04:00,67.4000015258789,67.41500091552734,67.4000015258789,67.40499877929688,20
2026-09-04 07:05:00-04:00,67.41500091552734,67.41500091552734,67.40499877929688,67.40499877929688,2
2026-09-04 07:06:00-04:00,67.37999725341797,67.41500091552734,67.37999725341797,67.41500091552734,11
2026-09-04 07:07:00-04:00,67.37000274658203,67.375,67.36000061035156,67.375,13
2026-09-04 07:08:00-04:00,67.33999633789062,67.36499786376953,67.33999633789062,67.36499786376953,11
2026-09-04 07:09:00-04:00,67.37000274658203,67.37000274658203,67.3499984741211,67.3550033569336,8
2026-09-04 07:10:00-04:00,67.36000061035156,67.375,67.36000061035156,67.375,4
2026-09-04 07:11:00-04:00,67.375,67.38999938964844,67.375,67.38999938964844,4
2026-09-04 07:12:00-04:00,67.40499877929688,67.40499877929688,67.37999725341797,67.38500213623047,7
2026-09-04 07:13:00-04:00,67.3949966430664,67.3949966430664,67.38500213623047,67.38500213623047,4
2026-09-04 07:14:00-04:00,67.41500091552734,67.41500091552734,67.38500213623047,67.38500213623047,14
2026-09-04 07:15:00-04:00,67.41500091552734,67.43499755859375,67.41500091552734,67.41999816894531,8
2026-09-04 07:16:00-04:00,67.44999694824219,67.44999694824219,67.41999816894531,67.43000030517578,27
2026-09-04 07:17:00-04:00,67.4000015258789,67.44000244140625,67.4000015258789,67.44000244140625,17
2026-09-04 07:18:00-04:00,67.41500091552734,67.41500091552734,67.41000366210938,67.41000366210938,8
2026-09-04 07:19:00-04:00,67.38999938964844,67.40499877929688,67.38999938964844,67.40499877929688,5
2026-09-04 07:20:00-04:00,67.3949966430664,67.41000366210938,67.38999938964844,67.4000015258789,13
2026-09-04 07:21:00-04:00,67.41500091552734,67.41999816894531,67.40499877929688,67.41500091552734,9
2026-09-04 07:22:00-04:00,67.45999908447266,67.45999908447266,67.42500305175781,67.43499755859375,19
2026-09-04 07:23:00-04:00,67.45999908447266,67.46499633789062,67.44999694824219,67.44999694824219,6
2026-09-04 07:25:00-04:00,67.41000366210938,67.44000244140625,67.40499877929688,67.44000244140625,7
2026-09-04 07:27:00-04:00,67.38500213623047,67.38500213623047,67.37000274658203,67.38500213623047,7
2026-09-04 07:28:00-04:00,67.36499786376953,67.3949966430664,67.34500122070312,67.3949966430664,65
2026-09-04 07:29:00-04:00,67.36499786376953,67.375,67.34500122070312,67.37000274658203,82
2026-09-04 07:30:00-04:00,67.33999633789062,67.37000274658203,67.33999633789062,67.37000274658203,10
2026-09-04 07:31:00-04:00,67.38500213623047,67.38999938964844,67.36000061035156,67.36000061035156,11
2026-09-04 07:32:00-04:00,67.4000015258789,67.40499877929688,67.4000015258789,67.4000015258789,4
2026-09-04 07:33:00-04:00,67.37999725341797,67.38999938964844,67.37999725341797,67.38999938964844,3
2026-09-04 07:34:00-04:00,67.31500244140625,67.37000274658203,67.31500244140625,67.37000274658203,61
2026-09-04 07:35:00-04:00,67.33999633789062,67.33999633789062,67.32499694824219,67.32499694824219,6
2026-09-04 07:36:00-04:00,67.34500122070312,67.34500122070312,67.33000183105469,67.33000183105469,6
2026-09-04 07:37:00-04:00,67.3550033569336,67.36000061035156,67.34500122070312,67.34500122070312,14
2026-09-04 07:38:00-04:00,67.38999938964844,67.38999938964844,67.34500122070312,67.3550033569336,21
2026-09-04 07:40:00-04:00,67.4000015258789,67.4000015258789,67.375,67.375,7
2026-09-04 07:41:00-04:00,67.3949966430664,67.40499877929688,67.38999938964844,67.38999938964844,4
2026-09-04 07:42:00-04:00,67.36499786376953,67.40499877929688,67.36499786376953,67.40499877929688,6
2026-09-04 07:44:00-04:00,67.43000030517578,67.43000030517578,67.38999938964844,67.3949966430664,21
2026-09-04 07:45:00-04:00,67.46499633789062,67.46499633789062,67.43000030517578,67.43000030517578,9
2026-09-04 07:46:00-04:00,67.46499633789062,67.4749984741211,67.45999908447266,67.4749984741211,18
2026-09-04 07:47:00-04:00,67.4749984741211,67.4749984741211,67.47000122070312,67.47000122070312,12
2026-09-04 07:48:00-04:00,67.46499633789062,67.4800033569336,67.46499633789062,67.4800033569336,3
2026-09-04 07:49:00-04:00,67.43000030517578,67.45500183105469,67.41500091552734,67.45500183105469,7
2026-09-04 07:50:00-04:00,67.55000305175781,67.55999755859375,67.43499755859375,67.44000244140625,113
2026-09-04 07:51:00-04:00,67.59500122070312,67.6050033569336,67.54499816894531,67.54499816894531,37
2026-09-04 07:52:00-04:00,67.55000305175781,67.6050033569336,67.55000305175781,67.6050033569336,20
2026-09-04 07:53:00-04:00,67.54499816894531,67.54499816894531,67.53500366210938,67.54499816894531,6
2026-09-04 07:54:00-04:00,67.55500030517578,67.55500030517578,67.53500366210938,67.55500030517578,7
2026-09-04 07:55:00-04:00,67.58999633789062,67.59500122070312,67.56500244140625,67.56500244140625,20
2026-09-04 07:56:00-04:00,67.58000183105469,67.5999984741211,67.58000183105469,67.5999984741211,5
2026-09-04 07:57:00-04:00,67.56999969482422,67.57499694824219,67.56999969482422,67.57499694824219,2
2026-09-04 07:58:00-04:00,67.54499816894531,67.57499694824219,67.54499816894531,67.57499694824219,6
2026-09-04 07:59:00-04:00,67.5,67.53500366210938,67.4749984741211,67.53500366210938,30
2026-09-04 08:00:00-04:00,67.51499938964844,67.54000091552734,67.51000213623047,67.51000213623047,19
2026-09-04 08:01:00-04:00,67.49500274658203,67.5199966430664,67.48500061035156,67.5,24
2026-09-04 08:02:00-04:00,67.43499755859375,67.5,67.43499755859375,67.5,27
2026-09-04 08:03:00-04:00,67.47000122070312,67.5,67.44000244140625,67.46499633789062,39
2026-09-04 08:04:00-04:00,67.52999877929688,67.53500366210938,67.48500061035156,67.48500061035156,16
2026-09-04 08:05:00-04:00,67.48999786376953,67.5250015258789,67.48999786376953,67.5250015258789,27
2026-09-04 08:06:00-04:00,67.4800033569336,67.5,67.4800033569336,67.5,5
2026-09-04 08:07:00-04:00,67.5,67.5,67.4749984741211,67.5,4
2026-09-04 08:08:00-04:00,67.48500061035156,67.5199966430664,67.48500061035156,67.5,27
2026-09-04 08:09:00-04:00,67.42500305175781,67.48500061035156,67.42500305175781,67.4749984741211,42
2026-09-04 08:10:00-04:00,67.42500305175781,67.44999694824219,67.42500305175781,67.44999694824219,33
2026-09-04 08:11:00-04:00,67.44999694824219,67.44999694824219,67.41999816894531,67.43000030517578,10
2026-09-04 08:12:00-04:00,67.3550033569336,67.43000030517578,67.34500122070312,67.43000030517578,62
2026-09-04 08:13:00-04:00,67.38999938964844,67.3949966430664,67.3499984741211,67.3499984741211,25
2026-09-04 08:14:00-04:00,67.38999938964844,67.41000366210938,67.36000061035156,67.375,15
2026-09-04 08:15:00-04:00,67.45500183105469,67.45500183105469,67.41500091552734,67.41500091552734,34
2026-09-04 08:16:00-04:00,67.4749984741211,67.4800033569336,67.44999694824219,67.44999694824219,12
2026-09-04 08:17:00-04:00,67.44499969482422,67.47000122070312,67.44499969482422,67.47000122070312,14
2026-09-04 08:18:00-04:00,67.47000122070312,67.4800033569336,67.44499969482422,67.44499969482422,31
2026-09-04 08:19:00-04:00,67.5250015258789,67.5250015258789,67.43499755859375,67.45500183105469,42
2026-09-04 08:20:00-04:00,67.5250015258789,67.58000183105469,67.49500274658203,67.5199966430664,38
2026-09-04 08:21:00-04:00,67.58999633789062,67.58999633789062,67.51499938964844,67.51499938964844,19
2026-09-04 08:22:00-04:00,67.52999877929688,67.5999984741211,67.5250015258789,67.5999984741211,25
2026-09-04 08:23:00-04:00,67.53500366210938,67.55000305175781,67.51000213623047,67.52999877929688,24
2026-09-04 08:24:00-04:00,67.55000305175781,67.57499694824219,67.5250015258789,67.5250015258789,70
2026-09-04 08:25:00-04:00,67.55000305175781,67.58499908447266,67.5,67.54000091552734,112
2026-09-04 08:26:00-04:00,67.55999755859375,67.58499908447266,67.51499938964844,67.55999755859375,33
2026-09-04 08:27:00-04:00,67.6449966430664,67.65499877929688,67.56999969482422,67.57499694824219,78
2026-09-04 08:28:00-04:00,67.7300033569336,67.7300033569336,67.61000061035156,67.61000061035156,65
2026-09-04 08:29:00-04:00,67.70500183105469,67.79499816894531,67.68499755859375,67.71499633789062,124
2026-09-04 08:30:00-04:00,66.24500274658203,67.80000305175781,65.68000030517578,67.66000366210938,1430
2026-09-04 08:31:00-04:00,66.34500122070312,66.51499938964844,66.12999725341797,66.25499725341797,664
2026-09-04 08:32:00-04:00,66.16999816894531,66.41000366210938,66.05000305175781,66.38999938964844,582
2026-09-04 08:33:00-04:00,66.36499786376953,66.47000122070312,66.02999877929688,66.16999816894531,398
2026-09-04 08:34:00-04:00,66.20999908447266,66.4749984741211,66.19499969482422,66.36499786376953,348
2026-09-04 08:35:00-04:00,66.04000091552734,66.21499633789062,65.8499984741211,66.20999908447266,412
2026-09-04 08:36:00-04:00,66.01499938964844,66.05500030517578,65.94499969482422,66.05000305175781,215
2026-09-04 08:37:00-04:00,66.13500213623047,66.16999816894531,65.94499969482422,65.98500061035156,209
2026-09-04 08:38:00-04:00,66.11000061035156,66.23999786376953,66.08999633789062,66.12000274658203,153
2026-09-04 08:39:00-04:00,66.15499877929688,66.2300033569336,66.05999755859375,66.11499786376953,169
2026-09-04 08:40:00-04:00,66.13500213623047,66.16000366210938,66.06500244140625,66.125,136
2026-09-04 08:41:00-04:00,66.23999786376953,66.25499725341797,66.13500213623047,66.15499877929688,129
2026-09-04 08:42:00-04:00,66.30500030517578,66.43499755859375,66.23999786376953,66.24500274658203,216
2026-09-04 08:43:00-04:00,66.24500274658203,66.33999633789062,66.2249984741211,66.29499816894531,143
2026-09-04 08:44:00-04:00,66.0,66.30000305175781,66.0,66.26499938964844,200
2026-09-04 08:45:00-04:00,65.86000061035156,66.01000213623047,65.79000091552734,65.98999786376953,298
2026-09-04 08:46:00-04:00,65.7300033569336,65.9000015258789,65.67500305175781,65.88500213623047,205
2026-09-04 08:47:00-04:00,65.83499908447266,65.88999938964844,65.71499633789062,65.73500061035156,117
2026-09-04 08:48:00-04:00,66.0250015258789,66.05000305175781,65.83499908447266,65.83499908447266,274
2026-09-04 08:49:00-04:00,66.2249984741211,66.2249984741211,66.01499938964844,66.0250015258789,129
2026-09-04 08:50:00-04:00,66.26000213623047,66.26000213623047,66.16999816894531,66.19999694824219,146
2026-09-04 08:51:00-04:00,66.33999633789062,66.36499786376953,66.23500061035156,66.25499725341797,155
2026-09-04 08:52:00-04:00,66.33499908447266,66.4000015258789,66.31999969482422,66.33000183105469,145
2026-09-04 08:53:00-04:00,66.42500305175781,66.43000030517578,66.31500244140625,66.34500122070312,126
2026-09-04 08:54:00-04:00,66.42500305175781,66.4800033569336,66.3949966430664,66.44499969482422,70
2026-09-04 08:55:00-04:00,66.42500305175781,66.44499969482422,66.3949966430664,66.4000015258789,64
2026-09-04 08:56:00-04:00,66.33999633789062,66.43000030517578,66.30500030517578,66.41000366210938,139
2026-09-04 08:57:00-04:00,66.19999694824219,66.3550033569336,66.18000030517578,66.3550033569336,137
2026-09-04 08:58:00-04:00,66.34500122070312,66.375,66.20500183105469,66.20500183105469,126
2026-09-04 08:59:00-04:00,66.11000061035156,66.36000061035156,66.06999969482422,66.3499984741211,314
2026-09-04 09:00:00-04:00,65.375,66.09500122070312,65.33499908447266,66.09500122070312,1439
2026-09-04 09:01:00-04:00,65.55000305175781,65.56999969482422,65.33499908447266,65.375,426
2026-09-04 09:02:00-04:00,65.73999786376953,65.77999877929688,65.53500366210938,65.56500244140625,353
2026-09-04 09:03:00-04:00,65.86000061035156,65.86000061035156,65.69000244140625,65.76499938964844,173
2026-09-04 09:04:00-04:00,65.66999816894531,65.875,65.65499877929688,65.83999633789062,176
2026-09-04 09:05:00-04:00,65.68499755859375,65.72000122070312,65.55500030517578,65.66500091552734,130
2026-09-04 09:06:00-04:00,65.70999908447266,65.75,65.62000274658203,65.68499755859375,91
2026-09-04 09:07:00-04:00,65.79499816894531,65.80500030517578,65.70999908447266,65.73500061035156,121
2026-09-04 09:08:00-04:00,65.83999633789062,65.86000061035156,65.76499938964844,65.80500030517578,131
2026-09-04 09:09:00-04:00,65.84500122070312,65.8949966430664,65.80000305175781,65.83000183105469,99
2026-09-04 09:10:00-04:00,65.73999786376953,65.8949966430664,65.71499633789062,65.84500122070312,98
2026-09-04 09:11:00-04:00,65.80999755859375,65.81500244140625,65.75,65.75499725341797,59
2026-09-04 09:12:00-04:00,65.80500030517578,65.84500122070312,65.76000213623047,65.82499694824219,61
2026-09-04 09:13:00-04:00,65.87000274658203,65.91999816894531,65.79499816894531,65.79499816894531,73
2026-09-04 09:14:00-04:00,65.94499969482422,65.94499969482422,65.80000305175781,65.86000061035156,78
2026-09-04 09:15:00-04:00,65.90499877929688,65.94999694824219,65.88999938964844,65.92500305175781,72
2026-09-04 09:16:00-04:00,65.96499633789062,66.0250015258789,65.91999816894531,65.91999816894531,112
2026-09-04 09:17:00-04:00,65.78500366210938,65.95999908447266,65.78500366210938,65.95999908447266,78
2026-09-04 09:18:00-04:00,65.84500122070312,65.88999938964844,65.77999877929688,65.79000091552734,80
2026-09-04 09:19:00-04:00,65.93499755859375,65.93499755859375,65.84500122070312,65.86000061035156,65
2026-09-04 09:20:00-04:00,65.9749984741211,65.9749984741211,65.91999816894531,65.93000030517578,61
2026-09-04 09:21:00-04:00,65.91999816894531,65.9749984741211,65.91000366210938,65.97000122070312,39
2026-09-04 09:22:00-04:00,65.88999938964844,65.98999786376953,65.88999938964844,65.93499755859375,85
2026-09-04 09:23:00-04:00,65.98500061035156,66.0,65.88999938964844,65.88999938964844,61
2026-09-04 09:24:00-04:00,66.02999877929688,66.08000183105469,65.95999908447266,65.98999786376953,145
2026-09-04 09:25:00-04:00,66.04499816894531,66.06500244140625,65.99500274658203,66.0250015258789,55
2026-09-04 09:26:00-04:00,66.02999877929688,66.05999755859375,66.00499725341797,66.05999755859375,61
2026-09-04 09:27:00-04:00,66.02999877929688,66.05999755859375,66.0199966430664,66.03500366210938,57
2026-09-04 09:28:00-04:00,66.05999755859375,66.06500244140625,66.0,66.02999877929688,81
2026-09-04 09:29:00-04:00,66.08499908447266,66.12999725341797,66.04499816894531,66.05500030517578,114
2026-09-04 09:30:00-04:00,66.16999816894531,66.18499755859375,66.04499816894531,66.08000183105469,218
2026-09-04 09:31:00-04:00,66.19499969482422,66.23999786376953,66.15499877929688,66.16500091552734,176
2026-09-04 09:32:00-04:00,66.3499984741211,66.36499786376953,66.19000244140625,66.19000244140625,121
2026-09-04 09:33:00-04:00,66.2699966430664,66.37000274658203,66.23500061035156,66.33499908447266,180
2026-09-04 09:34:00-04:00,66.23999786376953,66.3499984741211,66.2300033569336,66.29000091552734,92
2026-09-04 09:35:00-04:00,66.20999908447266,66.3499984741211,66.19499969482422,66.23500061035156,122
2026-09-04 09:36:00-04:00,66.16000366210938,66.22000122070312,66.1500015258789,66.20500183105469,107
2026-09-04 09:37:00-04:00,66.30500030517578,66.33000183105469,66.1449966430664,66.15499877929688,151
2026-09-04 09:38:00-04:00,66.25,66.30500030517578,66.19999694824219,66.30500030517578,53
2026-09-04 09:39:00-04:00,66.11000061035156,66.2699966430664,66.0999984741211,66.23999786376953,90
2026-09-04 09:40:00-04:00,66.05500030517578,66.13999938964844,66.04000091552734,66.11000061035156,89
2026-09-04 09:41:00-04:00,66.16999816894531,66.20999908447266,66.05000305175781,66.05999755859375,89
2026-09-04 09:42:00-04:00,66.22000122070312,66.30000305175781,66.1500015258789,66.1500015258789,102
2026-09-04 09:43:00-04:00,66.29499816894531,66.4000015258789,66.22000122070312,66.2249984741211,145
2026-09-04 09:44:00-04:00,66.44999694824219,66.44999694824219,66.31999969482422,66.33499908447266,114
2026-09-04 09:45:00-04:00,66.34500122070312,66.47000122070312,66.2750015258789,66.43000030517578,135
2026-09-04 09:46:00-04:00,66.48999786376953,66.5,66.36000061035156,66.37000274658203,70
2026-09-04 09:47:00-04:00,66.56500244140625,66.58499908447266,66.48500061035156,66.48999786376953,262
2026-09-04 09:48:00-04:00,66.56999969482422,66.6449966430664,66.54000091552734,66.58000183105469,169
2026-09-04 09:49:00-04:00,66.56500244140625,66.58499908447266,66.5199966430664,66.57499694824219,66
2026-09-04 09:50:00-04:00,66.59500122070312,66.68499755859375,66.54000091552734,66.55500030517578,159
2026-09-04 09:51:00-04:00,66.58999633789062,66.61000061035156,66.5250015258789,66.61000061035156,35
2026-09-04 09:52:00-04:00,66.55999755859375,66.62000274658203,66.5,66.6050033569336,72
2026-09-04 09:53:00-04:00,66.46499633789062,66.57499694824219,66.46499633789062,66.55999755859375,41
2026-09-04 09:54:00-04:00,66.44999694824219,66.52999877929688,66.42500305175781,66.4749984741211,147
2026-09-04 09:55:00-04:00,66.44499969482422,66.47000122070312,66.41500091552734,66.46499633789062,99
2026-09-04 09:56:00-04:00,66.43000030517578,66.48500061035156,66.42500305175781,66.44999694824219,77
2026-09-04 09:57:00-04:00,66.37999725341797,66.44499969482422,66.3499984741211,66.44499969482422,81
2026-09-04 09:58:00-04:00,66.23500061035156,66.36499786376953,66.23500061035156,66.36499786376953,85
2026-09-04 09:59:00-04:00,66.18499755859375,66.25499725341797,66.18000030517578,66.23999786376953,193
2026-09-04 10:00:00-04:00,66.22000122070312,66.23500061035156,66.18000030517578,66.18499755859375,91
2026-09-04 10:01:00-04:00,66.26000213623047,66.2699966430664,66.19999694824219,66.22000122070312,88
2026-09-04 10:02:00-04:00,66.18000030517578,66.29000091552734,66.17500305175781,66.25499725341797,81
2026-09-04 10:03:00-04:00,66.21499633789062,66.24500274658203,66.12999725341797,66.16999816894531,69
2026-09-04 10:04:00-04:00,66.30000305175781,66.30000305175781,66.16999816894531,66.20500183105469,107
2026-09-04 10:05:00-04:00,66.30500030517578,66.3499984741211,66.29499816894531,66.30000305175781,58
2026-09-04 10:06:00-04:00,66.29000091552734,66.34500122070312,66.19999694824219,66.30999755859375,64
2026-09-04 10:07:00-04:00,66.3550033569336,66.36000061035156,66.2699966430664,66.2699966430664,44
2026-09-04 10:08:00-04:00,66.44499969482422,66.44999694824219,66.36499786376953,66.36499786376953,56
2026-09-04 10:09:00-04:00,66.45999908447266,66.5,66.41500091552734,66.45500183105469,75
2026-09-04 10:10:00-04:00,66.43000030517578,66.5,66.37999725341797,66.45999908447266,72
2026-09-04 10:11:00-04:00,66.3949966430664,66.44000244140625,66.38999938964844,66.43499755859375,22
2026-09-04 10:12:00-04:00,66.4800033569336,66.48500061035156,66.38999938964844,66.38999938964844,61
2026-09-04 10:13:00-04:00,66.69999694824219,66.69999694824219,66.48500061035156,66.48500061035156,142
2026-09-04 10:14:00-04:00,66.7699966430664,66.79000091552734,66.69499969482422,66.70500183105469,304
2026-09-04 10:15:00-04:00,66.77999877929688,66.83999633789062,66.75,66.76499938964844,213
2026-09-04 10:16:00-04:00,66.7750015258789,66.79499816894531,66.69999694824219,66.79000091552734,102
2026-09-04 10:17:00-04:00,66.67500305175781,66.80500030517578,66.66999816894531,66.7750015258789,85
2026-09-04 10:18:00-04:00,66.72000122070312,66.75,66.65499877929688,66.66500091552734,52
2026-09-04 10:19:00-04:00,66.68499755859375,66.75,66.68499755859375,66.71499633789062,47
2026-09-04 10:20:00-04:00,66.62000274658203,66.68000030517578,66.62000274658203,66.67500305175781,52
2026-09-04 10:21:00-04:00,66.71499633789062,66.71499633789062,66.62000274658203,66.625,40
2026-09-04 10:22:00-04:00,66.63999938964844,66.71499633789062,66.6050033569336,66.70999908447266,53
2026-09-04 10:23:00-04:00,66.58499908447266,66.65499877929688,66.58499908447266,66.65499877929688,41
2026-09-04 10:24:00-04:00,66.625,66.625,66.55500030517578,66.59500122070312,56
2026-09-04 10:25:00-04:00,66.7249984741211,66.74500274658203,66.6500015258789,66.6500015258789,54
2026-09-04 10:26:00-04:00,66.69999694824219,66.75,66.63500213623047,66.74500274658203,105
2026-09-04 10:27:00-04:00,66.69999694824219,66.73500061035156,66.69000244140625,66.70999908447266,57
2026-09-04 10:28:00-04:00,66.69499969482422,66.7300033569336,66.69000244140625,66.69499969482422,35
2026-09-04 10:29:00-04:00,66.66000366210938,66.71499633789062,66.66000366210938,66.70999908447266,68
2026-09-04 10:30:00-04:00,66.67500305175781,66.69999694824219,66.61000061035156,66.66000366210938,67
2026-09-04 10:31:00-04:00,66.7699966430664,66.7699966430664,66.66500091552734,66.67500305175781,30
2026-09-04 10:32:00-04:00,66.76000213623047,66.86000061035156,66.74500274658203,66.7699966430664,145
2026-09-04 10:33:00-04:00,66.82499694824219,66.83499908447266,66.75,66.76000213623047,50
2026-09-04 10:34:00-04:00,66.80000305175781,66.86000061035156,66.79000091552734,66.83999633789062,47
2026-09-04 10:35:00-04:00,66.83999633789062,66.8499984741211,66.79499816894531,66.79499816894531,38
2026-09-04 10:36:00-04:00,66.66500091552734,66.83999633789062,66.65499877929688,66.83499908447266,66
2026-09-04 10:37:00-04:00,66.6449966430664,66.68499755859375,66.63999938964844,66.66999816894531,69
2026-09-04 10:38:00-04:00,66.68000030517578,66.69999694824219,66.62999725341797,66.6449966430664,41
2026-09-04 10:39:00-04:00,66.6449966430664,66.66000366210938,66.62999725341797,66.65499877929688,10
2026-09-04 10:40:00-04:00,66.58000183105469,66.65499877929688,66.58000183105469,66.62999725341797,58
2026-09-04 10:41:00-04:00,66.58499908447266,66.6050033569336,66.57499694824219,66.59500122070312,50
2026-09-04 10:42:00-04:00,66.51000213623047,66.61000061035156,66.51000213623047,66.59500122070312,73
2026-09-04 10:43:00-04:00,66.5,66.5250015258789,66.48500061035156,66.51000213623047,44
2026-09-04 10:44:00-04:00,66.54000091552734,66.55999755859375,66.50499725341797,66.50499725341797,31
2026-09-04 10:45:00-04:00,66.55000305175781,66.56999969482422,66.54000091552734,66.55999755859375,33
2026-09-04 10:46:00-04:00,66.48500061035156,66.58999633789062,66.4800033569336,66.55500030517578,36
2026-09-04 10:47:00-04:00,66.41500091552734,66.4749984741211,66.38500213623047,66.4749984741211,150
2026-09-04 10:48:00-04:00,66.48500061035156,66.5,66.43000030517578,66.43000030517578,47
2026-09-04 10:49:00-04:00,66.4800033569336,66.51000213623047,66.44499969482422,66.48500061035156,61
2026-09-04 10:50:00-04:00,66.48999786376953,66.50499725341797,66.41999816894531,66.4749984741211,25
2026-09-04 10:51:00-04:00,66.44499969482422,66.49500274658203,66.41000366210938,66.48999786376953,118
2026-09-04 10:52:00-04:00,66.36000061035156,66.41999816894531,66.33499908447266,66.41500091552734,96
2026-09-04 10:53:00-04:00,66.33999633789062,66.375,66.33499908447266,66.36499786376953,83
2026-09-04 10:54:00-04:00,66.2249984741211,66.34500122070312,66.20999908447266,66.33999633789062,108
2026-09-04 10:55:00-04:00,66.34500122070312,66.37000274658203,66.22000122070312,66.22000122070312,54
2026-09-04 10:56:00-04:00,66.36000061035156,66.38999938964844,66.3499984741211,66.3499984741211,49
2026-09-04 10:57:00-04:00,66.4000015258789,66.4000015258789,66.36499786376953,66.37000274658203,35
2026-09-04 10:58:00-04:00,66.47000122070312,66.47000122070312,66.38500213623047,66.41000366210938,20
2026-09-04 10:59:00-04:00,66.4749984741211,66.5,66.46499633789062,66.4749984741211,57
2026-09-04 11:00:00-04:00,66.5,66.5,66.45999908447266,66.4749984741211,45
2026-09-04 11:01:00-04:00,66.5,66.5,66.44499969482422,66.48999786376953,30
2026-09-04 11:02:00-04:00,66.42500305175781,66.50499725341797,66.41000366210938,66.5,95
2026-09-04 11:03:00-04:00,66.44499969482422,66.44499969482422,66.41000366210938,66.44000244140625,19
2026-09-04 11:04:00-04:00,66.58000183105469,66.5999984741211,66.43499755859375,66.43499755859375,94
2026-09-04 11:05:00-04:00,66.62000274658203,66.63500213623047,66.57499694824219,66.57499694824219,47
2026-09-04 11:06:00-04:00,66.63500213623047,66.66000366210938,66.5999984741211,66.62000274658203,62
2026-09-04 11:07:00-04:00,66.75,66.7699966430664,66.66999816894531,66.67500305175781,55
2026-09-04 11:08:00-04:00,66.69999694824219,66.79000091552734,66.69000244140625,66.76499938964844,117
2026-09-04 11:09:00-04:00,66.70999908447266,66.7249984741211,66.69000244140625,66.7249984741211,14
2026-09-04 11:10:00-04:00,66.69000244140625,66.73500061035156,66.66999816894531,66.73500061035156,29
2026-09-04 11:11:00-04:00,66.69499969482422,66.72000122070312,66.69499969482422,66.69499969482422,34
2026-09-04 11:12:00-04:00,66.70999908447266,66.71499633789062,66.68499755859375,66.70500183105469,34
2026-09-04 11:13:00-04:00,66.71499633789062,66.75,66.69999694824219,66.70999908447266,19
2026-09-04 11:14:00-04:00,66.80999755859375,66.80999755859375,66.71499633789062,66.71499633789062,68
2026-09-04 11:15:00-04:00,66.875,66.87999725341797,66.77999877929688,66.80500030517578,112
2026-09-04 11:16:00-04:00,66.8499984741211,66.87999725341797,66.82499694824219,66.875,63
2026-09-04 11:17:00-04:00,66.87000274658203,66.87000274658203,66.79000091552734,66.84500122070312,80
2026-09-04 11:18:00-04:00,66.8550033569336,66.86499786376953,66.84500122070312,66.84500122070312,19
2026-09-04 11:19:00-04:00,66.87000274658203,66.88500213623047,66.84500122070312,66.84500122070312,32
2026-09-04 11:20:00-04:00,66.875,66.88500213623047,66.83499908447266,66.875,41
2026-09-04 11:21:00-04:00,66.8499984741211,66.875,66.84500122070312,66.86499786376953,34
2026-09-04 11:22:00-04:00,66.80500030517578,66.86000061035156,66.80500030517578,66.8550033569336,35
2026-09-04 11:23:00-04:00,66.71499633789062,66.80999755859375,66.71499633789062,66.80999755859375,39
2026-09-04 11:24:00-04:00,66.75499725341797,66.7699966430664,66.70500183105469,66.72000122070312,79
2026-09-04 11:25:00-04:00,66.81999969482422,66.81999969482422,66.79000091552734,66.79499816894531,43
2026-09-04 11:26:00-04:00,66.81999969482422,66.83999633789062,66.81999969482422,66.81999969482422,20
2026-09-04 11:27:00-04:00,66.7699966430664,66.80999755859375,66.73999786376953,66.80000305175781,45
2026-09-04 11:28:00-04:00,66.73500061035156,66.75,66.71499633789062,66.73999786376953,13
2026-09-04 11:29:00-04:00,66.69499969482422,66.7300033569336,66.69499969482422,66.7300033569336,41
2026-09-04 11:30:00-04:00,66.75499725341797,66.7750015258789,66.69000244140625,66.69999694824219,61
2026-09-04 11:31:00-04:00,66.7699966430664,66.83499908447266,66.74500274658203,66.77999877929688,48
2026-09-04 11:32:00-04:00,66.75499725341797,66.77999877929688,66.7300033569336,66.76000213623047,59
2026-09-04 11:33:00-04:00,66.83499908447266,66.8499984741211,66.73500061035156,66.75,37
2026-09-04 11:34:00-04:00,66.79499816894531,66.8550033569336,66.78500366210938,66.83000183105469,48
2026-09-04 11:35:00-04:00,66.78500366210938,66.80999755859375,66.78500366210938,66.80500030517578,9
2026-09-04 11:36:00-04:00,66.7750015258789,66.79000091552734,66.76000213623047,66.79000091552734,17
2026-09-04 11:37:00-04:00,66.79499816894531,66.79499816894531,66.75499725341797,66.77999877929688,18
2026-09-04 11:38:00-04:00,66.82499694824219,66.82499694824219,66.80500030517578,66.81999969482422,13
2026-09-04 11:39:00-04:00,66.79499816894531,66.84500122070312,66.79499816894531,66.83499908447266,29
2026-09-04 11:40:00-04:00,66.80000305175781,66.80999755859375,66.77999877929688,66.79499816894531,19
2026-09-04 11:41:00-04:00,66.94499969482422,66.94999694824219,66.81500244140625,66.83000183105469,51
2026-09-04 11:42:00-04:00,66.90499877929688,66.9800033569336,66.9000015258789,66.96499633789062,112
2026-09-04 11:43:00-04:00,66.87000274658203,66.9000015258789,66.87000274658203,66.9000015258789,25
2026-09-04 11:44:00-04:00,66.88999938964844,66.88999938964844,66.86000061035156,66.86499786376953,29
2026-09-04 11:45:00-04:00,66.91000366210938,66.91500091552734,66.87999725341797,66.88500213623047,27
2026-09-04 11:46:00-04:00,66.9000015258789,66.90499877929688,66.87999725341797,66.90499877929688,10
2026-09-04 11:47:00-04:00,66.87999725341797,66.90499877929688,66.87999725341797,66.9000015258789,18
2026-09-04 11:48:00-04:00,66.87000274658203,66.88999938964844,66.82499694824219,66.87999725341797,52
2026-09-04 11:49:00-04:00,66.83999633789062,66.86499786376953,66.82499694824219,66.86499786376953,52
2026-09-04 11:50:00-04:00,66.93499755859375,66.94000244140625,66.87000274658203,66.87000274658203,27
2026-09-04 11:51:00-04:00,66.93000030517578,66.94999694824219,66.92500305175781,66.92500305175781,22
2026-09-04 11:52:00-04:00,66.8949966430664,66.94000244140625,66.88999938964844,66.90499877929688,13
2026-09-04 11:53:00-04:00,66.87000274658203,66.90499877929688,66.82499694824219,66.90499877929688,39
2026-09-04 11:54:00-04:00,66.81500244140625,66.875,66.81500244140625,66.875,28
2026-09-04 11:55:00-04:00,66.83999633789062,66.84500122070312,66.81500244140625,66.81500244140625,9
2026-09-04 11:56:00-04:00,66.7699966430664,66.82499694824219,66.7699966430664,66.82499694824219,56
2026-09-04 11:57:00-04:00,66.76000213623047,66.78500366210938,66.74500274658203,66.7750015258789,29
2026-09-04 11:58:00-04:00,66.76499938964844,66.7750015258789,66.74500274658203,66.75,14
2026-09-04 11:59:00-04:00,66.76499938964844,66.76499938964844,66.74500274658203,66.76000213623047,37
2026-09-04 12:00:00-04:00,66.8499984741211,66.8499984741211,66.76000213623047,66.76499938964844,44
2026-09-04 12:01:00-04:00,66.81500244140625,66.84500122070312,66.80000305175781,66.84500122070312,18
2026-09-04 12:02:00-04:00,66.80500030517578,66.80999755859375,66.80000305175781,66.80000305175781,5
2026-09-04 12:03:00-04:00,66.82499694824219,66.84500122070312,66.80500030517578,66.83000183105469,21
2026-09-04 12:04:00-04:00,66.8550033569336,66.86000061035156,66.82499694824219,66.82499694824219,12
2026-09-04 12:05:00-04:00,66.83999633789062,66.86499786376953,66.83999633789062,66.86000061035156,12
2026-09-04 12:06:00-04:00,66.76000213623047,66.84500122070312,66.70999908447266,66.84500122070312,98
2026-09-04 12:07:00-04:00,66.73500061035156,66.76000213623047,66.73500061035156,66.75499725341797,38
2026-09-04 12:08:00-04:00,66.74500274658203,66.7699966430664,66.7300033569336,66.7300033569336,26
2026-09-04 12:09:00-04:00,66.7249984741211,66.76499938964844,66.7249984741211,66.76499938964844,11
2026-09-04 12:10:00-04:00,66.76499938964844,66.76499938964844,66.69499969482422,66.7300033569336,23
2026-09-04 12:11:00-04:00,66.73999786376953,66.77999877929688,66.73500061035156,66.77999877929688,22
2026-09-04 12:12:00-04:00,66.71499633789062,66.73500061035156,66.69999694824219,66.73500061035156,20
2026-09-04 12:13:00-04:00,66.76000213623047,66.76000213623047,66.71499633789062,66.71499633789062,26
2026-09-04 12:14:00-04:00,66.78500366210938,66.79000091552734,66.76499938964844,66.76499938964844,19
2026-09-04 12:15:00-04:00,66.79499816894531,66.79499816894531,66.7750015258789,66.78500366210938,19
2026-09-04 12:16:00-04:00,66.73999786376953,66.78500366210938,66.70999908447266,66.77999877929688,38
2026-09-04 12:17:00-04:00,66.79000091552734,66.79000091552734,66.70500183105469,66.75499725341797,58
2026-09-04 12:18:00-04:00,66.81999969482422,66.86499786376953,66.79499816894531,66.79499816894531,31
2026-09-04 12:19:00-04:00,66.82499694824219,66.8499984741211,66.80500030517578,66.81999969482422,29
2026-09-04 12:20:00-04:00,66.80000305175781,66.84500122070312,66.80000305175781,66.82499694824219,19
2026-09-04 12:21:00-04:00,66.75499725341797,66.83499908447266,66.75499725341797,66.80500030517578,48
2026-09-04 12:22:00-04:00,66.68499755859375,66.7300033569336,66.66999816894531,66.7249984741211,38
2026-09-04 12:23:00-04:00,66.67500305175781,66.67500305175781,66.6449966430664,66.67500305175781,20
2026-09-04 12:24:00-04:00,66.71499633789062,66.72000122070312,66.6500015258789,66.66999816894531,56
2026-09-04 12:25:00-04:00,66.69999694824219,66.73999786376953,66.69499969482422,66.7249984741211,19
2026-09-04 12:26:00-04:00,66.68000030517578,66.69499969482422,66.66999816894531,66.69000244140625,16
2026-09-04 12:27:00-04:00,66.70500183105469,66.70999908447266,66.67500305175781,66.68499755859375,25
2026-09-04 12:28:00-04:00,66.68499755859375,66.70999908447266,66.68499755859375,66.70999908447266,13
2026-09-04 12:29:00-04:00,66.68000030517578,66.69499969482422,66.66000366210938,66.66999816894531,22
2026-09-04 12:30:00-04:00,66.72000122070312,66.7249984741211,66.66000366210938,66.67500305175781,86
2026-09-04 12:31:00-04:00,66.71499633789062,66.72000122070312,66.69999694824219,66.69999694824219,5
2026-09-04 12:32:00-04:00,66.75,66.75,66.70999908447266,66.70999908447266,18
2026-09-04 12:33:00-04:00,66.7699966430664,66.7699966430664,66.73999786376953,66.73999786376953,4
2026-09-04 12:34:00-04:00,66.76499938964844,66.7699966430664,66.75499725341797,66.7699966430664,11
2026-09-04 12:35:00-04:00,66.7750015258789,66.77999877929688,66.7699966430664,66.7699966430664,10
2026-09-04 12:36:00-04:00,66.75499725341797,66.78500366210938,66.75,66.78500366210938,16
2026-09-04 12:37:00-04:00,66.7300033569336,66.75,66.72000122070312,66.75,8
2026-09-04 12:38:00-04:00,66.73999786376953,66.73999786376953,66.70999908447266,66.7249984741211,9
2026-09-04 12:39:00-04:00,66.7300033569336,66.75,66.7300033569336,66.73999786376953,17
2026-09-04 12:40:00-04:00,66.7300033569336,66.75,66.70999908447266,66.7249984741211,44
2026-09-04 12:41:00-04:00,66.74500274658203,66.74500274658203,66.73500061035156,66.73500061035156,2
2026-09-04 12:42:00-04:00,66.70999908447266,66.7300033569336,66.69499969482422,66.7300033569336,11
2026-09-04 12:43:00-04:00,66.7249984741211,66.73500061035156,66.70999908447266,66.71499633789062,11
2026-09-04 12:44:00-04:00,66.73999786376953,66.7699966430664,66.73500061035156,66.76000213623047,10
2026-09-04 12:45:00-04:00,66.75,66.76499938964844,66.73999786376953,66.73999786376953,6
2026-09-04 12:46:00-04:00,66.74500274658203,66.75,66.7300033569336,66.75,8
2026-09-04 12:47:00-04:00,66.77999877929688,66.77999877929688,66.74500274658203,66.75,7
2026-09-04 12:48:00-04:00,66.75,66.75499725341797,66.75,66.75499725341797,3
2026-09-04 12:49:00-04:00,66.81999969482422,66.81999969482422,66.79000091552734,66.80000305175781,67
2026-09-04 12:50:00-04:00,66.76499938964844,66.81999969482422,66.76499938964844,66.81999969482422,23
2026-09-04 12:51:00-04:00,66.73999786376953,66.76000213623047,66.73999786376953,66.73999786376953,11
2026-09-04 12:52:00-04:00,66.74500274658203,66.74500274658203,66.7249984741211,66.7249984741211,11
2026-09-04 12:53:00-04:00,66.7300033569336,66.73999786376953,66.7300033569336,66.73999786376953,4
2026-09-04 12:54:00-04:00,66.72000122070312,66.7300033569336,66.72000122070312,66.7300033569336,4
2026-09-04 12:55:00-04:00,66.73999786376953,66.73999786376953,66.70999908447266,66.70999908447266,9
2026-09-04 12:56:00-04:00,66.69999694824219,66.72000122070312,66.69999694824219,66.72000122070312,10
2026-09-04 12:57:00-04:00,66.71499633789062,66.75499725341797,66.69999694824219,66.70999908447266,63
2026-09-04 12:58:00-04:00,66.72000122070312,66.72000122070312,66.70999908447266,66.71499633789062,3
2026-09-04 12:59:00-04:00,66.71499633789062,66.7249984741211,66.69000244140625,66.70500183105469,35
2026-09-04 13:00:00-04:00,66.63999938964844,66.71499633789062,66.63999938964844,66.71499633789062,57
2026-09-04 13:01:00-04:00,66.63999938964844,66.66000366210938,66.625,66.6449966430664,42
2026-09-04 13:02:00-04:00,66.61000061035156,66.63999938964844,66.57499694824219,66.62999725341797,96
2026-09-04 13:03:00-04:00,66.61499786376953,66.625,66.58999633789062,66.625,31
2026-09-04 13:04:00-04:00,66.62999725341797,66.6500015258789,66.5999984741211,66.62000274658203,30
2026-09-04 13:05:00-04:00,66.63500213623047,66.65499877929688,66.5999984741211,66.62000274658203,53
2026-09-04 13:06:00-04:00,66.6449966430664,66.6449966430664,66.62000274658203,66.625,19
2026-09-04 13:07:00-04:00,66.66500091552734,66.66500091552734,66.62999725341797,66.62999725341797,9
2026-09-04 13:08:00-04:00,66.63500213623047,66.68000030517578,66.63500213623047,66.68000030517578,10
2026-09-04 13:09:00-04:00,66.65499877929688,66.66000366210938,66.62999725341797,66.63500213623047,15
2026-09-04 13:10:00-04:00,66.66000366210938,66.66500091552734,66.6500015258789,66.65499877929688,13
2026-09-04 13:11:00-04:00,66.66999816894531,66.68000030517578,66.65499877929688,66.66000366210938,17
2026-09-04 13:12:00-04:00,66.65499877929688,66.66000366210938,66.63999938964844,66.66000366210938,5
2026-09-04 13:13:00-04:00,66.63500213623047,66.6500015258789,66.63500213623047,66.6500015258789,4
2026-09-04 13:14:00-04:00,66.65499877929688,66.68000030517578,66.6449966430664,66.67500305175781,35
2026-09-04 13:15:00-04:00,66.66999816894531,66.68499755859375,66.65499877929688,66.65499877929688,7
2026-09-04 13:16:00-04:00,66.68000030517578,66.68000030517578,66.65499877929688,66.67500305175781,15
2026-09-04 13:17:00-04:00,66.73999786376953,66.73999786376953,66.67500305175781,66.67500305175781,18
2026-09-04 13:18:00-04:00,66.80999755859375,66.82499694824219,66.73999786376953,66.74500274658203,157
2026-09-04 13:19:00-04:00,66.80500030517578,66.81999969482422,66.79000091552734,66.80999755859375,67
2026-09-04 13:20:00-04:00,66.8499984741211,66.86499786376953,66.81999969482422,66.81999969482422,43
2026-09-04 13:21:00-04:00,66.79499816894531,66.87000274658203,66.79499816894531,66.86499786376953,29
2026-09-04 13:22:00-04:00,66.80500030517578,66.81999969482422,66.78500366210938,66.78500366210938,23
2026-09-04 13:23:00-04:00,66.73999786376953,66.81999969482422,66.73999786376953,66.80000305175781,132
2026-09-04 13:24:00-04:00,66.7750015258789,66.78500366210938,66.71499633789062,66.73500061035156,390
2026-09-04 13:25:00-04:00,66.7300033569336,66.77999877929688,66.7300033569336,66.7750015258789,59
2026-09-04 13:26:00-04:00,66.73500061035156,66.74500274658203,66.71499633789062,66.73500061035156,25
2026-09-04 13:27:00-04:00,66.73500061035156,66.73500061035156,66.70999908447266,66.72000122070312,11
2026-09-04 13:28:00-04:00,66.73500061035156,66.75,66.73500061035156,66.73500061035156,6
2026-09-04 13:29:00-04:00,66.68000030517578,66.71499633789062,66.68000030517578,66.71499633789062,18
2026-09-04 13:30:00-04:00,66.6449966430664,66.67500305175781,66.63500213623047,66.66999816894531,45
2026-09-04 13:31:00-04:00,66.66000366210938,66.66000366210938,66.63999938964844,66.63999938964844,10
2026-09-04 13:32:00-04:00,66.63999938964844,66.66000366210938,66.625,66.66000366210938,7
2026-09-04 13:33:00-04:00,66.57499694824219,66.63999938964844,66.56999969482422,66.63999938964844,66
2026-09-04 13:34:00-04:00,66.6050033569336,66.6050033569336,66.56500244140625,66.56999969482422,41
2026-09-04 13:35:00-04:00,66.58499908447266,66.58999633789062,66.54499816894531,66.58999633789062,76
2026-09-04 13:36:00-04:00,66.56500244140625,66.56500244140625,66.55500030517578,66.55500030517578,7
2026-09-04 13:37:00-04:00,66.57499694824219,66.57499694824219,66.55000305175781,66.55999755859375,18
2026-09-04 13:38:00-04:00,66.58000183105469,66.6050033569336,66.57499694824219,66.57499694824219,12
2026-09-04 13:39:00-04:00,66.54499816894531,66.56999969482422,66.5250015258789,66.56999969482422,18
2026-09-04 13:40:00-04:00,66.51000213623047,66.55500030517578,66.50499725341797,66.55000305175781,24
2026-09-04 13:41:00-04:00,66.49500274658203,66.50499725341797,66.4800033569336,66.50499725341797,40
2026-09-04 13:42:00-04:00,66.45999908447266,66.48999786376953,66.45999908447266,66.48999786376953,17
2026-09-04 13:43:00-04:00,66.46499633789062,66.47000122070312,66.44000244140625,66.45999908447266,21
2026-09-04 13:44:00-04:00,66.41000366210938,66.47000122070312,66.4000015258789,66.45999908447266,120
2026-09-04 13:45:00-04:00,66.44000244140625,66.44999694824219,66.38999938964844,66.41999816894531,47
2026-09-04 13:46:00-04:00,66.45500183105469,66.4749984741211,66.44999694824219,66.44999694824219,39
2026-09-04 13:47:00-04:00,66.45500183105469,66.4749984741211,66.44999694824219,66.44999694824219,22
2026-09-04 13:48:00-04:00,66.45999908447266,66.4749984741211,66.44499969482422,66.44999694824219,20
2026-09-04 13:49:00-04:00,66.45999908447266,66.4800033569336,66.45999908447266,66.4749984741211,19
2026-09-04 13:50:00-04:00,66.48999786376953,66.49500274658203,66.45999908447266,66.45999908447266,21
2026-09-04 13:51:00-04:00,66.47000122070312,66.4800033569336,66.46499633789062,66.4800033569336,9
2026-09-04 13:52:00-04:00,66.48999786376953,66.51499938964844,66.47000122070312,66.47000122070312,39
2026-09-04 13:53:00-04:00,66.51499938964844,66.51499938964844,66.48999786376953,66.48999786376953,10
2026-09-04 13:54:00-04:00,66.49500274658203,66.54000091552734,66.48999786376953,66.5199966430664,19
2026-09-04 13:55:00-04:00,66.49500274658203,66.5,66.4800033569336,66.5,15
2026-09-04 13:56:00-04:00,66.4800033569336,66.49500274658203,66.4800033569336,66.48999786376953,7
2026-09-04 13:57:00-04:00,66.47000122070312,66.48500061035156,66.46499633789062,66.48500061035156,13
2026-09-04 13:58:00-04:00,66.49500274658203,66.5,66.4749984741211,66.4749984741211,10
2026-09-04 13:59:00-04:00,66.49500274658203,66.5,66.4749984741211,66.4800033569336,9
2026-09-04 14:00:00-04:00,66.46499633789062,66.4800033569336,66.46499633789062,66.4749984741211,29
2026-09-04 14:01:00-04:00,66.375,66.47000122070312,66.36499786376953,66.47000122070312,35
2026-09-04 14:02:00-04:00,66.41500091552734,66.41500091552734,66.36000061035156,66.375,26
2026-09-04 14:03:00-04:00,66.41500091552734,66.41999816894531,66.4000015258789,66.4000015258789,12
2026-09-04 14:04:00-04:00,66.38999938964844,66.41000366210938,66.38500213623047,66.41000366210938,26
2026-09-04 14:05:00-04:00,66.41500091552734,66.43000030517578,66.41500091552734,66.43000030517578,2
2026-09-04 14:06:00-04:00,66.42500305175781,66.42500305175781,66.37999725341797,66.40499877929688,13
2026-09-04 14:07:00-04:00,66.41500091552734,66.41999816894531,66.40499877929688,66.41999816894531,8
2026-09-04 14:08:00-04:00,66.44999694824219,66.44999694824219,66.41500091552734,66.41999816894531,11
2026-09-04 14:09:00-04:00,66.51000213623047,66.51000213623047,66.47000122070312,66.47000122070312,39
2026-09-04 14:10:00-04:00,66.50499725341797,66.52999877929688,66.5,66.5199966430664,29
2026-09-04 14:11:00-04:00,66.48500061035156,66.5199966430664,66.4800033569336,66.51000213623047,5
2026-09-04 14:12:00-04:00,66.5,66.50499725341797,66.48999786376953,66.48999786376953,12
2026-09-04 14:13:00-04:00,66.48999786376953,66.5250015258789,66.4749984741211,66.49500274658203,33
2026-09-04 14:14:00-04:00,66.5,66.5,66.49500274658203,66.49500274658203,2
2026-09-04 14:15:00-04:00,66.53500366210938,66.55000305175781,66.51000213623047,66.51000213623047,20
2026-09-04 14:16:00-04:00,66.54000091552734,66.55000305175781,66.52999877929688,66.52999877929688,10
2026-09-04 14:17:00-04:00,66.53500366210938,66.53500366210938,66.5250015258789,66.52999877929688,7
2026-09-04 14:18:00-04:00,66.51000213623047,66.5250015258789,66.51000213623047,66.5250015258789,9
2026-09-04 14:19:00-04:00,66.49500274658203,66.5199966430664,66.49500274658203,66.5199966430664,4
2026-09-04 14:20:00-04:00,66.50499725341797,66.50499725341797,66.49500274658203,66.49500274658203,6
2026-09-04 14:21:00-04:00,66.56500244140625,66.56500244140625,66.51000213623047,66.51499938964844,19
2026-09-04 14:22:00-04:00,66.59500122070312,66.59500122070312,66.56500244140625,66.58000183105469,20
2026-09-04 14:23:00-04:00,66.58999633789062,66.6050033569336,66.58999633789062,66.6050033569336,6
2026-09-04 14:24:00-04:00,66.58999633789062,66.58999633789062,66.58000183105469,66.58000183105469,3
2026-09-04 14:25:00-04:00,66.62000274658203,66.62000274658203,66.5999984741211,66.5999984741211,8
2026-09-04 14:26:00-04:00,66.5999984741211,66.61499786376953,66.5999984741211,66.61499786376953,4
2026-09-04 14:27:00-04:00,66.5999984741211,66.6050033569336,66.58499908447266,66.58499908447266,15
2026-09-04 14:28:00-04:00,66.5999984741211,66.6050033569336,66.58000183105469,66.59500122070312,22
2026-09-04 14:29:00-04:00,66.61499786376953,66.61499786376953,66.58999633789062,66.59500122070312,13
2026-09-04 14:30:00-04:00,66.58000183105469,66.6050033569336,66.58000183105469,66.5999984741211,10
2026-09-04 14:31:00-04:00,66.58000183105469,66.58000183105469,66.56999969482422,66.56999969482422,2
2026-09-04 14:32:00-04:00,66.55999755859375,66.58499908447266,66.55999755859375,66.58499908447266,2
2026-09-04 14:33:00-04:00,66.57499694824219,66.57499694824219,66.56500244140625,66.56500244140625,2
2026-09-04 14:34:00-04:00,66.59500122070312,66.6050033569336,66.59500122070312,66.6050033569336,2
2026-09-04 14:35:00-04:00,66.59500122070312,66.5999984741211,66.59500122070312,66.5999984741211,2
2026-09-04 14:36:00-04:00,66.56500244140625,66.56500244140625,66.55500030517578,66.55500030517578,2
2026-09-04 14:37:00-04:00,66.54000091552734,66.56500244140625,66.54000091552734,66.56500244140625,11
2026-09-04 14:38:00-04:00,66.54499816894531,66.55500030517578,66.54499816894531,66.55500030517578,3
2026-09-04 14:39:00-04:00,66.56500244140625,66.58000183105469,66.54499816894531,66.54499816894531,45
2026-09-04 14:40:00-04:00,66.58999633789062,66.65499877929688,66.55999755859375,66.56500244140625,37
2026-09-04 14:41:00-04:00,66.5999984741211,66.61000061035156,66.56500244140625,66.58999633789062,24
2026-09-04 14:42:00-04:00,66.56999969482422,66.5999984741211,66.56999969482422,66.5999984741211,30
2026-09-04 14:43:00-04:00,66.58499908447266,66.58999633789062,66.58000183105469,66.58000183105469,6
2026-09-04 14:44:00-04:00,66.58499908447266,66.58499908447266,66.58000183105469,66.58000183105469,2
2026-09-04 14:45:00-04:00,66.58000183105469,66.58999633789062,66.56999969482422,66.58999633789062,5
2026-09-04 14:46:00-04:00,66.5999984741211,66.5999984741211,66.55999755859375,66.55999755859375,4
2026-09-04 14:47:00-04:00,66.58999633789062,66.59500122070312,66.58999633789062,66.59500122070312,4
2026-09-04 14:48:00-04:00,66.59500122070312,66.59500122070312,66.59500122070312,66.59500122070312,2
2026-09-04 14:49:00-04:00,66.5999984741211,66.5999984741211,66.5999984741211,66.5999984741211,5
2026-09-04 14:50:00-04:00,66.62000274658203,66.62000274658203,66.6050033569336,66.6050033569336,17
2026-09-04 14:51:00-04:00,66.62000274658203,66.625,66.6050033569336,66.625,11
2026-09-04 14:52:00-04:00,66.62999725341797,66.62999725341797,66.62000274658203,66.62000274658203,2
2026-09-04 14:53:00-04:00,66.61000061035156,66.625,66.6050033569336,66.625,5
2026-09-04 14:54:00-04:00,66.6050033569336,66.6050033569336,66.6050033569336,66.6050033569336,1
2026-09-04 14:56:00-04:00,66.5999984741211,66.61000061035156,66.58999633789062,66.61000061035156,22
2026-09-04 14:57:00-04:00,66.6050033569336,66.61000061035156,66.58999633789062,66.59500122070312,12
2026-09-04 14:58:00-04:00,66.59500122070312,66.61000061035156,66.59500122070312,66.61000061035156,7
2026-09-04 14:59:00-04:00,66.61000061035156,66.61499786376953,66.5999984741211,66.61499786376953,5
2026-09-04 15:00:00-04:00,66.6050033569336,66.62999725341797,66.5999984741211,66.6050033569336,12
2026-09-04 15:01:00-04:00,66.61000061035156,66.625,66.6050033569336,66.6050033569336,5
2026-09-04 15:02:00-04:00,66.61000061035156,66.61000061035156,66.58000183105469,66.58000183105469,7
2026-09-04 15:03:00-04:00,66.58999633789062,66.5999984741211,66.58999633789062,66.5999984741211,5
2026-09-04 15:04:00-04:00,66.6050033569336,66.6050033569336,66.6050033569336,66.6050033569336,2
2026-09-04 15:05:00-04:00,66.58499908447266,66.58499908447266,66.58499908447266,66.58499908447266,1
2026-09-04 15:07:00-04:00,66.58999633789062,66.61000061035156,66.58999633789062,66.61000061035156,5
2026-09-04 15:08:00-04:00,66.6050033569336,66.61499786376953,66.59500122070312,66.59500122070312,28
2026-09-04 15:10:00-04:00,66.61000061035156,66.61000061035156,66.6050033569336,66.6050033569336,2
2026-09-04 15:11:00-04:00,66.63500213623047,66.63500213623047,66.5999984741211,66.6050033569336,4
2026-09-04 15:12:00-04:00,66.65499877929688,66.65499877929688,66.63999938964844,66.6449966430664,7
2026-09-04 15:13:00-04:00,66.61499786376953,66.6449966430664,66.61499786376953,66.6449966430664,25
2026-09-04 15:14:00-04:00,66.65499877929688,66.67500305175781,66.65499877929688,66.66999816894531,7
2026-09-04 15:15:00-04:00,66.67500305175781,66.68000030517578,66.66500091552734,66.66999816894531,14
2026-09-04 15:16:00-04:00,66.7249984741211,66.73500061035156,66.67500305175781,66.67500305175781,18
2026-09-04 15:17:00-04:00,66.72000122070312,66.7249984741211,66.71499633789062,66.7249984741211,5
2026-09-04 15:18:00-04:00,66.69499969482422,66.71499633789062,66.69499969482422,66.71499633789062,3
2026-09-04 15:19:00-04:00,66.69499969482422,66.70999908447266,66.69499969482422,66.69499969482422,31
2026-09-04 15:20:00-04:00,66.66500091552734,66.69499969482422,66.6500015258789,66.69000244140625,13
2026-09-04 15:21:00-04:00,66.68000030517578,66.68499755859375,66.66999816894531,66.66999816894531,12
2026-09-04 15:22:00-04:00,66.68499755859375,66.68499755859375,66.68499755859375,66.68499755859375,4
2026-09-04 15:23:00-04:00,66.70999908447266,66.71499633789062,66.68499755859375,66.69000244140625,18
2026-09-04 15:24:00-04:00,66.73500061035156,66.73500061035156,66.73500061035156,66.73500061035156,1
2026-09-04 15:25:00-04:00,66.76000213623047,66.76499938964844,66.73999786376953,66.73999786376953,17
2026-09-04 15:26:00-04:00,66.78500366210938,66.78500366210938,66.75,66.75,14
2026-09-04 15:27:00-04:00,66.83999633789062,66.86499786376953,66.80000305175781,66.80000305175781,23
2026-09-04 15:28:00-04:00,66.83499908447266,66.83999633789062,66.83000183105469,66.83000183105469,7
2026-09-04 15:29:00-04:00,66.83999633789062,66.84500122070312,66.83499908447266,66.83499908447266,12
2026-09-04 15:30:00-04:00,66.82499694824219,66.84500122070312,66.82499694824219,66.83499908447266,5
2026-09-04 15:31:00-04:00,66.81999969482422,66.84500122070312,66.81999969482422,66.83000183105469,6
2026-09-04 15:32:00-04:00,66.80999755859375,66.82499694824219,66.80000305175781,66.80999755859375,11
2026-09-04 15:33:00-04:00,66.8550033569336,66.8550033569336,66.80000305175781,66.80000305175781,11
2026-09-04 15:34:00-04:00,66.88500213623047,66.90499877929688,66.86499786376953,66.87999725341797,24
2026-09-04 15:35:00-04:00,66.8499984741211,66.87999725341797,66.8499984741211,66.87999725341797,7
2026-09-04 15:36:00-04:00,66.86000061035156,66.86000061035156,66.84500122070312,66.84500122070312,6
2026-09-04 15:37:00-04:00,66.84500122070312,66.84500122070312,66.83999633789062,66.83999633789062,2
2026-09-04 15:38:00-04:00,66.81500244140625,66.8550033569336,66.81500244140625,66.8550033569336,18
2026-09-04 15:39:00-04:00,66.81999969482422,66.81999969482422,66.81999969482422,66.81999969482422,1
2026-09-04 15:40:00-04:00,66.80999755859375,66.84500122070312,66.80999755859375,66.82499694824219,21
2026-09-04 15:41:00-04:00,66.83000183105469,66.83000183105469,66.80999755859375,66.81500244140625,7
2026-09-04 15:42:00-04:00,66.80000305175781,66.81999969482422,66.80000305175781,66.81999969482422,16
2026-09-04 15:43:00-04:00,66.8550033569336,66.8550033569336,66.80500030517578,66.80500030517578,33
2026-09-04 15:44:00-04:00,66.87999725341797,66.87999725341797,66.86000061035156,66.86000061035156,24
2026-09-04 15:45:00-04:00,66.86000061035156,66.8949966430664,66.86000061035156,66.88500213623047,9
2026-09-04 15:46:00-04:00,66.8499984741211,66.86499786376953,66.8499984741211,66.86499786376953,4
2026-09-04 15:47:00-04:00,66.81999969482422,66.83499908447266,66.80999755859375,66.83000183105469,15
2026-09-04 15:48:00-04:00,66.81999969482422,66.83000183105469,66.81500244140625,66.81999969482422,6
2026-09-04 15:49:00-04:00,66.83999633789062,66.83999633789062,66.80500030517578,66.81999969482422,11
2026-09-04 15:50:00-04:00,66.8550033569336,66.86000061035156,66.83999633789062,66.8499984741211,20
2026-09-04 15:51:00-04:00,66.83499908447266,66.8499984741211,66.83000183105469,66.8499984741211,16
2026-09-04 15:52:00-04:00,66.8499984741211,66.86499786376953,66.84500122070312,66.8499984741211,10
2026-09-04 15:53:00-04:00,66.83000183105469,66.8499984741211,66.82499694824219,66.8499984741211,15
2026-09-04 15:54:00-04:00,66.8550033569336,66.8550033569336,66.81999969482422,66.81999969482422,51
2026-09-04 15:55:00-04:00,66.80000305175781,66.86000061035156,66.80000305175781,66.86000061035156,18
2026-09-04 15:56:00-04:00,66.79000091552734,66.81999969482422,66.79000091552734,66.80500030517578,20
2026-09-04 15:57:00-04:00,66.81999969482422,66.81999969482422,66.79000091552734,66.80000305175781,13
2026-09-04 15:58:00-04:00,66.82499694824219,66.82499694824219,66.80500030517578,66.81500244140625,6
2026-09-04 15:59:00-04:00,66.83499908447266,66.83999633789062,66.81500244140625,66.83000183105469,25
2026-09-04 16:00:00-04:00,66.81500244140625,66.84500122070312,66.80999755859375,66.83000183105469,17
2026-09-04 16:01:00-04:00,66.81500244140625,66.81500244140625,66.79499816894531,66.81500244140625,14
2026-09-04 16:02:00-04:00,66.82499694824219,66.83000183105469,66.80500030517578,66.80500030517578,7
2026-09-04 16:03:00-04:00,66.81999969482422,66.82499694824219,66.81999969482422,66.82499694824219,8
2026-09-04 16:04:00-04:00,66.7750015258789,66.81500244140625,66.76499938964844,66.81500244140625,18
2026-09-04 16:05:00-04:00,66.7699966430664,66.79000091552734,66.7699966430664,66.7750015258789,7
2026-09-04 16:06:00-04:00,66.7750015258789,66.78500366210938,66.7699966430664,66.7750015258789,22
2026-09-04 16:07:00-04:00,66.7750015258789,66.7750015258789,66.7750015258789,66.7750015258789,3
2026-09-04 16:08:00-04:00,66.7699966430664,66.79000091552734,66.7699966430664,66.79000091552734,3
2026-09-04 16:09:00-04:00,66.77999877929688,66.77999877929688,66.76499938964844,66.76499938964844,11
2026-09-04 16:10:00-04:00,66.7750015258789,66.78500366210938,66.7750015258789,66.77999877929688,3
2026-09-04 16:11:00-04:00,66.76499938964844,66.7750015258789,66.76499938964844,66.7750015258789,7
2026-09-04 16:12:00-04:00,66.7699966430664,66.7699966430664,66.7699966430664,66.7699966430664,1
2026-09-04 16:13:00-04:00,66.79000091552734,66.80000305175781,66.79000091552734,66.79000091552734,4
2026-09-04 16:15:00-04:00,66.78500366210938,66.78500366210938,66.78500366210938,66.78500366210938,1
2026-09-04 16:17:00-04:00,66.77999877929688,66.77999877929688,66.77999877929688,66.77999877929688,1
2026-09-04 16:19:00-04:00,66.79499816894531,66.79499816894531,66.79499816894531,66.79499816894531,1
2026-09-04 16:20:00-04:00,66.79000091552734,66.79499816894531,66.79000091552734,66.79499816894531,2
2026-09-04 16:21:00-04:00,66.79000091552734,66.79499816894531,66.79000091552734,66.79499816894531,6
2026-09-04 16:22:00-04:00,66.77999877929688,66.77999877929688,66.77999877929688,66.77999877929688,3
2026-09-04 16:23:00-04:00,66.78500366210938,66.78500366210938,66.78500366210938,66.78500366210938,2
2026-09-04 16:24:00-04:00,66.7750015258789,66.7750015258789,66.7750015258789,66.7750015258789,1
2026-09-04 16:28:00-04:00,66.76499938964844,66.76499938964844,66.75499725341797,66.75499725341797,9
2026-09-04 16:29:00-04:00,66.76499938964844,66.76499938964844,66.73999786376953,66.76499938964844,17
2026-09-04 16:30:00-04:00,66.74500274658203,66.75,66.74500274658203,66.74500274658203,3
2026-09-04 16:31:00-04:00,66.76000213623047,66.76499938964844,66.75499725341797,66.75499725341797,7
2026-09-04 16:32:00-04:00,66.76000213623047,66.76499938964844,66.76000213623047,66.76499938964844,2
2026-09-04 16:33:00-04:00,66.76000213623047,66.76000213623047,66.76000213623047,66.76000213623047,1
2026-09-04 16:34:00-04:00,66.7699966430664,66.7699966430664,66.7699966430664,66.7699966430664,2
2026-09-04 16:35:00-04:00,66.7750015258789,66.7750015258789,66.76000213623047,66.76000213623047,4
2026-09-04 16:36:00-04:00,66.7699966430664,66.7750015258789,66.7699966430664,66.7750015258789,4
2026-09-04 16:37:00-04:00,66.7699966430664,66.7699966430664,66.75499725341797,66.75499725341797,4
2026-09-04 16:38:00-04:00,66.79499816894531,66.79499816894531,66.76000213623047,66.76499938964844,24
2026-09-04 16:39:00-04:00,66.78500366210938,66.79000091552734,66.78500366210938,66.79000091552734,2
2026-09-04 16:40:00-04:00,66.7699966430664,66.79000091552734,66.7699966430664,66.78500366210938,4
2026-09-04 16:41:00-04:00,66.76499938964844,66.76499938964844,66.75499725341797,66.75499725341797,6
2026-09-04 16:42:00-04:00,66.7699966430664,66.7699966430664,66.7699966430664,66.7699966430664,2
2026-09-04 16:43:00-04:00,66.77999877929688,66.77999877929688,66.76499938964844,66.7699966430664,6
2026-09-04 16:45:00-04:00,66.79499816894531,66.79499816894531,66.78500366210938,66.78500366210938,2
2026-09-04 16:46:00-04:00,66.7750015258789,66.7750015258789,66.7750015258789,66.7750015258789,2
2026-09-04 16:48:00-04:00,66.76000213623047,66.76499938964844,66.76000213623047,66.76499938964844,2
2026-09-04 16:49:00-04:00,66.75499725341797,66.76499938964844,66.75,66.76000213623047,24
2026-09-04 16:50:00-04:00,66.76499938964844,66.7750015258789,66.76499938964844,66.76499938964844,7
2026-09-04 16:51:00-04:00,66.75499725341797,66.75499725341797,66.75499725341797,66.75499725341797,1
2026-09-04 16:52:00-04:00,66.76000213623047,66.76499938964844,66.75,66.75499725341797,9
2026-09-04 16:53:00-04:00,66.76000213623047,66.76000213623047,66.76000213623047,66.76000213623047,1
2026-09-04 16:54:00-04:00,66.80999755859375,66.80999755859375,66.75499725341797,66.7699966430664,34
2026-09-04 16:55:00-04:00,66.80000305175781,66.80999755859375,66.80000305175781,66.80999755859375,2
2026-09-04 16:56:00-04:00,66.81500244140625,66.81500244140625,66.80000305175781,66.80000305175781,7
2026-09-04 16:57:00-04:00,66.79499816894531,66.81500244140625,66.79000091552734,66.81500244140625,12
2026-09-04 16:58:00-04:00,66.80999755859375,66.80999755859375,66.79000091552734,66.80000305175781,22
2026-09-04 16:59:00-04:00,66.74800109863281,66.81999969482422,66.74800109863281,66.81500244140625,20
2026-09-08 00:00:00-04:00,67.69499969482422,67.69999694824219,67.6449966430664,67.6449966430664,47
2026-09-08 00:01:00-04:00,67.63500213623047,67.6449966430664,67.63500213623047,67.6449966430664,9
2026-09-08 00:02:00-04:00,67.70999908447266,67.70999908447266,67.63500213623047,67.63500213623047,7
2026-09-08 00:03:00-04:00,67.7300033569336,67.7300033569336,67.68499755859375,67.69000244140625,8
2026-09-08 00:04:00-04:00,67.76000213623047,67.76499938964844,67.73500061035156,67.73999786376953,30
2026-09-08 00:05:00-04:00,67.73500061035156,67.76499938964844,67.73500061035156,67.74500274658203,28
2026-09-08 00:06:00-04:00,67.73999786376953,67.75,67.7300033569336,67.73999786376953,12
2026-09-08 00:07:00-04:00,67.73500061035156,67.73500061035156,67.70999908447266,67.70999908447266,7
2026-09-08 00:08:00-04:00,67.69499969482422,67.70500183105469,67.68499755859375,67.70500183105469,3
2026-09-08 00:09:00-04:00,67.71499633789062,67.71499633789062,67.69499969482422,67.69499969482422,5
2026-09-08 00:10:00-04:00,67.75,67.75499725341797,67.7300033569336,67.7300033569336,9
2026-09-08 00:11:00-04:00,67.73500061035156,67.73500061035156,67.73500061035156,67.73500061035156,2
2026-09-08 00:12:00-04:00,67.72000122070312,67.73500061035156,67.72000122070312,67.73500061035156,2
2026-09-08 00:13:00-04:00,67.70500183105469,67.72000122070312,67.69999694824219,67.72000122070312,5
2026-09-08 00:14:00-04:00,67.66000366210938,67.70999908447266,67.66000366210938,67.69999694824219,22
2026-09-08 00:15:00-04:00,67.63999938964844,67.67500305175781,67.63500213623047,67.67500305175781,20
2026-09-08 00:16:00-04:00,67.68499755859375,67.68499755859375,67.66999816894531,67.66999816894531,7
2026-09-08 00:17:00-04:00,67.6500015258789,67.66999816894531,67.6500015258789,67.66999816894531,7
2026-09-08 00:18:00-04:00,67.66000366210938,67.66000366210938,67.66000366210938,67.66000366210938,1
2026-09-08 00:19:00-04:00,67.6500015258789,67.66500091552734,67.63999938964844,67.66000366210938,6
2026-09-08 00:20:00-04:00,67.63999938964844,67.66000366210938,67.625,67.66000366210938,7
2026-09-08 00:21:00-04:00,67.62000274658203,67.6449966430664,67.62000274658203,67.6449966430664,10
2026-09-08 00:22:00-04:00,67.61499786376953,67.62000274658203,67.6050033569336,67.62000274658203,7
2026-09-08 00:23:00-04:00,67.63500213623047,67.63500213623047,67.6050033569336,67.6050033569336,12
2026-09-08 00:24:00-04:00,67.62999725341797,67.62999725341797,67.61499786376953,67.61499786376953,3
2026-09-08 00:25:00-04:00,67.63500213623047,67.63500213623047,67.63500213623047,67.63500213623047,1
2026-09-08 00:27:00-04:00,67.6050033569336,67.6050033569336,67.58499908447266,67.5999984741211,4
2026-09-08 00:28:00-04:00,67.5999984741211,67.5999984741211,67.5999984741211,67.5999984741211,1
2026-09-08 00:29:00-04:00,67.58499908447266,67.58999633789062,67.58499908447266,67.58999633789062,2
2026-09-08 00:30:00-04:00,67.59500122070312,67.61000061035156,67.58999633789062,67.58999633789062,5
2026-09-08 00:31:00-04:00,67.61000061035156,67.61000061035156,67.61000061035156,67.61000061035156,1
2026-09-08 00:32:00-04:00,67.61499786376953,67.6449966430664,67.6050033569336,67.63500213623047,21
2026-09-08 00:34:00-04:00,67.62000274658203,67.62000274658203,67.62000274658203,67.62000274658203,3
2026-09-08 00:35:00-04:00,67.5999984741211,67.61499786376953,67.5999984741211,67.61499786376953,5
2026-09-08 00:36:00-04:00,67.62000274658203,67.62000274658203,67.5999984741211,67.5999984741211,3
2026-09-08 00:37:00-04:00,67.5999984741211,67.5999984741211,67.59500122070312,67.59500122070312,2
2026-09-08 00:38:00-04:00,67.5999984741211,67.62000274658203,67.5999984741211,67.6050033569336,6
2026-09-08 00:40:00-04:00,67.62000274658203,67.62000274658203,67.62000274658203,67.62000274658203,1
2026-09-08 00:41:00-04:00,67.63500213623047,67.63500213623047,67.63500213623047,67.63500213623047,1
2026-09-08 00:42:00-04:00,67.62000274658203,67.62000274658203,67.5999984741211,67.61499786376953,3
2026-09-08 00:43:00-04:00,67.62000274658203,67.63999938964844,67.62000274658203,67.625,14
2026-09-08 00:44:00-04:00,67.62999725341797,67.62999725341797,67.61499786376953,67.62999725341797,6
2026-09-08 00:45:00-04:00,67.6449966430664,67.6449966430664,67.6449966430664,67.6449966430664,1
2026-09-08 00:46:00-04:00,67.6449966430664,67.6500015258789,67.62000274658203,67.625,8
2026-09-08 00:47:00-04:00,67.6449966430664,67.6500015258789,67.6449966430664,67.6500015258789,2
2026-09-08 00:48:00-04:00,67.63999938964844,67.6500015258789,67.63500213623047,67.6500015258789,5
2026-09-08 00:50:00-04:00,67.65499877929688,67.66500091552734,67.6500015258789,67.66500091552734,3
2026-09-08 00:51:00-04:00,67.63999938964844,67.63999938964844,67.62999725341797,67.62999725341797,4
2026-09-08 00:54:00-04:00,67.63999938964844,67.63999938964844,67.62999725341797,67.62999725341797,4
2026-09-08 00:55:00-04:00,67.63500213623047,67.63500213623047,67.63500213623047,67.63500213623047,1
2026-09-08 00:57:00-04:00,67.68499755859375,67.68499755859375,67.68499755859375,67.68499755859375,3
2026-09-08 00:58:00-04:00,67.73999786376953,67.73999786376953,67.69999694824219,67.69999694824219,21
2026-09-08 00:59:00-04:00,67.66500091552734,67.69999694824219,67.66500091552734,67.69499969482422,8
2026-09-08 01:00:00-04:00,67.66000366210938,67.67500305175781,67.66000366210938,67.67500305175781,4
2026-09-08 01:01:00-04:00,67.67500305175781,67.67500305175781,67.67500305175781,67.67500305175781,1
2026-09-08 01:02:00-04:00,67.70999908447266,67.71499633789062,67.69999694824219,67.69999694824219,4
2026-09-08 01:03:00-04:00,67.66500091552734,67.68000030517578,67.66500091552734,67.68000030517578,2
2026-09-08 01:04:00-04:00,67.62000274658203,67.62000274658203,67.62000274658203,67.62000274658203,1
2026-09-08 01:05:00-04:00,67.61499786376953,67.625,67.61000061035156,67.61499786376953,25
2026-09-08 01:06:00-04:00,67.5999984741211,67.61499786376953,67.5999984741211,67.61499786376953,4
2026-09-08 01:07:00-04:00,67.6050033569336,67.6050033569336,67.59500122070312,67.59500122070312,3
2026-09-08 01:08:00-04:00,67.56999969482422,67.58000183105469,67.56500244140625,67.58000183105469,6
2026-09-08 01:09:00-04:00,67.51499938964844,67.55500030517578,67.5,67.55500030517578,23
2026-09-08 01:10:00-04:00,67.5,67.52999877929688,67.5,67.51000213623047,11
2026-09-08 01:11:00-04:00,67.44000244140625,67.49500274658203,67.44000244140625,67.49500274658203,39
2026-09-08 01:12:00-04:00,67.38500213623047,67.44000244140625,67.37999725341797,67.43499755859375,85
2026-09-08 01:13:00-04:00,67.3499984741211,67.3949966430664,67.33999633789062,67.3949966430664,36
2026-09-08 01:14:00-04:00,67.31999969482422,67.36000061035156,67.30999755859375,67.3550033569336,31
2026-09-08 01:15:00-04:00,67.27999877929688,67.31999969482422,67.2750015258789,67.31500244140625,32
2026-09-08 01:16:00-04:00,67.31500244140625,67.31500244140625,67.26499938964844,67.28500366210938,25
2026-09-08 01:17:00-04:00,67.33999633789062,67.3550033569336,67.30999755859375,67.30999755859375,18
2026-09-08 01:18:00-04:00,67.33999633789062,67.33999633789062,67.31999969482422,67.33000183105469,12
2026-09-08 01:19:00-04:00,67.37999725341797,67.37999725341797,67.33499908447266,67.33499908447266,5
2026-09-08 01:20:00-04:00,67.41500091552734,67.41999816894531,67.37999725341797,67.37999725341797,10
2026-09-08 01:21:00-04:00,67.43000030517578,67.43000030517578,67.38500213623047,67.41500091552734,16
2026-09-08 01:22:00-04:00,67.41000366210938,67.45999908447266,67.41000366210938,67.45999908447266,20
2026-09-08 01:23:00-04:00,67.38500213623047,67.41999816894531,67.38500213623047,67.3949966430664,8
2026-09-08 01:24:00-04:00,67.32499694824219,67.3550033569336,67.30000305175781,67.3499984741211,28
2026-09-08 01:25:00-04:00,67.30500030517578,67.33000183105469,67.29499816894531,67.32499694824219,8
2026-09-08 01:26:00-04:00,67.27999877929688,67.30000305175781,67.27999877929688,67.29000091552734,9
2026-09-08 01:27:00-04:00,67.26000213623047,67.30000305175781,67.26000213623047,67.27999877929688,31
2026-09-08 01:28:00-04:00,67.19499969482422,67.25,67.18000030517578,67.25,29
2026-09-08 01:29:00-04:00,67.16500091552734,67.20999908447266,67.16000366210938,67.18000030517578,27
2026-09-08 01:30:00-04:00,67.29000091552734,67.30000305175781,67.08999633789062,67.16999816894531,262
2026-09-08 01:31:00-04:00,67.2300033569336,67.27999877929688,67.19000244140625,67.2750015258789,54
2026-09-08 01:32:00-04:00,67.16999816894531,67.22000122070312,67.16500091552734,67.19499969482422,31
2026-09-08 01:33:00-04:00,67.19499969482422,67.19999694824219,67.13500213623047,67.16999816894531,37
2026-09-08 01:34:00-04:00,67.21499633789062,67.22000122070312,67.17500305175781,67.17500305175781,7
2026-09-08 01:35:00-04:00,67.25499725341797,67.25499725341797,67.18000030517578,67.19999694824219,18
2026-09-08 01:36:00-04:00,67.23500061035156,67.23500061035156,67.19999694824219,67.2249984741211,16
2026-09-08 01:37:00-04:00,67.28500366210938,67.29499816894531,67.25499725341797,67.25499725341797,9
2026-09-08 01:38:00-04:00,67.33000183105469,67.33000183105469,67.25,67.2699966430664,12
2026-09-08 01:39:00-04:00,67.36000061035156,67.36000061035156,67.33000183105469,67.33499908447266,17
2026-09-08 01:40:00-04:00,67.36499786376953,67.36499786376953,67.33000183105469,67.3550033569336,5
2026-09-08 01:41:00-04:00,67.37000274658203,67.37999725341797,67.33999633789062,67.33999633789062,10
2026-09-08 01:42:00-04:00,67.36000061035156,67.37000274658203,67.36000061035156,67.37000274658203,4
2026-09-08 01:43:00-04:00,67.38500213623047,67.38500213623047,67.37000274658203,67.37000274658203,3
2026-09-08 01:44:00-04:00,67.33499908447266,67.36000061035156,67.33499908447266,67.36000061035156,8
2026-09-08 01:45:00-04:00,67.44499969482422,67.44499969482422,67.33999633789062,67.33999633789062,13
2026-09-08 01:46:00-04:00,67.3550033569336,67.44499969482422,67.3550033569336,67.41000366210938,10
2026-09-08 01:47:00-04:00,67.37000274658203,67.38500213623047,67.3550033569336,67.375,12
2026-09-08 01:48:00-04:00,67.36000061035156,67.37000274658203,67.33999633789062,67.3499984741211,9
2026-09-08 01:49:00-04:00,67.3550033569336,67.37999725341797,67.31999969482422,67.33000183105469,9
2026-09-08 01:50:00-04:00,67.30000305175781,67.36000061035156,67.30000305175781,67.36000061035156,14
2026-09-08 01:51:00-04:00,67.34500122070312,67.34500122070312,67.31500244140625,67.32499694824219,5
2026-09-08 01:52:00-04:00,67.31500244140625,67.31999969482422,67.30999755859375,67.31999969482422,10
2026-09-08 01:53:00-04:00,67.25,67.30500030517578,67.25,67.30500030517578,21
2026-09-08 01:54:00-04:00,67.23999786376953,67.31500244140625,67.2300033569336,67.31500244140625,15
2026-09-08 01:55:00-04:00,67.22000122070312,67.24500274658203,67.22000122070312,67.24500274658203,4
2026-09-08 01:56:00-04:00,67.20999908447266,67.20999908447266,67.16000366210938,67.19999694824219,20
2026-09-08 01:57:00-04:00,67.19499969482422,67.23999786376953,67.18000030517578,67.23999786376953,8
2026-09-08 01:58:00-04:00,67.19999694824219,67.19999694824219,67.19000244140625,67.19000244140625,4
2026-09-08 01:59:00-04:00,67.19999694824219,67.2300033569336,67.18000030517578,67.2249984741211,17
2026-09-08 02:00:00-04:00,67.16000366210938,67.20500183105469,67.15499877929688,67.19999694824219,52
2026-09-08 02:01:00-04:00,67.07499694824219,67.16000366210938,67.07499694824219,67.16000366210938,56
2026-09-08 02:02:00-04:00,67.04000091552734,67.11499786376953,66.9749984741211,67.06999969482422,134
2026-09-08 02:03:00-04:00,66.9749984741211,67.06999969482422,66.94999694824219,67.05500030517578,33
2026-09-08 02:04:00-04:00,67.04000091552734,67.04000091552734,66.9749984741211,66.99500274658203,31
2026-09-08 02:05:00-04:00,66.82499694824219,67.0250015258789,66.70500183105469,67.0250015258789,281
2026-09-08 02:06:00-04:00,66.83999633789062,66.8550033569336,66.80500030517578,66.81999969482422,42
2026-09-08 02:07:00-04:00,66.8499984741211,66.87000274658203,66.80000305175781,66.84500122070312,61
2026-09-08 02:08:00-04:00,66.92500305175781,66.94999694824219,66.8550033569336,66.8550033569336,39
2026-09-08 02:09:00-04:00,66.88999938964844,66.92500305175781,66.87000274658203,66.91999816894531,19
2026-09-08 02:10:00-04:00,66.86000061035156,66.9000015258789,66.84500122070312,66.9000015258789,14
2026-09-08 02:11:00-04:00,66.8550033569336,66.87999725341797,66.8499984741211,66.87999725341797,28
2026-09-08 02:12:00-04:00,66.81999969482422,66.88500213623047,66.80000305175781,66.8550033569336,37
2026-09-08 02:13:00-04:00,66.86499786376953,66.875,66.79000091552734,66.79000091552734,19
2026-09-08 02:14:00-04:00,66.9000015258789,66.90499877929688,66.86000061035156,66.87000274658203,20
2026-09-08 02:15:00-04:00,66.83999633789062,66.87000274658203,66.80999755859375,66.87000274658203,24
2026-09-08 02:16:00-04:00,66.76499938964844,66.79000091552734,66.73999786376953,66.77999877929688,34
2026-09-08 02:17:00-04:00,66.79000091552734,66.81500244140625,66.76499938964844,66.79499816894531,25
2026-09-08 02:18:00-04:00,66.69000244140625,66.79499816894531,66.69000244140625,66.7699966430664,36
2026-09-08 02:19:00-04:00,66.66000366210938,66.69499969482422,66.62000274658203,66.69000244140625,49
2026-09-08 02:20:00-04:00,66.73999786376953,66.73999786376953,66.61000061035156,66.63999938964844,63
2026-09-08 02:21:00-04:00,66.76000213623047,66.77999877929688,66.73500061035156,66.76000213623047,23
2026-09-08 02:22:00-04:00,66.75499725341797,66.76000213623047,66.70999908447266,66.75,25
2026-09-08 02:23:00-04:00,66.72000122070312,66.76000213623047,66.72000122070312,66.76000213623047,34
2026-09-08 02:24:00-04:00,66.75499725341797,66.75499725341797,66.70500183105469,66.73500061035156,20
2026-09-08 02:25:00-04:00,66.7699966430664,66.7699966430664,66.73999786376953,66.75,24
2026-09-08 02:26:00-04:00,66.75499725341797,66.80999755859375,66.74500274658203,66.76499938964844,29
2026-09-08 02:27:00-04:00,66.74500274658203,66.76000213623047,66.7300033569336,66.73500061035156,10
2026-09-08 02:28:00-04:00,66.66000366210938,66.71499633789062,66.66000366210938,66.69999694824219,21
2026-09-08 02:29:00-04:00,66.63999938964844,66.70500183105469,66.63999938964844,66.66000366210938,15
2026-09-08 02:30:00-04:00,66.65499877929688,66.69499969482422,66.58000183105469,66.63500213623047,55
2026-09-08 02:31:00-04:00,66.69000244140625,66.69000244140625,66.61499786376953,66.65499877929688,15
2026-09-08 02:32:00-04:00,66.69499969482422,66.71499633789062,66.68000030517578,66.68000030517578,11
2026-09-08 02:33:00-04:00,66.66000366210938,66.70500183105469,66.66000366210938,66.70500183105469,16
2026-09-08 02:34:00-04:00,66.66000366210938,66.67500305175781,66.6449966430664,66.66999816894531,14
2026-09-08 02:35:00-04:00,66.6050033569336,66.6500015258789,66.58499908447266,66.625,53
2026-09-08 02:36:00-04:00,66.625,66.6500015258789,66.61000061035156,66.62999725341797,12
2026-09-08 02:37:00-04:00,66.66500091552734,66.66500091552734,66.61000061035156,66.62000274658203,16
2026-09-08 02:38:00-04:00,66.73500061035156,66.75,66.67500305175781,66.67500305175781,81
2026-09-08 02:39:00-04:00,66.7699966430664,66.77999877929688,66.73500061035156,66.73500061035156,57
2026-09-08 02:40:00-04:00,66.79000091552734,66.80000305175781,66.7699966430664,66.7699966430664,24
2026-09-08 02:41:00-04:00,66.81500244140625,66.81500244140625,66.77999877929688,66.77999877929688,19
2026-09-08 02:42:00-04:00,66.83000183105469,66.83999633789062,66.80000305175781,66.80999755859375,14
2026-09-08 02:43:00-04:00,66.83999633789062,66.8550033569336,66.82499694824219,66.84500122070312,43
2026-09-08 02:44:00-04:00,66.86000061035156,66.875,66.8550033569336,66.86000061035156,21
2026-09-08 02:45:00-04:00,66.83499908447266,66.88500213623047,66.83499908447266,66.8499984741211,17
2026-09-08 02:46:00-04:00,66.88999938964844,66.88999938964844,66.84500122070312,66.84500122070312,34
2026-09-08 02:47:00-04:00,66.88500213623047,66.91000366210938,66.86499786376953,66.88999938964844,49
2026-09-08 02:48:00-04:00,66.88999938964844,66.91999816894531,66.875,66.875,31
2026-09-08 02:49:00-04:00,66.8949966430664,66.9000015258789,66.875,66.87999725341797,18
2026-09-08 02:50:00-04:00,66.90499877929688,66.91500091552734,66.87000274658203,66.9000015258789,23
2026-09-08 02:51:00-04:00,66.87000274658203,66.91999816894531,66.86499786376953,66.91999816894531,15
2026-09-08 02:52:00-04:00,66.88999938964844,66.88999938964844,66.86499786376953,66.86499786376953,10
2026-09-08 02:53:00-04:00,66.83000183105469,66.88500213623047,66.81999969482422,66.88500213623047,38
2026-09-08 02:54:00-04:00,66.79499816894531,66.83999633789062,66.7750015258789,66.83499908447266,41
2026-09-08 02:55:00-04:00,66.79499816894531,66.81999969482422,66.79499816894531,66.80000305175781,35
2026-09-08 02:56:00-04:00,66.76000213623047,66.80000305175781,66.75499725341797,66.78500366210938,25
2026-09-08 02:57:00-04:00,66.7750015258789,66.80000305175781,66.75,66.76499938964844,13
2026-09-08 02:58:00-04:00,66.79499816894531,66.81500244140625,66.76499938964844,66.79000091552734,82
2026-09-08 02:59:00-04:00,66.81500244140625,66.81500244140625,66.78500366210938,66.79000091552734,43
2026-09-08 03:00:00-04:00,66.83499908447266,66.84500122070312,66.79000091552734,66.80500030517578,28
2026-09-08 03:01:00-04:00,66.875,66.88500213623047,66.80999755859375,66.83499908447266,43
2026-09-08 03:02:00-04:00,66.93499755859375,66.94000244140625,66.88500213623047,66.8949966430664,17
2026-09-08 03:03:00-04:00,66.96499633789062,66.96499633789062,66.91500091552734,66.93499755859375,42
2026-09-08 03:04:00-04:00,66.98999786376953,67.0,66.95500183105469,66.97000122070312,16
2026-09-08 03:05:00-04:00,67.06500244140625,67.06500244140625,66.99500274658203,66.99500274658203,46
2026-09-08 03:06:00-04:00,67.09500122070312,67.09500122070312,67.05500030517578,67.06500244140625,32
2026-09-08 03:07:00-04:00,67.04000091552734,67.09500122070312,67.00499725341797,67.08999633789062,19
2026-09-08 03:08:00-04:00,67.04000091552734,67.05500030517578,67.02999877929688,67.05500030517578,15
2026-09-08 03:09:00-04:00,67.03500366210938,67.05500030517578,67.03500366210938,67.03500366210938,13
2026-09-08 03:10:00-04:00,67.02999877929688,67.05000305175781,67.0250015258789,67.05000305175781,3
2026-09-08 03:11:00-04:00,67.05999755859375,67.05999755859375,67.04000091552734,67.04000091552734,8
2026-09-08 03:12:00-04:00,67.04000091552734,67.05000305175781,67.04000091552734,67.05000305175781,6
2026-09-08 03:13:00-04:00,67.01000213623047,67.03500366210938,67.0,67.0250015258789,12
2026-09-08 03:14:00-04:00,66.97000122070312,67.0199966430664,66.95999908447266,67.01000213623047,13
2026-09-08 03:15:00-04:00,66.94999694824219,66.97000122070312,66.94499969482422,66.96499633789062,7
2026-09-08 03:16:00-04:00,66.94000244140625,66.94000244140625,66.93000030517578,66.93000030517578,2
2026-09-08 03:17:00-04:00,66.95500183105469,66.95500183105469,66.94000244140625,66.94000244140625,3
2026-09-08 03:18:00-04:00,66.93499755859375,66.93499755859375,66.93499755859375,66.93499755859375,1
2026-09-08 03:19:00-04:00,66.9749984741211,66.9749984741211,66.94999694824219,66.94999694824219,3
2026-09-08 03:20:00-04:00,66.97000122070312,66.9749984741211,66.94499969482422,66.9749984741211,4
2026-09-08 03:21:00-04:00,66.94999694824219,66.98999786376953,66.94999694824219,66.98999786376953,5
2026-09-08 03:22:00-04:00,66.91999816894531,66.9800033569336,66.91999816894531,66.94499969482422,5
2026-09-08 03:23:00-04:00,66.93000030517578,66.93000030517578,66.88500213623047,66.91999816894531,7
2026-09-08 03:24:00-04:00,66.94499969482422,66.97000122070312,66.93000030517578,66.93000030517578,8
2026-09-08 03:25:00-04:00,66.97000122070312,66.97000122070312,66.94000244140625,66.94000244140625,5
2026-09-08 03:26:00-04:00,66.94999694824219,66.96499633789062,66.94999694824219,66.96499633789062,8
2026-09-08 03:27:00-04:00,66.94000244140625,66.95500183105469,66.92500305175781,66.95500183105469,7
2026-09-08 03:28:00-04:00,66.93499755859375,66.94499969482422,66.93499755859375,66.94499969482422,2
2026-09-08 03:29:00-04:00,66.92500305175781,66.94499969482422,66.91500091552734,66.94499969482422,15
2026-09-08 03:30:00-04:00,66.94999694824219,66.94999694824219,66.91999816894531,66.91999816894531,8
2026-09-08 03:31:00-04:00,66.97000122070312,66.98500061035156,66.94000244140625,66.94499969482422,7
2026-09-08 03:32:00-04:00,66.92500305175781,66.9800033569336,66.92500305175781,66.9749984741211,14
2026-09-08 03:33:00-04:00,66.80999755859375,66.91500091552734,66.80500030517578,66.91500091552734,18
2026-09-08 03:34:00-04:00,66.76499938964844,66.81999969482422,66.76000213623047,66.80999755859375,43
2026-09-08 03:35:00-04:00,66.77999877929688,66.77999877929688,66.73999786376953,66.75499725341797,14
2026-09-08 03:36:00-04:00,66.76000213623047,66.76499938964844,66.76000213623047,66.76499938964844,10
2026-09-08 03:37:00-04:00,66.66999816894531,66.7699966430664,66.66999816894531,66.7699966430664,13
2026-09-08 03:38:00-04:00,66.66999816894531,66.7249984741211,66.66000366210938,66.71499633789062,17
2026-09-08 03:39:00-04:00,66.5999984741211,66.6449966430664,66.56500244140625,66.63999938964844,36
2026-09-08 03:40:00-04:00,66.69000244140625,66.69499969482422,66.61499786376953,66.61499786376953,21
2026-09-08 03:41:00-04:00,66.68000030517578,66.77999877929688,66.68000030517578,66.70999908447266,51
2026-09-08 03:42:00-04:00,66.62000274658203,66.68000030517578,66.58499908447266,66.68000030517578,28
2026-09-08 03:43:00-04:00,66.69499969482422,66.70999908447266,66.61000061035156,66.61499786376953,25
2026-09-08 03:44:00-04:00,66.66999816894531,66.69999694824219,66.66500091552734,66.69000244140625,14
2026-09-08 03:45:00-04:00,66.65499877929688,66.66500091552734,66.61499786376953,66.66500091552734,20
2026-09-08 03:46:00-04:00,66.62999725341797,66.66500091552734,66.62999725341797,66.65499877929688,38
2026-09-08 03:47:00-04:00,66.62999725341797,66.66000366210938,66.62000274658203,66.65499877929688,16
2026-09-08 03:48:00-04:00,66.6500015258789,66.65499877929688,66.62000274658203,66.62999725341797,14
2026-09-08 03:49:00-04:00,66.625,66.66500091552734,66.625,66.6449966430664,16
2026-09-08 03:50:00-04:00,66.55500030517578,66.62000274658203,66.54499816894531,66.61499786376953,31
2026-09-08 03:51:00-04:00,66.55999755859375,66.55999755859375,66.55500030517578,66.55500030517578,2
2026-09-08 03:52:00-04:00,66.5199966430664,66.55000305175781,66.50499725341797,66.55000305175781,25
2026-09-08 03:53:00-04:00,66.5250015258789,66.53500366210938,66.5,66.51499938964844,122
2026-09-08 03:54:00-04:00,66.4800033569336,66.50499725341797,66.45999908447266,66.50499725341797,36
2026-09-08 03:55:00-04:00,66.55500030517578,66.55999755859375,66.48500061035156,66.48999786376953,12
2026-09-08 03:56:00-04:00,66.54000091552734,66.55500030517578,66.53500366210938,66.55000305175781,13
2026-09-08 03:57:00-04:00,66.5,66.55000305175781,66.46499633789062,66.55000305175781,23
2026-09-08 03:58:00-04:00,66.51499938964844,66.51499938964844,66.50499725341797,66.50499725341797,2
2026-09-08 03:59:00-04:00,66.55500030517578,66.56999969482422,66.55500030517578,66.56999969482422,2
2026-09-08 04:00:00-04:00,66.5250015258789,66.56999969482422,66.5,66.56999969482422,34
2026-09-08 04:01:00-04:00,66.44999694824219,66.51499938964844,66.44499969482422,66.5,25
2026-09-08 04:02:00-04:00,66.41500091552734,66.46499633789062,66.40499877929688,66.45500183105469,52
2026-09-08 04:03:00-04:00,66.37999725341797,66.41000366210938,66.375,66.41000366210938,67
2026-09-08 04:04:00-04:00,66.43000030517578,66.44999694824219,66.32499694824219,66.37000274658203,53
2026-09-08 04:05:00-04:00,66.4749984741211,66.48999786376953,66.4000015258789,66.43000030517578,42
2026-09-08 04:06:00-04:00,66.54499816894531,66.54499816894531,66.4749984741211,66.4749984741211,14
2026-09-08 04:07:00-04:00,66.50499725341797,66.58000183105469,66.50499725341797,66.55999755859375,24
2026-09-08 04:08:00-04:00,66.42500305175781,66.52999877929688,66.4000015258789,66.51000213623047,46
2026-09-08 04:09:00-04:00,66.3499984741211,66.42500305175781,66.33999633789062,66.42500305175781,16
2026-09-08 04:10:00-04:00,66.33999633789062,66.36499786376953,66.33000183105469,66.3499984741211,19
2026-09-08 04:11:00-04:00,66.33000183105469,66.375,66.33000183105469,66.3499984741211,15
2026-09-08 04:12:00-04:00,66.41999816894531,66.41999816894531,66.33499908447266,66.33999633789062,17
2026-09-08 04:13:00-04:00,66.3550033569336,66.43499755859375,66.3550033569336,66.41000366210938,13
2026-09-08 04:14:00-04:00,66.375,66.37999725341797,66.31500244140625,66.33000183105469,19
2026-09-08 04:15:00-04:00,66.41000366210938,66.41000366210938,66.3949966430664,66.3949966430664,2
2026-09-08 04:16:00-04:00,66.43000030517578,66.45500183105469,66.41500091552734,66.41500091552734,19
2026-09-08 04:17:00-04:00,66.41999816894531,66.41999816894531,66.4000015258789,66.4000015258789,5
2026-09-08 04:18:00-04:00,66.43499755859375,66.44499969482422,66.43499755859375,66.44499969482422,3
2026-09-08 04:19:00-04:00,66.47000122070312,66.4800033569336,66.42500305175781,66.43499755859375,17
2026-09-08 04:20:00-04:00,66.38500213623047,66.45999908447266,66.37999725341797,66.45999908447266,13
2026-09-08 04:21:00-04:00,66.36499786376953,66.37999725341797,66.36499786376953,66.37999725341797,3
2026-09-08 04:22:00-04:00,66.375,66.375,66.36499786376953,66.36499786376953,5
2026-09-08 04:23:00-04:00,66.41999816894531,66.41999816894531,66.38500213623047,66.38500213623047,13
2026-09-08 04:24:00-04:00,66.47000122070312,66.47000122070312,66.43000030517578,66.43000030517578,55
2026-09-08 04:25:00-04:00,66.49500274658203,66.49500274658203,66.47000122070312,66.48999786376953,9
2026-09-08 04:26:00-04:00,66.4749984741211,66.49500274658203,66.45500183105469,66.49500274658203,6
2026-09-08 04:27:00-04:00,66.4800033569336,66.4800033569336,66.4749984741211,66.4800033569336,14
2026-09-08 04:29:00-04:00,66.41500091552734,66.44999694824219,66.41500091552734,66.43499755859375,21
2026-09-08 04:30:00-04:00,66.4000015258789,66.41999816894531,66.375,66.41500091552734,20
2026-09-08 04:31:00-04:00,66.41999816894531,66.44000244140625,66.41999816894531,66.44000244140625,6
2026-09-08 04:32:00-04:00,66.45999908447266,66.47000122070312,66.44999694824219,66.44999694824219,14
2026-09-08 04:33:00-04:00,66.4800033569336,66.4800033569336,66.44499969482422,66.44499969482422,6
2026-09-08 04:34:00-04:00,66.51000213623047,66.51000213623047,66.46499633789062,66.47000122070312,7
2026-09-08 04:35:00-04:00,66.48999786376953,66.52999877929688,66.48999786376953,66.52999877929688,5
2026-09-08 04:36:00-04:00,66.4800033569336,66.4800033569336,66.4800033569336,66.4800033569336,2
2026-09-08 04:37:00-04:00,66.44000244140625,66.44999694824219,66.43000030517578,66.43000030517578,8
2026-09-08 04:38:00-04:00,66.50499725341797,66.50499725341797,66.4749984741211,66.4749984741211,5
2026-09-08 04:39:00-04:00,66.50499725341797,66.51000213623047,66.49500274658203,66.5,5
2026-09-08 04:40:00-04:00,66.4800033569336,66.5,66.47000122070312,66.5,10
2026-09-08 04:41:00-04:00,66.45999908447266,66.49500274658203,66.45999908447266,66.48500061035156,20
2026-09-08 04:42:00-04:00,66.46499633789062,66.4800033569336,66.45999908447266,66.45999908447266,3
2026-09-08 04:43:00-04:00,66.45999908447266,66.46499633789062,66.45999908447266,66.46499633789062,6
2026-09-08 04:44:00-04:00,66.46499633789062,66.46499633789062,66.44999694824219,66.46499633789062,5
2026-09-08 04:45:00-04:00,66.57499694824219,66.61000061035156,66.43499755859375,66.44499969482422,109
2026-09-08 04:46:00-04:00,66.55000305175781,66.56500244140625,66.52999877929688,66.55000305175781,12
2026-09-08 04:47:00-04:00,66.48500061035156,66.5,66.48500061035156,66.5,4
2026-09-08 04:48:00-04:00,66.45999908447266,66.4749984741211,66.45999908447266,66.4749984741211,3
2026-09-08 04:49:00-04:00,66.48999786376953,66.49500274658203,66.42500305175781,66.43499755859375,10
2026-09-08 04:50:00-04:00,66.49500274658203,66.52999877929688,66.49500274658203,66.5,8
2026-09-08 04:51:00-04:00,66.47000122070312,66.49500274658203,66.47000122070312,66.49500274658203,3
2026-09-08 04:52:00-04:00,66.46499633789062,66.4800033569336,66.46499633789062,66.4800033569336,3
2026-09-08 04:53:00-04:00,66.46499633789062,66.47000122070312,66.45500183105469,66.45500183105469,6
2026-09-08 04:54:00-04:00,66.49500274658203,66.49500274658203,66.45999908447266,66.45999908447266,12
2026-09-08 04:55:00-04:00,66.47000122070312,66.4749984741211,66.47000122070312,66.4749984741211,7
2026-09-08 04:56:00-04:00,66.49500274658203,66.49500274658203,66.46499633789062,66.46499633789062,7
2026-09-08 04:57:00-04:00,66.4749984741211,66.4749984741211,66.44999694824219,66.44999694824219,5
2026-09-08 04:58:00-04:00,66.4749984741211,66.4800033569336,66.45999908447266,66.45999908447266,3
2026-09-08 05:00:00-04:00,66.45999908447266,66.4749984741211,66.45500183105469,66.4749984741211,39
2026-09-08 05:01:00-04:00,66.51000213623047,66.51000213623047,66.4800033569336,66.4800033569336,13
2026-09-08 05:02:00-04:00,66.5199966430664,66.5199966430664,66.51499938964844,66.51499938964844,4
2026-09-08 05:03:00-04:00,66.5199966430664,66.54000091552734,66.5,66.5250015258789,12
2026-09-08 05:04:00-04:00,66.53500366210938,66.54000091552734,66.52999877929688,66.52999877929688,4
2026-09-08 05:05:00-04:00,66.55500030517578,66.55500030517578,66.53500366210938,66.53500366210938,5
2026-09-08 05:06:00-04:00,66.55000305175781,66.58499908447266,66.55000305175781,66.56999969482422,12
2026-09-08 05:07:00-04:00,66.5199966430664,66.53500366210938,66.49500274658203,66.53500366210938,10
2026-09-08 05:08:00-04:00,66.53500366210938,66.53500366210938,66.52999877929688,66.52999877929688,2
2026-09-08 05:11:00-04:00,66.52999877929688,66.54499816894531,66.52999877929688,66.54000091552734,3
2026-09-08 05:12:00-04:00,66.56999969482422,66.57499694824219,66.56500244140625,66.56999969482422,6
2026-09-08 05:13:00-04:00,66.55000305175781,66.56999969482422,66.55000305175781,66.56999969482422,6
2026-09-08 05:14:00-04:00,66.58999633789062,66.58999633789062,66.55000305175781,66.55000305175781,15
2026-09-08 05:15:00-04:00,66.58499908447266,66.58499908447266,66.58000183105469,66.58000183105469,2
2026-09-08 05:16:00-04:00,66.58999633789062,66.58999633789062,66.58000183105469,66.58000183105469,5
2026-09-08 05:17:00-04:00,66.59500122070312,66.61000061035156,66.59500122070312,66.5999984741211,37
2026-09-08 05:18:00-04:00,66.62000274658203,66.63999938964844,66.61000061035156,66.61000061035156,22
2026-09-08 05:19:00-04:00,66.61000061035156,66.61499786376953,66.61000061035156,66.61000061035156,5
2026-09-08 05:20:00-04:00,66.58000183105469,66.59500122070312,66.58000183105469,66.58499908447266,6
2026-09-08 05:21:00-04:00,66.55500030517578,66.55999755859375,66.55500030517578,66.55500030517578,3
2026-09-08 05:22:00-04:00,66.57499694824219,66.57499694824219,66.56500244140625,66.56500244140625,4
2026-09-08 05:23:00-04:00,66.5250015258789,66.53500366210938,66.5250015258789,66.53500366210938,18
2026-09-08 05:24:00-04:00,66.52999877929688,66.52999877929688,66.5199966430664,66.5199966430664,4
2026-09-08 05:25:00-04:00,66.53500366210938,66.53500366210938,66.51499938964844,66.51499938964844,3
2026-09-08 05:26:00-04:00,66.5199966430664,66.55500030517578,66.5199966430664,66.54000091552734,49
2026-09-08 05:27:00-04:00,66.51499938964844,66.5199966430664,66.50499725341797,66.50499725341797,3
2026-09-08 05:29:00-04:00,66.5199966430664,66.54000091552734,66.5199966430664,66.54000091552734,7
2026-09-08 05:30:00-04:00,66.55500030517578,66.55500030517578,66.48999786376953,66.5250015258789,18
2026-09-08 05:31:00-04:00,66.55999755859375,66.56500244140625,66.5199966430664,66.53500366210938,9
2026-09-08 05:32:00-04:00,66.62000274658203,66.62000274658203,66.55999755859375,66.55999755859375,14
2026-09-08 05:33:00-04:00,66.55999755859375,66.55999755859375,66.55500030517578,66.55500030517578,3
2026-09-08 05:35:00-04:00,66.55500030517578,66.56500244140625,66.55500030517578,66.56500244140625,2
2026-09-08 05:36:00-04:00,66.58000183105469,66.58000183105469,66.56999969482422,66.56999969482422,2
2026-09-08 05:37:00-04:00,66.55500030517578,66.55500030517578,66.55500030517578,66.55500030517578,1
2026-09-08 05:39:00-04:00,66.58000183105469,66.58000183105469,66.58000183105469,66.58000183105469,1
2026-09-08 05:40:00-04:00,66.65499877929688,66.71499633789062,66.58999633789062,66.58999633789062,81
2026-09-08 05:41:00-04:00,66.7300033569336,66.7300033569336,66.63500213623047,66.6449966430664,28
2026-09-08 05:42:00-04:00,66.69499969482422,66.71499633789062,66.67500305175781,66.69999694824219,12
2026-09-08 05:43:00-04:00,66.66999816894531,66.70999908447266,66.66500091552734,66.68499755859375,19
2026-09-08 05:44:00-04:00,66.68000030517578,66.68000030517578,66.6500015258789,66.6500015258789,13
2026-09-08 05:45:00-04:00,66.68499755859375,66.69499969482422,66.67500305175781,66.68499755859375,6
2026-09-08 05:46:00-04:00,66.70999908447266,66.72000122070312,66.68000030517578,66.68000030517578,27
2026-09-08 05:47:00-04:00,66.71499633789062,66.71499633789062,66.71499633789062,66.71499633789062,1
2026-09-08 05:48:00-04:00,66.69499969482422,66.69999694824219,66.68000030517578,66.69999694824219,9
2026-09-08 05:49:00-04:00,66.69499969482422,66.69499969482422,66.69499969482422,66.69499969482422,1
2026-09-08 05:50:00-04:00,66.76000213623047,66.7699966430664,66.73999786376953,66.73999786376953,17
2026-09-08 05:51:00-04:00,66.7699966430664,66.7699966430664,66.75499725341797,66.76000213623047,10
2026-09-08 05:52:00-04:00,66.7750015258789,66.77999877929688,66.76499938964844,66.76499938964844,14
2026-09-08 05:53:00-04:00,66.75,66.75,66.73999786376953,66.75,10
2026-09-08 05:55:00-04:00,66.73500061035156,66.74500274658203,66.73500061035156,66.74500274658203,4
2026-09-08 05:56:00-04:00,66.75499725341797,66.75499725341797,66.75499725341797,66.75499725341797,6
2026-09-08 05:57:00-04:00,66.7300033569336,66.7300033569336,66.7300033569336,66.7300033569336,3
2026-09-08 05:58:00-04:00,66.75,66.75,66.74500274658203,66.74500274658203,2
2026-09-08 05:59:00-04:00,66.75499725341797,66.75499725341797,66.75499725341797,66.75499725341797,1
2026-09-08 06:00:00-04:00,66.7249984741211,66.73500061035156,66.7249984741211,66.73500061035156,5
2026-09-08 06:01:00-04:00,66.73999786376953,66.75,66.73500061035156,66.75,5
2026-09-08 06:02:00-04:00,66.70500183105469,66.74500274658203,66.70500183105469,66.74500274658203,38
2026-09-08 06:03:00-04:00,66.69000244140625,66.71499633789062,66.68499755859375,66.69499969482422,53
2026-09-08 06:04:00-04:00,66.68499755859375,66.68499755859375,66.68499755859375,66.68499755859375,1
2026-09-08 06:05:00-04:00,66.63999938964844,66.6500015258789,66.62999725341797,66.6500015258789,13
2026-09-08 06:06:00-04:00,66.66000366210938,66.66000366210938,66.65499877929688,66.65499877929688,5
2026-09-08 06:07:00-04:00,66.625,66.6449966430664,66.62000274658203,66.62999725341797,8
2026-09-08 06:08:00-04:00,66.63999938964844,66.6500015258789,66.61499786376953,66.62000274658203,7
2026-09-08 06:09:00-04:00,66.62000274658203,66.62000274658203,66.62000274658203,66.62000274658203,1
2026-09-08 06:10:00-04:00,66.59500122070312,66.61499786376953,66.58999633789062,66.61499786376953,12
2026-09-08 06:11:00-04:00,66.55500030517578,66.58499908447266,66.55000305175781,66.58499908447266,18
2026-09-08 06:12:00-04:00,66.55000305175781,66.56500244140625,66.54499816894531,66.54499816894531,9
2026-09-08 06:13:00-04:00,66.53500366210938,66.55000305175781,66.53500366210938,66.55000305175781,2
2026-09-08 06:14:00-04:00,66.55999755859375,66.59500122070312,66.55999755859375,66.59500122070312,26
2026-09-08 06:15:00-04:00,66.5999984741211,66.5999984741211,66.58499908447266,66.58999633789062,14
2026-09-08 06:16:00-04:00,66.58999633789062,66.61499786376953,66.58999633789062,66.61499786376953,15
2026-09-08 06:17:00-04:00,66.61499786376953,66.61499786376953,66.59500122070312,66.59500122070312,5
2026-09-08 06:18:00-04:00,66.62000274658203,66.62000274658203,66.61000061035156,66.61000061035156,4
2026-09-08 06:19:00-04:00,66.625,66.62999725341797,66.62000274658203,66.625,10
2026-09-08 06:20:00-04:00,66.83999633789062,66.90499877929688,66.6050033569336,66.625,350
2026-09-08 06:21:00-04:00,66.75499725341797,66.83499908447266,66.75499725341797,66.83499908447266,17
2026-09-08 06:22:00-04:00,66.75,66.75,66.73999786376953,66.73999786376953,5
2026-09-08 06:23:00-04:00,66.7249984741211,66.7249984741211,66.70999908447266,66.71499633789062,9
2026-09-08 06:24:00-04:00,66.70999908447266,66.71499633789062,66.68499755859375,66.69999694824219,18
2026-09-08 06:25:00-04:00,66.70500183105469,66.71499633789062,66.70500183105469,66.71499633789062,3
2026-09-08 06:26:00-04:00,66.70500183105469,66.71499633789062,66.69000244140625,66.69000244140625,4
2026-09-08 06:27:00-04:00,66.68499755859375,66.69499969482422,66.68499755859375,66.69000244140625,30
2026-09-08 06:28:00-04:00,66.69499969482422,66.69499969482422,66.69000244140625,66.69000244140625,4
2026-09-08 06:29:00-04:00,66.68499755859375,66.68499755859375,66.66500091552734,66.67500305175781,15
2026-09-08 06:30:00-04:00,66.67500305175781,66.69000244140625,66.66999816894531,66.68499755859375,4
2026-09-08 06:31:00-04:00,66.65499877929688,66.66999816894531,66.6500015258789,66.66000366210938,14
2026-09-08 06:32:00-04:00,66.62999725341797,66.63999938964844,66.625,66.63999938964844,5
2026-09-08 06:33:00-04:00,66.6050033569336,66.62000274658203,66.58499908447266,66.62000274658203,9
2026-09-08 06:34:00-04:00,66.5999984741211,66.5999984741211,66.59500122070312,66.59500122070312,2
2026-09-08 06:35:00-04:00,66.58999633789062,66.58999633789062,66.57499694824219,66.58999633789062,12
2026-09-08 06:36:00-04:00,66.58000183105469,66.5999984741211,66.57499694824219,66.58999633789062,15
2026-09-08 06:37:00-04:00,66.56999969482422,66.58000183105469,66.56999969482422,66.58000183105469,6
2026-09-08 06:38:00-04:00,66.55000305175781,66.56999969482422,66.55000305175781,66.56500244140625,8
2026-09-08 06:39:00-04:00,66.55500030517578,66.55999755859375,66.51000213623047,66.51000213623047,15
2026-09-08 06:40:00-04:00,66.55500030517578,66.56999969482422,66.54499816894531,66.56999969482422,9
2026-09-08 06:41:00-04:00,66.56500244140625,66.56500244140625,66.55999755859375,66.55999755859375,2
2026-09-08 06:42:00-04:00,66.62000274658203,66.62000274658203,66.56999969482422,66.57499694824219,22
2026-09-08 06:43:00-04:00,66.58999633789062,66.625,66.58999633789062,66.625,5
2026-09-08 06:44:00-04:00,66.6050033569336,66.6050033569336,66.6050033569336,66.6050033569336,1
2026-09-08 06:45:00-04:00,66.6050033569336,66.6050033569336,66.59500122070312,66.59500122070312,2
2026-09-08 06:46:00-04:00,66.61499786376953,66.61499786376953,66.61000061035156,66.61000061035156,3
2026-09-08 06:47:00-04:00,66.63999938964844,66.63999938964844,66.61000061035156,66.62000274658203,19
2026-09-08 06:48:00-04:00,66.66500091552734,66.66500091552734,66.6449966430664,66.6449966430664,16
2026-09-08 06:49:00-04:00,66.68000030517578,66.68499755859375,66.67500305175781,66.68499755859375,7
2026-09-08 06:50:00-04:00,66.68499755859375,66.69999694824219,66.68000030517578,66.68000030517578,5
2026-09-08 06:51:00-04:00,66.68499755859375,66.69499969482422,66.68499755859375,66.69499969482422,2
2026-09-08 06:52:00-04:00,66.63999938964844,66.6449966430664,66.63999938964844,66.6449966430664,19
2026-09-08 06:53:00-04:00,66.63999938964844,66.6449966430664,66.625,66.6449966430664,8
2026-09-08 06:54:00-04:00,66.67500305175781,66.67500305175781,66.66999816894531,66.66999816894531,3
2026-09-08 06:55:00-04:00,66.625,66.67500305175781,66.62000274658203,66.67500305175781,17
2026-09-08 06:56:00-04:00,66.6500015258789,66.67500305175781,66.63500213623047,66.63500213623047,19
2026-09-08 06:57:00-04:00,66.66000366210938,66.66000366210938,66.6449966430664,66.6449966430664,4
2026-09-08 06:58:00-04:00,66.62999725341797,66.63999938964844,66.61499786376953,66.63999938964844,9
2026-09-08 06:59:00-04:00,66.50499725341797,66.61499786376953,66.50499725341797,66.61499786376953,91
2026-09-08 07:00:00-04:00,66.57499694824219,66.59500122070312,66.51000213623047,66.51000213623047,85
2026-09-08 07:01:00-04:00,66.63500213623047,66.63500213623047,66.58000183105469,66.58000183105469,23
2026-09-08 07:02:00-04:00,66.62999725341797,66.63500213623047,66.625,66.63500213623047,12
2026-09-08 07:03:00-04:00,66.62000274658203,66.63500213623047,66.62000274658203,66.63500213623047,7
2026-09-08 07:04:00-04:00,66.6050033569336,66.61000061035156,66.59500122070312,66.61000061035156,4
2026-09-08 07:05:00-04:00,66.65499877929688,66.66999816894531,66.61499786376953,66.63500213623047,39
2026-09-08 07:06:00-04:00,66.61000061035156,66.63500213623047,66.61000061035156,66.63500213623047,10
2026-09-08 07:07:00-04:00,66.56500244140625,66.6050033569336,66.56500244140625,66.6050033569336,27
2026-09-08 07:08:00-04:00,66.54000091552734,66.56500244140625,66.53500366210938,66.56500244140625,9
2026-09-08 07:09:00-04:00,66.61000061035156,66.71499633789062,66.55500030517578,66.55500030517578,168
2026-09-08 07:10:00-04:00,66.53500366210938,66.58000183105469,66.5250015258789,66.58000183105469,22
2026-09-08 07:11:00-04:00,66.49500274658203,66.54000091552734,66.49500274658203,66.54000091552734,14
2026-09-08 07:12:00-04:00,66.47000122070312,66.51000213623047,66.47000122070312,66.49500274658203,17
2026-09-08 07:13:00-04:00,66.54499816894531,66.55999755859375,66.47000122070312,66.47000122070312,85
2026-09-08 07:14:00-04:00,66.57499694824219,66.58499908447266,66.54000091552734,66.55000305175781,40
2026-09-08 07:15:00-04:00,66.5999984741211,66.62999725341797,66.57499694824219,66.58000183105469,34
2026-09-08 07:16:00-04:00,66.70999908447266,66.70999908447266,66.625,66.625,33
2026-09-08 07:17:00-04:00,66.71499633789062,66.72000122070312,66.69000244140625,66.69999694824219,8
2026-09-08 07:18:00-04:00,66.71499633789062,66.72000122070312,66.69000244140625,66.70500183105469,25
2026-09-08 07:19:00-04:00,66.73999786376953,66.75,66.72000122070312,66.7249984741211,16
2026-09-08 07:20:00-04:00,66.69999694824219,66.74500274658203,66.66500091552734,66.74500274658203,15
2026-09-08 07:21:00-04:00,66.67500305175781,66.67500305175781,66.67500305175781,66.67500305175781,1
2026-09-08 07:22:00-04:00,66.66999816894531,66.66999816894531,66.6500015258789,66.6500015258789,4
2026-09-08 07:23:00-04:00,66.69999694824219,66.69999694824219,66.66500091552734,66.66500091552734,12
2026-09-08 07:24:00-04:00,66.70500183105469,66.7249984741211,66.70500183105469,66.7249984741211,14
2026-09-08 07:25:00-04:00,66.7249984741211,66.7300033569336,66.70500183105469,66.70500183105469,10
2026-09-08 07:26:00-04:00,66.69999694824219,66.70999908447266,66.69499969482422,66.70999908447266,3
2026-09-08 07:27:00-04:00,66.70500183105469,66.71499633789062,66.69499969482422,66.69499969482422,6
2026-09-08 07:28:00-04:00,66.75499725341797,66.75499725341797,66.7300033569336,66.7300033569336,29
2026-09-08 07:29:00-04:00,66.73500061035156,66.74500274658203,66.7300033569336,66.74500274658203,4
2026-09-08 07:30:00-04:00,66.73999786376953,66.7699966430664,66.7300033569336,66.7300033569336,69
2026-09-08 07:31:00-04:00,66.74500274658203,66.74500274658203,66.73999786376953,66.73999786376953,2
2026-09-08 07:32:00-04:00,66.73500061035156,66.76000213623047,66.7249984741211,66.73999786376953,9
2026-09-08 07:33:00-04:00,66.83000183105469,66.8499984741211,66.75499725341797,66.75499725341797,40
2026-09-08 07:34:00-04:00,66.83000183105469,66.83499908447266,66.81500244140625,66.83000183105469,26
2026-09-08 07:35:00-04:00,66.83499908447266,66.8499984741211,66.83000183105469,66.83000183105469,9
2026-09-08 07:36:00-04:00,66.87999725341797,66.87999725341797,66.81999969482422,66.83999633789062,14
2026-09-08 07:37:00-04:00,66.92500305175781,66.92500305175781,66.875,66.875,50
2026-09-08 07:38:00-04:00,66.86499786376953,66.91999816894531,66.86499786376953,66.91999816894531,42
2026-09-08 07:39:00-04:00,66.87000274658203,66.88500213623047,66.86499786376953,66.87000274658203,24
2026-09-08 07:40:00-04:00,66.87000274658203,66.88500213623047,66.84500122070312,66.86499786376953,39
2026-09-08 07:41:00-04:00,66.8499984741211,66.88500213623047,66.84500122070312,66.88500213623047,21
2026-09-08 07:42:00-04:00,66.81999969482422,66.86499786376953,66.81500244140625,66.84500122070312,17
2026-09-08 07:43:00-04:00,66.83999633789062,66.8499984741211,66.81500244140625,66.81999969482422,51
2026-09-08 07:44:00-04:00,66.78500366210938,66.83499908447266,66.78500366210938,66.83000183105469,29
2026-09-08 07:45:00-04:00,66.7750015258789,66.79000091552734,66.7699966430664,66.78500366210938,18
2026-09-08 07:46:00-04:00,66.73999786376953,66.7699966430664,66.73999786376953,66.7699966430664,11
2026-09-08 07:47:00-04:00,66.68000030517578,66.7249984741211,66.67500305175781,66.71499633789062,23
2026-09-08 07:48:00-04:00,66.70500183105469,66.71499633789062,66.67500305175781,66.67500305175781,40
2026-09-08 07:49:00-04:00,66.69999694824219,66.72000122070312,66.69000244140625,66.69999694824219,25
2026-09-08 07:50:00-04:00,66.80500030517578,66.80500030517578,66.69499969482422,66.69499969482422,126
2026-09-08 07:51:00-04:00,66.73500061035156,66.81500244140625,66.73500061035156,66.81500244140625,43
2026-09-08 07:52:00-04:00,66.72000122070312,66.72000122070312,66.69000244140625,66.70500183105469,7
2026-09-08 07:53:00-04:00,66.74500274658203,66.74500274658203,66.73500061035156,66.73500061035156,6
2026-09-08 07:54:00-04:00,66.7699966430664,66.7699966430664,66.75499725341797,66.75499725341797,9
2026-09-08 07:55:00-04:00,66.83000183105469,66.83000183105469,66.78500366210938,66.79000091552734,16
2026-09-08 07:56:00-04:00,66.80999755859375,66.81999969482422,66.80500030517578,66.81999969482422,14
2026-09-08 07:57:00-04:00,66.81999969482422,66.81999969482422,66.80000305175781,66.80000305175781,12
2026-09-08 07:58:00-04:00,66.87000274658203,66.875,66.8550033569336,66.8550033569336,7
2026-09-08 07:59:00-04:00,66.8949966430664,66.9000015258789,66.86499786376953,66.86499786376953,23
2026-09-08 08:00:00-04:00,66.80000305175781,66.8949966430664,66.79499816894531,66.88999938964844,47
2026-09-08 08:01:00-04:00,66.86000061035156,66.86000061035156,66.80500030517578,66.80500030517578,33
2026-09-08 08:02:00-04:00,66.8499984741211,66.875,66.81999969482422,66.8499984741211,15
2026-09-08 08:03:00-04:00,66.82499694824219,66.84500122070312,66.81999969482422,66.83999633789062,13
2026-09-08 08:04:00-04:00,66.80000305175781,66.83499908447266,66.79000091552734,66.83000183105469,14
2026-09-08 08:05:00-04:00,66.83000183105469,66.83000183105469,66.76499938964844,66.79499816894531,39
2026-09-08 08:06:00-04:00,66.82499694824219,66.83000183105469,66.80999755859375,66.83000183105469,18
2026-09-08 08:07:00-04:00,66.82499694824219,66.83000183105469,66.79499816894531,66.83000183105469,72
2026-09-08 08:08:00-04:00,66.82499694824219,66.84500122070312,66.81500244140625,66.81500244140625,16
2026-09-08 08:09:00-04:00,66.81999969482422,66.81999969482422,66.80000305175781,66.81500244140625,8
2026-09-08 08:10:00-04:00,66.73500061035156,66.81999969482422,66.7300033569336,66.81999969482422,33
2026-09-08 08:11:00-04:00,66.69999694824219,66.7300033569336,66.68000030517578,66.7300033569336,30
2026-09-08 08:12:00-04:00,66.57499694824219,66.72000122070312,66.57499694824219,66.70999908447266,123
2026-09-08 08:13:00-04:00,66.51499938964844,66.58999633789062,66.51499938964844,66.58000183105469,92
2026-09-08 08:14:00-04:00,66.5250015258789,66.55500030517578,66.44999694824219,66.51000213623047,208
2026-09-08 08:15:00-04:00,66.43499755859375,66.5250015258789,66.3949966430664,66.51499938964844,142
2026-09-08 08:16:00-04:00,66.47000122070312,66.48999786376953,66.43000030517578,66.44999694824219,97
2026-09-08 08:17:00-04:00,66.44999694824219,66.4749984741211,66.41999816894531,66.47000122070312,44
2026-09-08 08:18:00-04:00,66.51499938964844,66.52999877929688,66.43499755859375,66.43499755859375,51
2026-09-08 08:19:00-04:00,66.55500030517578,66.56999969482422,66.5,66.52999877929688,81
2026-09-08 08:20:00-04:00,66.52999877929688,66.55000305175781,66.41000366210938,66.55000305175781,88
2026-09-08 08:21:00-04:00,66.4749984741211,66.55500030517578,66.4749984741211,66.53500366210938,70
2026-09-08 08:22:00-04:00,66.41000366210938,66.49500274658203,66.41000366210938,66.48500061035156,69
2026-09-08 08:23:00-04:00,66.45999908447266,66.4749984741211,66.38500213623047,66.4000015258789,95
2026-09-08 08:24:00-04:00,66.48999786376953,66.50499725341797,66.44499969482422,66.46499633789062,42
2026-09-08 08:25:00-04:00,66.5,66.5,66.43499755859375,66.4800033569336,122
2026-09-08 08:26:00-04:00,66.56500244140625,66.6050033569336,66.48999786376953,66.50499725341797,96
2026-09-08 08:27:00-04:00,66.68499755859375,66.69000244140625,66.56999969482422,66.56999969482422,54
2026-09-08 08:28:00-04:00,66.61000061035156,66.67500305175781,66.59500122070312,66.67500305175781,51
2026-09-08 08:29:00-04:00,66.7249984741211,66.7249984741211,66.61000061035156,66.61000061035156,35
2026-09-08 08:30:00-04:00,66.78500366210938,66.78500366210938,66.69499969482422,66.7300033569336,75
2026-09-08 08:31:00-04:00,66.7699966430664,66.79000091552734,66.76000213623047,66.77999877929688,30
2026-09-08 08:32:00-04:00,66.91500091552734,66.91500091552734,66.78500366210938,66.78500366210938,103
2026-09-08 08:33:00-04:00,67.01499938964844,67.01499938964844,66.8949966430664,66.93000030517578,404
2026-09-08 08:34:00-04:00,66.91500091552734,67.01000213623047,66.8949966430664,67.00499725341797,94
2026-09-08 08:35:00-04:00,66.83499908447266,66.91500091552734,66.80999755859375,66.91500091552734,82
2026-09-08 08:36:00-04:00,66.8550033569336,66.8550033569336,66.82499694824219,66.83000183105469,15
2026-09-08 08:37:00-04:00,66.83499908447266,66.88999938964844,66.83499908447266,66.875,32
2026-09-08 08:38:00-04:00,66.84500122070312,66.8550033569336,66.79000091552734,66.8550033569336,26
2026-09-08 08:39:00-04:00,66.88999938964844,66.91500091552734,66.82499694824219,66.82499694824219,22
2026-09-08 08:40:00-04:00,66.7699966430664,66.9000015258789,66.7699966430664,66.9000015258789,52
2026-09-08 08:41:00-04:00,66.81999969482422,66.81999969482422,66.76499938964844,66.76499938964844,15
2026-09-08 08:42:00-04:00,66.77999877929688,66.86499786376953,66.77999877929688,66.83999633789062,46
2026-09-08 08:43:00-04:00,66.70999908447266,66.79499816894531,66.69499969482422,66.78500366210938,89
2026-09-08 08:44:00-04:00,66.70999908447266,66.70999908447266,66.69999694824219,66.70500183105469,14
2026-09-08 08:45:00-04:00,66.68000030517578,66.71499633789062,66.68000030517578,66.71499633789062,36
2026-09-08 08:46:00-04:00,66.7249984741211,66.7750015258789,66.66999816894531,66.68499755859375,57
2026-09-08 08:47:00-04:00,66.79000091552734,66.79000091552734,66.7249984741211,66.7249984741211,10
2026-09-08 08:48:00-04:00,66.76000213623047,66.79000091552734,66.75499725341797,66.77999877929688,68
2026-09-08 08:49:00-04:00,66.83000183105469,66.83000183105469,66.79000091552734,66.79000091552734,11
2026-09-08 08:50:00-04:00,66.83000183105469,66.83999633789062,66.80500030517578,66.82499694824219,37
2026-09-08 08:51:00-04:00,66.81999969482422,66.84500122070312,66.80999755859375,66.82499694824219,25
2026-09-08 08:52:00-04:00,66.84500122070312,66.84500122070312,66.81999969482422,66.84500122070312,15
2026-09-08 08:53:00-04:00,66.77999877929688,66.84500122070312,66.76499938964844,66.84500122070312,52
2026-09-08 08:54:00-04:00,66.83999633789062,66.83999633789062,66.77999877929688,66.79000091552734,11
2026-09-08 08:55:00-04:00,66.94000244140625,66.94499969482422,66.83499908447266,66.8499984741211,178
2026-09-08 08:56:00-04:00,66.87999725341797,66.95500183105469,66.87000274658203,66.94999694824219,37
2026-09-08 08:57:00-04:00,66.93000030517578,66.94499969482422,66.87999725341797,66.88500213623047,24
2026-09-08 08:58:00-04:00,66.98500061035156,67.00499725341797,66.91999816894531,66.93499755859375,66
2026-09-08 08:59:00-04:00,67.08999633789062,67.11000061035156,66.99500274658203,66.99500274658203,320
2026-09-08 09:00:00-04:00,67.0250015258789,67.0999984741211,66.99500274658203,67.08000183105469,208
2026-09-08 09:01:00-04:00,67.06500244140625,67.06500244140625,66.99500274658203,67.04499816894531,60
2026-09-08 09:02:00-04:00,67.04000091552734,67.11000061035156,67.0199966430664,67.06999969482422,141
2026-09-08 09:03:00-04:00,67.08499908447266,67.13500213623047,67.02999877929688,67.04000091552734,32
2026-09-08 09:04:00-04:00,67.08999633789062,67.08999633789062,67.01499938964844,67.06500244140625,37
2026-09-08 09:05:00-04:00,67.16000366210938,67.16999816894531,67.08000183105469,67.09500122070312,64
2026-09-08 09:06:00-04:00,67.13999938964844,67.22000122070312,67.13999938964844,67.1500015258789,63
2026-09-08 09:07:00-04:00,67.15499877929688,67.19000244140625,67.1449966430664,67.16500091552734,43
2026-09-08 09:08:00-04:00,67.1050033569336,67.17500305175781,67.1050033569336,67.16999816894531,30
2026-09-08 09:09:00-04:00,67.13999938964844,67.13999938964844,67.08999633789062,67.08999633789062,27
2026-09-08 09:10:00-04:00,67.17500305175781,67.17500305175781,67.12000274658203,67.12999725341797,20
2026-09-08 09:11:00-04:00,67.16999816894531,67.21499633789062,67.16999816894531,67.19499969482422,27
2026-09-08 09:12:00-04:00,67.18000030517578,67.23999786376953,67.18000030517578,67.18499755859375,77
2026-09-08 09:13:00-04:00,67.20999908447266,67.22000122070312,67.18000030517578,67.18000030517578,38
2026-09-08 09:14:00-04:00,67.25499725341797,67.25499725341797,67.19000244140625,67.2249984741211,40
2026-09-08 09:15:00-04:00,67.19499969482422,67.25,67.18499755859375,67.25,106
2026-09-08 09:16:00-04:00,67.16999816894531,67.2300033569336,67.15499877929688,67.19499969482422,43
2026-09-08 09:17:00-04:00,67.20999908447266,67.2300033569336,67.19999694824219,67.19999694824219,22
2026-09-08 09:18:00-04:00,67.25,67.25499725341797,67.22000122070312,67.2249984741211,17
2026-09-08 09:19:00-04:00,67.2300033569336,67.29499816894531,67.2300033569336,67.25499725341797,87
2026-09-08 09:20:00-04:00,67.16999816894531,67.23999786376953,67.16000366210938,67.2300033569336,55
2026-09-08 09:21:00-04:00,67.09500122070312,67.17500305175781,67.07499694824219,67.17500305175781,33
2026-09-08 09:22:00-04:00,67.1050033569336,67.12999725341797,67.09500122070312,67.1050033569336,36
2026-09-08 09:23:00-04:00,67.1050033569336,67.1500015258789,67.08499908447266,67.11000061035156,93
2026-09-08 09:24:00-04:00,67.0199966430664,67.11499786376953,67.01499938964844,67.11499786376953,47
2026-09-08 09:25:00-04:00,66.9749984741211,67.01499938964844,66.9749984741211,67.0,57
2026-09-08 09:26:00-04:00,66.94999694824219,66.9800033569336,66.9000015258789,66.95999908447266,69
2026-09-08 09:27:00-04:00,66.8949966430664,66.97000122070312,66.87000274658203,66.97000122070312,43
2026-09-08 09:28:00-04:00,66.86499786376953,66.8949966430664,66.84500122070312,66.8949966430664,57
2026-09-08 09:29:00-04:00,66.88999938964844,66.88999938964844,66.86000061035156,66.86000061035156,45
2026-09-08 09:30:00-04:00,67.0199966430664,67.0199966430664,66.88500213623047,66.88999938964844,120
2026-09-08 09:31:00-04:00,66.91500091552734,67.01499938964844,66.91500091552734,67.01499938964844,71
2026-09-08 09:32:00-04:00,66.86000061035156,66.91500091552734,66.81500244140625,66.91000366210938,72
2026-09-08 09:33:00-04:00,66.88999938964844,66.91500091552734,66.82499694824219,66.8499984741211,51
2026-09-08 09:34:00-04:00,66.79499816894531,66.91500091552734,66.79499816894531,66.88500213623047,34
2026-09-08 09:35:00-04:00,66.81999969482422,66.83499908447266,66.7750015258789,66.80000305175781,46
2026-09-08 09:36:00-04:00,66.81500244140625,66.8550033569336,66.80000305175781,66.82499694824219,28
2026-09-08 09:37:00-04:00,66.87000274658203,66.87000274658203,66.79000091552734,66.81999969482422,145
2026-09-08 09:38:00-04:00,66.84500122070312,66.8949966430664,66.83999633789062,66.86000061035156,58
2026-09-08 09:39:00-04:00,66.82499694824219,66.86499786376953,66.79000091552734,66.8499984741211,26
2026-09-08 09:40:00-04:00,66.7249984741211,66.81999969482422,66.71499633789062,66.81500244140625,55
2026-09-08 09:41:00-04:00,66.72000122070312,66.75499725341797,66.69499969482422,66.7249984741211,93
2026-09-08 09:42:00-04:00,66.56500244140625,66.69999694824219,66.4800033569336,66.69999694824219,293
2026-09-08 09:43:00-04:00,66.58000183105469,66.6050033569336,66.54000091552734,66.56500244140625,161
2026-09-08 09:44:00-04:00,66.625,66.6500015258789,66.55999755859375,66.58999633789062,125
2026-09-08 09:45:00-04:00,66.56500244140625,66.69999694824219,66.55500030517578,66.62999725341797,230
2026-09-08 09:46:00-04:00,66.66500091552734,66.66500091552734,66.56500244140625,66.57499694824219,127
2026-09-08 09:47:00-04:00,66.6050033569336,66.69000244140625,66.6050033569336,66.66999816894531,74
2026-09-08 09:48:00-04:00,66.7249984741211,66.7750015258789,66.62999725341797,66.63500213623047,86
2026-09-08 09:49:00-04:00,66.87000274658203,66.87000274658203,66.7249984741211,66.7249984741211,74
2026-09-08 09:50:00-04:00,66.8550033569336,66.8949966430664,66.83000183105469,66.86499786376953,55
2026-09-08 09:51:00-04:00,66.83999633789062,66.8499984741211,66.77999877929688,66.8499984741211,36
2026-09-08 09:52:00-04:00,66.7699966430664,66.83499908447266,66.7699966430664,66.83499908447266,40
2026-09-08 09:53:00-04:00,66.79499816894531,66.81999969482422,66.77999877929688,66.78500366210938,53
2026-09-08 09:54:00-04:00,66.92500305175781,66.92500305175781,66.79000091552734,66.79000091552734,61
2026-09-08 09:55:00-04:00,67.0,67.01000213623047,66.93000030517578,66.93000030517578,117
2026-09-08 09:56:00-04:00,66.95999908447266,67.0250015258789,66.91999816894531,67.01000213623047,68
2026-09-08 09:57:00-04:00,66.94499969482422,66.9800033569336,66.93499755859375,66.96499633789062,35
2026-09-08 09:58:00-04:00,66.90499877929688,66.96499633789062,66.90499877929688,66.94000244140625,38
2026-09-08 09:59:00-04:00,66.81999969482422,66.90499877929688,66.80500030517578,66.90499877929688,73
2026-09-08 10:00:00-04:00,66.8499984741211,66.875,66.80999755859375,66.83000183105469,78
2026-09-08 10:01:00-04:00,66.83999633789062,66.88999938964844,66.82499694824219,66.8499984741211,62
2026-09-08 10:02:00-04:00,66.74500274658203,66.84500122070312,66.73999786376953,66.84500122070312,52
2026-09-08 10:03:00-04:00,66.76499938964844,66.79499816894531,66.7249984741211,66.7699966430664,35
2026-09-08 10:04:00-04:00,66.79499816894531,66.79499816894531,66.7300033569336,66.73500061035156,41
2026-09-08 10:05:00-04:00,66.79499816894531,66.83000183105469,66.7699966430664,66.81500244140625,69
2026-09-08 10:06:00-04:00,66.7249984741211,66.79499816894531,66.69499969482422,66.79499816894531,44
2026-09-08 10:07:00-04:00,66.72000122070312,66.79000091552734,66.72000122070312,66.75,26
2026-09-08 10:08:00-04:00,66.75,66.75,66.69999694824219,66.71499633789062,40
2026-09-08 10:09:00-04:00,66.70999908447266,66.7750015258789,66.70999908447266,66.76499938964844,15
2026-09-08 10:10:00-04:00,66.65499877929688,66.69000244140625,66.61000061035156,66.69000244140625,60
2026-09-08 10:11:00-04:00,66.61000061035156,66.66500091552734,66.61000061035156,66.6500015258789,39
2026-09-08 10:12:00-04:00,66.66500091552734,66.66500091552734,66.62000274658203,66.62000274658203,7
2026-09-08 10:13:00-04:00,66.57499694824219,66.6500015258789,66.55999755859375,66.6500015258789,75
2026-09-08 10:14:00-04:00,66.54499816894531,66.58499908447266,66.45999908447266,66.55500030517578,126
2026-09-08 10:15:00-04:00,66.58999633789062,66.5999984741211,66.55500030517578,66.58000183105469,30
2026-09-08 10:16:00-04:00,66.58499908447266,66.6050033569336,66.54499816894531,66.5999984741211,62
2026-09-08 10:17:00-04:00,66.59500122070312,66.61000061035156,66.56500244140625,66.58499908447266,22
2026-09-08 10:18:00-04:00,66.67500305175781,66.67500305175781,66.58499908447266,66.61000061035156,31
2026-09-08 10:19:00-04:00,66.70999908447266,66.70999908447266,66.66000366210938,66.67500305175781,28
2026-09-08 10:20:00-04:00,66.6449966430664,66.7249984741211,66.5999984741211,66.71499633789062,22
2026-09-08 10:21:00-04:00,66.65499877929688,66.68000030517578,66.63999938964844,66.65499877929688,20
2026-09-08 10:22:00-04:00,66.66000366210938,66.68499755859375,66.6449966430664,66.65499877929688,17
2026-09-08 10:23:00-04:00,66.72000122070312,66.72000122070312,66.62999725341797,66.63500213623047,17
2026-09-08 10:24:00-04:00,66.75499725341797,66.76000213623047,66.7300033569336,66.7300033569336,16
2026-09-08 10:25:00-04:00,66.78500366210938,66.78500366210938,66.75499725341797,66.7699966430664,25
2026-09-08 10:26:00-04:00,66.75499725341797,66.79000091552734,66.75,66.79000091552734,82
2026-09-08 10:27:00-04:00,66.75499725341797,66.76000213623047,66.73999786376953,66.75,12
2026-09-08 10:28:00-04:00,66.66999816894531,66.77999877929688,66.66999816894531,66.75499725341797,32
2026-09-08 10:29:00-04:00,66.58999633789062,66.70500183105469,66.58499908447266,66.70500183105469,49
2026-09-08 10:30:00-04:00,66.58499908447266,66.61499786376953,66.54000091552734,66.58999633789062,72
2026-09-08 10:31:00-04:00,66.56500244140625,66.58000183105469,66.55500030517578,66.57499694824219,22
2026-09-08 10:32:00-04:00,66.61000061035156,66.6449966430664,66.56500244140625,66.56500244140625,33
2026-09-08 10:33:00-04:00,66.56999969482422,66.63999938964844,66.56999969482422,66.5999984741211,16
2026-09-08 10:34:00-04:00,66.6050033569336,66.625,66.6050033569336,66.61499786376953,13
2026-09-08 10:35:00-04:00,66.63999938964844,66.6500015258789,66.63500213623047,66.6500015258789,13
2026-09-08 10:36:00-04:00,66.63500213623047,66.66500091552734,66.625,66.6449966430664,24
2026-09-08 10:37:00-04:00,66.66999816894531,66.66999816894531,66.57499694824219,66.61499786376953,38
2026-09-08 10:38:00-04:00,66.61499786376953,66.63999938964844,66.61000061035156,66.63500213623047,19
2026-09-08 10:39:00-04:00,66.58499908447266,66.69999694824219,66.56999969482422,66.68499755859375,47
2026-09-08 10:40:00-04:00,66.53500366210938,66.59500122070312,66.53500366210938,66.58999633789062,35
2026-09-08 10:41:00-04:00,66.54499816894531,66.58499908447266,66.5250015258789,66.56999969482422,36
2026-09-08 10:42:00-04:00,66.56500244140625,66.56500244140625,66.52999877929688,66.52999877929688,11
2026-09-08 10:43:00-04:00,66.5999984741211,66.62999725341797,66.56500244140625,66.56500244140625,15
2026-09-08 10:44:00-04:00,66.66000366210938,66.68499755859375,66.61000061035156,66.61000061035156,23
2026-09-08 10:45:00-04:00,66.62000274658203,66.66999816894531,66.5999984741211,66.66000366210938,44
2026-09-08 10:46:00-04:00,66.73500061035156,66.73999786376953,66.62000274658203,66.625,35
2026-09-08 10:47:00-04:00,66.70500183105469,66.73500061035156,66.69499969482422,66.7300033569336,46
2026-09-08 10:48:00-04:00,66.58999633789062,66.72000122070312,66.58999633789062,66.72000122070312,50
2026-09-08 10:49:00-04:00,66.625,66.6449966430664,66.625,66.62999725341797,18
2026-09-08 10:50:00-04:00,66.6500015258789,66.66999816894531,66.58499908447266,66.63999938964844,54
2026-09-08 10:51:00-04:00,66.5999984741211,66.71499633789062,66.5999984741211,66.66999816894531,25
2026-09-08 10:52:00-04:00,66.61000061035156,66.61000061035156,66.55999755859375,66.59500122070312,20
2026-09-08 10:53:00-04:00,66.68000030517578,66.68000030517578,66.5999984741211,66.61000061035156,25
2026-09-08 10:54:00-04:00,66.71499633789062,66.74500274658203,66.69999694824219,66.69999694824219,26
2026-09-08 10:55:00-04:00,66.69499969482422,66.72000122070312,66.66000366210938,66.69000244140625,24
2026-09-08 10:56:00-04:00,66.7249984741211,66.7249984741211,66.69999694824219,66.69999694824219,16
2026-09-08 10:57:00-04:00,66.69999694824219,66.71499633789062,66.69499969482422,66.71499633789062,8
2026-09-08 10:58:00-04:00,66.66999816894531,66.69000244140625,66.66000366210938,66.69000244140625,9
2026-09-08 10:59:00-04:00,66.80000305175781,66.80500030517578,66.66999816894531,66.68000030517578,54
2026-09-08 11:00:00-04:00,66.83499908447266,66.83999633789062,66.78500366210938,66.80500030517578,94
2026-09-08 11:01:00-04:00,66.86000061035156,66.875,66.83000183105469,66.84500122070312,51
2026-09-08 11:02:00-04:00,66.91500091552734,66.93499755859375,66.87999725341797,66.87999725341797,63
2026-09-08 11:03:00-04:00,67.04000091552734,67.05999755859375,66.91500091552734,66.91500091552734,152
2026-09-08 11:04:00-04:00,66.9800033569336,67.04000091552734,66.95999908447266,67.03500366210938,87
2026-09-08 11:05:00-04:00,66.95500183105469,66.97000122070312,66.94499969482422,66.97000122070312,26
2026-09-08 11:06:00-04:00,66.95500183105469,66.96499633789062,66.94999694824219,66.94999694824219,16
2026-09-08 11:07:00-04:00,66.91500091552734,66.95500183105469,66.91500091552734,66.94000244140625,21
2026-09-08 11:08:00-04:00,66.94999694824219,66.96499633789062,66.91500091552734,66.91999816894531,43
2026-09-08 11:09:00-04:00,66.94999694824219,66.95999908447266,66.91999816894531,66.94999694824219,16
2026-09-08 11:10:00-04:00,67.04499816894531,67.05500030517578,66.96499633789062,66.96499633789062,126
2026-09-08 11:11:00-04:00,67.08999633789062,67.1050033569336,67.03500366210938,67.04000091552734,160
2026-09-08 11:12:00-04:00,67.03500366210938,67.1050033569336,67.01000213623047,67.0999984741211,46
2026-09-08 11:13:00-04:00,67.04499816894531,67.05999755859375,67.03500366210938,67.04000091552734,28
2026-09-08 11:14:00-04:00,67.05500030517578,67.08000183105469,67.01499938964844,67.04000091552734,49
2026-09-08 11:15:00-04:00,67.0999984741211,67.125,67.05000305175781,67.05000305175781,51
2026-09-08 11:16:00-04:00,67.09500122070312,67.11499786376953,67.08499908447266,67.09500122070312,34
2026-09-08 11:17:00-04:00,67.13999938964844,67.13999938964844,67.08999633789062,67.1050033569336,28
2026-09-08 11:18:00-04:00,67.08000183105469,67.11499786376953,67.08000183105469,67.11000061035156,18
2026-09-08 11:19:00-04:00,67.05999755859375,67.09500122070312,67.05000305175781,67.08000183105469,74
2026-09-08 11:20:00-04:00,67.03500366210938,67.06500244140625,67.01000213623047,67.06500244140625,38
2026-09-08 11:21:00-04:00,66.94000244140625,67.0250015258789,66.94000244140625,67.0250015258789,42
2026-09-08 11:22:00-04:00,66.90499877929688,66.93499755859375,66.87999725341797,66.93499755859375,54
2026-09-08 11:23:00-04:00,66.91500091552734,66.91500091552734,66.88999938964844,66.88999938964844,14
2026-09-08 11:24:00-04:00,66.93499755859375,66.94000244140625,66.91500091552734,66.91500091552734,17
2026-09-08 11:25:00-04:00,67.01000213623047,67.11499786376953,66.93000030517578,66.93000030517578,285
2026-09-08 11:26:00-04:00,67.01000213623047,67.01499938964844,66.99500274658203,67.01499938964844,12
2026-09-08 11:27:00-04:00,66.94999694824219,67.05999755859375,66.94000244140625,67.05999755859375,50
2026-09-08 11:28:00-04:00,66.9749984741211,66.99500274658203,66.95500183105469,66.95500183105469,11
2026-09-08 11:29:00-04:00,66.94000244140625,66.9749984741211,66.94000244140625,66.97000122070312,22
2026-09-08 11:30:00-04:00,66.9800033569336,66.98999786376953,66.94999694824219,66.95500183105469,24
2026-09-08 11:31:00-04:00,67.0,67.0199966430664,66.9800033569336,66.9800033569336,12
2026-09-08 11:32:00-04:00,67.04499816894531,67.04499816894531,67.0,67.0,10
2026-09-08 11:33:00-04:00,67.0199966430664,67.04000091552734,67.01499938964844,67.03500366210938,5
2026-09-08 11:34:00-04:00,67.05000305175781,67.05000305175781,67.00499725341797,67.02999877929688,21
2026-09-08 11:35:00-04:00,67.03500366210938,67.04499816894531,67.01000213623047,67.04000091552734,12
2026-09-08 11:36:00-04:00,66.97000122070312,67.02999877929688,66.95500183105469,67.02999877929688,25
2026-09-08 11:37:00-04:00,66.95999908447266,66.9800033569336,66.94999694824219,66.95999908447266,14
2026-09-08 11:38:00-04:00,67.0,67.0,66.9749984741211,66.9800033569336,27
2026-09-08 11:39:00-04:00,66.97000122070312,66.98999786376953,66.96499633789062,66.98999786376953,11
2026-09-08 11:40:00-04:00,66.93000030517578,66.96499633789062,66.91999816894531,66.96499633789062,25
2026-09-08 11:41:00-04:00,66.91500091552734,66.94499969482422,66.91500091552734,66.91999816894531,21
2026-09-08 11:42:00-04:00,66.95500183105469,66.96499633789062,66.93000030517578,66.93000030517578,20
2026-09-08 11:43:00-04:00,66.95500183105469,66.95500183105469,66.93000030517578,66.94999694824219,12
2026-09-08 11:44:00-04:00,66.94499969482422,66.9800033569336,66.94499969482422,66.96499633789062,6
2026-09-08 11:45:00-04:00,66.94000244140625,66.95999908447266,66.91500091552734,66.95500183105469,16
2026-09-08 11:46:00-04:00,66.91999816894531,66.94499969482422,66.91999816894531,66.94499969482422,14
2026-09-08 11:47:00-04:00,66.9000015258789,66.93499755859375,66.8949966430664,66.90499877929688,30
2026-09-08 11:48:00-04:00,66.91999816894531,66.95999908447266,66.91999816894531,66.93000030517578,20
2026-09-08 11:49:00-04:00,66.93000030517578,66.93499755859375,66.91000366210938,66.91000366210938,5
2026-09-08 11:50:00-04:00,66.94499969482422,67.0199966430664,66.92500305175781,66.92500305175781,108
2026-09-08 11:51:00-04:00,66.94000244140625,66.97000122070312,66.94000244140625,66.94000244140625,14
2026-09-08 11:52:00-04:00,66.95999908447266,66.95999908447266,66.93499755859375,66.95500183105469,13
2026-09-08 11:53:00-04:00,66.98500061035156,66.98999786376953,66.95500183105469,66.95500183105469,8
2026-09-08 11:54:00-04:00,66.93000030517578,66.96499633789062,66.92500305175781,66.96499633789062,13
2026-09-08 11:55:00-04:00,66.94000244140625,66.94000244140625,66.92500305175781,66.93000030517578,9
2026-09-08 11:56:00-04:00,66.93000030517578,66.94999694824219,66.93000030517578,66.93499755859375,15
2026-09-08 11:57:00-04:00,66.91500091552734,66.92500305175781,66.9000015258789,66.92500305175781,38
2026-09-08 11:58:00-04:00,66.88999938964844,66.91500091552734,66.88999938964844,66.91000366210938,12
2026-09-08 11:59:00-04:00,66.83499908447266,66.88500213623047,66.83499908447266,66.875,53
2026-09-08 12:00:00-04:00,66.80000305175781,66.83999633789062,66.80000305175781,66.82499694824219,48
2026-09-08 12:01:00-04:00,66.77999877929688,66.81999969482422,66.7750015258789,66.78500366210938,28
2026-09-08 12:02:00-04:00,66.7750015258789,66.78500366210938,66.73999786376953,66.7750015258789,25
2026-09-08 12:03:00-04:00,66.77999877929688,66.80500030517578,66.77999877929688,66.80000305175781,13
2026-09-08 12:04:00-04:00,66.86499786376953,66.86499786376953,66.7699966430664,66.7699966430664,48
2026-09-08 12:05:00-04:00,66.86499786376953,66.86499786376953,66.84500122070312,66.8499984741211,16
2026-09-08 12:06:00-04:00,66.86499786376953,66.87000274658203,66.8499984741211,66.87000274658203,15
2026-09-08 12:07:00-04:00,66.83000183105469,66.8550033569336,66.83000183105469,66.8550033569336,4
2026-09-08 12:08:00-04:00,66.76499938964844,66.81999969482422,66.76499938964844,66.81999969482422,19
2026-09-08 12:09:00-04:00,66.59500122070312,66.7699966430664,66.58000183105469,66.7699966430664,176
2026-09-08 12:10:00-04:00,66.54000091552734,66.63999938964844,66.54000091552734,66.58499908447266,207
2026-09-08 12:11:00-04:00,66.56999969482422,66.6050033569336,66.46499633789062,66.5250015258789,156
2026-09-08 12:12:00-04:00,66.56500244140625,66.6050033569336,66.56500244140625,66.58999633789062,39
2026-09-08 12:13:00-04:00,66.62000274658203,66.62000274658203,66.55000305175781,66.55000305175781,9
2026-09-08 12:14:00-04:00,66.68000030517578,66.68000030517578,66.6449966430664,66.6449966430664,18
2026-09-08 12:15:00-04:00,66.625,66.71499633789062,66.625,66.66999816894531,64
2026-09-08 12:16:00-04:00,66.6449966430664,66.66000366210938,66.62999725341797,66.63500213623047,30
2026-09-08 12:17:00-04:00,66.62000274658203,66.66000366210938,66.61499786376953,66.6449966430664,43
2026-09-08 12:18:00-04:00,66.6500015258789,66.66500091552734,66.625,66.625,8
2026-09-08 12:19:00-04:00,66.65499877929688,66.66500091552734,66.62000274658203,66.62000274658203,17
2026-09-08 12:20:00-04:00,66.7300033569336,66.7300033569336,66.65499877929688,66.66000366210938,29
2026-09-08 12:21:00-04:00,66.77999877929688,66.77999877929688,66.72000122070312,66.75499725341797,36
2026-09-08 12:22:00-04:00,66.81999969482422,66.82499694824219,66.75499725341797,66.77999877929688,40
2026-09-08 12:23:00-04:00,66.82499694824219,66.83000183105469,66.80999755859375,66.82499694824219,11
2026-09-08 12:24:00-04:00,66.8550033569336,66.8550033569336,66.81500244140625,66.83999633789062,30
2026-09-08 12:25:00-04:00,66.87999725341797,66.93499755859375,66.83499908447266,66.84500122070312,138
2026-09-08 12:26:00-04:00,66.875,66.8949966430664,66.87000274658203,66.87999725341797,46
2026-09-08 12:27:00-04:00,66.86499786376953,66.88999938964844,66.8550033569336,66.88500213623047,16
2026-09-08 12:28:00-04:00,66.8949966430664,66.91000366210938,66.86000061035156,66.875,35
2026-09-08 12:29:00-04:00,66.91000366210938,66.92500305175781,66.87999725341797,66.88500213623047,18
2026-09-08 12:30:00-04:00,66.94000244140625,66.94999694824219,66.86000061035156,66.9000015258789,61
2026-09-08 12:31:00-04:00,66.93000030517578,66.95500183105469,66.92500305175781,66.93499755859375,10
2026-09-08 12:32:00-04:00,66.91000366210938,66.94000244140625,66.91000366210938,66.94000244140625,11
2026-09-08 12:33:00-04:00,66.9000015258789,66.9000015258789,66.87000274658203,66.88999938964844,29
2026-09-08 12:34:00-04:00,66.91999816894531,66.93000030517578,66.9000015258789,66.91000366210938,13
2026-09-08 12:35:00-04:00,66.90499877929688,66.94000244140625,66.90499877929688,66.91500091552734,16
2026-09-08 12:36:00-04:00,66.88500213623047,66.91000366210938,66.875,66.90499877929688,14
2026-09-08 12:37:00-04:00,66.875,66.88999938964844,66.86499786376953,66.88500213623047,11
2026-09-08 12:38:00-04:00,66.875,66.875,66.86499786376953,66.87000274658203,9
2026-09-08 12:39:00-04:00,66.8550033569336,66.87000274658203,66.8550033569336,66.86000061035156,12
2026-09-08 12:40:00-04:00,66.8550033569336,66.87999725341797,66.84500122070312,66.86499786376953,24
2026-09-08 12:41:00-04:00,66.86499786376953,66.86499786376953,66.86499786376953,66.86499786376953,1
2026-09-08 12:42:00-04:00,66.88500213623047,66.88999938964844,66.875,66.88999938964844,15
2026-09-08 12:43:00-04:00,66.87000274658203,66.9000015258789,66.86000061035156,66.88999938964844,14
2026-09-08 12:44:00-04:00,66.88999938964844,66.88999938964844,66.87999725341797,66.87999725341797,5
2026-09-08 12:45:00-04:00,66.8499984741211,66.8949966430664,66.8499984741211,66.8949966430664,12
2026-09-08 12:46:00-04:00,66.86499786376953,66.875,66.86000061035156,66.86000061035156,15
2026-09-08 12:47:00-04:00,66.8949966430664,66.8949966430664,66.8949966430664,66.8949966430664,4
2026-09-08 12:48:00-04:00,66.91000366210938,66.92500305175781,66.875,66.875,17
2026-09-08 12:49:00-04:00,66.93499755859375,66.93499755859375,66.90499877929688,66.90499877929688,25
2026-09-08 12:50:00-04:00,66.98999786376953,67.04499816894531,66.91500091552734,66.92500305175781,147
2026-09-08 12:51:00-04:00,66.8949966430664,66.98500061035156,66.88999938964844,66.98500061035156,35
2026-09-08 12:52:00-04:00,66.93499755859375,66.94499969482422,66.9000015258789,66.90499877929688,12
2026-09-08 12:53:00-04:00,66.96499633789062,66.97000122070312,66.91999816894531,66.91999816894531,10
2026-09-08 12:54:00-04:00,66.94999694824219,66.9800033569336,66.94999694824219,66.9800033569336,6
2026-09-08 12:55:00-04:00,66.94999694824219,66.94999694824219,66.94000244140625,66.94999694824219,6
2026-09-08 12:56:00-04:00,66.91500091552734,66.94499969482422,66.83999633789062,66.94499969482422,115
2026-09-08 12:57:00-04:00,66.97000122070312,66.9800033569336,66.91999816894531,66.93000030517578,35
2026-09-08 12:58:00-04:00,66.96499633789062,66.98500061035156,66.96499633789062,66.9800033569336,12
2026-09-08 12:59:00-04:00,66.94499969482422,66.9749984741211,66.87000274658203,66.96499633789062,151
2026-09-08 13:00:00-04:00,67.01000213623047,67.0250015258789,66.94499969482422,66.94499969482422,49
2026-09-08 13:01:00-04:00,67.02999877929688,67.04000091552734,67.00499725341797,67.01000213623047,77
2026-09-08 13:02:00-04:00,67.09500122070312,67.11499786376953,67.0199966430664,67.0199966430664,54
2026-09-08 13:03:00-04:00,67.09500122070312,67.0999984741211,67.05999755859375,67.0999984741211,28
2026-09-08 13:04:00-04:00,67.11000061035156,67.125,67.06999969482422,67.08999633789062,27
2026-09-08 13:05:00-04:00,67.13999938964844,67.21499633789062,67.13500213623047,67.13999938964844,164
2026-09-08 13:06:00-04:00,67.1449966430664,67.1500015258789,67.12000274658203,67.13999938964844,39
2026-09-08 13:07:00-04:00,67.11000061035156,67.1500015258789,67.11000061035156,67.13999938964844,12
2026-09-08 13:08:00-04:00,67.0999984741211,67.0999984741211,67.06999969482422,67.09500122070312,52
2026-09-08 13:09:00-04:00,67.06999969482422,67.1050033569336,67.06999969482422,67.0999984741211,16
2026-09-08 13:10:00-04:00,67.08000183105469,67.0999984741211,67.07499694824219,67.08000183105469,21
2026-09-08 13:11:00-04:00,67.05500030517578,67.08499908447266,67.05500030517578,67.07499694824219,32
2026-09-08 13:12:00-04:00,67.04499816894531,67.06500244140625,67.04499816894531,67.06500244140625,16
2026-09-08 13:13:00-04:00,67.0199966430664,67.05000305175781,67.01000213623047,67.04499816894531,27
2026-09-08 13:14:00-04:00,66.98999786376953,67.01000213623047,66.9800033569336,67.01000213623047,80
2026-09-08 13:15:00-04:00,67.00499725341797,67.0199966430664,67.00499725341797,67.00499725341797,19
2026-09-08 13:16:00-04:00,67.01000213623047,67.02999877929688,67.01000213623047,67.01499938964844,28
2026-09-08 13:17:00-04:00,67.0199966430664,67.05000305175781,66.98999786376953,66.99500274658203,45
2026-09-08 13:18:00-04:00,67.0199966430664,67.05000305175781,67.01000213623047,67.0199966430664,33
2026-09-08 13:19:00-04:00,67.05000305175781,67.06999969482422,67.03500366210938,67.03500366210938,90
2026-09-08 13:20:00-04:00,66.9800033569336,67.04000091552734,66.9749984741211,67.04000091552734,71
2026-09-08 13:21:00-04:00,66.98999786376953,67.00499725341797,66.97000122070312,66.9749984741211,28
2026-09-08 13:22:00-04:00,66.95999908447266,66.99500274658203,66.94499969482422,66.98999786376953,43
2026-09-08 13:23:00-04:00,66.9749984741211,67.0,66.96499633789062,66.97000122070312,57
2026-09-08 13:24:00-04:00,67.02999877929688,67.04499816894531,66.93499755859375,66.9749984741211,581
2026-09-08 13:25:00-04:00,67.01499938964844,67.02999877929688,66.98500061035156,67.02999877929688,61
2026-09-08 13:26:00-04:00,66.9800033569336,67.0,66.96499633789062,66.99500274658203,70
2026-09-08 13:27:00-04:00,66.98500061035156,67.00499725341797,66.9749984741211,66.9749984741211,26
2026-09-08 13:28:00-04:00,67.05000305175781,67.05000305175781,66.99500274658203,66.99500274658203,22
2026-09-08 13:29:00-04:00,67.05999755859375,67.06500244140625,67.03500366210938,67.04000091552734,50
2026-09-08 13:30:00-04:00,67.04499816894531,67.06500244140625,67.02999877929688,67.05500030517578,18
2026-09-08 13:31:00-04:00,67.05000305175781,67.05000305175781,67.0199966430664,67.05000305175781,36
2026-09-08 13:32:00-04:00,67.04000091552734,67.04499816894531,67.04000091552734,67.04499816894531,20
2026-09-08 13:33:00-04:00,67.02999877929688,67.05500030517578,67.02999877929688,67.04000091552734,26
2026-09-08 13:34:00-04:00,66.99500274658203,67.03500366210938,66.98500061035156,67.03500366210938,56
2026-09-08 13:35:00-04:00,66.99500274658203,66.99500274658203,66.9800033569336,66.98999786376953,12
2026-09-08 13:36:00-04:00,67.0,67.0,66.9800033569336,66.99500274658203,13
2026-09-08 13:37:00-04:00,67.0,67.00499725341797,66.9749984741211,66.99500274658203,21
2026-09-08 13:38:00-04:00,67.01499938964844,67.0199966430664,67.01000213623047,67.01000213623047,11
2026-09-08 13:39:00-04:00,66.95500183105469,67.01000213623047,66.95500183105469,67.01000213623047,21
2026-09-08 13:40:00-04:00,66.94499969482422,66.95999908447266,66.92500305175781,66.95500183105469,35
2026-09-08 13:41:00-04:00,66.88999938964844,66.93000030517578,66.88999938964844,66.93000030517578,42
2026-09-08 13:42:00-04:00,66.93000030517578,66.93000030517578,66.88999938964844,66.8949966430664,19
2026-09-08 13:43:00-04:00,66.91000366210938,66.91999816894531,66.91000366210938,66.91999816894531,4
2026-09-08 13:44:00-04:00,66.87999725341797,66.90499877929688,66.875,66.90499877929688,27
2026-09-08 13:45:00-04:00,66.8949966430664,66.9000015258789,66.875,66.875,8
2026-09-08 13:46:00-04:00,66.86499786376953,66.9000015258789,66.86499786376953,66.875,45
2026-09-08 13:47:00-04:00,66.87999725341797,66.87999725341797,66.8499984741211,66.87000274658203,8
2026-09-08 13:48:00-04:00,66.88999938964844,66.88999938964844,66.87999725341797,66.87999725341797,10
2026-09-08 13:49:00-04:00,66.87999725341797,66.9000015258789,66.87999725341797,66.88999938964844,16
2026-09-08 13:50:00-04:00,66.90499877929688,66.90499877929688,66.87999725341797,66.8949966430664,9
2026-09-08 13:51:00-04:00,66.875,66.88500213623047,66.875,66.88500213623047,2
2026-09-08 13:52:00-04:00,66.91999816894531,66.91999816894531,66.88999938964844,66.88999938964844,9
2026-09-08 13:53:00-04:00,66.91500091552734,66.91500091552734,66.88999938964844,66.90499877929688,23
2026-09-08 13:54:00-04:00,66.9000015258789,66.90499877929688,66.9000015258789,66.90499877929688,3
2026-09-08 13:55:00-04:00,66.91500091552734,66.91500091552734,66.8949966430664,66.9000015258789,8
2026-09-08 13:56:00-04:00,66.91000366210938,66.91500091552734,66.8949966430664,66.91500091552734,8
2026-09-08 13:57:00-04:00,66.91999816894531,66.91999816894531,66.91000366210938,66.91500091552734,5
2026-09-08 13:58:00-04:00,66.94999694824219,66.95999908447266,66.91999816894531,66.91999816894531,20
2026-09-08 13:59:00-04:00,66.95500183105469,66.95500183105469,66.94000244140625,66.94000244140625,4
2026-09-08 14:00:00-04:00,66.94999694824219,66.97000122070312,66.94499969482422,66.95999908447266,23
2026-09-08 14:01:00-04:00,66.96499633789062,66.96499633789062,66.94000244140625,66.94000244140625,12
2026-09-08 14:02:00-04:00,66.95999908447266,66.97000122070312,66.95500183105469,66.97000122070312,8
2026-09-08 14:03:00-04:00,67.0,67.0,66.95999908447266,66.95999908447266,91
2026-09-08 14:04:00-04:00,66.98999786376953,67.0,66.9800033569336,67.0,8
2026-09-08 14:05:00-04:00,66.99500274658203,67.00499725341797,66.97000122070312,66.9749984741211,12
2026-09-08 14:06:00-04:00,66.99500274658203,67.0199966430664,66.99500274658203,67.01000213623047,10
2026-09-08 14:07:00-04:00,66.99500274658203,67.00499725341797,66.98500061035156,67.0,11
2026-09-08 14:08:00-04:00,66.97000122070312,66.99500274658203,66.96499633789062,66.99500274658203,9
2026-09-08 14:09:00-04:00,66.94999694824219,66.9800033569336,66.94999694824219,66.9800033569336,15
2026-09-08 14:10:00-04:00,66.97000122070312,66.97000122070312,66.93499755859375,66.94499969482422,9
2026-09-08 14:11:00-04:00,66.96499633789062,66.96499633789062,66.95500183105469,66.96499633789062,4
2026-09-08 14:12:00-04:00,66.95500183105469,66.9749984741211,66.95500183105469,66.9749984741211,6
2026-09-08 14:13:00-04:00,66.94999694824219,66.94999694824219,66.94999694824219,66.94999694824219,3
2026-09-08 14:14:00-04:00,66.9800033569336,66.9800033569336,66.9749984741211,66.9749984741211,3
2026-09-08 14:15:00-04:00,66.98500061035156,66.99500274658203,66.95500183105469,66.98999786376953,19
2026-09-08 14:16:00-04:00,66.9800033569336,66.98999786376953,66.9749984741211,66.9749984741211,10
2026-09-08 14:17:00-04:00,66.9749984741211,66.9749984741211,66.97000122070312,66.97000122070312,3
2026-09-08 14:18:00-04:00,66.94999694824219,66.95500183105469,66.93499755859375,66.95500183105469,4
2026-09-08 14:19:00-04:00,66.95500183105469,67.0,66.93499755859375,66.94499969482422,46
2026-09-08 14:20:00-04:00,66.98999786376953,66.98999786376953,66.98500061035156,66.98500061035156,8
2026-09-08 14:21:00-04:00,66.96499633789062,66.98999786376953,66.96499633789062,66.98500061035156,6
2026-09-08 14:22:00-04:00,66.98999786376953,66.98999786376953,66.96499633789062,66.97000122070312,12
2026-09-08 14:23:00-04:00,66.98999786376953,67.0,66.9800033569336,66.9800033569336,9
2026-09-08 14:24:00-04:00,67.0,67.0250015258789,67.0,67.0,6
2026-09-08 14:25:00-04:00,67.01000213623047,67.01000213623047,66.9749984741211,67.0,17
2026-09-08 14:26:00-04:00,67.00499725341797,67.00499725341797,66.98999786376953,66.99500274658203,6
2026-09-08 14:27:00-04:00,66.95999908447266,66.98500061035156,66.95500183105469,66.98500061035156,19
2026-09-08 14:28:00-04:00,66.95999908447266,66.9749984741211,66.95500183105469,66.96499633789062,18
2026-09-08 14:29:00-04:00,66.9800033569336,66.98500061035156,66.96499633789062,66.96499633789062,5
2026-09-08 14:30:00-04:00,66.90499877929688,66.99500274658203,66.9000015258789,66.99500274658203,36
2026-09-08 14:31:00-04:00,66.83499908447266,66.91000366210938,66.83499908447266,66.91000366210938,81
2026-09-08 14:32:00-04:00,66.81500244140625,66.83499908447266,66.81500244140625,66.83499908447266,5
2026-09-08 14:33:00-04:00,66.86000061035156,66.86000061035156,66.83499908447266,66.8499984741211,16
2026-09-08 14:34:00-04:00,66.875,66.875,66.8499984741211,66.8499984741211,16
2026-09-08 14:35:00-04:00,66.84500122070312,66.86499786376953,66.84500122070312,66.86499786376953,6
2026-09-08 14:36:00-04:00,66.83499908447266,66.83999633789062,66.83000183105469,66.83999633789062,4
2026-09-08 14:37:00-04:00,66.875,66.87999725341797,66.84500122070312,66.84500122070312,7
2026-09-08 14:38:00-04:00,66.875,66.88500213623047,66.87000274658203,66.87000274658203,7
2026-09-08 14:39:00-04:00,66.8550033569336,66.87000274658203,66.8550033569336,66.87000274658203,6
2026-09-08 14:40:00-04:00,66.86499786376953,66.875,66.86499786376953,66.86499786376953,4
2026-09-08 14:41:00-04:00,66.86499786376953,66.875,66.86499786376953,66.86499786376953,9
2026-09-08 14:42:00-04:00,66.875,66.875,66.86000061035156,66.86000061035156,7
2026-09-08 14:43:00-04:00,66.87000274658203,66.87999725341797,66.87000274658203,66.87999725341797,9
2026-09-08 14:44:00-04:00,66.91000366210938,66.91000366210938,66.86000061035156,66.86499786376953,48
2026-09-08 14:45:00-04:00,66.9000015258789,66.91000366210938,66.9000015258789,66.91000366210938,10
2026-09-08 14:46:00-04:00,66.92500305175781,66.92500305175781,66.90499877929688,66.91000366210938,8
2026-09-08 14:47:00-04:00,66.83999633789062,66.94499969482422,66.81999969482422,66.93000030517578,130
2026-09-08 14:48:00-04:00,66.51499938964844,66.86000061035156,66.44999694824219,66.86000061035156,431
2026-09-08 14:49:00-04:00,66.375,66.55000305175781,66.33999633789062,66.52999877929688,501
2026-09-08 14:50:00-04:00,66.43499755859375,66.48999786376953,66.37999725341797,66.37999725341797,113
2026-09-08 14:51:00-04:00,66.30500030517578,66.5199966430664,66.30000305175781,66.43499755859375,131
2026-09-08 14:52:00-04:00,66.23500061035156,66.33499908447266,66.13999938964844,66.31500244140625,367
2026-09-08 14:53:00-04:00,66.45999908447266,66.47000122070312,66.24500274658203,66.25,148
2026-09-08 14:54:00-04:00,66.58499908447266,66.58499908447266,66.48500061035156,66.48999786376953,122
2026-09-08 14:55:00-04:00,66.61000061035156,66.62999725341797,66.55500030517578,66.56999969482422,65
2026-09-08 14:56:00-04:00,66.5999984741211,66.65499877929688,66.55999755859375,66.62999725341797,38
2026-09-08 14:57:00-04:00,66.6500015258789,66.65499877929688,66.58999633789062,66.58999633789062,166
2026-09-08 14:58:00-04:00,66.66500091552734,66.66500091552734,66.58999633789062,66.6500015258789,70
2026-09-08 14:59:00-04:00,66.68000030517578,66.70999908447266,66.62999725341797,66.66999816894531,43
2026-09-08 15:00:00-04:00,66.625,66.71499633789062,66.61000061035156,66.66999816894531,18
2026-09-08 15:01:00-04:00,66.63500213623047,66.65499877929688,66.5999984741211,66.62999725341797,14
2026-09-08 15:02:00-04:00,66.74500274658203,66.74500274658203,66.62999725341797,66.63999938964844,34
2026-09-08 15:03:00-04:00,66.69499969482422,66.75499725341797,66.69499969482422,66.74500274658203,37
2026-09-08 15:04:00-04:00,66.70999908447266,66.7300033569336,66.69000244140625,66.7300033569336,36
2026-09-08 15:05:00-04:00,66.63500213623047,66.7300033569336,66.63500213623047,66.7300033569336,28
2026-09-08 15:06:00-04:00,66.66500091552734,66.69499969482422,66.63999938964844,66.63999938964844,19
2026-09-08 15:07:00-04:00,66.6500015258789,66.66000366210938,66.5999984741211,66.63500213623047,17
2026-09-08 15:08:00-04:00,66.6449966430664,66.66500091552734,66.62999725341797,66.62999725341797,18
2026-09-08 15:09:00-04:00,66.62000274658203,66.66000366210938,66.62000274658203,66.63500213623047,8
2026-09-08 15:10:00-04:00,66.6500015258789,66.6500015258789,66.61499786376953,66.62000274658203,11
2026-09-08 15:11:00-04:00,66.65499877929688,66.65499877929688,66.62999725341797,66.62999725341797,11
2026-09-08 15:12:00-04:00,66.66500091552734,66.66500091552734,66.63999938964844,66.65499877929688,7
2026-09-08 15:13:00-04:00,66.66000366210938,66.69499969482422,66.65499877929688,66.68000030517578,17
2026-09-08 15:14:00-04:00,66.62999725341797,66.66500091552734,66.62999725341797,66.66500091552734,6
2026-09-08 15:15:00-04:00,66.61499786376953,66.66999816894531,66.61499786376953,66.62999725341797,8
2026-09-08 15:16:00-04:00,66.625,66.625,66.58999633789062,66.62000274658203,14
2026-09-08 15:17:00-04:00,66.58499908447266,66.62999725341797,66.57499694824219,66.62999725341797,23
2026-09-08 15:18:00-04:00,66.55500030517578,66.57499694824219,66.55500030517578,66.57499694824219,21
2026-09-08 15:19:00-04:00,66.54499816894531,66.55500030517578,66.52999877929688,66.55500030517578,34
2026-09-08 15:20:00-04:00,66.54499816894531,66.56999969482422,66.51499938964844,66.52999877929688,21
2026-09-08 15:21:00-04:00,66.58000183105469,66.6050033569336,66.51499938964844,66.54499816894531,27
2026-09-08 15:22:00-04:00,66.53500366210938,66.57499694824219,66.5199966430664,66.57499694824219,15
2026-09-08 15:23:00-04:00,66.53500366210938,66.53500366210938,66.53500366210938,66.53500366210938,1
2026-09-08 15:24:00-04:00,66.57499694824219,66.57499694824219,66.57499694824219,66.57499694824219,1
2026-09-08 15:25:00-04:00,66.52999877929688,66.52999877929688,66.5199966430664,66.5199966430664,5
2026-09-08 15:26:00-04:00,66.52999877929688,66.55000305175781,66.48500061035156,66.55000305175781,21
2026-09-08 15:27:00-04:00,66.56999969482422,66.56999969482422,66.52999877929688,66.53500366210938,9
2026-09-08 15:28:00-04:00,66.55500030517578,66.56500244140625,66.55500030517578,66.56500244140625,3
2026-09-08 15:29:00-04:00,66.57499694824219,66.61000061035156,66.55500030517578,66.55500030517578,21
2026-09-08 15:30:00-04:00,66.51499938964844,66.54000091552734,66.49500274658203,66.54000091552734,18
2026-09-08 15:31:00-04:00,66.50499725341797,66.51000213623047,66.5,66.50499725341797,10
2026-09-08 15:32:00-04:00,66.48500061035156,66.51499938964844,66.4800033569336,66.5,11
2026-09-08 15:33:00-04:00,66.38999938964844,66.47000122070312,66.38999938964844,66.45999908447266,25
2026-09-08 15:34:00-04:00,66.45999908447266,66.45999908447266,66.38500213623047,66.4000015258789,44
2026-09-08 15:35:00-04:00,66.49500274658203,66.50499725341797,66.46499633789062,66.46499633789062,13
2026-09-08 15:36:00-04:00,66.48999786376953,66.5250015258789,66.48999786376953,66.49500274658203,34
2026-09-08 15:37:00-04:00,66.51000213623047,66.5199966430664,66.49500274658203,66.5,15
2026-09-08 15:38:00-04:00,66.5250015258789,66.53500366210938,66.50499725341797,66.50499725341797,11
2026-09-08 15:39:00-04:00,66.51499938964844,66.51499938964844,66.5,66.51000213623047,15
2026-09-08 15:40:00-04:00,66.52999877929688,66.52999877929688,66.52999877929688,66.52999877929688,1
2026-09-08 15:41:00-04:00,66.52999877929688,66.52999877929688,66.5250015258789,66.5250015258789,5
2026-09-08 15:42:00-04:00,66.55999755859375,66.55999755859375,66.48500061035156,66.52999877929688,15
2026-09-08 15:43:00-04:00,66.55500030517578,66.56500244140625,66.54000091552734,66.54000091552734,7
2026-09-08 15:44:00-04:00,66.57499694824219,66.57499694824219,66.52999877929688,66.52999877929688,10
2026-09-08 15:45:00-04:00,66.5199966430664,66.56999969482422,66.51000213623047,66.56999969482422,8
2026-09-08 15:46:00-04:00,66.46499633789062,66.5,66.46499633789062,66.5,12
2026-09-08 15:47:00-04:00,66.48999786376953,66.48999786376953,66.48500061035156,66.48999786376953,3
2026-09-08 15:48:00-04:00,66.48500061035156,66.48500061035156,66.45999908447266,66.4800033569336,8
2026-09-08 15:49:00-04:00,66.47000122070312,66.47000122070312,66.46499633789062,66.46499633789062,4
2026-09-08 15:50:00-04:00,66.375,66.49500274658203,66.3550033569336,66.49500274658203,226
2026-09-08 15:51:00-04:00,66.38999938964844,66.41000366210938,66.375,66.38999938964844,19
2026-09-08 15:52:00-04:00,66.3499984741211,66.38999938964844,66.32499694824219,66.37999725341797,35
2026-09-08 15:53:00-04:00,66.36499786376953,66.375,66.3499984741211,66.3499984741211,12
2026-09-08 15:54:00-04:00,66.38999938964844,66.38999938964844,66.33000183105469,66.34500122070312,12
2026-09-08 15:55:00-04:00,66.36499786376953,66.4000015258789,66.3550033569336,66.4000015258789,7
2026-09-08 15:56:00-04:00,66.3499984741211,66.37999725341797,66.3499984741211,66.375,6
2026-09-08 15:57:00-04:00,66.40499877929688,66.40499877929688,66.375,66.38500213623047,5
2026-09-08 15:58:00-04:00,66.34500122070312,66.41500091552734,66.34500122070312,66.41500091552734,36
2026-09-08 15:59:00-04:00,66.37000274658203,66.37999725341797,66.32499694824219,66.33499908447266,46
2026-09-08 16:00:00-04:00,66.40499877929688,66.41000366210938,66.33999633789062,66.36000061035156,42
2026-09-08 16:01:00-04:00,66.4000015258789,66.47000122070312,66.38999938964844,66.38999938964844,56
2026-09-08 16:02:00-04:00,66.38999938964844,66.41000366210938,66.38999938964844,66.40499877929688,6
2026-09-08 16:03:00-04:00,66.36499786376953,66.37999725341797,66.36499786376953,66.37999725341797,2
2026-09-08 16:04:00-04:00,66.3499984741211,66.36499786376953,66.33000183105469,66.36499786376953,8
2026-09-08 16:05:00-04:00,66.31999969482422,66.33499908447266,66.31999969482422,66.33000183105469,12
2026-09-08 16:06:00-04:00,66.29499816894531,66.30999755859375,66.27999877929688,66.30000305175781,27
2026-09-08 16:07:00-04:00,66.30999755859375,66.31500244140625,66.30000305175781,66.30000305175781,4
2026-09-08 16:08:00-04:00,66.28500366210938,66.31999969482422,66.28500366210938,66.31500244140625,9
2026-09-08 16:09:00-04:00,66.31500244140625,66.31500244140625,66.29000091552734,66.29000091552734,8
2026-09-08 16:10:00-04:00,66.30999755859375,66.31999969482422,66.30000305175781,66.31999969482422,7
2026-09-08 16:11:00-04:00,66.36000061035156,66.36499786376953,66.34500122070312,66.34500122070312,7
2026-09-08 16:12:00-04:00,66.3550033569336,66.37999725341797,66.3550033569336,66.37999725341797,4
2026-09-08 16:13:00-04:00,66.4000015258789,66.4000015258789,66.38500213623047,66.38500213623047,5
2026-09-08 16:14:00-04:00,66.40499877929688,66.43499755859375,66.40499877929688,66.41000366210938,12
2026-09-08 16:16:00-04:00,66.4000015258789,66.4000015258789,66.4000015258789,66.4000015258789,2
2026-09-08 16:17:00-04:00,66.43000030517578,66.43000030517578,66.41500091552734,66.41500091552734,5
2026-09-08 16:18:00-04:00,66.41999816894531,66.41999816894531,66.41500091552734,66.41500091552734,9
2026-09-08 16:19:00-04:00,66.41500091552734,66.41500091552734,66.41000366210938,66.41000366210938,11
2026-09-08 16:20:00-04:00,66.43000030517578,66.43499755859375,66.43000030517578,66.43499755859375,3
2026-09-08 16:21:00-04:00,66.42500305175781,66.42500305175781,66.42500305175781,66.42500305175781,1
2026-09-08 16:23:00-04:00,66.43499755859375,66.43499755859375,66.43499755859375,66.43499755859375,65
2026-09-08 16:24:00-04:00,66.38999938964844,66.43000030517578,66.38999938964844,66.42500305175781,13
2026-09-08 16:25:00-04:00,66.38500213623047,66.3949966430664,66.38500213623047,66.3949966430664,3
2026-09-08 16:26:00-04:00,66.375,66.38999938964844,66.375,66.38999938964844,4
2026-09-08 16:27:00-04:00,66.375,66.375,66.375,66.375,2
2026-09-08 16:28:00-04:00,66.30000305175781,66.37000274658203,66.28500366210938,66.37000274658203,166
2026-09-08 16:29:00-04:00,66.29000091552734,66.30500030517578,66.2750015258789,66.29499816894531,15
2026-09-08 16:30:00-04:00,66.30000305175781,66.30000305175781,66.29000091552734,66.29000091552734,6
2026-09-08 16:31:00-04:00,66.27999877929688,66.30000305175781,66.27999877929688,66.29000091552734,14
2026-09-08 16:32:00-04:00,66.28500366210938,66.29000091552734,66.28500366210938,66.29000091552734,7
2026-09-08 16:33:00-04:00,66.29499816894531,66.29499816894531,66.2750015258789,66.27999877929688,6
2026-09-08 16:34:00-04:00,66.29499816894531,66.29499816894531,66.29499816894531,66.29499816894531,1
2026-09-08 16:35:00-04:00,66.30000305175781,66.30000305175781,66.29000091552734,66.29499816894531,9
2026-09-08 16:36:00-04:00,66.30000305175781,66.30999755859375,66.30000305175781,66.30999755859375,7
2026-09-08 16:37:00-04:00,66.29000091552734,66.30999755859375,66.29000091552734,66.30999755859375,2
2026-09-08 16:38:00-04:00,66.30000305175781,66.30000305175781,66.29499816894531,66.29499816894531,3
2026-09-08 16:39:00-04:00,66.29499816894531,66.29499816894531,66.29499816894531,66.29499816894531,2
2026-09-08 16:40:00-04:00,66.32499694824219,66.33499908447266,66.31999969482422,66.31999969482422,11
2026-09-08 16:41:00-04:00,66.30999755859375,66.31500244140625,66.30999755859375,66.31500244140625,4
2026-09-08 16:42:00-04:00,66.30999755859375,66.30999755859375,66.30500030517578,66.30500030517578,5
2026-09-08 16:44:00-04:00,66.33499908447266,66.33499908447266,66.32499694824219,66.32499694824219,2
2026-09-08 16:45:00-04:00,66.33999633789062,66.34500122070312,66.33999633789062,66.34500122070312,3
2026-09-08 16:46:00-04:00,66.33000183105469,66.33499908447266,66.30999755859375,66.33499908447266,7
2026-09-08 16:48:00-04:00,66.31500244140625,66.33000183105469,66.31500244140625,66.33000183105469,7
2026-09-08 16:49:00-04:00,66.22000122070312,66.31500244140625,66.19999694824219,66.30999755859375,145
2026-09-08 16:50:00-04:00,66.25499725341797,66.27999877929688,66.24500274658203,66.24500274658203,19
2026-09-08 16:51:00-04:00,66.28500366210938,66.28500366210938,66.26499938964844,66.26499938964844,4
2026-09-08 16:52:00-04:00,66.30000305175781,66.30000305175781,66.29499816894531,66.29499816894531,3
2026-09-08 16:53:00-04:00,66.33499908447266,66.3499984741211,66.30500030517578,66.30500030517578,14
2026-09-08 16:54:00-04:00,66.31999969482422,66.33499908447266,66.31999969482422,66.33000183105469,12
2026-09-08 16:55:00-04:00,66.34500122070312,66.34500122070312,66.31999969482422,66.31999969482422,11
2026-09-08 16:56:00-04:00,66.37000274658203,66.37000274658203,66.3499984741211,66.3499984741211,10
2026-09-08 16:57:00-04:00,66.36499786376953,66.37000274658203,66.34500122070312,66.36000061035156,15
2026-09-08 16:58:00-04:00,66.37999725341797,66.3949966430664,66.375,66.3949966430664,11
2026-09-08 16:59:00-04:00,66.375,66.3949966430664,66.36000061035156,66.36000061035156,15
2026-09-08 18:00:00-04:00,66.33499908447266,66.44000244140625,66.27999877929688,66.44000244140625,0
2026-09-08 18:01:00-04:00,66.38500213623047,66.41000366210938,66.31999969482422,66.32499694824219,16
2026-09-08 18:02:00-04:00,66.3499984741211,66.43499755859375,66.33000183105469,66.3949966430664,25
2026-09-08 18:03:00-04:00,66.37000274658203,66.37000274658203,66.34500122070312,66.3550033569336,6
2026-09-08 18:05:00-04:00,66.3550033569336,66.3550033569336,66.3550033569336,66.3550033569336,1
2026-09-08 18:06:00-04:00,66.36000061035156,66.36000061035156,66.36000061035156,66.36000061035156,1
2026-09-08 18:07:00-04:00,66.30999755859375,66.32499694824219,66.30999755859375,66.32499694824219,10
2026-09-08 18:08:00-04:00,66.25499725341797,66.27999877929688,66.25499725341797,66.27999877929688,7
2026-09-08 18:09:00-04:00,66.27999877929688,66.29499816894531,66.26000213623047,66.26000213623047,6
2026-09-08 18:10:00-04:00,66.26000213623047,66.27999877929688,66.26000213623047,66.27999877929688,11
2026-09-08 18:11:00-04:00,66.27999877929688,66.27999877929688,66.26499938964844,66.2699966430664,6
2026-09-08 18:12:00-04:00,66.28500366210938,66.28500366210938,66.2699966430664,66.2699966430664,3
2026-09-08 18:13:00-04:00,66.29000091552734,66.29000091552734,66.29000091552734,66.29000091552734,1
2026-09-08 18:14:00-04:00,66.2750015258789,66.29000091552734,66.2750015258789,66.29000091552734,5
2026-09-08 18:15:00-04:00,66.29000091552734,66.29000091552734,66.26000213623047,66.2699966430664,10
2026-09-08 18:17:00-04:00,66.30500030517578,66.30500030517578,66.29000091552734,66.29499816894531,3
2026-09-08 18:18:00-04:00,66.27999877929688,66.29499816894531,66.27999877929688,66.29499816894531,5
2026-09-08 18:19:00-04:00,66.2699966430664,66.2699966430664,66.2699966430664,66.2699966430664,1
2026-09-08 18:21:00-04:00,66.25499725341797,66.25499725341797,66.23500061035156,66.25499725341797,25
2026-09-08 18:25:00-04:00,66.25,66.25,66.25,66.25,1
2026-09-08 18:26:00-04:00,66.26000213623047,66.26000213623047,66.25,66.25,2
2026-09-08 18:27:00-04:00,66.23500061035156,66.25499725341797,66.23500061035156,66.25499725341797,7
2026-09-08 18:28:00-04:00,66.21499633789062,66.2249984741211,66.21499633789062,66.2249984741211,3
2026-09-08 18:29:00-04:00,66.20999908447266,66.21499633789062,66.20999908447266,66.21499633789062,4
2026-09-08 18:30:00-04:00,66.23500061035156,66.26000213623047,66.21499633789062,66.21499633789062,25
2026-09-08 18:31:00-04:00,66.23500061035156,66.24500274658203,66.22000122070312,66.2300033569336,7
2026-09-08 18:33:00-04:00,66.2249984741211,66.2300033569336,66.2249984741211,66.2300033569336,2
2026-09-08 18:35:00-04:00,66.20999908447266,66.20999908447266,66.20999908447266,66.20999908447266,1
2026-09-08 18:37:00-04:00,66.2300033569336,66.2300033569336,66.2300033569336,66.2300033569336,2
2026-09-08 18:38:00-04:00,66.2300033569336,66.2300033569336,66.2300033569336,66.2300033569336,2
2026-09-08 18:39:00-04:00,66.22000122070312,66.22000122070312,66.22000122070312,66.22000122070312,2
2026-09-08 18:40:00-04:00,66.22000122070312,66.22000122070312,66.22000122070312,66.22000122070312,1
2026-09-08 18:41:00-04:00,66.21499633789062,66.22000122070312,66.21499633789062,66.21499633789062,3
2026-09-08 18:42:00-04:00,66.19999694824219,66.19999694824219,66.19499969482422,66.19499969482422,3
2026-09-08 18:43:00-04:00,66.19999694824219,66.20999908447266,66.19999694824219,66.20999908447266,2
2026-09-08 18:44:00-04:00,66.16000366210938,66.16999816894531,66.1449966430664,66.16999816894531,28
2026-09-08 18:45:00-04:00,66.13999938964844,66.17500305175781,66.13999938964844,66.17500305175781,5
2026-09-08 18:46:00-04:00,66.15499877929688,66.16500091552734,66.13999938964844,66.16000366210938,6
2026-09-08 18:47:00-04:00,66.13500213623047,66.13500213623047,66.13500213623047,66.13500213623047,1
2026-09-08 18:48:00-04:00,66.13999938964844,66.13999938964844,66.12999725341797,66.13500213623047,6
2026-09-08 18:49:00-04:00,66.17500305175781,66.18499755859375,66.16000366210938,66.16000366210938,17
2026-09-08 18:50:00-04:00,66.21499633789062,66.21499633789062,66.18499755859375,66.19999694824219,4
2026-09-08 18:51:00-04:00,66.23999786376953,66.23999786376953,66.2249984741211,66.2249984741211,5
2026-09-08 18:52:00-04:00,66.2300033569336,66.2300033569336,66.2300033569336,66.2300033569336,1
2026-09-08 18:53:00-04:00,66.20500183105469,66.20500183105469,66.20500183105469,66.20500183105469,1
2026-09-08 18:55:00-04:00,66.20999908447266,66.20999908447266,66.20999908447266,66.20999908447266,1
2026-09-08 18:59:00-04:00,66.22000122070312,66.22000122070312,66.22000122070312,66.22000122070312,1
2026-09-08 19:01:00-04:00,66.23500061035156,66.23500061035156,66.2249984741211,66.2249984741211,3
2026-09-08 19:02:00-04:00,66.22000122070312,66.22000122070312,66.22000122070312,66.22000122070312,2
2026-09-08 19:03:00-04:00,66.22000122070312,66.23500061035156,66.22000122070312,66.2249984741211,6
2026-09-08 19:04:00-04:00,66.21499633789062,66.21499633789062,66.21499633789062,66.21499633789062,2
2026-09-08 19:05:00-04:00,66.21499633789062,66.21499633789062,66.21499633789062,66.21499633789062,1
2026-09-08 19:06:00-04:00,66.2300033569336,66.2300033569336,66.2300033569336,66.2300033569336,2
2026-09-08 19:08:00-04:00,66.2249984741211,66.2249984741211,66.2249984741211,66.2249984741211,1
2026-09-08 19:09:00-04:00,66.2249984741211,66.2249984741211,66.21499633789062,66.2249984741211,7
2026-09-08 19:10:00-04:00,66.21499633789062,66.21499633789062,66.21499633789062,66.21499633789062,2
2026-09-08 19:11:00-04:00,66.19000244140625,66.19999694824219,66.19000244140625,66.19999694824219,3
2026-09-08 19:13:00-04:00,66.23500061035156,66.23500061035156,66.17500305175781,66.17500305175781,84
2026-09-08 19:14:00-04:00,66.22000122070312,66.2300033569336,66.21499633789062,66.2300033569336,4
2026-09-08 19:15:00-04:00,66.22000122070312,66.2300033569336,66.22000122070312,66.2300033569336,11
2026-09-08 19:16:00-04:00,66.2300033569336,66.23999786376953,66.2300033569336,66.23500061035156,4
2026-09-08 19:17:00-04:00,66.24500274658203,66.25,66.23999786376953,66.23999786376953,6
2026-09-08 19:18:00-04:00,66.25499725341797,66.26000213623047,66.23999786376953,66.24500274658203,8
2026-09-08 19:19:00-04:00,66.25499725341797,66.25499725341797,66.25499725341797,66.25499725341797,1
2026-09-08 19:20:00-04:00,66.25499725341797,66.25499725341797,66.25499725341797,66.25499725341797,1
2026-09-08 19:21:00-04:00,66.25499725341797,66.26000213623047,66.25,66.26000213623047,5
2026-09-08 19:22:00-04:00,66.26000213623047,66.26000213623047,66.25499725341797,66.25499725341797,2
2026-09-08 19:23:00-04:00,66.26499938964844,66.26499938964844,66.25,66.25,3
2026-09-08 19:24:00-04:00,66.2699966430664,66.2699966430664,66.2699966430664,66.2699966430664,2
2026-09-08 19:25:00-04:00,66.25499725341797,66.26000213623047,66.25499725341797,66.26000213623047,2
2026-09-08 19:26:00-04:00,66.27999877929688,66.28500366210938,66.2699966430664,66.2699966430664,6
2026-09-08 19:27:00-04:00,66.29499816894531,66.30000305175781,66.28500366210938,66.28500366210938,18
2026-09-08 19:28:00-04:00,66.30500030517578,66.31999969482422,66.29499816894531,66.29499816894531,11
2026-09-08 19:29:00-04:00,66.30000305175781,66.32499694824219,66.30000305175781,66.31999969482422,17
2026-09-08 19:30:00-04:00,66.31999969482422,66.31999969482422,66.31500244140625,66.31500244140625,4
2026-09-08 19:31:00-04:00,66.37000274658203,66.375,66.37000274658203,66.37000274658203,6
2026-09-08 19:32:00-04:00,66.3550033569336,66.3550033569336,66.3550033569336,66.3550033569336,1
2026-09-08 19:34:00-04:00,66.375,66.375,66.36000061035156,66.36000061035156,7
2026-09-08 19:35:00-04:00,66.36499786376953,66.37000274658203,66.36499786376953,66.37000274658203,3
2026-09-08 19:36:00-04:00,66.33999633789062,66.34500122070312,66.33999633789062,66.34500122070312,2
2026-09-08 19:37:00-04:00,66.33499908447266,66.33499908447266,66.33499908447266,66.33499908447266,2
2026-09-08 19:38:00-04:00,66.34500122070312,66.34500122070312,66.34500122070312,66.34500122070312,2
2026-09-08 19:39:00-04:00,66.32499694824219,66.33000183105469,66.32499694824219,66.33000183105469,3
2026-09-08 19:40:00-04:00,66.33999633789062,66.33999633789062,66.31500244140625,66.33000183105469,26
2026-09-08 19:41:00-04:00,66.3550033569336,66.36499786376953,66.33999633789062,66.33999633789062,5
2026-09-08 19:42:00-04:00,66.34500122070312,66.34500122070312,66.33499908447266,66.34500122070312,73
2026-09-08 19:43:00-04:00,66.36000061035156,66.37000274658203,66.36000061035156,66.36499786376953,3
2026-09-08 19:44:00-04:00,66.33999633789062,66.3550033569336,66.33999633789062,66.3499984741211,6
2026-09-08 19:45:00-04:00,66.33499908447266,66.3499984741211,66.33499908447266,66.3499984741211,5
2026-09-08 19:46:00-04:00,66.26499938964844,66.33000183105469,66.26499938964844,66.33000183105469,6
2026-09-08 19:47:00-04:00,66.28500366210938,66.28500366210938,66.28500366210938,66.28500366210938,2
2026-09-08 19:48:00-04:00,66.31500244140625,66.31500244140625,66.31500244140625,66.31500244140625,1
2026-09-08 19:49:00-04:00,66.23999786376953,66.25,66.23999786376953,66.25,2
2026-09-08 19:50:00-04:00,66.22000122070312,66.25,66.22000122070312,66.25,11
2026-09-08 19:51:00-04:00,66.22000122070312,66.2249984741211,66.22000122070312,66.2249984741211,5
2026-09-08 19:52:00-04:00,66.19999694824219,66.23999786376953,66.18499755859375,66.22000122070312,10
2026-09-08 19:53:00-04:00,66.18499755859375,66.20500183105469,66.16999816894531,66.20500183105469,8
2026-09-08 19:54:00-04:00,66.18000030517578,66.19000244140625,66.18000030517578,66.19000244140625,2
2026-09-08 19:55:00-04:00,66.22000122070312,66.2300033569336,66.18000030517578,66.18000030517578,9
2026-09-08 19:56:00-04:00,66.20500183105469,66.2300033569336,66.20500183105469,66.2300033569336,8
2026-09-08 19:57:00-04:00,66.20500183105469,66.25,66.19999694824219,66.22000122070312,16
2026-09-08 19:58:00-04:00,66.19999694824219,66.22000122070312,66.19499969482422,66.20500183105469,12
2026-09-08 20:00:00-04:00,66.2300033569336,66.26000213623047,66.19999694824219,66.20999908447266,18
2026-09-08 20:01:00-04:00,66.25499725341797,66.26499938964844,66.23999786376953,66.24500274658203,14
2026-09-08 20:02:00-04:00,66.32499694824219,66.32499694824219,66.30000305175781,66.30000305175781,5
2026-09-08 20:03:00-04:00,66.3499984741211,66.36000061035156,66.31500244140625,66.31500244140625,11
2026-09-08 20:04:00-04:00,66.33999633789062,66.37999725341797,66.33499908447266,66.34500122070312,28
2026-09-08 20:05:00-04:00,66.33499908447266,66.33499908447266,66.33000183105469,66.33000183105469,2
2026-09-08 20:06:00-04:00,66.27999877929688,66.30000305175781,66.25,66.29499816894531,15
2026-09-08 20:07:00-04:00,66.30999755859375,66.32499694824219,66.29000091552734,66.29000091552734,7
2026-09-08 20:08:00-04:00,66.45999908447266,66.4749984741211,66.30000305175781,66.33999633789062,88
2026-09-08 20:09:00-04:00,66.43000030517578,66.44999694824219,66.41999816894531,66.44999694824219,5
2026-09-08 20:10:00-04:00,66.45500183105469,66.45500183105469,66.42500305175781,66.42500305175781,6
2026-09-08 20:11:00-04:00,66.48500061035156,66.48500061035156,66.37999725341797,66.38500213623047,9
2026-09-08 20:12:00-04:00,66.44000244140625,66.4800033569336,66.44000244140625,66.4800033569336,6
2026-09-08 20:13:00-04:00,66.46499633789062,66.46499633789062,66.42500305175781,66.43499755859375,15
2026-09-08 20:14:00-04:00,66.45999908447266,66.47000122070312,66.44499969482422,66.46499633789062,7
2026-09-08 20:15:00-04:00,66.45500183105469,66.45999908447266,66.44499969482422,66.45500183105469,11
2026-09-08 20:16:00-04:00,66.42500305175781,66.47000122070312,66.42500305175781,66.45999908447266,11
2026-09-08 20:17:00-04:00,66.38500213623047,66.4000015258789,66.37000274658203,66.4000015258789,8
2026-09-08 20:18:00-04:00,66.42500305175781,66.43000030517578,66.41999816894531,66.43000030517578,3
2026-09-08 20:19:00-04:00,66.41000366210938,66.41999816894531,66.41000366210938,66.41999816894531,3
2026-09-08 20:21:00-04:00,66.37000274658203,66.3949966430664,66.36499786376953,66.3949966430664,6
2026-09-08 20:22:00-04:00,66.33999633789062,66.33999633789062,66.33999633789062,66.33999633789062,3
2026-09-08 20:23:00-04:00,66.33999633789062,66.33999633789062,66.30999755859375,66.31500244140625,8
2026-09-08 20:24:00-04:00,66.30500030517578,66.31500244140625,66.30500030517578,66.31500244140625,7
2026-09-08 20:25:00-04:00,66.32499694824219,66.33000183105469,66.27999877929688,66.31999969482422,5
2026-09-08 20:26:00-04:00,66.31500244140625,66.31500244140625,66.31500244140625,66.31500244140625,3
2026-09-08 20:27:00-04:00,66.28500366210938,66.28500366210938,66.2699966430664,66.2699966430664,3
2026-09-08 20:31:00-04:00,66.375,66.375,66.36000061035156,66.36000061035156,7
2026-09-08 20:33:00-04:00,66.36000061035156,66.36000061035156,66.33000183105469,66.33000183105469,2
2026-09-08 20:34:00-04:00,66.33999633789062,66.34500122070312,66.33999633789062,66.34500122070312,2
2026-09-08 20:35:00-04:00,66.3499984741211,66.36000061035156,66.3499984741211,66.36000061035156,3
2026-09-08 20:37:00-04:00,66.3949966430664,66.4000015258789,66.3550033569336,66.3550033569336,4
2026-09-08 20:38:00-04:00,66.33999633789062,66.33999633789062,66.33999633789062,66.33999633789062,1
2026-09-08 20:39:00-04:00,66.4749984741211,66.4749984741211,66.41999816894531,66.41999816894531,4
2026-09-08 20:40:00-04:00,66.45500183105469,66.4749984741211,66.44999694824219,66.45500183105469,6
2026-09-08 20:41:00-04:00,66.46499633789062,66.47000122070312,66.45500183105469,66.47000122070312,10
2026-09-08 20:42:00-04:00,66.4749984741211,66.4800033569336,66.47000122070312,66.4749984741211,8
2026-09-08 20:43:00-04:00,66.51000213623047,66.51000213623047,66.47000122070312,66.47000122070312,7
2026-09-08 20:44:00-04:00,66.55999755859375,66.56500244140625,66.5,66.5,12
2026-09-08 20:45:00-04:00,66.58000183105469,66.59500122070312,66.55000305175781,66.56999969482422,88
2026-09-08 20:46:00-04:00,66.54000091552734,66.58999633789062,66.54000091552734,66.58999633789062,12
2026-09-08 20:47:00-04:00,66.58000183105469,66.6050033569336,66.54000091552734,66.54000091552734,16
2026-09-08 20:48:00-04:00,66.55999755859375,66.5999984741211,66.55999755859375,66.59500122070312,8
2026-09-08 20:49:00-04:00,66.58000183105469,66.58000183105469,66.58000183105469,66.58000183105469,4
2026-09-08 20:50:00-04:00,66.5999984741211,66.5999984741211,66.5999984741211,66.5999984741211,1
2026-09-08 20:51:00-04:00,66.55500030517578,66.55500030517578,66.55500030517578,66.55500030517578,1
2026-09-08 20:52:00-04:00,66.58999633789062,66.58999633789062,66.58499908447266,66.58499908447266,3
2026-09-08 20:53:00-04:00,66.67500305175781,66.68000030517578,66.61499786376953,66.61499786376953,28
2026-09-08 20:54:00-04:00,66.6449966430664,66.68499755859375,66.6449966430664,66.66999816894531,7
2026-09-08 20:55:00-04:00,66.65499877929688,66.66999816894531,66.6449966430664,66.6449966430664,10
2026-09-08 20:56:00-04:00,66.66999816894531,66.68499755859375,66.66999816894531,66.66999816894531,11
2026-09-08 20:57:00-04:00,66.67500305175781,66.67500305175781,66.66500091552734,66.66500091552734,2
2026-09-08 20:58:00-04:00,66.69999694824219,66.69999694824219,66.65499877929688,66.65499877929688,4
2026-09-08 20:59:00-04:00,66.74500274658203,66.76499938964844,66.69999694824219,66.69999694824219,78
2026-09-08 21:00:00-04:00,66.58999633789062,66.76000213623047,66.58499908447266,66.73999786376953,152
2026-09-08 21:01:00-04:00,66.3499984741211,66.6050033569336,66.29499816894531,66.59500122070312,176
2026-09-08 21:02:00-04:00,66.4000015258789,66.42500305175781,66.33999633789062,66.36000061035156,88
2026-09-08 21:03:00-04:00,66.33499908447266,66.47000122070312,66.31999969482422,66.3949966430664,37
2026-09-08 21:04:00-04:00,66.3949966430664,66.41999816894531,66.30999755859375,66.3499984741211,16
2026-09-08 21:05:00-04:00,66.4000015258789,66.41000366210938,66.36499786376953,66.36499786376953,20
2026-09-08 21:06:00-04:00,66.4800033569336,66.5,66.37000274658203,66.37000274658203,23
2026-09-08 21:07:00-04:00,66.48500061035156,66.49500274658203,66.4000015258789,66.40499877929688,20
2026-09-08 21:08:00-04:00,66.45500183105469,66.50499725341797,66.45500183105469,66.47000122070312,12
2026-09-08 21:09:00-04:00,66.51499938964844,66.51499938964844,66.43499755859375,66.43499755859375,24
2026-09-08 21:10:00-04:00,66.50499725341797,66.53500366210938,66.48999786376953,66.51000213623047,16
2026-09-08 21:11:00-04:00,66.5250015258789,66.55999755859375,66.5,66.51499938964844,15
2026-09-08 21:12:00-04:00,66.55999755859375,66.58499908447266,66.55000305175781,66.55000305175781,8
2026-09-08 21:13:00-04:00,66.55999755859375,66.55999755859375,66.54499816894531,66.54499816894531,2
2026-09-08 21:14:00-04:00,66.59500122070312,66.59500122070312,66.55999755859375,66.55999755859375,6
2026-09-08 21:15:00-04:00,66.55999755859375,66.5999984741211,66.55000305175781,66.58499908447266,11
2026-09-08 21:16:00-04:00,66.58000183105469,66.6050033569336,66.54000091552734,66.54000091552734,6
2026-09-08 21:17:00-04:00,66.4800033569336,66.53500366210938,66.45500183105469,66.5250015258789,9
2026-09-08 21:18:00-04:00,66.47000122070312,66.48999786376953,66.47000122070312,66.48999786376953,2
2026-09-08 21:19:00-04:00,66.46499633789062,66.50499725341797,66.46499633789062,66.49500274658203,13
2026-09-08 21:20:00-04:00,66.51499938964844,66.51499938964844,66.48999786376953,66.5,10
2026-09-08 21:21:00-04:00,66.55000305175781,66.55500030517578,66.5,66.5,4
2026-09-08 21:22:00-04:00,66.53500366210938,66.56500244140625,66.53500366210938,66.55000305175781,3
2026-09-08 21:23:00-04:00,66.58999633789062,66.6050033569336,66.56999969482422,66.56999969482422,4
2026-09-08 21:24:00-04:00,66.66500091552734,66.66999816894531,66.5999984741211,66.5999984741211,12
2026-09-08 21:25:00-04:00,66.69999694824219,66.7249984741211,66.68000030517578,66.68000030517578,33
2026-09-08 21:26:00-04:00,66.68000030517578,66.70500183105469,66.68000030517578,66.69000244140625,8
2026-09-08 21:27:00-04:00,66.73500061035156,66.73500061035156,66.68499755859375,66.68499755859375,5
2026-09-08 21:28:00-04:00,66.73500061035156,66.74500274658203,66.7249984741211,66.7249984741211,17
2026-09-08 21:29:00-04:00,66.7699966430664,66.7750015258789,66.7300033569336,66.7300033569336,38
2026-09-08 21:30:00-04:00,66.70999908447266,66.7249984741211,66.68000030517578,66.7249984741211,13
2026-09-08 21:31:00-04:00,66.7699966430664,66.80000305175781,66.70999908447266,66.70999908447266,30
2026-09-08 21:32:00-04:00,66.80000305175781,66.80500030517578,66.73999786376953,66.75499725341797,23
2026-09-08 21:33:00-04:00,66.83999633789062,66.86000061035156,66.80000305175781,66.80000305175781,29
2026-09-08 21:34:00-04:00,66.86000061035156,66.8949966430664,66.82499694824219,66.83499908447266,55
2026-09-08 21:35:00-04:00,66.875,66.875,66.8499984741211,66.8550033569336,11
2026-09-08 21:36:00-04:00,66.83499908447266,66.90499877929688,66.83499908447266,66.875,17
2026-09-08 21:37:00-04:00,66.79499816894531,66.8499984741211,66.78500366210938,66.84500122070312,27
2026-09-08 21:38:00-04:00,66.76499938964844,66.80500030517578,66.7249984741211,66.80500030517578,23
2026-09-08 21:39:00-04:00,66.77999877929688,66.79000091552734,66.76000213623047,66.76000213623047,9
2026-09-08 21:41:00-04:00,66.79499816894531,66.79499816894531,66.7750015258789,66.79000091552734,7
2026-09-08 21:42:00-04:00,66.78500366210938,66.79000091552734,66.7699966430664,66.77999877929688,11
2026-09-08 21:43:00-04:00,66.79499816894531,66.81999969482422,66.78500366210938,66.81500244140625,9
2026-09-08 21:44:00-04:00,66.80000305175781,66.80500030517578,66.77999877929688,66.78500366210938,9
2026-09-08 21:45:00-04:00,66.83499908447266,66.8550033569336,66.7699966430664,66.7699966430664,24
2026-09-08 21:46:00-04:00,66.83999633789062,66.8499984741211,66.81500244140625,66.8499984741211,12
2026-09-08 21:47:00-04:00,66.80000305175781,66.80500030517578,66.7699966430664,66.80500030517578,10
2026-09-08 21:48:00-04:00,66.70999908447266,66.75,66.69000244140625,66.75,18
2026-09-08 21:49:00-04:00,66.71499633789062,66.7300033569336,66.71499633789062,66.71499633789062,6
2026-09-08 21:50:00-04:00,66.70500183105469,66.73500061035156,66.70500183105469,66.73500061035156,4
2026-09-08 21:51:00-04:00,66.66000366210938,66.69000244140625,66.66000366210938,66.68000030517578,13
2026-09-08 21:52:00-04:00,66.63999938964844,66.6449966430664,66.62000274658203,66.63500213623047,15
2026-09-08 21:53:00-04:00,66.66500091552734,66.66500091552734,66.625,66.63999938964844,8
2026-09-08 21:54:00-04:00,66.66000366210938,66.66500091552734,66.66000366210938,66.66500091552734,2
2026-09-08 21:55:00-04:00,66.66999816894531,66.66999816894531,66.66000366210938,66.66000366210938,3
2026-09-08 21:56:00-04:00,66.7300033569336,66.7300033569336,66.66999816894531,66.66999816894531,13
2026-09-08 21:57:00-04:00,66.68000030517578,66.75499725341797,66.66999816894531,66.73999786376953,25
2026-09-08 21:58:00-04:00,66.63500213623047,66.65499877929688,66.63500213623047,66.65499877929688,9
2026-09-08 21:59:00-04:00,66.70500183105469,66.70500183105469,66.70500183105469,66.70500183105469,2
2026-09-08 22:00:00-04:00,66.69499969482422,66.69499969482422,66.68000030517578,66.69499969482422,16
2026-09-08 22:01:00-04:00,66.65499877929688,66.68499755859375,66.65499877929688,66.68499755859375,6
2026-09-08 22:02:00-04:00,66.69499969482422,66.70999908447266,66.69000244140625,66.69000244140625,5
2026-09-08 22:03:00-04:00,66.66999816894531,66.72000122070312,66.66999816894531,66.69000244140625,9
2026-09-08 22:04:00-04:00,66.69999694824219,66.69999694824219,66.66500091552734,66.66500091552734,7
2026-09-08 22:05:00-04:00,66.6500015258789,66.65499877929688,66.6500015258789,66.65499877929688,2
2026-09-08 22:06:00-04:00,66.70500183105469,66.70500183105469,66.63500213623047,66.63500213623047,6
2026-09-08 22:07:00-04:00,66.70999908447266,66.70999908447266,66.68499755859375,66.68499755859375,2
2026-09-08 22:08:00-04:00,66.66500091552734,66.66500091552734,66.66500091552734,66.66500091552734,1
2026-09-08 22:09:00-04:00,66.69499969482422,66.7249984741211,66.69499969482422,66.7249984741211,7
2026-09-08 22:10:00-04:00,66.70500183105469,66.71499633789062,66.70500183105469,66.70500183105469,4
2026-09-08 22:11:00-04:00,66.69499969482422,66.69499969482422,66.68499755859375,66.68499755859375,3
2026-09-08 22:12:00-04:00,66.66999816894531,66.69000244140625,66.66999816894531,66.69000244140625,6
2026-09-08 22:13:00-04:00,66.63500213623047,66.69000244140625,66.61499786376953,66.69000244140625,13
2026-09-08 22:14:00-04:00,66.65499877929688,66.65499877929688,66.63500213623047,66.63500213623047,9
2026-09-08 22:16:00-04:00,66.65499877929688,66.65499877929688,66.65499877929688,66.65499877929688,1
2026-09-08 22:17:00-04:00,66.69000244140625,66.69000244140625,66.66500091552734,66.66500091552734,2
2026-09-08 22:18:00-04:00,66.7300033569336,66.7300033569336,66.7300033569336,66.7300033569336,1
2026-09-08 22:20:00-04:00,66.7249984741211,66.7300033569336,66.72000122070312,66.72000122070312,6
2026-09-08 22:21:00-04:00,66.69499969482422,66.7249984741211,66.69499969482422,66.7249984741211,4
2026-09-08 22:22:00-04:00,66.68499755859375,66.72000122070312,66.68499755859375,66.72000122070312,3
2026-09-08 22:23:00-04:00,66.66500091552734,66.66500091552734,66.66500091552734,66.66500091552734,3
2026-09-08 22:24:00-04:00,66.6500015258789,66.66999816894531,66.6500015258789,66.66999816894531,4
2026-09-08 22:25:00-04:00,66.625,66.63500213623047,66.61499786376953,66.63500213623047,6
2026-09-08 22:26:00-04:00,66.66500091552734,66.66500091552734,66.65499877929688,66.65499877929688,2
2026-09-08 22:27:00-04:00,66.66500091552734,66.66500091552734,66.66000366210938,66.66000366210938,5
2026-09-08 22:28:00-04:00,66.6449966430664,66.6449966430664,66.6449966430664,66.6449966430664,1
2026-09-08 22:29:00-04:00,66.65499877929688,66.65499877929688,66.65499877929688,66.65499877929688,1
2026-09-08 22:30:00-04:00,66.69499969482422,66.69499969482422,66.62999725341797,66.66000366210938,11
2026-09-08 22:31:00-04:00,66.68000030517578,66.69000244140625,66.67500305175781,66.69000244140625,5
2026-09-08 22:32:00-04:00,66.5999984741211,66.6449966430664,66.5999984741211,66.63500213623047,7
2026-09-08 22:33:00-04:00,66.5999984741211,66.6050033569336,66.56500244140625,66.57499694824219,10
2026-09-08 22:34:00-04:00,66.55500030517578,66.58000183105469,66.55500030517578,66.58000183105469,36
2026-09-08 22:35:00-04:00,66.54499816894531,66.55999755859375,66.54499816894531,66.55999755859375,13
2026-09-08 22:36:00-04:00,66.5199966430664,66.5199966430664,66.50499725341797,66.51000213623047,8
2026-09-08 22:37:00-04:00,66.57499694824219,66.58499908447266,66.54000091552734,66.55000305175781,13
2026-09-08 22:38:00-04:00,66.62000274658203,66.62000274658203,66.57499694824219,66.58999633789062,22
2026-09-08 22:39:00-04:00,66.56500244140625,66.62999725341797,66.56500244140625,66.62999725341797,3
2026-09-08 22:41:00-04:00,66.61499786376953,66.61499786376953,66.61499786376953,66.61499786376953,1
2026-09-08 22:42:00-04:00,66.62999725341797,66.62999725341797,66.61000061035156,66.61499786376953,4
2026-09-08 22:43:00-04:00,66.6449966430664,66.6500015258789,66.63500213623047,66.6449966430664,13
2026-09-08 22:44:00-04:00,66.71499633789062,66.72000122070312,66.69999694824219,66.69999694824219,7
2026-09-08 22:45:00-04:00,66.75499725341797,66.76499938964844,66.72000122070312,66.72000122070312,9
2026-09-08 22:46:00-04:00,66.77999877929688,66.77999877929688,66.73999786376953,66.74500274658203,8
2026-09-08 22:47:00-04:00,66.7750015258789,66.80000305175781,66.7699966430664,66.7699966430664,20
2026-09-08 22:48:00-04:00,66.7699966430664,66.7699966430664,66.73500061035156,66.76499938964844,15
2026-09-08 22:49:00-04:00,66.7699966430664,66.80000305175781,66.7699966430664,66.79000091552734,4
2026-09-08 22:50:00-04:00,66.79499816894531,66.82499694824219,66.7750015258789,66.7750015258789,12
2026-09-08 22:51:00-04:00,66.84500122070312,66.84500122070312,66.78500366210938,66.79499816894531,31
2026-09-08 22:52:00-04:00,67.24500274658203,67.29000091552734,66.83499908447266,66.83999633789062,394
2026-09-08 22:53:00-04:00,67.15499877929688,67.30999755859375,67.13500213623047,67.25,188
2026-09-08 22:54:00-04:00,67.08999633789062,67.18000030517578,67.08999633789062,67.15499877929688,66
2026-09-08 22:55:00-04:00,67.08999633789062,67.0999984741211,67.05000305175781,67.08499908447266,34
2026-09-08 22:56:00-04:00,67.09500122070312,67.11499786376953,67.08000183105469,67.0999984741211,10
2026-09-08 22:57:00-04:00,67.04000091552734,67.11000061035156,67.03500366210938,67.08499908447266,21
2026-09-08 22:58:00-04:00,67.125,67.125,67.01000213623047,67.03500366210938,88
2026-09-08 22:59:00-04:00,67.11000061035156,67.15499877929688,67.11000061035156,67.12999725341797,49
2026-09-08 23:00:00-04:00,67.1050033569336,67.13999938964844,67.08999633789062,67.12000274658203,34
2026-09-08 23:01:00-04:00,67.05999755859375,67.11000061035156,67.05999755859375,67.0999984741211,14
2026-09-08 23:02:00-04:00,66.98999786376953,67.04499816894531,66.96499633789062,67.04499816894531,39
2026-09-08 23:03:00-04:00,67.00499725341797,67.0199966430664,66.98999786376953,67.01000213623047,11
2026-09-08 23:04:00-04:00,67.0199966430664,67.0199966430664,66.9800033569336,66.9800033569336,9
2026-09-08 23:05:00-04:00,67.0199966430664,67.0199966430664,67.0199966430664,67.0199966430664,2
2026-09-08 23:06:00-04:00,67.06500244140625,67.06500244140625,67.00499725341797,67.00499725341797,16
2026-09-08 23:07:00-04:00,66.98999786376953,67.05999755859375,66.98999786376953,67.05999755859375,17
2026-09-08 23:08:00-04:00,67.0,67.00499725341797,66.9800033569336,67.0,10
2026-09-08 23:10:00-04:00,67.02999877929688,67.02999877929688,66.9749984741211,66.9749984741211,8
2026-09-08 23:11:00-04:00,67.05000305175781,67.05000305175781,67.0199966430664,67.0199966430664,8
2026-09-08 23:12:00-04:00,67.05000305175781,67.08000183105469,67.05000305175781,67.08000183105469,6
2026-09-08 23:13:00-04:00,67.01499938964844,67.0250015258789,67.01000213623047,67.0199966430664,8
2026-09-08 23:14:00-04:00,67.05500030517578,67.05500030517578,67.0199966430664,67.02999877929688,7
2026-09-08 23:15:00-04:00,66.97000122070312,67.02999877929688,66.96499633789062,67.02999877929688,17
2026-09-08 23:16:00-04:00,66.94999694824219,66.96499633789062,66.92500305175781,66.95500183105469,16
2026-09-08 23:17:00-04:00,66.93000030517578,66.95999908447266,66.9000015258789,66.95999908447266,17
2026-09-08 23:18:00-04:00,66.91999816894531,66.93000030517578,66.91999816894531,66.93000030517578,5
2026-09-08 23:19:00-04:00,66.92500305175781,66.93000030517578,66.91999816894531,66.93000030517578,4
2026-09-08 23:20:00-04:00,66.94499969482422,66.94499969482422,66.91999816894531,66.91999816894531,3
2026-09-08 23:21:00-04:00,66.90499877929688,66.92500305175781,66.88999938964844,66.92500305175781,11
2026-09-08 23:22:00-04:00,66.95500183105469,66.95500183105469,66.94499969482422,66.94499969482422,3
2026-09-08 23:23:00-04:00,66.93499755859375,66.94000244140625,66.91999816894531,66.94000244140625,8
2026-09-08 23:24:00-04:00,66.94999694824219,66.94999694824219,66.94999694824219,66.94999694824219,1
2026-09-08 23:25:00-04:00,66.87999725341797,66.94499969482422,66.87999725341797,66.94499969482422,10
2026-09-08 23:26:00-04:00,66.8550033569336,66.87999725341797,66.82499694824219,66.87999725341797,15
2026-09-08 23:27:00-04:00,66.8550033569336,66.86000061035156,66.83999633789062,66.8550033569336,18
2026-09-08 23:28:00-04:00,66.88999938964844,66.88999938964844,66.88999938964844,66.88999938964844,1
2026-09-08 23:29:00-04:00,66.93000030517578,66.93000030517578,66.87000274658203,66.87999725341797,14
2026-09-08 23:30:00-04:00,66.93000030517578,66.93499755859375,66.93000030517578,66.93000030517578,7
2026-09-08 23:32:00-04:00,66.9000015258789,66.90499877929688,66.875,66.875,11
2026-09-08 23:33:00-04:00,66.86000061035156,66.88999938964844,66.8550033569336,66.88500213623047,4
2026-09-08 23:34:00-04:00,66.87999725341797,66.87999725341797,66.8499984741211,66.8550033569336,6
2026-09-08 23:35:00-04:00,66.88500213623047,66.88500213623047,66.87000274658203,66.87000274658203,4
2026-09-08 23:36:00-04:00,66.88500213623047,66.8949966430664,66.87999725341797,66.88500213623047,6
2026-09-08 23:37:00-04:00,66.87999725341797,66.90499877929688,66.87999725341797,66.90499877929688,6
2026-09-08 23:38:00-04:00,66.87000274658203,66.88999938964844,66.87000274658203,66.88500213623047,6
2026-09-08 23:40:00-04:00,66.91500091552734,66.91500091552734,66.91500091552734,66.91500091552734,1
2026-09-08 23:41:00-04:00,66.94999694824219,66.94999694824219,66.91999816894531,66.91999816894531,5
2026-09-08 23:42:00-04:00,66.91500091552734,66.96499633789062,66.91500091552734,66.96499633789062,6
2026-09-08 23:44:00-04:00,66.94999694824219,66.94999694824219,66.94000244140625,66.94000244140625,2
2026-09-08 23:45:00-04:00,66.88999938964844,66.93499755859375,66.88999938964844,66.93499755859375,8
2026-09-08 23:46:00-04:00,66.875,66.8949966430664,66.875,66.8949966430664,10
2026-09-08 23:47:00-04:00,66.88999938964844,66.8949966430664,66.875,66.87999725341797,4
2026-09-08 23:48:00-04:00,66.87000274658203,66.88999938964844,66.87000274658203,66.88999938964844,2
2026-09-08 23:49:00-04:00,66.9000015258789,66.9000015258789,66.87999725341797,66.87999725341797,3
2026-09-08 23:50:00-04:00,66.88999938964844,66.9000015258789,66.88999938964844,66.9000015258789,5
2026-09-08 23:51:00-04:00,66.87000274658203,66.87999725341797,66.86000061035156,66.87999725341797,5
2026-09-08 23:52:00-04:00,66.87999725341797,66.87999725341797,66.86000061035156,66.87000274658203,7
2026-09-08 23:53:00-04:00,66.8949966430664,66.9000015258789,66.88999938964844,66.88999938964844,3
2026-09-08 23:54:00-04:00,66.88999938964844,66.91999816894531,66.88999938964844,66.9000015258789,5
2026-09-08 23:55:00-04:00,66.88500213623047,66.88500213623047,66.88500213623047,66.88500213623047,5
2026-09-08 23:58:00-04:00,66.875,66.875,66.87000274658203,66.87000274658203,3
2026-09-09 00:00:00-04:00,66.84500122070312,66.8550033569336,66.84500122070312,66.8499984741211,3
2026-09-09 00:01:00-04:00,66.8499984741211,66.8499984741211,66.8499984741211,66.8499984741211,2
2026-09-09 00:02:00-04:00,66.83999633789062,66.86499786376953,66.83999633789062,66.86499786376953,12
2026-09-09 00:03:00-04:00,66.83499908447266,66.83999633789062,66.82499694824219,66.83999633789062,5
2026-09-09 00:04:00-04:00,66.83999633789062,66.83999633789062,66.83999633789062,66.83999633789062,1
2026-09-09 00:05:00-04:00,66.83499908447266,66.84500122070312,66.83000183105469,66.83000183105469,7
2026-09-09 00:06:00-04:00,66.80999755859375,66.83499908447266,66.80999755859375,66.83000183105469,10
2026-09-09 00:07:00-04:00,66.80500030517578,66.80500030517578,66.80500030517578,66.80500030517578,1
2026-09-09 00:08:00-04:00,66.80999755859375,66.82499694824219,66.80999755859375,66.81999969482422,6
2026-09-09 00:09:00-04:00,66.81500244140625,66.81500244140625,66.80999755859375,66.81500244140625,3
2026-09-09 00:10:00-04:00,66.7249984741211,66.80000305175781,66.7249984741211,66.80000305175781,39
2026-09-09 00:11:00-04:00,66.74500274658203,66.74500274658203,66.70500183105469,66.70999908447266,24
2026-09-09 00:12:00-04:00,66.73999786376953,66.75,66.72000122070312,66.73999786376953,15
2026-09-09 00:13:00-04:00,66.75499725341797,66.75499725341797,66.75499725341797,66.75499725341797,1
2026-09-09 00:14:00-04:00,66.76000213623047,66.76000213623047,66.76000213623047,66.76000213623047,1
2026-09-09 00:15:00-04:00,66.76000213623047,66.77999877929688,66.76000213623047,66.77999877929688,4
2026-09-09 00:16:00-04:00,66.75499725341797,66.79000091552734,66.75499725341797,66.77999877929688,4
2026-09-09 00:17:00-04:00,66.76000213623047,66.76000213623047,66.76000213623047,66.76000213623047,2
2026-09-09 00:19:00-04:00,66.76000213623047,66.76499938964844,66.76000213623047,66.76499938964844,4
2026-09-09 00:20:00-04:00,66.75499725341797,66.75499725341797,66.74500274658203,66.74500274658203,3
2026-09-09 00:21:00-04:00,66.76000213623047,66.76000213623047,66.7249984741211,66.75,4
2026-09-09 00:22:00-04:00,66.7750015258789,66.7750015258789,66.7750015258789,66.7750015258789,1
2026-09-09 00:23:00-04:00,66.79499816894531,66.79499816894531,66.75499725341797,66.76000213623047,4
2026-09-09 00:24:00-04:00,66.83499908447266,66.83499908447266,66.80500030517578,66.81500244140625,7
2026-09-09 00:25:00-04:00,66.83499908447266,66.83499908447266,66.83499908447266,66.83499908447266,1
2026-09-09 00:26:00-04:00,66.83000183105469,66.83000183105469,66.83000183105469,66.83000183105469,1
2026-09-09 00:27:00-04:00,66.875,66.875,66.8499984741211,66.8499984741211,5
2026-09-09 00:28:00-04:00,66.88500213623047,66.88999938964844,66.87999725341797,66.88999938964844,9
2026-09-09 00:29:00-04:00,66.87000274658203,66.88500213623047,66.87000274658203,66.88500213623047,3
2026-09-09 00:30:00-04:00,66.83000183105469,66.8550033569336,66.83000183105469,66.8499984741211,5
2026-09-09 00:31:00-04:00,66.86000061035156,66.86000061035156,66.83999633789062,66.83999633789062,2
2026-09-09 00:32:00-04:00,66.875,66.875,66.875,66.875,1
2026-09-09 00:33:00-04:00,66.87999725341797,66.87999725341797,66.875,66.875,3
2026-09-09 00:34:00-04:00,66.83999633789062,66.84500122070312,66.83999633789062,66.84500122070312,2
2026-09-09 00:36:00-04:00,66.87999725341797,66.87999725341797,66.87999725341797,66.87999725341797,1
2026-09-09 00:38:00-04:00,66.86499786376953,66.86499786376953,66.86499786376953,66.86499786376953,3
2026-09-09 00:40:00-04:00,66.83999633789062,66.86000061035156,66.83000183105469,66.86000061035156,5
2026-09-09 00:43:00-04:00,66.8550033569336,66.8550033569336,66.8550033569336,66.8550033569336,1
2026-09-09 00:44:00-04:00,66.8550033569336,66.86000061035156,66.8499984741211,66.8550033569336,8
2026-09-09 00:47:00-04:00,66.875,66.875,66.875,66.875,1
2026-09-09 00:50:00-04:00,66.8550033569336,66.8550033569336,66.8550033569336,66.8550033569336,1
2026-09-09 00:52:00-04:00,66.90499877929688,66.90499877929688,66.88999938964844,66.88999938964844,3
2026-09-09 00:53:00-04:00,66.92500305175781,66.93000030517578,66.8949966430664,66.8949966430664,8
2026-09-09 00:54:00-04:00,66.91999816894531,66.93499755859375,66.91999816894531,66.93000030517578,7
2026-09-09 00:55:00-04:00,66.91999816894531,66.91999816894531,66.91000366210938,66.91000366210938,4
2026-09-09 00:56:00-04:00,66.94499969482422,66.95999908447266,66.91500091552734,66.91999816894531,13
2026-09-09 00:57:00-04:00,66.93499755859375,66.95500183105469,66.93499755859375,66.94000244140625,7
2026-09-09 00:58:00-04:00,66.96499633789062,66.96499633789062,66.95500183105469,66.95500183105469,4
2026-09-09 00:59:00-04:00,66.95999908447266,66.97000122070312,66.95999908447266,66.97000122070312,3
2026-09-09 01:00:00-04:00,66.95999908447266,66.95999908447266,66.94000244140625,66.94000244140625,4
2026-09-09 01:01:00-04:00,67.00499725341797,67.00499725341797,66.96499633789062,66.96499633789062,19
2026-09-09 01:02:00-04:00,66.96499633789062,67.01499938964844,66.96499633789062,67.01000213623047,11
2026-09-09 01:03:00-04:00,66.93000030517578,66.95999908447266,66.91500091552734,66.95999908447266,15
2026-09-09 01:04:00-04:00,66.95500183105469,66.9749984741211,66.92500305175781,66.92500305175781,22
2026-09-09 01:05:00-04:00,66.94999694824219,66.94999694824219,66.94999694824219,66.94999694824219,1
2026-09-09 01:06:00-04:00,67.04499816894531,67.04499816894531,66.99500274658203,67.0,11
2026-09-09 01:07:00-04:00,67.0250015258789,67.04000091552734,67.01499938964844,67.01499938964844,10
2026-09-09 01:08:00-04:00,67.05999755859375,67.05999755859375,67.0199966430664,67.0199966430664,12
2026-09-09 01:09:00-04:00,67.08499908447266,67.09500122070312,67.05000305175781,67.05000305175781,32
2026-09-09 01:10:00-04:00,67.12999725341797,67.13500213623047,67.07499694824219,67.08499908447266,32
2026-09-09 01:11:00-04:00,67.1500015258789,67.1500015258789,67.12000274658203,67.12999725341797,25
2026-09-09 01:12:00-04:00,67.16500091552734,67.18000030517578,67.13500213623047,67.15499877929688,22
2026-09-09 01:13:00-04:00,67.18000030517578,67.19000244140625,67.16999816894531,67.18000030517578,15
2026-09-09 01:14:00-04:00,67.18000030517578,67.19000244140625,67.16000366210938,67.19000244140625,12
2026-09-09 01:15:00-04:00,67.13500213623047,67.19000244140625,67.12999725341797,67.18499755859375,32
2026-09-09 01:16:00-04:00,67.16999816894531,67.17500305175781,67.1500015258789,67.1500015258789,6
2026-09-09 01:17:00-04:00,67.16000366210938,67.17500305175781,67.15499877929688,67.16999816894531,10
2026-09-09 01:18:00-04:00,67.16500091552734,67.16500091552734,67.1500015258789,67.15499877929688,8
2026-09-09 01:19:00-04:00,67.13500213623047,67.16000366210938,67.11499786376953,67.16000366210938,80
2026-09-09 01:20:00-04:00,67.06999969482422,67.12999725341797,67.06999969482422,67.12999725341797,57
2026-09-09 01:21:00-04:00,66.96499633789062,67.06500244140625,66.96499633789062,67.06500244140625,52
2026-09-09 01:22:00-04:00,66.98500061035156,66.98999786376953,66.96499633789062,66.9749984741211,23
2026-09-09 01:23:00-04:00,66.95999908447266,66.9749984741211,66.94499969482422,66.9749984741211,24
2026-09-09 01:24:00-04:00,67.0250015258789,67.0250015258789,66.95999908447266,66.95999908447266,14
2026-09-09 01:25:00-04:00,67.00499725341797,67.02999877929688,67.00499725341797,67.0199966430664,11
2026-09-09 01:26:00-04:00,67.08000183105469,67.08499908447266,67.02999877929688,67.02999877929688,15
2026-09-09 01:27:00-04:00,67.12000274658203,67.13500213623047,67.08999633789062,67.08999633789062,24
2026-09-09 01:28:00-04:00,67.08499908447266,67.125,67.08499908447266,67.125,11
2026-09-09 01:29:00-04:00,67.02999877929688,67.07499694824219,67.0250015258789,67.07499694824219,68
2026-09-09 01:30:00-04:00,67.0,67.13999938964844,67.0,67.02999877929688,136
2026-09-09 01:31:00-04:00,67.01000213623047,67.05500030517578,67.01000213623047,67.04000091552734,21
2026-09-09 01:32:00-04:00,67.07499694824219,67.07499694824219,66.9749984741211,66.99500274658203,14
2026-09-09 01:33:00-04:00,67.01000213623047,67.0199966430664,66.97000122070312,67.0199966430664,10
2026-09-09 01:34:00-04:00,67.06999969482422,67.06999969482422,67.02999877929688,67.02999877929688,10
2026-09-09 01:36:00-04:00,67.09500122070312,67.09500122070312,67.07499694824219,67.07499694824219,15
2026-09-09 01:37:00-04:00,67.16000366210938,67.16999816894531,67.09500122070312,67.09500122070312,20
2026-09-09 01:38:00-04:00,67.1050033569336,67.125,67.1050033569336,67.12000274658203,9
2026-09-09 01:39:00-04:00,67.12000274658203,67.12000274658203,67.0999984741211,67.0999984741211,4
2026-09-09 01:40:00-04:00,67.1500015258789,67.16000366210938,67.11499786376953,67.11499786376953,10
2026-09-09 01:41:00-04:00,67.16000366210938,67.16000366210938,67.13500213623047,67.15499877929688,8
2026-09-09 01:42:00-04:00,67.12000274658203,67.12000274658203,67.06999969482422,67.06999969482422,13
2026-09-09 01:43:00-04:00,67.13999938964844,67.16999816894531,67.12000274658203,67.12000274658203,36
2026-09-09 01:44:00-04:00,67.1500015258789,67.16500091552734,67.13999938964844,67.1449966430664,75
2026-09-09 01:45:00-04:00,67.19999694824219,67.20500183105469,67.1500015258789,67.1500015258789,30
2026-09-09 01:46:00-04:00,67.1050033569336,67.18499755859375,67.07499694824219,67.18499755859375,22
2026-09-09 01:47:00-04:00,67.18000030517578,67.18000030517578,67.11000061035156,67.11000061035156,15
2026-09-09 01:48:00-04:00,67.20999908447266,67.20999908447266,67.16999816894531,67.17500305175781,21
2026-09-09 01:49:00-04:00,67.18000030517578,67.2300033569336,67.17500305175781,67.19999694824219,25
2026-09-09 01:50:00-04:00,67.23500061035156,67.23500061035156,67.19499969482422,67.20999908447266,7
2026-09-09 01:51:00-04:00,67.26000213623047,67.27999877929688,67.23500061035156,67.23999786376953,53
2026-09-09 01:52:00-04:00,67.31500244140625,67.33000183105469,67.25,67.26499938964844,135
2026-09-09 01:53:00-04:00,67.28500366210938,67.37999725341797,67.27999877929688,67.31500244140625,54
2026-09-09 01:54:00-04:00,67.31999969482422,67.33499908447266,67.28500366210938,67.28500366210938,16
2026-09-09 01:55:00-04:00,67.31999969482422,67.38500213623047,67.31999969482422,67.34500122070312,22
2026-09-09 01:56:00-04:00,67.31500244140625,67.31999969482422,67.29499816894531,67.30500030517578,11
2026-09-09 01:57:00-04:00,67.31500244140625,67.34500122070312,67.30000305175781,67.31999969482422,19
2026-09-09 01:58:00-04:00,67.3499984741211,67.3550033569336,67.30999755859375,67.30999755859375,17
2026-09-09 01:59:00-04:00,67.33499908447266,67.36000061035156,67.33000183105469,67.3550033569336,36
2026-09-09 02:00:00-04:00,67.30500030517578,67.33999633789062,67.28500366210938,67.33999633789062,34
2026-09-09 02:01:00-04:00,67.33000183105469,67.33499908447266,67.31500244140625,67.31500244140625,16
2026-09-09 02:02:00-04:00,67.30000305175781,67.32499694824219,67.30000305175781,67.31999969482422,17
2026-09-09 02:03:00-04:00,67.41000366210938,67.41000366210938,67.28500366210938,67.29499816894531,78
2026-09-09 02:04:00-04:00,67.38999938964844,67.44499969482422,67.37999725341797,67.40499877929688,67
2026-09-09 02:05:00-04:00,67.48999786376953,67.48999786376953,67.3949966430664,67.3949966430664,37
2026-09-09 02:06:00-04:00,67.375,67.48500061035156,67.36000061035156,67.4800033569336,53
2026-09-09 02:07:00-04:00,67.31500244140625,67.38999938964844,67.30500030517578,67.38999938964844,30
2026-09-09 02:08:00-04:00,67.33499908447266,67.3550033569336,67.30999755859375,67.31500244140625,19
2026-09-09 02:09:00-04:00,67.33999633789062,67.3550033569336,67.32499694824219,67.33000183105469,24
2026-09-09 02:10:00-04:00,67.29499816894531,67.33999633789062,67.28500366210938,67.33499908447266,17
2026-09-09 02:11:00-04:00,67.30500030517578,67.31500244140625,67.2750015258789,67.28500366210938,24
2026-09-09 02:12:00-04:00,67.30500030517578,67.33000183105469,67.30000305175781,67.30500030517578,33
2026-09-09 02:13:00-04:00,67.32499694824219,67.33999633789062,67.30999755859375,67.30999755859375,9
2026-09-09 02:14:00-04:00,67.36000061035156,67.38999938964844,67.33999633789062,67.33999633789062,11
2026-09-09 02:15:00-04:00,67.37999725341797,67.41000366210938,67.37000274658203,67.37000274658203,14
2026-09-09 02:16:00-04:00,67.33499908447266,67.4000015258789,67.33499908447266,67.4000015258789,20
2026-09-09 02:17:00-04:00,67.33999633789062,67.33999633789062,67.32499694824219,67.33999633789062,4
2026-09-09 02:18:00-04:00,67.3550033569336,67.3550033569336,67.33999633789062,67.34500122070312,17
2026-09-09 02:19:00-04:00,67.33999633789062,67.36499786376953,67.33499908447266,67.3550033569336,22
2026-09-09 02:20:00-04:00,67.33000183105469,67.33000183105469,67.30000305175781,67.31500244140625,17
2026-09-09 02:21:00-04:00,67.2699966430664,67.30000305175781,67.26000213623047,67.30000305175781,16
2026-09-09 02:22:00-04:00,67.29000091552734,67.29000091552734,67.26499938964844,67.2699966430664,3
2026-09-09 02:23:00-04:00,67.2699966430664,67.29000091552734,67.2699966430664,67.27999877929688,9
2026-09-09 02:24:00-04:00,67.29000091552734,67.32499694824219,67.29000091552734,67.32499694824219,14
2026-09-09 02:25:00-04:00,67.26000213623047,67.28500366210938,67.23500061035156,67.28500366210938,30
2026-09-09 02:26:00-04:00,67.2300033569336,67.24500274658203,67.2300033569336,67.23999786376953,9
2026-09-09 02:27:00-04:00,67.22000122070312,67.2249984741211,67.22000122070312,67.22000122070312,4
2026-09-09 02:28:00-04:00,67.20500183105469,67.23500061035156,67.20500183105469,67.2300033569336,10
2026-09-09 02:29:00-04:00,67.24500274658203,67.26000213623047,67.2300033569336,67.2300033569336,14
2026-09-09 02:30:00-04:00,67.22000122070312,67.25499725341797,67.21499633789062,67.23999786376953,23
2026-09-09 02:31:00-04:00,67.23500061035156,67.23500061035156,67.22000122070312,67.22000122070312,2
2026-09-09 02:32:00-04:00,67.2300033569336,67.26499938964844,67.2300033569336,67.25499725341797,7
2026-09-09 02:33:00-04:00,67.26000213623047,67.2699966430664,67.25,67.2699966430664,4
2026-09-09 02:34:00-04:00,67.30000305175781,67.30000305175781,67.27999877929688,67.28500366210938,13
2026-09-09 02:35:00-04:00,67.30000305175781,67.30999755859375,67.29499816894531,67.29499816894531,7
2026-09-09 02:36:00-04:00,67.36499786376953,67.36499786376953,67.36000061035156,67.36000061035156,3
2026-09-09 02:37:00-04:00,67.33000183105469,67.36499786376953,67.33000183105469,67.3499984741211,9
2026-09-09 02:38:00-04:00,67.33000183105469,67.34500122070312,67.33000183105469,67.33000183105469,6
2026-09-09 02:39:00-04:00,67.30999755859375,67.3499984741211,67.30999755859375,67.31500244140625,9
2026-09-09 02:40:00-04:00,67.26000213623047,67.31500244140625,67.26000213623047,67.31500244140625,23
2026-09-09 02:41:00-04:00,67.28500366210938,67.28500366210938,67.26000213623047,67.26000213623047,8
2026-09-09 02:42:00-04:00,67.23999786376953,67.28500366210938,67.23999786376953,67.28500366210938,5
2026-09-09 02:43:00-04:00,67.25,67.25,67.2249984741211,67.2300033569336,7
2026-09-09 02:44:00-04:00,67.25499725341797,67.2699966430664,67.23999786376953,67.25,12
2026-09-09 02:45:00-04:00,67.2300033569336,67.24500274658203,67.2249984741211,67.24500274658203,3
2026-09-09 02:46:00-04:00,67.2249984741211,67.23999786376953,67.2249984741211,67.23500061035156,7
2026-09-09 02:47:00-04:00,67.25,67.25,67.23500061035156,67.23500061035156,6
2026-09-09 02:48:00-04:00,67.23999786376953,67.2750015258789,67.23999786376953,67.2750015258789,9
2026-09-09 02:49:00-04:00,67.28500366210938,67.29000091552734,67.25499725341797,67.25499725341797,7
2026-09-09 02:50:00-04:00,67.2699966430664,67.29000091552734,67.2699966430664,67.29000091552734,13
2026-09-09 02:51:00-04:00,67.27999877929688,67.27999877929688,67.2699966430664,67.2699966430664,3
2026-09-09 02:52:00-04:00,67.2750015258789,67.28500366210938,67.2750015258789,67.27999877929688,4
2026-09-09 02:53:00-04:00,67.2750015258789,67.29000091552734,67.2699966430664,67.29000091552734,30
2026-09-09 02:54:00-04:00,67.30000305175781,67.30000305175781,67.28500366210938,67.28500366210938,4
2026-09-09 02:55:00-04:00,67.29000091552734,67.30000305175781,67.27999877929688,67.29499816894531,13
2026-09-09 02:56:00-04:00,67.2699966430664,67.27999877929688,67.25,67.27999877929688,6
2026-09-09 02:57:00-04:00,67.26499938964844,67.2750015258789,67.26000213623047,67.2699966430664,7
2026-09-09 02:58:00-04:00,67.2699966430664,67.2699966430664,67.26499938964844,67.26499938964844,2
2026-09-09 02:59:00-04:00,67.29000091552734,67.29000091552734,67.2699966430664,67.2750015258789,6
2026-09-09 03:00:00-04:00,67.29000091552734,67.30000305175781,67.25499725341797,67.29000091552734,28
2026-09-09 03:01:00-04:00,67.29499816894531,67.29499816894531,67.25499725341797,67.26000213623047,12
2026-09-09 03:02:00-04:00,67.26000213623047,67.32499694824219,67.26000213623047,67.29499816894531,15
2026-09-09 03:03:00-04:00,67.28500366210938,67.28500366210938,67.28500366210938,67.28500366210938,3
2026-09-09 03:05:00-04:00,67.33499908447266,67.33999633789062,67.2750015258789,67.28500366210938,14
2026-09-09 03:06:00-04:00,67.36499786376953,67.37999725341797,67.32499694824219,67.33000183105469,113
2026-09-09 03:07:00-04:00,67.34500122070312,67.3499984741211,67.33999633789062,67.33999633789062,9
2026-09-09 03:08:00-04:00,67.3550033569336,67.36499786376953,67.3550033569336,67.36499786376953,7
2026-09-09 03:09:00-04:00,67.36499786376953,67.36499786376953,67.3499984741211,67.3550033569336,4
2026-09-09 03:10:00-04:00,67.41000366210938,67.41000366210938,67.37000274658203,67.37000274658203,10
2026-09-09 03:11:00-04:00,67.43000030517578,67.43000030517578,67.4000015258789,67.41500091552734,11
2026-09-09 03:12:00-04:00,67.5,67.5,67.41500091552734,67.42500305175781,38
2026-09-09 03:13:00-04:00,67.50499725341797,67.51000213623047,67.46499633789062,67.49500274658203,27
2026-09-09 03:14:00-04:00,67.46499633789062,67.51499938964844,67.45500183105469,67.51499938964844,25
2026-09-09 03:15:00-04:00,67.43499755859375,67.44999694824219,67.40499877929688,67.44999694824219,25
2026-09-09 03:16:00-04:00,67.41000366210938,67.43499755859375,67.41000366210938,67.43499755859375,21
2026-09-09 03:17:00-04:00,67.41999816894531,67.41999816894531,67.3949966430664,67.41500091552734,26
2026-09-09 03:18:00-04:00,67.43000030517578,67.43000030517578,67.43000030517578,67.43000030517578,2
2026-09-09 03:19:00-04:00,67.41500091552734,67.43000030517578,67.41500091552734,67.43000030517578,2
2026-09-09 03:20:00-04:00,67.47000122070312,67.47000122070312,67.41500091552734,67.41500091552734,23
2026-09-09 03:21:00-04:00,67.45999908447266,67.4749984741211,67.44000244140625,67.4749984741211,9
2026-09-09 03:22:00-04:00,67.47000122070312,67.4749984741211,67.45999908447266,67.45999908447266,4
2026-09-09 03:23:00-04:00,67.45500183105469,67.46499633789062,67.43499755859375,67.46499633789062,19
2026-09-09 03:24:00-04:00,67.43000030517578,67.45999908447266,67.43000030517578,67.45999908447266,19
2026-09-09 03:25:00-04:00,67.5,67.50499725341797,67.43000030517578,67.43499755859375,45
2026-09-09 03:26:00-04:00,67.55000305175781,67.56999969482422,67.50499725341797,67.51000213623047,63
2026-09-09 03:27:00-04:00,67.59500122070312,67.6050033569336,67.54499816894531,67.55000305175781,115
2026-09-09 03:28:00-04:00,67.59500122070312,67.62000274658203,67.58499908447266,67.58499908447266,36
2026-09-09 03:29:00-04:00,67.61499786376953,67.63999938964844,67.58999633789062,67.59500122070312,16
2026-09-09 03:30:00-04:00,67.62999725341797,67.6449966430664,67.61499786376953,67.625,21
2026-09-09 03:31:00-04:00,67.55000305175781,67.63500213623047,67.55000305175781,67.63500213623047,27
2026-09-09 03:32:00-04:00,67.58000183105469,67.58999633789062,67.54000091552734,67.54000091552734,13
2026-09-09 03:33:00-04:00,67.55999755859375,67.57499694824219,67.55500030517578,67.56999969482422,8
2026-09-09 03:34:00-04:00,67.55000305175781,67.55999755859375,67.54499816894531,67.55999755859375,8
2026-09-09 03:35:00-04:00,67.57499694824219,67.57499694824219,67.55500030517578,67.55500030517578,12
2026-09-09 03:36:00-04:00,67.55500030517578,67.58999633789062,67.55500030517578,67.58999633789062,7
2026-09-09 03:37:00-04:00,67.58499908447266,67.58499908447266,67.56999969482422,67.56999969482422,12
2026-09-09 03:38:00-04:00,67.56999969482422,67.58000183105469,67.56500244140625,67.56999969482422,15
2026-09-09 03:39:00-04:00,67.58000183105469,67.58000183105469,67.54000091552734,67.56500244140625,14
2026-09-09 03:40:00-04:00,67.57499694824219,67.58999633789062,67.56999969482422,67.57499694824219,12
2026-09-09 03:41:00-04:00,67.56500244140625,67.57499694824219,67.55999755859375,67.56500244140625,17
2026-09-09 03:42:00-04:00,67.56999969482422,67.58000183105469,67.56999969482422,67.58000183105469,5
2026-09-09 03:43:00-04:00,67.55000305175781,67.56500244140625,67.54499816894531,67.56500244140625,9
2026-09-09 03:44:00-04:00,67.5250015258789,67.54499816894531,67.5199966430664,67.54499816894531,9
2026-09-09 03:45:00-04:00,67.52999877929688,67.52999877929688,67.51499938964844,67.52999877929688,13
2026-09-09 03:46:00-04:00,67.55000305175781,67.57499694824219,67.53500366210938,67.53500366210938,22
2026-09-09 03:47:00-04:00,67.58999633789062,67.58999633789062,67.54499816894531,67.54499816894531,55
2026-09-09 03:48:00-04:00,67.58999633789062,67.6050033569336,67.58499908447266,67.58999633789062,16
2026-09-09 03:49:00-04:00,67.58000183105469,67.61000061035156,67.58000183105469,67.6050033569336,13
2026-09-09 03:50:00-04:00,67.5199966430664,67.57499694824219,67.5199966430664,67.57499694824219,22
2026-09-09 03:51:00-04:00,67.5250015258789,67.54499816894531,67.51499938964844,67.52999877929688,16
2026-09-09 03:52:00-04:00,67.55000305175781,67.55999755859375,67.51499938964844,67.51499938964844,9
2026-09-09 03:53:00-04:00,67.50499725341797,67.55999755859375,67.50499725341797,67.55999755859375,12
2026-09-09 03:54:00-04:00,67.4749984741211,67.51499938964844,67.4749984741211,67.51000213623047,26
2026-09-09 03:55:00-04:00,67.49500274658203,67.49500274658203,67.48999786376953,67.48999786376953,6
2026-09-09 03:56:00-04:00,67.5,67.5,67.4800033569336,67.49500274658203,8
2026-09-09 03:57:00-04:00,67.50499725341797,67.50499725341797,67.48500061035156,67.48500061035156,3
2026-09-09 03:58:00-04:00,67.46499633789062,67.5,67.46499633789062,67.48999786376953,8
2026-09-09 03:59:00-04:00,67.49500274658203,67.49500274658203,67.4800033569336,67.4800033569336,4
2026-09-09 04:00:00-04:00,67.44999694824219,67.50499725341797,67.44000244140625,67.5,22
2026-09-09 04:01:00-04:00,67.48999786376953,67.48999786376953,67.44999694824219,67.45999908447266,18
2026-09-09 04:02:00-04:00,67.44000244140625,67.4749984741211,67.43000030517578,67.46499633789062,13
2026-09-09 04:03:00-04:00,67.41500091552734,67.43499755859375,67.41500091552734,67.43499755859375,4
2026-09-09 04:04:00-04:00,67.46499633789062,67.46499633789062,67.41999816894531,67.42500305175781,8
2026-09-09 04:05:00-04:00,67.44999694824219,67.47000122070312,67.44499969482422,67.44499969482422,8
2026-09-09 04:06:00-04:00,67.44000244140625,67.45999908447266,67.44000244140625,67.45999908447266,2
2026-09-09 04:07:00-04:00,67.41000366210938,67.45500183105469,67.4000015258789,67.45500183105469,15
2026-09-09 04:08:00-04:00,67.42500305175781,67.42500305175781,67.42500305175781,67.42500305175781,1
2026-09-09 04:09:00-04:00,67.37999725341797,67.40499877929688,67.37999725341797,67.4000015258789,13
2026-09-09 04:10:00-04:00,67.3499984741211,67.38999938964844,67.33499908447266,67.38999938964844,29
2026-09-09 04:11:00-04:00,67.36000061035156,67.36499786376953,67.33499908447266,67.3499984741211,15
2026-09-09 04:12:00-04:00,67.36000061035156,67.37000274658203,67.3499984741211,67.36499786376953,10
2026-09-09 04:13:00-04:00,67.31999969482422,67.33499908447266,67.31999969482422,67.33499908447266,3
2026-09-09 04:14:00-04:00,67.29499816894531,67.33000183105469,67.29000091552734,67.33000183105469,26
2026-09-09 04:15:00-04:00,67.2750015258789,67.29499816894531,67.26499938964844,67.29000091552734,24
2026-09-09 04:16:00-04:00,67.2699966430664,67.2750015258789,67.26000213623047,67.26499938964844,7
2026-09-09 04:17:00-04:00,67.23999786376953,67.27999877929688,67.23999786376953,67.25,26
2026-09-09 04:18:00-04:00,67.26000213623047,67.26499938964844,67.22000122070312,67.24500274658203,20
2026-09-09 04:19:00-04:00,67.26499938964844,67.27999877929688,67.26499938964844,67.2750015258789,5
2026-09-09 04:20:00-04:00,67.30000305175781,67.30000305175781,67.26499938964844,67.26499938964844,10
2026-09-09 04:21:00-04:00,67.2750015258789,67.28500366210938,67.2699966430664,67.27999877929688,8
2026-09-09 04:22:00-04:00,67.28500366210938,67.28500366210938,67.2699966430664,67.27999877929688,8
2026-09-09 04:23:00-04:00,67.24500274658203,67.26000213623047,67.23500061035156,67.26000213623047,19
2026-09-09 04:24:00-04:00,67.25,67.25499725341797,67.22000122070312,67.25,19
2026-09-09 04:25:00-04:00,67.26000213623047,67.2699966430664,67.23999786376953,67.23999786376953,9
2026-09-09 04:26:00-04:00,67.25499725341797,67.26000213623047,67.25,67.25,4
2026-09-09 04:27:00-04:00,67.26000213623047,67.2750015258789,67.26000213623047,67.2750015258789,7
2026-09-09 04:28:00-04:00,67.28500366210938,67.28500366210938,67.24500274658203,67.2699966430664,16
2026-09-09 04:29:00-04:00,67.26499938964844,67.30000305175781,67.26499938964844,67.29499816894531,15
2026-09-09 04:30:00-04:00,67.26000213623047,67.2750015258789,67.25499725341797,67.2750015258789,5
2026-09-09 04:31:00-04:00,67.28500366210938,67.28500366210938,67.25499725341797,67.25499725341797,5
2026-09-09 04:32:00-04:00,67.30999755859375,67.31999969482422,67.2750015258789,67.30000305175781,11
2026-09-09 04:33:00-04:00,67.30999755859375,67.31999969482422,67.30000305175781,67.31999969482422,32
2026-09-09 04:34:00-04:00,67.30500030517578,67.33499908447266,67.30500030517578,67.31500244140625,6
2026-09-09 04:35:00-04:00,67.29000091552734,67.29000091552734,67.27999877929688,67.27999877929688,8
2026-09-09 04:36:00-04:00,67.26000213623047,67.2750015258789,67.25499725341797,67.2750015258789,12
2026-09-09 04:37:00-04:00,67.26499938964844,67.26499938964844,67.22000122070312,67.25,15
2026-09-09 04:38:00-04:00,67.2249984741211,67.25499725341797,67.21499633789062,67.25499725341797,8
2026-09-09 04:39:00-04:00,67.20999908447266,67.21499633789062,67.20999908447266,67.20999908447266,7
2026-09-09 04:40:00-04:00,67.19999694824219,67.20999908447266,67.19499969482422,67.20999908447266,8
2026-09-09 04:41:00-04:00,67.23999786376953,67.25499725341797,67.23999786376953,67.25499725341797,3
2026-09-09 04:42:00-04:00,67.23500061035156,67.26499938964844,67.23500061035156,67.26499938964844,5
2026-09-09 04:43:00-04:00,67.24500274658203,67.30500030517578,67.23500061035156,67.25,41
2026-09-09 04:44:00-04:00,67.25,67.25,67.2300033569336,67.2300033569336,8
2026-09-09 04:45:00-04:00,67.25499725341797,67.25499725341797,67.25499725341797,67.25499725341797,2
2026-09-09 04:46:00-04:00,67.24500274658203,67.24500274658203,67.24500274658203,67.24500274658203,1
2026-09-09 04:47:00-04:00,67.27999877929688,67.29000091552734,67.26499938964844,67.26499938964844,17
2026-09-09 04:48:00-04:00,67.2699966430664,67.27999877929688,67.25499725341797,67.2699966430664,12
2026-09-09 04:49:00-04:00,67.25499725341797,67.28500366210938,67.25499725341797,67.2750015258789,5
2026-09-09 04:50:00-04:00,67.26000213623047,67.26000213623047,67.24500274658203,67.24500274658203,4
2026-09-09 04:51:00-04:00,67.26499938964844,67.28500366210938,67.24500274658203,67.28500366210938,11
2026-09-09 04:52:00-04:00,67.30000305175781,67.30000305175781,67.28500366210938,67.28500366210938,30
2026-09-09 04:53:00-04:00,67.29499816894531,67.30000305175781,67.29499816894531,67.29499816894531,8
2026-09-09 04:54:00-04:00,67.31500244140625,67.33499908447266,67.30999755859375,67.30999755859375,11
2026-09-09 04:55:00-04:00,67.30999755859375,67.31999969482422,67.30999755859375,67.30999755859375,4
2026-09-09 04:56:00-04:00,67.30500030517578,67.32499694824219,67.30500030517578,67.32499694824219,3
2026-09-09 04:57:00-04:00,67.25499725341797,67.30000305175781,67.25499725341797,67.30000305175781,25
2026-09-09 04:58:00-04:00,67.25,67.25499725341797,67.23500061035156,67.23999786376953,6
2026-09-09 04:59:00-04:00,67.26000213623047,67.26000213623047,67.25,67.25,8
2026-09-09 05:00:00-04:00,67.2750015258789,67.29000091552734,67.26499938964844,67.2699966430664,8
2026-09-09 05:01:00-04:00,67.25,67.2699966430664,67.25,67.2699966430664,5
2026-09-09 05:03:00-04:00,67.33000183105469,67.33000183105469,67.27999877929688,67.27999877929688,23
2026-09-09 05:04:00-04:00,67.30000305175781,67.32499694824219,67.29499816894531,67.31500244140625,7
2026-09-09 05:05:00-04:00,67.29000091552734,67.30000305175781,67.2750015258789,67.30000305175781,4
2026-09-09 05:06:00-04:00,67.26499938964844,67.27999877929688,67.26499938964844,67.27999877929688,4
2026-09-09 05:07:00-04:00,67.27999877929688,67.30000305175781,67.26499938964844,67.26499938964844,8
2026-09-09 05:08:00-04:00,67.2699966430664,67.2699966430664,67.26499938964844,67.26499938964844,3
2026-09-09 05:09:00-04:00,67.25,67.25,67.23999786376953,67.23999786376953,4
2026-09-09 05:10:00-04:00,67.20500183105469,67.25,67.18000030517578,67.25,11
2026-09-09 05:11:00-04:00,67.18000030517578,67.19999694824219,67.18000030517578,67.19999694824219,3
2026-09-09 05:12:00-04:00,67.19000244140625,67.20500183105469,67.18000030517578,67.18499755859375,8
2026-09-09 05:13:00-04:00,67.16999816894531,67.19999694824219,67.16999816894531,67.19999694824219,9
2026-09-09 05:14:00-04:00,67.20500183105469,67.20500183105469,67.17500305175781,67.18000030517578,22
2026-09-09 05:15:00-04:00,67.19000244140625,67.20500183105469,67.19000244140625,67.20500183105469,5
2026-09-09 05:16:00-04:00,67.19999694824219,67.19999694824219,67.19000244140625,67.19000244140625,2
2026-09-09 05:17:00-04:00,67.19999694824219,67.19999694824219,67.19999694824219,67.19999694824219,6
2026-09-09 05:18:00-04:00,67.19999694824219,67.19999694824219,67.19999694824219,67.19999694824219,6
2026-09-09 05:19:00-04:00,67.23500061035156,67.23500061035156,67.22000122070312,67.22000122070312,3
2026-09-09 05:20:00-04:00,67.20999908447266,67.2300033569336,67.20999908447266,67.2300033569336,7
2026-09-09 05:21:00-04:00,67.24500274658203,67.24500274658203,67.20999908447266,67.21499633789062,4
2026-09-09 05:22:00-04:00,67.20500183105469,67.25,67.20500183105469,67.25,14
2026-09-09 05:23:00-04:00,67.22000122070312,67.2300033569336,67.22000122070312,67.22000122070312,14
2026-09-09 05:24:00-04:00,67.18000030517578,67.2249984741211,67.16999816894531,67.2249984741211,44
2026-09-09 05:25:00-04:00,67.19499969482422,67.19999694824219,67.19499969482422,67.19999694824219,2
2026-09-09 05:26:00-04:00,67.18499755859375,67.19499969482422,67.18000030517578,67.19499969482422,30
2026-09-09 05:27:00-04:00,67.19999694824219,67.20999908447266,67.19999694824219,67.20999908447266,2
2026-09-09 05:28:00-04:00,67.16000366210938,67.19000244140625,67.16000366210938,67.19000244140625,6
2026-09-09 05:29:00-04:00,67.18499755859375,67.19999694824219,67.16999816894531,67.18000030517578,22
2026-09-09 05:30:00-04:00,67.23999786376953,67.23999786376953,67.16999816894531,67.19999694824219,41
2026-09-09 05:31:00-04:00,67.18000030517578,67.23500061035156,67.16000366210938,67.2300033569336,17
2026-09-09 05:32:00-04:00,67.18499755859375,67.18499755859375,67.18000030517578,67.18000030517578,2
2026-09-09 05:33:00-04:00,67.17500305175781,67.19000244140625,67.17500305175781,67.18000030517578,5
2026-09-09 05:35:00-04:00,67.16500091552734,67.16999816894531,67.1500015258789,67.16999816894531,12
2026-09-09 05:36:00-04:00,67.17500305175781,67.17500305175781,67.16000366210938,67.16000366210938,2
2026-09-09 05:37:00-04:00,67.16999816894531,67.16999816894531,67.16999816894531,67.16999816894531,1
2026-09-09 05:38:00-04:00,67.19999694824219,67.19999694824219,67.17500305175781,67.19499969482422,9
2026-09-09 05:39:00-04:00,67.19000244140625,67.19000244140625,67.17500305175781,67.19000244140625,8
2026-09-09 05:40:00-04:00,67.16999816894531,67.18499755859375,67.16999816894531,67.18499755859375,6
2026-09-09 05:41:00-04:00,67.15499877929688,67.16999816894531,67.12999725341797,67.16999816894531,23
2026-09-09 05:42:00-04:00,67.13999938964844,67.13999938964844,67.12999725341797,67.12999725341797,3
2026-09-09 05:43:00-04:00,67.13500213623047,67.15499877929688,67.13500213623047,67.15499877929688,10
2026-09-09 05:44:00-04:00,67.12999725341797,67.13500213623047,67.0999984741211,67.13500213623047,30
2026-09-09 05:45:00-04:00,67.08000183105469,67.12999725341797,67.05999755859375,67.12999725341797,37
2026-09-09 05:46:00-04:00,67.06999969482422,67.08000183105469,67.05000305175781,67.07499694824219,20
2026-09-09 05:47:00-04:00,67.08999633789062,67.08999633789062,67.05999755859375,67.05999755859375,4
2026-09-09 05:48:00-04:00,67.06500244140625,67.07499694824219,67.05500030517578,67.07499694824219,7
2026-09-09 05:49:00-04:00,67.05999755859375,67.07499694824219,67.05999755859375,67.07499694824219,12
2026-09-09 05:50:00-04:00,67.04000091552734,67.05500030517578,67.03500366210938,67.05000305175781,22
2026-09-09 05:51:00-04:00,67.03500366210938,67.04000091552734,67.01499938964844,67.02999877929688,26
2026-09-09 05:52:00-04:00,66.99500274658203,67.04000091552734,66.95999908447266,67.04000091552734,103
2026-09-09 05:53:00-04:00,66.98500061035156,67.01000213623047,66.98500061035156,67.0,53
2026-09-09 05:54:00-04:00,66.93499755859375,66.98999786376953,66.92500305175781,66.98500061035156,46
2026-09-09 05:55:00-04:00,66.875,66.94499969482422,66.87000274658203,66.94499969482422,60
2026-09-09 05:56:00-04:00,66.8949966430664,66.90499877929688,66.875,66.875,21
2026-09-09 05:57:00-04:00,66.875,66.91000366210938,66.87000274658203,66.8949966430664,12
2026-09-09 05:58:00-04:00,66.83499908447266,66.88999938964844,66.82499694824219,66.86000061035156,49
2026-09-09 05:59:00-04:00,66.86499786376953,66.87999725341797,66.81500244140625,66.82499694824219,53
2026-09-09 06:00:00-04:00,66.83999633789062,66.88999938964844,66.83999633789062,66.875,29
2026-09-09 06:01:00-04:00,66.69999694824219,66.8550033569336,66.69000244140625,66.8550033569336,94
2026-09-09 06:02:00-04:00,66.80999755859375,66.83000183105469,66.68499755859375,66.68499755859375,107
2026-09-09 06:03:00-04:00,66.86499786376953,66.86499786376953,66.79499816894531,66.79499816894531,17
2026-09-09 06:04:00-04:00,66.875,66.88500213623047,66.8550033569336,66.86499786376953,74
2026-09-09 06:05:00-04:00,66.9000015258789,66.93000030517578,66.87000274658203,66.87000274658203,29
2026-09-09 06:06:00-04:00,66.875,66.91500091552734,66.86499786376953,66.91500091552734,34
2026-09-09 06:07:00-04:00,66.88500213623047,66.8949966430664,66.875,66.8949966430664,7
2026-09-09 06:08:00-04:00,66.87000274658203,66.88999938964844,66.87000274658203,66.88500213623047,12
2026-09-09 06:09:00-04:00,66.86000061035156,66.87000274658203,66.86000061035156,66.87000274658203,2
2026-09-09 06:10:00-04:00,66.8949966430664,66.9000015258789,66.8550033569336,66.87000274658203,19
2026-09-09 06:11:00-04:00,66.88999938964844,66.88999938964844,66.87000274658203,66.88500213623047,5
2026-09-09 06:12:00-04:00,66.87999725341797,66.91500091552734,66.87999725341797,66.9000015258789,11
2026-09-09 06:13:00-04:00,66.86000061035156,66.87999725341797,66.86000061035156,66.87999725341797,4
2026-09-09 06:14:00-04:00,66.81999969482422,66.875,66.81500244140625,66.8550033569336,33
2026-09-09 06:15:00-04:00,66.81999969482422,66.875,66.81999969482422,66.83000183105469,106
2026-09-09 06:16:00-04:00,66.83000183105469,66.83999633789062,66.80000305175781,66.82499694824219,12
2026-09-09 06:17:00-04:00,66.8550033569336,66.86000061035156,66.83000183105469,66.83000183105469,5
2026-09-09 06:18:00-04:00,66.87999725341797,66.88999938964844,66.8550033569336,66.8550033569336,11
2026-09-09 06:19:00-04:00,66.93000030517578,66.93000030517578,66.88999938964844,66.8949966430664,25
2026-09-09 06:20:00-04:00,66.96499633789062,66.98999786376953,66.94499969482422,66.94499969482422,17
2026-09-09 06:21:00-04:00,66.93499755859375,66.94999694824219,66.93000030517578,66.94999694824219,10
2026-09-09 06:22:00-04:00,66.91999816894531,66.93000030517578,66.90499877929688,66.93000030517578,11
2026-09-09 06:23:00-04:00,66.91999816894531,66.91999816894531,66.91000366210938,66.91999816894531,6
2026-09-09 06:24:00-04:00,66.88500213623047,66.8949966430664,66.88500213623047,66.8949966430664,3
2026-09-09 06:25:00-04:00,66.90499877929688,66.91500091552734,66.9000015258789,66.90499877929688,7
2026-09-09 06:26:00-04:00,66.8949966430664,66.8949966430664,66.8949966430664,66.8949966430664,1
2026-09-09 06:27:00-04:00,66.87000274658203,66.90499877929688,66.87000274658203,66.90499877929688,9
2026-09-09 06:28:00-04:00,66.91999816894531,66.93499755859375,66.8550033569336,66.8550033569336,27
2026-09-09 06:29:00-04:00,66.92500305175781,66.93000030517578,66.8949966430664,66.93000030517578,10
2026-09-09 06:30:00-04:00,66.9000015258789,66.91999816894531,66.8949966430664,66.91999816894531,13
2026-09-09 06:31:00-04:00,66.9000015258789,66.9000015258789,66.9000015258789,66.9000015258789,1
2026-09-09 06:32:00-04:00,66.90499877929688,66.90499877929688,66.9000015258789,66.90499877929688,9
2026-09-09 06:33:00-04:00,66.91000366210938,66.91000366210938,66.8949966430664,66.9000015258789,9
2026-09-09 06:34:00-04:00,66.9000015258789,66.93499755859375,66.88500213623047,66.93000030517578,13
2026-09-09 06:35:00-04:00,66.90499877929688,66.92500305175781,66.9000015258789,66.90499877929688,7
2026-09-09 06:36:00-04:00,66.91999816894531,66.91999816894531,66.88999938964844,66.91000366210938,9
2026-09-09 06:37:00-04:00,66.93499755859375,66.94000244140625,66.91999816894531,66.91999816894531,3
2026-09-09 06:38:00-04:00,66.95999908447266,66.96499633789062,66.95500183105469,66.95999908447266,13
2026-09-09 06:39:00-04:00,66.93000030517578,66.97000122070312,66.93000030517578,66.94999694824219,13
2026-09-09 06:40:00-04:00,66.88500213623047,66.91999816894531,66.88500213623047,66.91999816894531,8
2026-09-09 06:41:00-04:00,66.875,66.9000015258789,66.875,66.8949966430664,5
2026-09-09 06:42:00-04:00,66.84500122070312,66.8550033569336,66.83000183105469,66.8550033569336,10
2026-09-09 06:43:00-04:00,66.8550033569336,66.86499786376953,66.8550033569336,66.86499786376953,5
2026-09-09 06:44:00-04:00,66.8550033569336,66.875,66.84500122070312,66.84500122070312,19
2026-09-09 06:45:00-04:00,66.8499984741211,66.86000061035156,66.84500122070312,66.8550033569336,12
2026-09-09 06:46:00-04:00,66.8550033569336,66.8550033569336,66.83000183105469,66.84500122070312,8
2026-09-09 06:47:00-04:00,66.88999938964844,66.88999938964844,66.86499786376953,66.86499786376953,12
2026-09-09 06:48:00-04:00,66.93000030517578,66.93000030517578,66.90499877929688,66.90499877929688,5
2026-09-09 06:49:00-04:00,66.94499969482422,66.94999694824219,66.91999816894531,66.92500305175781,10
2026-09-09 06:50:00-04:00,66.95999908447266,66.9749984741211,66.92500305175781,66.92500305175781,19
2026-09-09 06:51:00-04:00,66.94000244140625,66.95500183105469,66.94000244140625,66.95500183105469,8
2026-09-09 06:52:00-04:00,66.94499969482422,66.95999908447266,66.93499755859375,66.94000244140625,7
2026-09-09 06:53:00-04:00,66.95999908447266,66.9800033569336,66.94499969482422,66.94499969482422,19
2026-09-09 06:54:00-04:00,66.9800033569336,66.9800033569336,66.97000122070312,66.9800033569336,11
2026-09-09 06:55:00-04:00,66.98500061035156,66.98500061035156,66.95500183105469,66.9800033569336,27
2026-09-09 06:56:00-04:00,66.94499969482422,66.98999786376953,66.93499755859375,66.9800033569336,21
2026-09-09 06:57:00-04:00,66.92500305175781,66.94000244140625,66.91500091552734,66.94000244140625,16
2026-09-09 06:58:00-04:00,66.91999816894531,66.93000030517578,66.91999816894531,66.93000030517578,2
2026-09-09 06:59:00-04:00,66.86000061035156,66.90499877929688,66.86000061035156,66.90499877929688,21
2026-09-09 07:00:00-04:00,66.94000244140625,66.94000244140625,66.86000061035156,66.86000061035156,51
2026-09-09 07:01:00-04:00,66.9800033569336,66.9800033569336,66.92500305175781,66.94499969482422,42
2026-09-09 07:02:00-04:00,66.96499633789062,66.9800033569336,66.95999908447266,66.9800033569336,12
2026-09-09 07:03:00-04:00,66.94000244140625,66.94000244140625,66.94000244140625,66.94000244140625,2
2026-09-09 07:04:00-04:00,66.97000122070312,66.97000122070312,66.94999694824219,66.94999694824219,4
2026-09-09 07:05:00-04:00,66.96499633789062,66.9749984741211,66.96499633789062,66.9749984741211,4
2026-09-09 07:06:00-04:00,66.97000122070312,66.97000122070312,66.95500183105469,66.95500183105469,8
2026-09-09 07:07:00-04:00,66.94999694824219,66.97000122070312,66.94999694824219,66.97000122070312,7
2026-09-09 07:08:00-04:00,66.97000122070312,66.97000122070312,66.94999694824219,66.95999908447266,9
2026-09-09 07:10:00-04:00,66.95999908447266,66.9749984741211,66.95999908447266,66.97000122070312,10
2026-09-09 07:11:00-04:00,66.96499633789062,66.98500061035156,66.96499633789062,66.96499633789062,12
2026-09-09 07:12:00-04:00,66.95999908447266,66.95999908447266,66.95999908447266,66.95999908447266,6
2026-09-09 07:13:00-04:00,66.94999694824219,66.9749984741211,66.94999694824219,66.95999908447266,4
2026-09-09 07:14:00-04:00,66.9800033569336,66.9800033569336,66.94000244140625,66.94000244140625,21
2026-09-09 07:15:00-04:00,66.95500183105469,66.99500274658203,66.95500183105469,66.98999786376953,20
2026-09-09 07:16:00-04:00,66.97000122070312,66.97000122070312,66.94499969482422,66.94499969482422,9
2026-09-09 07:17:00-04:00,66.97000122070312,66.98500061035156,66.97000122070312,66.9800033569336,5
2026-09-09 07:18:00-04:00,66.96499633789062,66.96499633789062,66.94999694824219,66.94999694824219,7
2026-09-09 07:19:00-04:00,67.02999877929688,67.04000091552734,66.9800033569336,66.9800033569336,42
2026-09-09 07:20:00-04:00,67.00499725341797,67.04000091552734,67.00499725341797,67.0250015258789,18
2026-09-09 07:21:00-04:00,67.0,67.0,66.98999786376953,67.0,3
2026-09-09 07:22:00-04:00,67.02999877929688,67.03500366210938,67.0,67.0,8
2026-09-09 07:23:00-04:00,67.06500244140625,67.06999969482422,67.02999877929688,67.04000091552734,21
2026-09-09 07:24:00-04:00,67.12000274658203,67.12999725341797,67.06999969482422,67.06999969482422,82
2026-09-09 07:25:00-04:00,67.125,67.1500015258789,67.11499786376953,67.12000274658203,39
2026-09-09 07:26:00-04:00,67.1500015258789,67.18499755859375,67.12999725341797,67.12999725341797,44
2026-09-09 07:27:00-04:00,67.16999816894531,67.16999816894531,67.13999938964844,67.1449966430664,13
2026-09-09 07:28:00-04:00,67.1449966430664,67.16999816894531,67.125,67.16999816894531,84
2026-09-09 07:29:00-04:00,67.13500213623047,67.16500091552734,67.12999725341797,67.16500091552734,34
2026-09-09 07:30:00-04:00,67.08499908447266,67.1449966430664,67.08499908447266,67.1449966430664,18
2026-09-09 07:31:00-04:00,67.08999633789062,67.08999633789062,67.05999755859375,67.06999969482422,20
2026-09-09 07:32:00-04:00,67.08000183105469,67.0999984741211,67.07499694824219,67.0999984741211,19
2026-09-09 07:33:00-04:00,67.0999984741211,67.0999984741211,67.0999984741211,67.0999984741211,2
2026-09-09 07:34:00-04:00,67.03500366210938,67.06999969482422,67.03500366210938,67.06999969482422,17
2026-09-09 07:35:00-04:00,67.0199966430664,67.03500366210938,67.01499938964844,67.03500366210938,13
2026-09-09 07:36:00-04:00,67.00499725341797,67.01499938964844,67.00499725341797,67.01499938964844,4
2026-09-09 07:37:00-04:00,67.00499725341797,67.0250015258789,66.99500274658203,67.01499938964844,32
2026-09-09 07:38:00-04:00,67.04000091552734,67.04000091552734,67.0,67.0,13
2026-09-09 07:39:00-04:00,67.03500366210938,67.03500366210938,67.0250015258789,67.03500366210938,6
2026-09-09 07:40:00-04:00,67.06500244140625,67.07499694824219,67.05000305175781,67.05000305175781,9
2026-09-09 07:41:00-04:00,67.02999877929688,67.04499816894531,67.02999877929688,67.04499816894531,7
2026-09-09 07:42:00-04:00,67.06999969482422,67.07499694824219,67.0250015258789,67.0250015258789,10
2026-09-09 07:43:00-04:00,67.0,67.06500244140625,66.98999786376953,67.06500244140625,12
2026-09-09 07:44:00-04:00,67.00499725341797,67.0199966430664,67.00499725341797,67.0199966430664,3
2026-09-09 07:45:00-04:00,66.9749984741211,67.0199966430664,66.9749984741211,67.0,17
2026-09-09 07:46:00-04:00,66.97000122070312,66.9800033569336,66.96499633789062,66.9800033569336,10
2026-09-09 07:47:00-04:00,66.95999908447266,66.9800033569336,66.95999908447266,66.96499633789062,16
2026-09-09 07:48:00-04:00,67.00499725341797,67.00499725341797,66.94999694824219,66.94999694824219,11
2026-09-09 07:49:00-04:00,67.25499725341797,67.25499725341797,67.0199966430664,67.0199966430664,255
2026-09-09 07:50:00-04:00,67.2249984741211,67.25,67.18499755859375,67.23500061035156,133
2026-09-09 07:51:00-04:00,67.12000274658203,67.20999908447266,67.12000274658203,67.20500183105469,27
2026-09-09 07:52:00-04:00,67.1449966430664,67.17500305175781,67.11000061035156,67.11000061035156,32
2026-09-09 07:53:00-04:00,67.13500213623047,67.1500015258789,67.12000274658203,67.1500015258789,18
2026-09-09 07:54:00-04:00,67.05999755859375,67.11000061035156,67.05999755859375,67.11000061035156,19
2026-09-09 07:55:00-04:00,67.01000213623047,67.04499816894531,67.0,67.04499816894531,21
2026-09-09 07:56:00-04:00,66.99500274658203,67.03500366210938,66.99500274658203,67.01499938964844,37
2026-09-09 07:57:00-04:00,66.98999786376953,67.00499725341797,66.98500061035156,67.00499725341797,16
2026-09-09 07:58:00-04:00,66.93499755859375,67.0,66.93000030517578,66.99500274658203,44
2026-09-09 07:59:00-04:00,66.93499755859375,66.95500183105469,66.93499755859375,66.93499755859375,20
2026-09-09 08:00:00-04:00,66.9800033569336,67.0,66.92500305175781,66.92500305175781,54
2026-09-09 08:01:00-04:00,66.95500183105469,66.9800033569336,66.95500183105469,66.9749984741211,23
2026-09-09 08:02:00-04:00,66.94999694824219,66.9800033569336,66.94499969482422,66.9749984741211,8
2026-09-09 08:03:00-04:00,66.86000061035156,66.94000244140625,66.86000061035156,66.93499755859375,40
2026-09-09 08:04:00-04:00,66.83999633789062,66.86499786376953,66.80999755859375,66.86000061035156,37
2026-09-09 08:05:00-04:00,66.83499908447266,66.87000274658203,66.82499694824219,66.86000061035156,26
2026-09-09 08:06:00-04:00,66.7699966430664,66.83999633789062,66.76499938964844,66.83000183105469,40
2026-09-09 08:07:00-04:00,66.82499694824219,66.82499694824219,66.75,66.7750015258789,38
2026-09-09 08:08:00-04:00,66.81999969482422,66.8499984741211,66.81500244140625,66.81999969482422,50
2026-09-09 08:09:00-04:00,66.87999725341797,66.88500213623047,66.80000305175781,66.81500244140625,45
2026-09-09 08:10:00-04:00,66.88500213623047,66.91000366210938,66.88500213623047,66.88999938964844,20
2026-09-09 08:11:00-04:00,66.9000015258789,66.9000015258789,66.8949966430664,66.8949966430664,3
2026-09-09 08:12:00-04:00,66.79000091552734,66.87000274658203,66.79000091552734,66.87000274658203,28
2026-09-09 08:13:00-04:00,66.77999877929688,66.79000091552734,66.74500274658203,66.79000091552734,29
2026-09-09 08:14:00-04:00,66.77999877929688,66.77999877929688,66.75499725341797,66.75499725341797,14
2026-09-09 08:15:00-04:00,66.7699966430664,66.77999877929688,66.75499725341797,66.77999877929688,30
2026-09-09 08:16:00-04:00,66.77999877929688,66.81500244140625,66.7750015258789,66.78500366210938,23
2026-09-09 08:17:00-04:00,66.76000213623047,66.7750015258789,66.76000213623047,66.7699966430664,7
2026-09-09 08:18:00-04:00,66.75499725341797,66.7750015258789,66.7300033569336,66.7750015258789,42
2026-09-09 08:19:00-04:00,66.69499969482422,66.74500274658203,66.68000030517578,66.7249984741211,53
2026-09-09 08:20:00-04:00,66.77999877929688,66.77999877929688,66.65499877929688,66.66999816894531,87
2026-09-09 08:21:00-04:00,66.75,66.77999877929688,66.74500274658203,66.77999877929688,32
2026-09-09 08:22:00-04:00,66.75499725341797,66.7750015258789,66.74500274658203,66.76499938964844,15
2026-09-09 08:23:00-04:00,66.76499938964844,66.76499938964844,66.71499633789062,66.74500274658203,18
2026-09-09 08:24:00-04:00,66.75,66.7699966430664,66.73999786376953,66.74500274658203,22
2026-09-09 08:25:00-04:00,66.66500091552734,66.76000213623047,66.66500091552734,66.76000213623047,85
2026-09-09 08:26:00-04:00,66.7300033569336,66.7300033569336,66.66999816894531,66.66999816894531,24
2026-09-09 08:27:00-04:00,66.71499633789062,66.79000091552734,66.71499633789062,66.7249984741211,53
2026-09-09 08:28:00-04:00,66.70999908447266,66.74500274658203,66.70999908447266,66.7300033569336,16
2026-09-09 08:29:00-04:00,66.72000122070312,66.73500061035156,66.69000244140625,66.70500183105469,18
2026-09-09 08:30:00-04:00,66.65499877929688,66.69000244140625,66.63999938964844,66.68000030517578,67
2026-09-09 08:31:00-04:00,66.69499969482422,66.70500183105469,66.65499877929688,66.65499877929688,28
2026-09-09 08:32:00-04:00,66.69499969482422,66.70500183105469,66.66999816894531,66.68499755859375,49
2026-09-09 08:33:00-04:00,66.7300033569336,66.73999786376953,66.69499969482422,66.69999694824219,20
2026-09-09 08:34:00-04:00,66.70999908447266,66.74500274658203,66.69999694824219,66.72000122070312,31
2026-09-09 08:35:00-04:00,66.73999786376953,66.75499725341797,66.69999694824219,66.70999908447266,29
2026-09-09 08:36:00-04:00,66.80000305175781,66.80000305175781,66.71499633789062,66.73999786376953,71
2026-09-09 08:37:00-04:00,66.75499725341797,66.79499816894531,66.70999908447266,66.79499816894531,49
2026-09-09 08:38:00-04:00,66.7300033569336,66.73999786376953,66.70500183105469,66.73500061035156,11
2026-09-09 08:39:00-04:00,66.63500213623047,66.72000122070312,66.62999725341797,66.71499633789062,62
2026-09-09 08:40:00-04:00,66.63999938964844,66.6449966430664,66.61499786376953,66.6449966430664,83
2026-09-09 08:41:00-04:00,66.69000244140625,66.70999908447266,66.63500213623047,66.63500213623047,37
2026-09-09 08:42:00-04:00,66.69000244140625,66.72000122070312,66.67500305175781,66.70999908447266,13
2026-09-09 08:43:00-04:00,66.73999786376953,66.76000213623047,66.65499877929688,66.71499633789062,45
2026-09-09 08:44:00-04:00,66.76000213623047,66.77999877929688,66.7249984741211,66.73500061035156,35
2026-09-09 08:45:00-04:00,66.875,66.88500213623047,66.7750015258789,66.7750015258789,75
2026-09-09 08:46:00-04:00,66.86499786376953,66.9000015258789,66.86499786376953,66.87999725341797,36
2026-09-09 08:47:00-04:00,66.9000015258789,66.9000015258789,66.8550033569336,66.875,49
2026-09-09 08:48:00-04:00,66.90499877929688,66.91999816894531,66.8949966430664,66.90499877929688,21
2026-09-09 08:49:00-04:00,66.91999816894531,66.93499755859375,66.8949966430664,66.9000015258789,31
2026-09-09 08:50:00-04:00,66.90499877929688,66.92500305175781,66.8949966430664,66.91500091552734,30
2026-09-09 08:51:00-04:00,66.8949966430664,66.91999816894531,66.88999938964844,66.8949966430664,51
2026-09-09 08:52:00-04:00,66.91999816894531,66.91999816894531,66.875,66.88999938964844,58
2026-09-09 08:53:00-04:00,66.90499877929688,66.94999694824219,66.8949966430664,66.91000366210938,59
2026-09-09 08:54:00-04:00,66.97000122070312,66.97000122070312,66.91500091552734,66.93499755859375,18
2026-09-09 08:55:00-04:00,66.9749984741211,66.9749984741211,66.94499969482422,66.94999694824219,31
2026-09-09 08:56:00-04:00,67.0250015258789,67.02999877929688,66.9749984741211,66.9749984741211,50
2026-09-09 08:57:00-04:00,67.08999633789062,67.08999633789062,67.02999877929688,67.02999877929688,84
2026-09-09 08:58:00-04:00,67.12000274658203,67.13999938964844,67.08999633789062,67.08999633789062,55
2026-09-09 08:59:00-04:00,67.0250015258789,67.12000274658203,67.0199966430664,67.12000274658203,157
2026-09-09 09:00:00-04:00,67.2750015258789,67.2750015258789,66.98999786376953,67.02999877929688,313
2026-09-09 09:01:00-04:00,67.25499725341797,67.2750015258789,67.16000366210938,67.2750015258789,142
2026-09-09 09:02:00-04:00,67.30500030517578,67.33499908447266,67.2300033569336,67.25499725341797,117
2026-09-09 09:03:00-04:00,67.23999786376953,67.375,67.20500183105469,67.30999755859375,130
2026-09-09 09:04:00-04:00,67.2750015258789,67.27999877929688,67.22000122070312,67.24500274658203,63
2026-09-09 09:05:00-04:00,67.27999877929688,67.30999755859375,67.26000213623047,67.26499938964844,112
2026-09-09 09:06:00-04:00,67.2750015258789,67.30999755859375,67.25,67.29000091552734,41
2026-09-09 09:07:00-04:00,67.2300033569336,67.28500366210938,67.19999694824219,67.26499938964844,37
2026-09-09 09:08:00-04:00,67.21499633789062,67.2750015258789,67.19499969482422,67.25,73
2026-09-09 09:09:00-04:00,67.27999877929688,67.30000305175781,67.21499633789062,67.22000122070312,40
2026-09-09 09:10:00-04:00,67.30500030517578,67.31999969482422,67.2699966430664,67.27999877929688,49
2026-09-09 09:11:00-04:00,67.2750015258789,67.34500122070312,67.2750015258789,67.31500244140625,45
2026-09-09 09:12:00-04:00,67.31999969482422,67.31999969482422,67.23999786376953,67.26499938964844,57
2026-09-09 09:13:00-04:00,67.33999633789062,67.34500122070312,67.30000305175781,67.33000183105469,42
2026-09-09 09:14:00-04:00,67.43000030517578,67.43499755859375,67.33000183105469,67.34500122070312,114
2026-09-09 09:15:00-04:00,67.47000122070312,67.47000122070312,67.4000015258789,67.43000030517578,135
2026-09-09 09:16:00-04:00,67.41000366210938,67.47000122070312,67.4000015258789,67.46499633789062,46
2026-09-09 09:17:00-04:00,67.48500061035156,67.48999786376953,67.41999816894531,67.41999816894531,41
2026-09-09 09:18:00-04:00,67.5250015258789,67.5250015258789,67.46499633789062,67.48999786376953,118
2026-09-09 09:19:00-04:00,67.86499786376953,67.86499786376953,67.5250015258789,67.52999877929688,682
2026-09-09 09:20:00-04:00,67.76000213623047,67.87999725341797,67.69999694824219,67.86000061035156,307
2026-09-09 09:21:00-04:00,67.70999908447266,67.83999633789062,67.68000030517578,67.76499938964844,249
2026-09-09 09:22:00-04:00,67.83499908447266,67.88500213623047,67.7300033569336,67.73999786376953,209
2026-09-09 09:23:00-04:00,67.95999908447266,67.97000122070312,67.81999969482422,67.83999633789062,281
2026-09-09 09:24:00-04:00,68.11499786376953,68.12999725341797,67.93499755859375,67.94499969482422,364
2026-09-09 09:25:00-04:00,68.125,68.17500305175781,68.06999969482422,68.12000274658203,202
2026-09-09 09:26:00-04:00,68.18000030517578,68.25,68.0999984741211,68.12999725341797,811
2026-09-09 09:27:00-04:00,68.21499633789062,68.27999877929688,68.16500091552734,68.18000030517578,293
2026-09-09 09:28:00-04:00,68.28500366210938,68.32499694824219,68.20500183105469,68.20999908447266,272
2026-09-09 09:29:00-04:00,68.375,68.3949966430664,68.27999877929688,68.29000091552734,223
2026-09-09 09:30:00-04:00,68.43000030517578,68.51000213623047,68.36000061035156,68.36499786376953,471
2026-09-09 09:31:00-04:00,68.33000183105469,68.43000030517578,68.24500274658203,68.42500305175781,343
2026-09-09 09:32:00-04:00,68.30500030517578,68.44999694824219,68.30500030517578,68.33000183105469,271
2026-09-09 09:33:00-04:00,68.41000366210938,68.41999816894531,68.29499816894531,68.30999755859375,174
2026-09-09 09:34:00-04:00,68.38999938964844,68.41000366210938,68.33499908447266,68.41000366210938,144
2026-09-09 09:35:00-04:00,68.31999969482422,68.38500213623047,68.31999969482422,68.37999725341797,145
2026-09-09 09:36:00-04:00,68.3550033569336,68.3550033569336,68.26499938964844,68.30500030517578,166
2026-09-09 09:37:00-04:00,68.31500244140625,68.41000366210938,68.25,68.37000274658203,211
2026-09-09 09:38:00-04:00,68.30000305175781,68.32499694824219,68.2249984741211,68.31999969482422,164
2026-09-09 09:39:00-04:00,68.15499877929688,68.30500030517578,68.07499694824219,68.30000305175781,327
2026-09-09 09:40:00-04:00,68.0999984741211,68.18000030517578,68.08999633789062,68.16000366210938,110
2026-09-09 09:41:00-04:00,68.04000091552734,68.0999984741211,67.98500061035156,68.0999984741211,224
2026-09-09 09:42:00-04:00,67.93499755859375,68.02999877929688,67.90499877929688,68.02999877929688,147
2026-09-09 09:43:00-04:00,67.83999633789062,67.94499969482422,67.82499694824219,67.94499969482422,337
2026-09-09 09:44:00-04:00,67.94999694824219,68.0,67.81999969482422,67.82499694824219,205
2026-09-09 09:45:00-04:00,67.98999786376953,68.01000213623047,67.94000244140625,67.94999694824219,119
2026-09-09 09:46:00-04:00,68.05000305175781,68.05500030517578,67.94000244140625,67.95999908447266,63
2026-09-09 09:47:00-04:00,68.0199966430664,68.06500244140625,67.99500274658203,68.03500366210938,40
2026-09-09 09:48:00-04:00,68.03500366210938,68.04000091552734,67.9749984741211,68.0250015258789,58
2026-09-09 09:49:00-04:00,68.05999755859375,68.05999755859375,68.0,68.02999877929688,171
2026-09-09 09:50:00-04:00,68.07499694824219,68.1050033569336,68.0199966430664,68.05999755859375,84
2026-09-09 09:51:00-04:00,68.0999984741211,68.1500015258789,68.08000183105469,68.08000183105469,59
2026-09-09 09:52:00-04:00,68.05999755859375,68.1050033569336,68.04000091552734,68.1050033569336,39
2026-09-09 09:53:00-04:00,68.03500366210938,68.08000183105469,68.02999877929688,68.05000305175781,33
2026-09-09 09:54:00-04:00,67.9749984741211,68.05999755859375,67.94999694824219,68.03500366210938,65
2026-09-09 09:55:00-04:00,67.93499755859375,68.01499938964844,67.88500213623047,67.97000122070312,74
2026-09-09 09:56:00-04:00,67.91000366210938,67.9749984741211,67.91000366210938,67.94999694824219,65
2026-09-09 09:57:00-04:00,67.86499786376953,67.91000366210938,67.86000061035156,67.90499877929688,77
2026-09-09 09:58:00-04:00,67.875,67.91000366210938,67.83999633789062,67.875,81
2026-09-09 09:59:00-04:00,67.98500061035156,67.98500061035156,67.88500213623047,67.88500213623047,36
2026-09-09 10:00:00-04:00,68.12999725341797,68.13999938964844,67.9800033569336,67.9800033569336,158
2026-09-09 10:01:00-04:00,68.19499969482422,68.20500183105469,68.125,68.13999938964844,116
2026-09-09 10:02:00-04:00,68.26000213623047,68.2750015258789,68.19000244140625,68.19499969482422,119
2026-09-09 10:03:00-04:00,68.48500061035156,68.49500274658203,68.2699966430664,68.28500366210938,302
2026-09-09 10:04:00-04:00,68.5250015258789,68.53500366210938,68.41500091552734,68.48999786376953,306
2026-09-09 10:05:00-04:00,68.5999984741211,68.66999816894531,68.52999877929688,68.52999877929688,387
2026-09-09 10:06:00-04:00,68.62999725341797,68.62999725341797,68.52999877929688,68.59500122070312,197
2026-09-09 10:07:00-04:00,68.58499908447266,68.62999725341797,68.56999969482422,68.62999725341797,64
2026-09-09 10:08:00-04:00,68.5999984741211,68.65499877929688,68.55999755859375,68.5999984741211,131
2026-09-09 10:09:00-04:00,68.59500122070312,68.63500213623047,68.57499694824219,68.5999984741211,154
2026-09-09 10:10:00-04:00,68.61499786376953,68.625,68.55000305175781,68.61000061035156,85
2026-09-09 10:11:00-04:00,68.5999984741211,68.61499786376953,68.55000305175781,68.61499786376953,62
2026-09-09 10:12:00-04:00,68.54000091552734,68.6050033569336,68.51499938964844,68.6050033569336,105
2026-09-09 10:13:00-04:00,68.57499694824219,68.58000183105469,68.51499938964844,68.54499816894531,109
2026-09-09 10:14:00-04:00,68.78500366210938,68.79000091552734,68.56500244140625,68.57499694824219,253
2026-09-09 10:15:00-04:00,68.6449966430664,68.77999877929688,68.625,68.7750015258789,166
2026-09-09 10:16:00-04:00,68.42500305175781,68.63500213623047,68.40499877929688,68.63500213623047,162
2026-09-09 10:17:00-04:00,68.46499633789062,68.4800033569336,68.38500213623047,68.41500091552734,191
2026-09-09 10:18:00-04:00,68.44999694824219,68.46499633789062,68.40499877929688,68.44000244140625,99
2026-09-09 10:19:00-04:00,68.43000030517578,68.4800033569336,68.3550033569336,68.46499633789062,124
2026-09-09 10:20:00-04:00,68.3550033569336,68.42500305175781,68.33499908447266,68.42500305175781,98
2026-09-09 10:21:00-04:00,68.31999969482422,68.40499877929688,68.30500030517578,68.36000061035156,157
2026-09-09 10:22:00-04:00,68.30000305175781,68.33499908447266,68.26000213623047,68.30000305175781,85
2026-09-09 10:23:00-04:00,68.33000183105469,68.3499984741211,68.30000305175781,68.31500244140625,58
2026-09-09 10:24:00-04:00,68.2249984741211,68.37000274658203,68.2249984741211,68.32499694824219,248
2026-09-09 10:25:00-04:00,68.43000030517578,68.43000030517578,68.2249984741211,68.2249984741211,105
2026-09-09 10:26:00-04:00,68.56999969482422,68.58499908447266,68.4000015258789,68.41999816894531,91
2026-09-09 10:27:00-04:00,68.62999725341797,68.66500091552734,68.56500244140625,68.57499694824219,117
2026-09-09 10:28:00-04:00,68.76000213623047,68.76499938964844,68.63999938964844,68.63999938964844,90
2026-09-09 10:29:00-04:00,68.93499755859375,68.93499755859375,68.75499725341797,68.75499725341797,365
2026-09-09 10:30:00-04:00,68.83999633789062,68.93499755859375,68.79000091552734,68.93499755859375,198
2026-09-09 10:31:00-04:00,68.82499694824219,68.8499984741211,68.78500366210938,68.84500122070312,115
2026-09-09 10:32:00-04:00,68.8550033569336,68.86499786376953,68.75499725341797,68.83999633789062,195
2026-09-09 10:33:00-04:00,68.79000091552734,68.84500122070312,68.72000122070312,68.84500122070312,118
2026-09-09 10:34:00-04:00,68.81500244140625,68.83999633789062,68.7699966430664,68.77999877929688,68
2026-09-09 10:35:00-04:00,68.83499908447266,68.86499786376953,68.80999755859375,68.83499908447266,88
2026-09-09 10:36:00-04:00,68.8550033569336,68.87999725341797,68.81999969482422,68.83000183105469,113
2026-09-09 10:37:00-04:00,68.81999969482422,68.86000061035156,68.80500030517578,68.86000061035156,44
2026-09-09 10:38:00-04:00,68.81999969482422,68.87000274658203,68.80000305175781,68.80000305175781,72
2026-09-09 10:39:00-04:00,68.87000274658203,68.94499969482422,68.81999969482422,68.81999969482422,117
2026-09-09 10:40:00-04:00,68.81999969482422,68.87999725341797,68.77999877929688,68.86000061035156,85
2026-09-09 10:41:00-04:00,68.80000305175781,68.84500122070312,68.79000091552734,68.81999969482422,59
2026-09-09 10:42:00-04:00,68.76499938964844,68.79499816894531,68.73999786376953,68.79000091552734,56
2026-09-09 10:43:00-04:00,68.67500305175781,68.75,68.66999816894531,68.75,66
2026-09-09 10:44:00-04:00,68.62000274658203,68.70500183105469,68.61499786376953,68.66999816894531,124
2026-09-09 10:45:00-04:00,68.69499969482422,68.69999694824219,68.62000274658203,68.62000274658203,68
2026-09-09 10:46:00-04:00,68.69000244140625,68.71499633789062,68.65499877929688,68.70500183105469,55
2026-09-09 10:47:00-04:00,68.75499725341797,68.76499938964844,68.69499969482422,68.69499969482422,57
2026-09-09 10:48:00-04:00,68.73999786376953,68.78500366210938,68.7249984741211,68.76499938964844,103
2026-09-09 10:49:00-04:00,68.7249984741211,68.75499725341797,68.69999694824219,68.73999786376953,61
2026-09-09 10:50:00-04:00,68.73500061035156,68.73500061035156,68.67500305175781,68.69999694824219,43
2026-09-09 10:51:00-04:00,68.77999877929688,68.78500366210938,68.70999908447266,68.70999908447266,25
2026-09-09 10:52:00-04:00,68.66500091552734,68.80000305175781,68.66500091552734,68.7699966430664,45
2026-09-09 10:53:00-04:00,68.66999816894531,68.69000244140625,68.65499877929688,68.66999816894531,76
2026-09-09 10:54:00-04:00,68.66999816894531,68.71499633789062,68.66000366210938,68.68000030517578,30
2026-09-09 10:55:00-04:00,68.6050033569336,68.69999694824219,68.59500122070312,68.66999816894531,63
2026-09-09 10:56:00-04:00,68.63999938964844,68.66000366210938,68.59500122070312,68.61000061035156,38
2026-09-09 10:57:00-04:00,68.69999694824219,68.7249984741211,68.63500213623047,68.63500213623047,64
2026-09-09 10:58:00-04:00,68.66999816894531,68.68499755859375,68.62000274658203,68.68000030517578,52
2026-09-09 10:59:00-04:00,68.6449966430664,68.68000030517578,68.59500122070312,68.68000030517578,39
2026-09-09 11:00:00-04:00,68.88999938964844,68.95999908447266,68.59500122070312,68.6449966430664,671
2026-09-09 11:01:00-04:00,68.41999816894531,68.92500305175781,68.3499984741211,68.88999938964844,915
2026-09-09 11:02:00-04:00,68.29000091552734,68.58499908447266,68.29000091552734,68.42500305175781,360
2026-09-09 11:03:00-04:00,68.23999786376953,68.33999633789062,68.15499877929688,68.30000305175781,353
2026-09-09 11:04:00-04:00,68.0999984741211,68.26000213623047,68.0999984741211,68.25499725341797,293
2026-09-09 11:05:00-04:00,67.86499786376953,68.16999816894531,67.84500122070312,68.09500122070312,347
2026-09-09 11:06:00-04:00,67.80000305175781,67.94999694824219,67.72000122070312,67.87999725341797,514
2026-09-09 11:07:00-04:00,67.91500091552734,67.91500091552734,67.73500061035156,67.80500030517578,370
2026-09-09 11:08:00-04:00,67.95999908447266,67.95999908447266,67.87000274658203,67.91500091552734,174
2026-09-09 11:09:00-04:00,67.80999755859375,67.98999786376953,67.75499725341797,67.9749984741211,225
2026-09-09 11:10:00-04:00,67.7750015258789,67.86000061035156,67.68000030517578,67.80999755859375,294
2026-09-09 11:11:00-04:00,67.48999786376953,67.76000213623047,67.4749984741211,67.76000213623047,406
2026-09-09 11:12:00-04:00,67.51499938964844,67.61499786376953,67.44999694824219,67.4749984741211,279
2026-09-09 11:13:00-04:00,67.54499816894531,67.67500305175781,67.5250015258789,67.52999877929688,159
2026-09-09 11:14:00-04:00,67.62999725341797,67.66000366210938,67.54499816894531,67.54499816894531,86
2026-09-09 11:15:00-04:00,67.58999633789062,67.66500091552734,67.54499816894531,67.62999725341797,251
2026-09-09 11:16:00-04:00,67.66500091552734,67.69499969482422,67.54000091552734,67.58499908447266,142
2026-09-09 11:17:00-04:00,67.50499725341797,67.6500015258789,67.37999725341797,67.6500015258789,157
2026-09-09 11:18:00-04:00,67.45500183105469,67.56500244140625,67.45500183105469,67.5199966430664,97
2026-09-09 11:19:00-04:00,67.44999694824219,67.4749984741211,67.3550033569336,67.46499633789062,147
2026-09-09 11:20:00-04:00,67.56500244140625,67.62000274658203,67.45500183105469,67.45999908447266,145
2026-09-09 11:21:00-04:00,67.41000366210938,67.56999969482422,67.41000366210938,67.56999969482422,94
2026-09-09 11:22:00-04:00,67.27999877929688,67.44000244140625,67.26499938964844,67.4000015258789,217
2026-09-09 11:23:00-04:00,67.36000061035156,67.36000061035156,67.2249984741211,67.28500366210938,256
2026-09-09 11:24:00-04:00,67.42500305175781,67.42500305175781,67.31999969482422,67.36000061035156,80
2026-09-09 11:25:00-04:00,67.56500244140625,67.58499908447266,67.41500091552734,67.43000030517578,172
2026-09-09 11:26:00-04:00,67.56999969482422,67.6050033569336,67.53500366210938,67.56999969482422,106
2026-09-09 11:27:00-04:00,67.63500213623047,67.63500213623047,67.5250015258789,67.5999984741211,101
2026-09-09 11:28:00-04:00,67.69499969482422,67.69999694824219,67.6050033569336,67.6449966430664,102
2026-09-09 11:29:00-04:00,67.76499938964844,67.76499938964844,67.69000244140625,67.70999908447266,82
2026-09-09 11:30:00-04:00,67.81500244140625,67.81500244140625,67.7300033569336,67.76000213623047,141
2026-09-09 11:31:00-04:00,67.66500091552734,67.80999755859375,67.66500091552734,67.80999755859375,162
2026-09-09 11:32:00-04:00,67.79499816894531,67.79499816894531,67.66000366210938,67.66000366210938,47
2026-09-09 11:33:00-04:00,67.83000183105469,67.84500122070312,67.79000091552734,67.80000305175781,57
2026-09-09 11:34:00-04:00,67.92500305175781,67.92500305175781,67.81500244140625,67.83499908447266,91
2026-09-09 11:35:00-04:00,67.93000030517578,67.94499969482422,67.9000015258789,67.91999816894531,83
2026-09-09 11:36:00-04:00,68.05999755859375,68.05999755859375,67.91999816894531,67.94000244140625,172
2026-09-09 11:37:00-04:00,67.98999786376953,68.05999755859375,67.9800033569336,68.05999755859375,157
2026-09-09 11:38:00-04:00,67.9749984741211,67.98999786376953,67.91500091552734,67.9749984741211,62
2026-09-09 11:39:00-04:00,68.05500030517578,68.08999633789062,67.87000274658203,67.9749984741211,466
2026-09-09 11:40:00-04:00,67.94999694824219,68.08499908447266,67.88500213623047,68.05999755859375,192
2026-09-09 11:41:00-04:00,67.92500305175781,67.98500061035156,67.92500305175781,67.93499755859375,76
2026-09-09 11:42:00-04:00,67.94499969482422,67.95999908447266,67.91500091552734,67.93499755859375,35
2026-09-09 11:43:00-04:00,67.97000122070312,67.97000122070312,67.93499755859375,67.94999694824219,23
2026-09-09 11:44:00-04:00,67.95999908447266,67.98500061035156,67.94000244140625,67.95999908447266,34
2026-09-09 11:45:00-04:00,67.96499633789062,67.99500274658203,67.94999694824219,67.94999694824219,27
2026-09-09 11:46:00-04:00,67.98500061035156,67.98500061035156,67.95500183105469,67.96499633789062,18
2026-09-09 11:47:00-04:00,67.97000122070312,68.04499816894531,67.97000122070312,68.0250015258789,37
2026-09-09 11:48:00-04:00,67.91999816894531,67.9800033569336,67.91999816894531,67.96499633789062,55
2026-09-09 11:49:00-04:00,68.0199966430664,68.04499816894531,67.88999938964844,67.91000366210938,74
2026-09-09 11:50:00-04:00,68.09500122070312,68.11000061035156,68.01000213623047,68.01000213623047,56
2026-09-09 11:51:00-04:00,68.12000274658203,68.13999938964844,68.08999633789062,68.09500122070312,89
2026-09-09 11:52:00-04:00,68.01000213623047,68.13500213623047,67.98999786376953,68.13500213623047,88
2026-09-09 11:53:00-04:00,67.98999786376953,68.0199966430664,67.97000122070312,68.01499938964844,92
2026-09-09 11:54:00-04:00,67.98999786376953,67.98999786376953,67.94999694824219,67.98500061035156,32
2026-09-09 11:55:00-04:00,67.96499633789062,67.98500061035156,67.94999694824219,67.98500061035156,39
2026-09-09 11:56:00-04:00,67.95999908447266,67.97000122070312,67.93499755859375,67.94999694824219,32
2026-09-09 11:57:00-04:00,67.91500091552734,67.95999908447266,67.91500091552734,67.95500183105469,30
2026-09-09 11:58:00-04:00,67.96499633789062,67.9749984741211,67.91000366210938,67.91000366210938,37
2026-09-09 11:59:00-04:00,67.91999816894531,67.94999694824219,67.91999816894531,67.94499969482422,24
2026-09-09 12:00:00-04:00,67.92500305175781,67.94000244140625,67.875,67.92500305175781,145
2026-09-09 12:01:00-04:00,67.93499755859375,67.97000122070312,67.90499877929688,67.91000366210938,61
2026-09-09 12:02:00-04:00,68.0,68.04000091552734,67.94000244140625,67.94999694824219,57
2026-09-09 12:03:00-04:00,68.05500030517578,68.06999969482422,68.0,68.00499725341797,90
2026-09-09 12:04:00-04:00,68.06500244140625,68.07499694824219,68.04000091552734,68.05000305175781,52
2026-09-09 12:05:00-04:00,68.05000305175781,68.06999969482422,68.01499938964844,68.06999969482422,25
2026-09-09 12:06:00-04:00,68.05500030517578,68.07499694824219,67.99500274658203,68.04000091552734,125
2026-09-09 12:07:00-04:00,68.00499725341797,68.08000183105469,68.00499725341797,68.05500030517578,20
2026-09-09 12:08:00-04:00,67.99500274658203,68.06999969482422,67.94999694824219,68.01499938964844,147
2026-09-09 12:09:00-04:00,67.95500183105469,68.0,67.94000244140625,67.98999786376953,115
2026-09-09 12:10:00-04:00,67.97000122070312,68.0,67.94499969482422,67.94499969482422,50
2026-09-09 12:11:00-04:00,67.98999786376953,68.0,67.94999694824219,67.95999908447266,82
2026-09-09 12:12:00-04:00,67.98999786376953,68.0,67.95999908447266,67.98999786376953,28
2026-09-09 12:13:00-04:00,68.06500244140625,68.06999969482422,68.00499725341797,68.00499725341797,27
2026-09-09 12:14:00-04:00,68.02999877929688,68.07499694824219,68.02999877929688,68.06999969482422,18
2026-09-09 12:15:00-04:00,67.91999816894531,68.0250015258789,67.91000366210938,68.0250015258789,54
2026-09-09 12:16:00-04:00,67.88999938964844,67.94999694824219,67.88500213623047,67.93000030517578,85
2026-09-09 12:17:00-04:00,67.82499694824219,67.91500091552734,67.82499694824219,67.875,72
2026-09-09 12:18:00-04:00,67.79499816894531,67.84500122070312,67.79499816894531,67.81500244140625,39
2026-09-09 12:19:00-04:00,67.87000274658203,67.88500213623047,67.79499816894531,67.79499816894531,50
2026-09-09 12:20:00-04:00,67.82499694824219,67.86000061035156,67.81999969482422,67.83499908447266,19
2026-09-09 12:21:00-04:00,67.91500091552734,67.91500091552734,67.83499908447266,67.83499908447266,68
2026-09-09 12:22:00-04:00,67.90499877929688,67.91999816894531,67.8949966430664,67.91500091552734,25
2026-09-09 12:23:00-04:00,67.94499969482422,67.96499633789062,67.91000366210938,67.91999816894531,31
2026-09-09 12:24:00-04:00,68.01000213623047,68.01000213623047,67.95999908447266,67.95999908447266,31
2026-09-09 12:25:00-04:00,68.06999969482422,68.1050033569336,68.01000213623047,68.0199966430664,132
2026-09-09 12:26:00-04:00,68.06500244140625,68.12000274658203,68.05500030517578,68.08000183105469,71
2026-09-09 12:27:00-04:00,68.12999725341797,68.1449966430664,68.07499694824219,68.08000183105469,40
2026-09-09 12:28:00-04:00,68.12000274658203,68.12999725341797,68.1050033569336,68.125,57
2026-09-09 12:29:00-04:00,68.09500122070312,68.11499786376953,68.08999633789062,68.09500122070312,25
2026-09-09 12:30:00-04:00,68.06500244140625,68.12999725341797,68.04499816894531,68.1050033569336,69
2026-09-09 12:31:00-04:00,68.1050033569336,68.12000274658203,68.08000183105469,68.08000183105469,27
2026-09-09 12:32:00-04:00,68.16999816894531,68.16999816894531,68.07499694824219,68.11499786376953,28
2026-09-09 12:33:00-04:00,68.16999816894531,68.19999694824219,68.1500015258789,68.16999816894531,136
2026-09-09 12:34:00-04:00,68.16500091552734,68.20500183105469,68.16000366210938,68.18000030517578,54
2026-09-09 12:35:00-04:00,68.125,68.19000244140625,68.11499786376953,68.18000030517578,40
2026-09-09 12:36:00-04:00,68.11000061035156,68.125,68.08000183105469,68.125,67
2026-09-09 12:37:00-04:00,68.04000091552734,68.0999984741211,68.04000091552734,68.0999984741211,23
2026-09-09 12:38:00-04:00,68.11000061035156,68.11000061035156,68.03500366210938,68.04000091552734,23
2026-09-09 12:39:00-04:00,68.2300033569336,68.2300033569336,68.0999984741211,68.0999984741211,76
2026-09-09 12:40:00-04:00,68.19999694824219,68.22000122070312,68.19000244140625,68.21499633789062,69
2026-09-09 12:41:00-04:00,68.20500183105469,68.23500061035156,68.19999694824219,68.19999694824219,27
2026-09-09 12:42:00-04:00,68.21499633789062,68.2249984741211,68.19999694824219,68.21499633789062,37
2026-09-09 12:43:00-04:00,68.21499633789062,68.25499725341797,68.21499633789062,68.21499633789062,35
2026-09-09 12:44:00-04:00,68.24500274658203,68.24500274658203,68.20500183105469,68.22000122070312,34
2026-09-09 12:45:00-04:00,68.24500274658203,68.26499938964844,68.23999786376953,68.25499725341797,69
2026-09-09 12:46:00-04:00,68.28500366210938,68.28500366210938,68.25,68.25,26
2026-09-09 12:47:00-04:00,68.36000061035156,68.375,68.25499725341797,68.28500366210938,125
2026-09-09 12:48:00-04:00,68.30000305175781,68.38500213623047,68.27999877929688,68.37000274658203,81
2026-09-09 12:49:00-04:00,68.29000091552734,68.31500244140625,68.28500366210938,68.30999755859375,19
2026-09-09 12:50:00-04:00,68.36499786376953,68.36499786376953,68.30000305175781,68.30000305175781,29
2026-09-09 12:51:00-04:00,68.34500122070312,68.375,68.31999969482422,68.375,39
2026-09-09 12:52:00-04:00,68.31500244140625,68.37000274658203,68.30999755859375,68.3499984741211,42
2026-09-09 12:53:00-04:00,68.33000183105469,68.34500122070312,68.29499816894531,68.30500030517578,41
2026-09-09 12:54:00-04:00,68.34500122070312,68.36000061035156,68.31500244140625,68.33499908447266,22
2026-09-09 12:55:00-04:00,68.3499984741211,68.36499786376953,68.33999633789062,68.33999633789062,20
2026-09-09 12:56:00-04:00,68.36499786376953,68.38999938964844,68.33499908447266,68.3499984741211,130
2026-09-09 12:57:00-04:00,68.41999816894531,68.43000030517578,68.375,68.375,141
2026-09-09 12:58:00-04:00,68.45999908447266,68.46499633789062,68.41999816894531,68.42500305175781,96
2026-09-09 12:59:00-04:00,68.51499938964844,68.54499816894531,68.44999694824219,68.45500183105469,166
2026-09-09 13:00:00-04:00,68.57499694824219,68.6050033569336,68.49500274658203,68.51499938964844,207
2026-09-09 13:01:00-04:00,68.54499816894531,68.57499694824219,68.51499938964844,68.57499694824219,145
2026-09-09 13:02:00-04:00,68.58999633789062,68.66000366210938,68.51499938964844,68.54499816894531,319
2026-09-09 13:03:00-04:00,68.56500244140625,68.58999633789062,68.5250015258789,68.58999633789062,82
2026-09-09 13:04:00-04:00,68.6449966430664,68.6449966430664,68.57499694824219,68.58000183105469,47
2026-09-09 13:05:00-04:00,68.7300033569336,68.73500061035156,68.58499908447266,68.63999938964844,102
2026-09-09 13:06:00-04:00,68.9000015258789,68.92500305175781,68.73999786376953,68.73999786376953,320
2026-09-09 13:07:00-04:00,68.8949966430664,68.93000030517578,68.84500122070312,68.88999938964844,147
2026-09-09 13:08:00-04:00,68.875,68.92500305175781,68.875,68.90499877929688,104
2026-09-09 13:09:00-04:00,68.95999908447266,68.9800033569336,68.875,68.875,163
2026-09-09 13:10:00-04:00,68.9000015258789,68.95999908447266,68.9000015258789,68.93000030517578,97
2026-09-09 13:11:00-04:00,68.84500122070312,68.94999694824219,68.81500244140625,68.91500091552734,159
2026-09-09 13:12:00-04:00,68.80000305175781,68.8550033569336,68.78500366210938,68.84500122070312,51
2026-09-09 13:13:00-04:00,68.80999755859375,68.80999755859375,68.76000213623047,68.79499816894531,76
2026-09-09 13:14:00-04:00,68.75,68.8550033569336,68.75,68.81999969482422,105
2026-09-09 13:15:00-04:00,68.75499725341797,68.79499816894531,68.73500061035156,68.76499938964844,61
2026-09-09 13:16:00-04:00,68.73999786376953,68.7699966430664,68.7249984741211,68.7699966430664,65
2026-09-09 13:17:00-04:00,68.76000213623047,68.7750015258789,68.69000244140625,68.73999786376953,67
2026-09-09 13:18:00-04:00,68.78500366210938,68.78500366210938,68.74500274658203,68.7699966430664,90
2026-09-09 13:19:00-04:00,68.69499969482422,68.77999877929688,68.69000244140625,68.77999877929688,92
2026-09-09 13:20:00-04:00,68.69499969482422,68.69999694824219,68.65499877929688,68.68000030517578,52
2026-09-09 13:21:00-04:00,68.7249984741211,68.73999786376953,68.69999694824219,68.69999694824219,60
2026-09-09 13:22:00-04:00,68.69499969482422,68.72000122070312,68.69000244140625,68.70999908447266,0
