Price,Close,High,Low,Open,Volume
Ticker,GC=F,GC=F,GC=F,GC=F,GC=F
Datetime,,,,,
2026-09-01 00:00:00-04:00,4486.5,4486.60009765625,4485.7001953125,4485.7001953125,0
2026-09-01 00:01:00-04:00,4485.89990234375,4486.5,4485.2001953125,4486.5,33
2026-09-01 00:02:00-04:00,4485.60009765625,4486.7001953125,4485.60009765625,4486.10009765625,13
2026-09-01 00:03:00-04:00,4485.7001953125,4485.7998046875,4484.60009765625,4485.5,35
2026-09-01 00:04:00-04:00,4486.0,4486.2998046875,4485.5,4485.60009765625,25
2026-09-01 00:05:00-04:00,4484.89990234375,4486.39990234375,4484.89990234375,4486.2001953125,64
2026-09-01 00:06:00-04:00,4484.7001953125,4485.0,4483.7001953125,4484.60009765625,53
2026-09-01 00:07:00-04:00,4482.5,4484.89990234375,4482.5,4484.7998046875,68
2026-09-01 00:08:00-04:00,4481.60009765625,4482.89990234375,4481.39990234375,4482.7001953125,70
2026-09-01 00:09:00-04:00,4480.7001953125,4481.7998046875,4480.39990234375,4481.10009765625,100
2026-09-01 00:10:00-04:00,4479.2001953125,4481.0,4478.89990234375,4480.60009765625,227
2026-09-01 00:11:00-04:00,4480.2001953125,4481.10009765625,4479.0,4479.10009765625,89
2026-09-01 00:12:00-04:00,4480.10009765625,4480.39990234375,4479.2001953125,4480.10009765625,35
2026-09-01 00:13:00-04:00,4480.0,4480.7001953125,4479.7998046875,4480.39990234375,30
2026-09-01 00:14:00-04:00,4479.60009765625,4480.89990234375,4479.5,4480.10009765625,55
2026-09-01 00:15:00-04:00,4480.10009765625,4480.10009765625,4478.89990234375,4479.60009765625,61
2026-09-01 00:16:00-04:00,4480.2998046875,4480.7998046875,4479.7001953125,4480.10009765625,24
2026-09-01 00:17:00-04:00,4482.2001953125,4482.2001953125,4480.2998046875,4480.39990234375,61
2026-09-01 00:18:00-04:00,4479.89990234375,4482.5,4478.2998046875,4482.0,129
2026-09-01 00:19:00-04:00,4478.5,4479.89990234375,4478.2998046875,4479.60009765625,23
2026-09-01 00:20:00-04:00,4479.5,4479.5,4478.2998046875,4479.0,23
2026-09-01 00:21:00-04:00,4480.2001953125,4480.39990234375,4479.2001953125,4479.39990234375,16
2026-09-01 00:22:00-04:00,4480.89990234375,4480.89990234375,4480.2998046875,4480.2998046875,28
2026-09-01 00:23:00-04:00,4481.0,4481.0,4480.7001953125,4481.0,8
2026-09-01 00:24:00-04:00,4481.0,4481.10009765625,4481.0,4481.10009765625,2
2026-09-01 00:25:00-04:00,4481.5,4481.7001953125,4480.39990234375,4480.60009765625,22
2026-09-01 00:26:00-04:00,4480.7001953125,4481.0,4480.2998046875,4481.0,15
2026-09-01 00:27:00-04:00,4479.10009765625,4480.89990234375,4479.10009765625,4480.89990234375,14
2026-09-01 00:28:00-04:00,4479.2001953125,4479.89990234375,4479.2001953125,4479.5,9
2026-09-01 00:29:00-04:00,4478.5,4479.2001953125,4478.2998046875,4479.0,61
2026-09-01 00:30:00-04:00,4477.7001953125,4479.10009765625,4477.5,4478.2001953125,90
2026-09-01 00:31:00-04:00,4479.0,4479.0,4477.10009765625,4477.39990234375,74
2026-09-01 00:32:00-04:00,4477.7998046875,4479.0,4477.10009765625,4479.0,82
2026-09-01 00:33:00-04:00,4477.89990234375,4477.89990234375,4477.2001953125,4477.7998046875,17
2026-09-01 00:34:00-04:00,4478.7001953125,4478.7001953125,4478.0,4478.10009765625,29
2026-09-01 00:35:00-04:00,4478.7998046875,4479.0,4478.2001953125,4478.7001953125,17
2026-09-01 00:36:00-04:00,4478.7998046875,4479.10009765625,4478.7998046875,4478.89990234375,12
2026-09-01 00:37:00-04:00,4479.0,4479.0,4477.60009765625,4478.7001953125,47
2026-09-01 00:38:00-04:00,4478.7001953125,4479.39990234375,4477.7998046875,4479.0,45
2026-09-01 00:39:00-04:00,4478.10009765625,4479.0,4477.89990234375,4478.7998046875,17
2026-09-01 00:40:00-04:00,4478.60009765625,4478.60009765625,4478.2001953125,4478.2001953125,7
2026-09-01 00:41:00-04:00,4476.0,4478.10009765625,4475.89990234375,4477.7001953125,172
2026-09-01 00:42:00-04:00,4476.5,4476.5,4475.2001953125,4476.2001953125,127
2026-09-01 00:43:00-04:00,4477.2001953125,4477.7001953125,4475.7998046875,4476.60009765625,102
2026-09-01 00:44:00-04:00,4476.5,4477.7998046875,4476.0,4477.2001953125,94
2026-09-01 00:45:00-04:00,4476.60009765625,4477.10009765625,4475.89990234375,4475.89990234375,63
2026-09-01 00:46:00-04:00,4476.10009765625,4476.39990234375,4474.10009765625,4476.39990234375,278
2026-09-01 00:47:00-04:00,4476.89990234375,4478.10009765625,4474.7001953125,4476.10009765625,213
2026-09-01 00:48:00-04:00,4475.5,4477.7998046875,4475.39990234375,4476.5,131
2026-09-01 00:49:00-04:00,4475.60009765625,4475.89990234375,4475.0,4475.7001953125,54
2026-09-01 00:50:00-04:00,4474.0,4475.7001953125,4474.0,4475.39990234375,36
2026-09-01 00:51:00-04:00,4474.39990234375,4475.0,4474.10009765625,4474.10009765625,38
2026-09-01 00:52:00-04:00,4475.60009765625,4476.2001953125,4473.89990234375,4474.10009765625,321
2026-09-01 00:53:00-04:00,4477.89990234375,4478.2001953125,4475.60009765625,4475.60009765625,141
2026-09-01 00:54:00-04:00,4477.60009765625,4478.2001953125,4477.60009765625,4477.7001953125,25
2026-09-01 00:55:00-04:00,4477.10009765625,4478.0,4476.89990234375,4477.60009765625,135
2026-09-01 00:56:00-04:00,4476.2001953125,4476.7001953125,4474.10009765625,4476.60009765625,55
2026-09-01 00:57:00-04:00,4475.89990234375,4476.10009765625,4475.39990234375,4476.10009765625,14
2026-09-01 00:58:00-04:00,4475.7001953125,4476.2001953125,4475.60009765625,4475.7998046875,20
2026-09-01 00:59:00-04:00,4475.2001953125,4476.10009765625,4474.7998046875,4475.5,58
2026-09-01 01:00:00-04:00,4474.7001953125,4476.10009765625,4474.7001953125,4475.39990234375,51
2026-09-01 01:01:00-04:00,4477.0,4477.2998046875,4474.89990234375,4475.10009765625,79
2026-09-01 01:02:00-04:00,4477.7998046875,4478.0,4477.2001953125,4477.2001953125,20
2026-09-01 01:03:00-04:00,4478.39990234375,4478.7998046875,4477.7001953125,4478.10009765625,66
2026-09-01 01:04:00-04:00,4479.7998046875,4480.2998046875,4478.0,4478.0,56
2026-09-01 01:05:00-04:00,4479.60009765625,4479.60009765625,4478.7998046875,4479.60009765625,19
2026-09-01 01:06:00-04:00,4480.89990234375,4481.2998046875,4479.5,4479.5,56
2026-09-01 01:07:00-04:00,4479.7998046875,4480.89990234375,4479.7001953125,4480.7001953125,35
2026-09-01 01:08:00-04:00,4479.7998046875,4479.89990234375,4479.7001953125,4479.7998046875,7
2026-09-01 01:09:00-04:00,4479.39990234375,4479.5,4479.10009765625,4479.5,14
2026-09-01 01:10:00-04:00,4479.2998046875,4479.7001953125,4479.2998046875,4479.60009765625,5
2026-09-01 01:11:00-04:00,4478.89990234375,4479.39990234375,4478.0,4479.0,70
2026-09-01 01:12:00-04:00,4479.7998046875,4480.0,4478.7001953125,4478.7998046875,64
2026-09-01 01:13:00-04:00,4478.60009765625,4479.89990234375,4478.39990234375,4479.7998046875,25
2026-09-01 01:14:00-04:00,4477.7001953125,4478.39990234375,4477.5,4478.0,28
2026-09-01 01:15:00-04:00,4477.7998046875,4479.0,4477.7001953125,4478.10009765625,41
2026-09-01 01:16:00-04:00,4477.2998046875,4477.7998046875,4476.60009765625,4477.7998046875,20
2026-09-01 01:17:00-04:00,4476.7998046875,4477.2998046875,4476.60009765625,4477.2998046875,19
2026-09-01 01:18:00-04:00,4475.2998046875,4476.89990234375,4475.2001953125,4476.7998046875,33
2026-09-01 01:19:00-04:00,4474.10009765625,4475.2998046875,4473.5,4475.2998046875,82
2026-09-01 01:20:00-04:00,4475.39990234375,4475.60009765625,4474.39990234375,4474.39990234375,35
2026-09-01 01:21:00-04:00,4475.89990234375,4476.0,4474.7998046875,4475.2001953125,48
2026-09-01 01:22:00-04:00,4476.2001953125,4476.2998046875,4475.7998046875,4475.7998046875,24
2026-09-01 01:23:00-04:00,4475.10009765625,4476.2001953125,4475.10009765625,4475.7998046875,27
2026-09-01 01:24:00-04:00,4475.89990234375,4475.89990234375,4474.89990234375,4474.89990234375,16
2026-09-01 01:25:00-04:00,4475.89990234375,4476.0,4475.2998046875,4475.2998046875,22
2026-09-01 01:26:00-04:00,4475.2001953125,4476.10009765625,4475.2001953125,4475.7998046875,19
2026-09-01 01:27:00-04:00,4475.89990234375,4476.7001953125,4475.2001953125,4475.2001953125,33
2026-09-01 01:28:00-04:00,4474.2998046875,4476.2998046875,4474.2998046875,4475.60009765625,41
2026-09-01 01:29:00-04:00,4475.2001953125,4476.7001953125,4474.39990234375,4474.7001953125,61
2026-09-01 01:30:00-04:00,4480.39990234375,4480.39990234375,4471.89990234375,4474.89990234375,474
2026-09-01 01:31:00-04:00,4483.0,4483.2001953125,4479.7998046875,4480.10009765625,197
2026-09-01 01:32:00-04:00,4482.7998046875,4482.7998046875,4481.2001953125,4482.60009765625,42
2026-09-01 01:33:00-04:00,4480.7001953125,4482.2001953125,4479.89990234375,4482.2001953125,76
2026-09-01 01:34:00-04:00,4483.5,4483.7998046875,4480.2998046875,4480.7998046875,44
2026-09-01 01:35:00-04:00,4484.7001953125,4485.2001953125,4481.89990234375,4483.5,86
2026-09-01 01:36:00-04:00,4485.2001953125,4485.7998046875,4484.10009765625,4485.0,61
2026-09-01 01:37:00-04:00,4485.2001953125,4485.5,4483.60009765625,4485.5,54
2026-09-01 01:38:00-04:00,4487.89990234375,4488.5,4484.5,4484.89990234375,102
2026-09-01 01:39:00-04:00,4488.39990234375,4491.5,4487.7998046875,4488.39990234375,166
2026-09-01 01:40:00-04:00,4487.39990234375,4489.10009765625,4486.89990234375,4488.2001953125,68
2026-09-01 01:41:00-04:00,4489.60009765625,4489.7998046875,4487.7001953125,4487.7001953125,73
2026-09-01 01:42:00-04:00,4491.10009765625,4491.5,4488.7998046875,4489.7998046875,107
2026-09-01 01:43:00-04:00,4488.7001953125,4491.7001953125,4488.60009765625,4491.2998046875,47
2026-09-01 01:44:00-04:00,4492.2001953125,4492.2001953125,4488.7998046875,4488.7998046875,64
2026-09-01 01:45:00-04:00,4493.2998046875,4494.5,4491.2001953125,4491.2001953125,102
2026-09-01 01:46:00-04:00,4492.2998046875,4493.7001953125,4491.89990234375,4493.60009765625,85
2026-09-01 01:47:00-04:00,4493.2001953125,4493.2998046875,4489.7998046875,4492.5,130
2026-09-01 01:48:00-04:00,4493.39990234375,4493.7001953125,4492.5,4493.39990234375,60
2026-09-01 01:49:00-04:00,4493.7998046875,4494.60009765625,4493.2998046875,4493.2998046875,38
2026-09-01 01:50:00-04:00,4492.2998046875,4493.89990234375,4492.0,4493.89990234375,112
2026-09-01 01:51:00-04:00,4490.89990234375,4492.2998046875,4490.0,4492.10009765625,65
2026-09-01 01:52:00-04:00,4491.2998046875,4491.39990234375,4490.60009765625,4490.60009765625,36
2026-09-01 01:53:00-04:00,4491.7998046875,4491.7998046875,4490.60009765625,4491.2998046875,25
2026-09-01 01:54:00-04:00,4491.7001953125,4492.5,4491.0,4491.60009765625,64
2026-09-01 01:55:00-04:00,4492.5,4493.5,4491.7001953125,4491.7001953125,29
2026-09-01 01:56:00-04:00,4493.60009765625,4494.7001953125,4492.39990234375,4492.39990234375,59
2026-09-01 01:57:00-04:00,4493.2998046875,4494.5,4493.2998046875,4493.7001953125,46
2026-09-01 01:58:00-04:00,4490.89990234375,4493.10009765625,4490.89990234375,4493.10009765625,65
2026-09-01 01:59:00-04:00,4489.0,4490.7998046875,4488.2998046875,4490.7001953125,97
2026-09-01 02:00:00-04:00,4489.0,4489.10009765625,4486.7001953125,4488.5,155
2026-09-01 02:01:00-04:00,4486.39990234375,4488.7001953125,4486.39990234375,4488.7001953125,81
2026-09-01 02:02:00-04:00,4486.5,4487.60009765625,4485.89990234375,4486.2998046875,52
2026-09-01 02:03:00-04:00,4485.0,4486.10009765625,4485.0,4486.10009765625,17
2026-09-01 02:04:00-04:00,4485.10009765625,4485.2998046875,4484.10009765625,4484.89990234375,30
2026-09-01 02:05:00-04:00,4486.2998046875,4486.60009765625,4485.10009765625,4485.10009765625,39
2026-09-01 02:06:00-04:00,4485.5,4487.2001953125,4484.10009765625,4486.7001953125,44
2026-09-01 02:07:00-04:00,4486.39990234375,4486.39990234375,4485.10009765625,4485.2001953125,54
2026-09-01 02:08:00-04:00,4485.10009765625,4486.60009765625,4485.10009765625,4486.5,28
2026-09-01 02:09:00-04:00,4483.89990234375,4485.7998046875,4483.89990234375,4485.39990234375,42
2026-09-01 02:10:00-04:00,4482.7998046875,4484.89990234375,4482.39990234375,4484.2998046875,134
2026-09-01 02:11:00-04:00,4483.10009765625,4483.7001953125,4482.60009765625,4482.60009765625,62
2026-09-01 02:12:00-04:00,4482.7001953125,4483.5,4482.0,4483.10009765625,52
2026-09-01 02:13:00-04:00,4482.0,4482.7001953125,4481.39990234375,4482.39990234375,50
2026-09-01 02:14:00-04:00,4481.2998046875,4482.2998046875,4480.2001953125,4482.2998046875,111
2026-09-01 02:15:00-04:00,4481.7001953125,4482.0,4481.10009765625,4481.39990234375,48
2026-09-01 02:16:00-04:00,4481.7001953125,4482.0,4481.10009765625,4481.39990234375,20
2026-09-01 02:17:00-04:00,4482.7001953125,4483.2998046875,4481.7998046875,4481.89990234375,51
2026-09-01 02:18:00-04:00,4482.7998046875,4483.2001953125,4481.60009765625,4482.7998046875,49
2026-09-01 02:19:00-04:00,4482.7998046875,4483.7998046875,4481.7001953125,4482.7998046875,154
2026-09-01 02:20:00-04:00,4482.2998046875,4483.2998046875,4482.2001953125,4482.7998046875,44
2026-09-01 02:21:00-04:00,4481.89990234375,4482.5,4481.2998046875,4481.7998046875,39
2026-09-01 02:22:00-04:00,4480.0,4481.5,4479.7001953125,4481.5,71
2026-09-01 02:23:00-04:00,4480.5,4480.89990234375,4479.60009765625,4479.7001953125,44
2026-09-01 02:24:00-04:00,4481.5,4481.7001953125,4479.89990234375,4480.5,41
2026-09-01 02:25:00-04:00,4481.0,4482.10009765625,4481.0,4481.7001953125,47
2026-09-01 02:26:00-04:00,4481.0,4481.7998046875,4480.89990234375,4480.89990234375,29
2026-09-01 02:27:00-04:00,4480.10009765625,4480.89990234375,4479.89990234375,4480.89990234375,40
2026-09-01 02:28:00-04:00,4478.60009765625,4480.60009765625,4477.0,4480.2001953125,148
2026-09-01 02:29:00-04:00,4477.60009765625,4478.60009765625,4476.2998046875,4478.60009765625,96
2026-09-01 02:30:00-04:00,4477.60009765625,4477.89990234375,4477.0,4477.7001953125,57
2026-09-01 02:31:00-04:00,4478.5,4478.60009765625,4477.5,4477.60009765625,66
2026-09-01 02:32:00-04:00,4477.7001953125,4479.0,4477.60009765625,4478.39990234375,53
2026-09-01 02:33:00-04:00,4477.89990234375,4478.2001953125,4477.39990234375,4477.89990234375,48
2026-09-01 02:34:00-04:00,4478.5,4478.7998046875,4477.7001953125,4478.10009765625,62
2026-09-01 02:35:00-04:00,4480.0,4480.39990234375,4478.2998046875,4478.2998046875,42
2026-09-01 02:36:00-04:00,4480.0,4480.2998046875,4479.5,4480.10009765625,15
2026-09-01 02:37:00-04:00,4480.0,4480.10009765625,4479.39990234375,4479.7998046875,26
2026-09-01 02:38:00-04:00,4482.2998046875,4482.2998046875,4480.10009765625,4480.10009765625,80
2026-09-01 02:39:00-04:00,4481.89990234375,4482.60009765625,4481.89990234375,4482.10009765625,29
2026-09-01 02:40:00-04:00,4481.7001953125,4482.7998046875,4481.2001953125,4481.7998046875,57
2026-09-01 02:41:00-04:00,4482.7998046875,4483.60009765625,4481.60009765625,4481.7001953125,50
2026-09-01 02:42:00-04:00,4483.0,4483.10009765625,4482.39990234375,4482.89990234375,28
2026-09-01 02:43:00-04:00,4482.39990234375,4483.2001953125,4482.10009765625,4482.7998046875,42
2026-09-01 02:44:00-04:00,4483.60009765625,4483.89990234375,4481.60009765625,4482.2998046875,91
2026-09-01 02:45:00-04:00,4482.39990234375,4484.10009765625,4482.39990234375,4483.7001953125,43
2026-09-01 02:46:00-04:00,4480.10009765625,4483.0,4480.10009765625,4482.7001953125,36
2026-09-01 02:47:00-04:00,4478.2001953125,4479.7001953125,4478.0,4479.7001953125,38
2026-09-01 02:48:00-04:00,4479.10009765625,4479.10009765625,4478.10009765625,4478.2998046875,30
2026-09-01 02:49:00-04:00,4478.5,4479.39990234375,4478.10009765625,4479.10009765625,21
2026-09-01 02:50:00-04:00,4477.7001953125,4478.7998046875,4477.7001953125,4478.5,53
2026-09-01 02:51:00-04:00,4477.2998046875,4478.0,4476.7001953125,4477.7001953125,57
2026-09-01 02:52:00-04:00,4478.10009765625,4478.2998046875,4476.7998046875,4477.10009765625,87
2026-09-01 02:53:00-04:00,4478.7001953125,4478.89990234375,4477.7998046875,4478.0,42
2026-09-01 02:54:00-04:00,4478.5,4478.7998046875,4478.2998046875,4478.60009765625,23
2026-09-01 02:55:00-04:00,4478.89990234375,4479.5,4478.39990234375,4478.60009765625,51
2026-09-01 02:56:00-04:00,4478.39990234375,4479.2001953125,4478.39990234375,4478.7998046875,14
2026-09-01 02:57:00-04:00,4479.2001953125,4479.2001953125,4478.39990234375,4478.7001953125,21
2026-09-01 02:58:00-04:00,4478.2998046875,4478.89990234375,4478.2998046875,4478.89990234375,11
2026-09-01 02:59:00-04:00,4478.0,4478.5,4477.89990234375,4478.5,25
2026-09-01 03:00:00-04:00,4479.5,4479.7001953125,4477.89990234375,4478.10009765625,90
2026-09-01 03:01:00-04:00,4479.7998046875,4480.39990234375,4478.0,4479.2998046875,147
2026-09-01 03:02:00-04:00,4483.2001953125,4483.60009765625,4480.10009765625,4480.10009765625,77
2026-09-01 03:03:00-04:00,4481.0,4483.2998046875,4480.5,4483.0,67
2026-09-01 03:04:00-04:00,4482.89990234375,4482.89990234375,4481.0,4481.0,32
2026-09-01 03:05:00-04:00,4481.0,4482.7998046875,4481.0,4482.7998046875,31
2026-09-01 03:06:00-04:00,4480.10009765625,4481.39990234375,4479.39990234375,4481.2001953125,79
2026-09-01 03:07:00-04:00,4480.60009765625,4481.2001953125,4480.0,4480.0,46
2026-09-01 03:08:00-04:00,4478.5,4480.2998046875,4478.5,4480.2998046875,80
2026-09-01 03:09:00-04:00,4478.89990234375,4479.39990234375,4478.39990234375,4478.60009765625,34
2026-09-01 03:10:00-04:00,4479.0,4479.89990234375,4478.2001953125,4479.0,52
2026-09-01 03:11:00-04:00,4479.7001953125,4479.7998046875,4478.10009765625,4479.10009765625,24
2026-09-01 03:12:00-04:00,4479.39990234375,4480.2998046875,4478.39990234375,4479.7998046875,52
2026-09-01 03:13:00-04:00,4479.7998046875,4480.10009765625,4478.89990234375,4479.2001953125,22
2026-09-01 03:14:00-04:00,4481.60009765625,4481.60009765625,4479.60009765625,4479.7001953125,32
2026-09-01 03:15:00-04:00,4481.39990234375,4482.2998046875,4480.60009765625,4481.60009765625,43
2026-09-01 03:16:00-04:00,4479.5,4481.0,4479.5,4481.0,62
2026-09-01 03:17:00-04:00,4480.7001953125,4481.0,4479.2001953125,4479.5,137
2026-09-01 03:18:00-04:00,4477.5,4480.5,4477.2998046875,4480.5,89
2026-09-01 03:19:00-04:00,4478.10009765625,4478.2998046875,4477.5,4477.7001953125,24
2026-09-01 03:20:00-04:00,4478.10009765625,4478.39990234375,4477.0,4477.7998046875,103
2026-09-01 03:21:00-04:00,4480.39990234375,4480.5,4476.5,4477.60009765625,163
2026-09-01 03:22:00-04:00,4477.5,4481.2001953125,4477.39990234375,4480.39990234375,216
2026-09-01 03:23:00-04:00,4476.89990234375,4477.7001953125,4476.2998046875,4477.2001953125,65
2026-09-01 03:24:00-04:00,4475.5,4477.5,4475.10009765625,4477.2001953125,231
2026-09-01 03:25:00-04:00,4476.60009765625,4478.2998046875,4475.2001953125,4475.5,227
2026-09-01 03:26:00-04:00,4476.39990234375,4477.7998046875,4476.2001953125,4477.0,40
2026-09-01 03:27:00-04:00,4476.7001953125,4477.2001953125,4474.7001953125,4476.7001953125,113
2026-09-01 03:28:00-04:00,4476.5,4477.39990234375,4475.2998046875,4476.7001953125,234
2026-09-01 03:29:00-04:00,4474.5,4476.89990234375,4474.2998046875,4476.89990234375,269
2026-09-01 03:30:00-04:00,4470.60009765625,4474.39990234375,4467.5,4474.2998046875,657
2026-09-01 03:31:00-04:00,4472.7998046875,4475.60009765625,4470.5,4470.7998046875,521
2026-09-01 03:32:00-04:00,4472.5,4472.89990234375,4471.5,4472.7001953125,53
2026-09-01 03:33:00-04:00,4475.2001953125,4476.0,4473.0,4473.0,92
2026-09-01 03:34:00-04:00,4474.2998046875,4476.89990234375,4474.2998046875,4475.2001953125,61
2026-09-01 03:35:00-04:00,4473.2001953125,4474.2998046875,4473.2001953125,4473.89990234375,24
2026-09-01 03:36:00-04:00,4472.2001953125,4473.2998046875,4472.0,4473.2998046875,27
2026-09-01 03:37:00-04:00,4469.2001953125,4472.10009765625,4468.89990234375,4472.10009765625,148
2026-09-01 03:38:00-04:00,4468.89990234375,4469.60009765625,4468.0,4469.0,78
2026-09-01 03:39:00-04:00,4461.2998046875,4470.10009765625,4461.2998046875,4469.0,555
2026-09-01 03:40:00-04:00,4466.5,4466.7998046875,4460.5,4461.5,289
2026-09-01 03:41:00-04:00,4468.2998046875,4468.5,4465.60009765625,4466.60009765625,134
2026-09-01 03:42:00-04:00,4469.60009765625,4469.7001953125,4467.89990234375,4468.39990234375,60
2026-09-01 03:43:00-04:00,4469.2998046875,4470.5,4468.89990234375,4469.60009765625,142
2026-09-01 03:44:00-04:00,4466.7998046875,4469.10009765625,4466.7998046875,4469.10009765625,106
2026-09-01 03:45:00-04:00,4465.7998046875,4467.0,4465.60009765625,4466.60009765625,83
2026-09-01 03:46:00-04:00,4466.2998046875,4467.0,4465.39990234375,4465.5,110
2026-09-01 03:47:00-04:00,4468.10009765625,4468.10009765625,4466.2998046875,4466.39990234375,84
2026-09-01 03:48:00-04:00,4470.7001953125,4471.0,4467.39990234375,4467.5,100
2026-09-01 03:49:00-04:00,4470.7998046875,4471.0,4470.2001953125,4470.5,54
2026-09-01 03:50:00-04:00,4470.89990234375,4471.89990234375,4470.10009765625,4471.0,71
2026-09-01 03:51:00-04:00,4469.10009765625,4471.2001953125,4468.5,4471.0,59
2026-09-01 03:52:00-04:00,4468.39990234375,4470.0,4468.2998046875,4469.2998046875,100
2026-09-01 03:53:00-04:00,4467.39990234375,4469.0,4467.2001953125,4468.39990234375,60
2026-09-01 03:54:00-04:00,4467.7001953125,4468.60009765625,4467.2001953125,4467.2998046875,28
2026-09-01 03:55:00-04:00,4470.60009765625,4470.89990234375,4468.10009765625,4468.10009765625,269
2026-09-01 03:56:00-04:00,4469.60009765625,4470.89990234375,4468.2001953125,4470.7001953125,108
2026-09-01 03:57:00-04:00,4468.0,4469.7998046875,4467.39990234375,4469.5,119
2026-09-01 03:58:00-04:00,4466.0,4467.5,4465.7001953125,4467.5,141
2026-09-01 03:59:00-04:00,4468.7001953125,4468.7001953125,4465.7998046875,4466.2001953125,71
2026-09-01 04:00:00-04:00,4465.39990234375,4468.60009765625,4464.2001953125,4468.60009765625,198
2026-09-01 04:01:00-04:00,4465.0,4465.5,4463.89990234375,4465.0,97
2026-09-01 04:02:00-04:00,4463.7998046875,4465.0,4462.7001953125,4464.89990234375,87
2026-09-01 04:03:00-04:00,4461.5,4464.2001953125,4460.7998046875,4463.60009765625,137
2026-09-01 04:04:00-04:00,4459.89990234375,4461.7998046875,4458.7998046875,4461.60009765625,490
2026-09-01 04:05:00-04:00,4459.7998046875,4467.2998046875,4459.2998046875,4459.7998046875,554
2026-09-01 04:06:00-04:00,4454.5,4461.10009765625,4453.5,4459.7998046875,464
2026-09-01 04:07:00-04:00,4454.0,4456.0,4452.89990234375,4455.10009765625,308
2026-09-01 04:08:00-04:00,4452.7998046875,4454.7998046875,4451.5,4453.89990234375,93
2026-09-01 04:09:00-04:00,4444.89990234375,4454.39990234375,4442.2998046875,4453.2001953125,1232
2026-09-01 04:10:00-04:00,4439.60009765625,4445.0,4438.39990234375,4445.0,1000
2026-09-01 04:11:00-04:00,4441.60009765625,4442.89990234375,4438.7998046875,4439.89990234375,578
2026-09-01 04:12:00-04:00,4448.0,4448.2998046875,4441.0,4441.7998046875,415
2026-09-01 04:13:00-04:00,4454.39990234375,4455.7001953125,4446.89990234375,4447.89990234375,800
2026-09-01 04:14:00-04:00,4454.2998046875,4455.39990234375,4452.7001953125,4454.39990234375,164
2026-09-01 04:15:00-04:00,4451.5,4454.89990234375,4450.5,4454.2998046875,175
2026-09-01 04:16:00-04:00,4450.0,4451.2998046875,4448.89990234375,4451.2001953125,147
2026-09-01 04:17:00-04:00,4447.2001953125,4450.2001953125,4446.2998046875,4450.0,130
2026-09-01 04:18:00-04:00,4444.39990234375,4447.39990234375,4443.89990234375,4446.7998046875,204
2026-09-01 04:19:00-04:00,4444.2998046875,4446.10009765625,4443.89990234375,4444.10009765625,144
2026-09-01 04:20:00-04:00,4446.7998046875,4446.89990234375,4443.39990234375,4444.2001953125,190
2026-09-01 04:21:00-04:00,4445.7998046875,4447.39990234375,4444.60009765625,4446.89990234375,219
2026-09-01 04:22:00-04:00,4443.10009765625,4446.2998046875,4442.7998046875,4446.2998046875,88
2026-09-01 04:23:00-04:00,4437.0,4443.60009765625,4436.10009765625,4443.10009765625,593
2026-09-01 04:24:00-04:00,4434.10009765625,4437.2001953125,4433.10009765625,4437.2001953125,550
2026-09-01 04:25:00-04:00,4432.89990234375,4436.60009765625,4432.7001953125,4434.39990234375,190
2026-09-01 04:26:00-04:00,4435.10009765625,4436.0,4431.7998046875,4433.0,358
2026-09-01 04:27:00-04:00,4435.89990234375,4436.60009765625,4434.10009765625,4435.2998046875,134
2026-09-01 04:28:00-04:00,4431.2001953125,4435.5,4430.7998046875,4435.5,256
2026-09-01 04:29:00-04:00,4432.0,4433.10009765625,4430.7001953125,4431.2001953125,140
2026-09-01 04:30:00-04:00,4426.2998046875,4432.60009765625,4425.0,4432.10009765625,719
2026-09-01 04:31:00-04:00,4426.60009765625,4428.7001953125,4424.60009765625,4426.39990234375,362
2026-09-01 04:32:00-04:00,4426.5,4426.60009765625,4422.10009765625,4426.5,547
2026-09-01 04:33:00-04:00,4422.7998046875,4427.10009765625,4421.60009765625,4426.0,348
2026-09-01 04:34:00-04:00,4423.2998046875,4423.89990234375,4421.5,4422.7998046875,254
2026-09-01 04:35:00-04:00,4422.7001953125,4425.2001953125,4422.5,4423.7001953125,224
2026-09-01 04:36:00-04:00,4422.7001953125,4425.7001953125,4421.60009765625,4422.7001953125,312
2026-09-01 04:37:00-04:00,4419.7998046875,4423.10009765625,4419.2998046875,4422.89990234375,375
2026-09-01 04:38:00-04:00,4422.0,4424.89990234375,4418.5,4419.60009765625,256
2026-09-01 04:39:00-04:00,4423.2001953125,4425.39990234375,4419.7998046875,4421.5,224
2026-09-01 04:40:00-04:00,4429.2001953125,4429.7998046875,4422.60009765625,4423.2998046875,443
2026-09-01 04:41:00-04:00,4425.89990234375,4430.0,4425.2998046875,4429.2998046875,259
2026-09-01 04:42:00-04:00,4424.2001953125,4425.7998046875,4423.39990234375,4425.7998046875,256
2026-09-01 04:43:00-04:00,4420.39990234375,4424.60009765625,4419.10009765625,4424.10009765625,194
2026-09-01 04:44:00-04:00,4424.10009765625,4425.7998046875,4420.0,4420.60009765625,263
2026-09-01 04:45:00-04:00,4425.7001953125,4427.0,4423.89990234375,4423.89990234375,89
2026-09-01 04:46:00-04:00,4423.89990234375,4425.7998046875,4422.7998046875,4425.7998046875,112
2026-09-01 04:47:00-04:00,4423.89990234375,4424.10009765625,4417.89990234375,4424.10009765625,376
2026-09-01 04:48:00-04:00,4423.7998046875,4425.39990234375,4422.39990234375,4423.7998046875,235
2026-09-01 04:49:00-04:00,4425.0,4426.2998046875,4423.39990234375,4423.7998046875,191
2026-09-01 04:50:00-04:00,4423.39990234375,4425.7998046875,4421.0,4425.39990234375,152
2026-09-01 04:51:00-04:00,4423.2001953125,4424.7998046875,4422.5,4423.7001953125,93
2026-09-01 04:52:00-04:00,4422.89990234375,4426.5,4421.2998046875,4423.2998046875,335
2026-09-01 04:53:00-04:00,4422.5,4425.7998046875,4422.5,4422.7998046875,100
2026-09-01 04:54:00-04:00,4425.39990234375,4425.39990234375,4421.7998046875,4422.2998046875,148
2026-09-01 04:55:00-04:00,4424.7001953125,4426.60009765625,4424.2998046875,4425.2001953125,200
2026-09-01 04:56:00-04:00,4421.7001953125,4425.10009765625,4420.5,4424.7001953125,169
2026-09-01 04:57:00-04:00,4423.2998046875,4423.60009765625,4421.2998046875,4421.39990234375,70
2026-09-01 04:58:00-04:00,4422.10009765625,4424.5,4420.39990234375,4423.10009765625,114
2026-09-01 04:59:00-04:00,4419.39990234375,4422.2001953125,4418.5,4421.89990234375,299
2026-09-01 05:00:00-04:00,4419.5,4421.89990234375,4418.7001953125,4419.39990234375,217
2026-09-01 05:01:00-04:00,4418.7001953125,4420.60009765625,4416.10009765625,4419.60009765625,344
2026-09-01 05:02:00-04:00,4415.5,4419.2998046875,4415.10009765625,4419.2998046875,198
2026-09-01 05:03:00-04:00,4418.7001953125,4419.89990234375,4414.5,4415.89990234375,428
2026-09-01 05:04:00-04:00,4421.7998046875,4424.0,4418.2001953125,4418.5,260
2026-09-01 05:05:00-04:00,4422.2001953125,4423.39990234375,4420.7001953125,4422.7998046875,375
2026-09-01 05:06:00-04:00,4416.7001953125,4422.0,4416.10009765625,4422.0,348
2026-09-01 05:07:00-04:00,4422.7001953125,4423.2001953125,4416.39990234375,4416.39990234375,199
2026-09-01 05:08:00-04:00,4421.0,4423.39990234375,4420.7001953125,4422.7998046875,128
2026-09-01 05:09:00-04:00,4418.39990234375,4421.39990234375,4417.39990234375,4420.10009765625,94
2026-09-01 05:10:00-04:00,4420.2998046875,4421.0,4417.60009765625,4418.39990234375,114
2026-09-01 05:11:00-04:00,4421.2998046875,4421.2998046875,4419.0,4420.39990234375,201
2026-09-01 05:12:00-04:00,4423.39990234375,4423.7001953125,4420.5,4421.2998046875,155
2026-09-01 05:13:00-04:00,4422.7998046875,4423.7998046875,4422.39990234375,4423.5,81
2026-09-01 05:14:00-04:00,4424.2001953125,4424.60009765625,4422.39990234375,4422.39990234375,91
2026-09-01 05:15:00-04:00,4424.2001953125,4425.2001953125,4423.39990234375,4424.2001953125,103
2026-09-01 05:16:00-04:00,4425.10009765625,4425.5,4423.0,4424.2998046875,178
2026-09-01 05:17:00-04:00,4425.39990234375,4426.2998046875,4423.2998046875,4425.10009765625,143
2026-09-01 05:18:00-04:00,4424.2001953125,4426.60009765625,4423.7001953125,4425.7998046875,225
2026-09-01 05:19:00-04:00,4424.89990234375,4425.2998046875,4424.0,4424.10009765625,143
2026-09-01 05:20:00-04:00,4423.7998046875,4425.39990234375,4423.5,4424.60009765625,74
2026-09-01 05:21:00-04:00,4424.10009765625,4425.2998046875,4423.7001953125,4424.2001953125,58
2026-09-01 05:22:00-04:00,4426.10009765625,4426.2998046875,4423.2001953125,4423.7998046875,101
2026-09-01 05:23:00-04:00,4423.7001953125,4425.89990234375,4423.10009765625,4425.89990234375,74
2026-09-01 05:24:00-04:00,4423.5,4424.2001953125,4422.7001953125,4423.89990234375,68
2026-09-01 05:25:00-04:00,4421.39990234375,4423.89990234375,4420.89990234375,4423.60009765625,185
2026-09-01 05:26:00-04:00,4420.7998046875,4422.89990234375,4420.0,4421.5,498
2026-09-01 05:27:00-04:00,4419.0,4421.5,4419.0,4420.7998046875,99
2026-09-01 05:28:00-04:00,4420.7998046875,4421.39990234375,4420.2001953125,4420.2998046875,37
2026-09-01 05:29:00-04:00,4421.39990234375,4422.2998046875,4419.89990234375,4421.2001953125,146
2026-09-01 05:30:00-04:00,4416.10009765625,4421.7001953125,4415.39990234375,4421.10009765625,490
2026-09-01 05:31:00-04:00,4416.10009765625,4417.89990234375,4415.10009765625,4416.0,343
2026-09-01 05:32:00-04:00,4417.2001953125,4418.10009765625,4415.2001953125,4416.2001953125,360
2026-09-01 05:33:00-04:00,4417.7998046875,4419.5,4415.5,4417.2998046875,184
2026-09-01 05:34:00-04:00,4419.2998046875,4419.7998046875,4416.0,4417.7998046875,367
2026-09-01 05:35:00-04:00,4416.89990234375,4419.7998046875,4416.89990234375,4419.2001953125,232
2026-09-01 05:36:00-04:00,4417.7001953125,4418.0,4416.10009765625,4416.89990234375,80
2026-09-01 05:37:00-04:00,4416.0,4418.7001953125,4416.0,4417.39990234375,243
2026-09-01 05:38:00-04:00,4415.2998046875,4416.89990234375,4415.0,4415.5,158
2026-09-01 05:39:00-04:00,4416.7998046875,4417.10009765625,4414.2001953125,4415.2001953125,164
2026-09-01 05:40:00-04:00,4416.7001953125,4416.89990234375,4414.60009765625,4416.10009765625,109
2026-09-01 05:41:00-04:00,4416.7001953125,4418.2001953125,4415.5,4416.89990234375,100
2026-09-01 05:42:00-04:00,4416.89990234375,4418.0,4415.89990234375,4417.0,88
2026-09-01 05:43:00-04:00,4419.2998046875,4419.5,4415.7998046875,4416.7998046875,121
2026-09-01 05:44:00-04:00,4420.39990234375,4420.5,4418.89990234375,4419.5,159
2026-09-01 05:45:00-04:00,4420.5,4420.89990234375,4418.89990234375,4420.2001953125,193
2026-09-01 05:46:00-04:00,4421.2998046875,4422.0,4420.5,4420.5,131
2026-09-01 05:47:00-04:00,4421.60009765625,4422.5,4419.60009765625,4421.2001953125,186
2026-09-01 05:48:00-04:00,4420.7001953125,4422.2001953125,4420.10009765625,4422.10009765625,265
2026-09-01 05:49:00-04:00,4418.39990234375,4421.0,4418.10009765625,4421.0,105
2026-09-01 05:50:00-04:00,4417.60009765625,4419.2001953125,4417.60009765625,4418.0,99
2026-09-01 05:51:00-04:00,4418.10009765625,4419.60009765625,4417.2998046875,4417.60009765625,56
2026-09-01 05:52:00-04:00,4419.39990234375,4420.0,4417.60009765625,4418.39990234375,75
2026-09-01 05:53:00-04:00,4418.7998046875,4420.5,4418.7001953125,4420.0,77
2026-09-01 05:54:00-04:00,4419.2998046875,4419.39990234375,4418.39990234375,4418.5,66
2026-09-01 05:55:00-04:00,4421.39990234375,4421.39990234375,4418.7001953125,4419.2998046875,107
2026-09-01 05:56:00-04:00,4418.39990234375,4421.7001953125,4417.0,4421.39990234375,162
2026-09-01 05:57:00-04:00,4417.7001953125,4419.0,4417.60009765625,4418.5,25
2026-09-01 05:58:00-04:00,4417.60009765625,4418.2998046875,4416.10009765625,4417.60009765625,58
2026-09-01 05:59:00-04:00,4413.7001953125,4417.39990234375,4413.0,4417.2001953125,314
2026-09-01 06:00:00-04:00,4415.7998046875,4415.7998046875,4413.0,4413.7001953125,166
2026-09-01 06:01:00-04:00,4417.89990234375,4418.5,4415.39990234375,4415.5,73
2026-09-01 06:02:00-04:00,4419.2001953125,4419.60009765625,4418.0,4418.0,71
2026-09-01 06:03:00-04:00,4417.0,4419.10009765625,4416.89990234375,4419.0,77
2026-09-01 06:04:00-04:00,4417.39990234375,4417.7998046875,4415.5,4417.2001953125,52
2026-09-01 06:05:00-04:00,4418.2001953125,4419.0,4417.0,4417.5,73
2026-09-01 06:06:00-04:00,4419.7001953125,4419.7001953125,4416.2998046875,4417.7998046875,128
2026-09-01 06:07:00-04:00,4421.7998046875,4421.7998046875,4419.7001953125,4419.7998046875,269
2026-09-01 06:08:00-04:00,4421.7001953125,4424.0,4421.60009765625,4421.7998046875,286
2026-09-01 06:09:00-04:00,4421.89990234375,4421.89990234375,4420.7001953125,4421.39990234375,46
2026-09-01 06:10:00-04:00,4423.39990234375,4423.60009765625,4421.7998046875,4422.0,73
2026-09-01 06:11:00-04:00,4425.10009765625,4425.39990234375,4423.2998046875,4423.2998046875,110
2026-09-01 06:12:00-04:00,4426.2998046875,4427.2001953125,4425.0,4425.10009765625,121
2026-09-01 06:13:00-04:00,4428.7001953125,4429.2998046875,4426.2001953125,4426.2998046875,279
2026-09-01 06:14:00-04:00,4426.7998046875,4430.7998046875,4426.2001953125,4428.89990234375,652
2026-09-01 06:15:00-04:00,4429.2998046875,4429.60009765625,4426.60009765625,4427.0,118
2026-09-01 06:16:00-04:00,4431.7001953125,4431.89990234375,4429.10009765625,4429.10009765625,137
2026-09-01 06:17:00-04:00,4429.89990234375,4432.0,4429.2001953125,4432.0,134
2026-09-01 06:18:00-04:00,4429.7998046875,4430.2001953125,4429.10009765625,4430.2001953125,79
2026-09-01 06:19:00-04:00,4429.39990234375,4430.60009765625,4429.2001953125,4429.7998046875,40
2026-09-01 06:20:00-04:00,4430.39990234375,4430.39990234375,4428.89990234375,4429.60009765625,61
2026-09-01 06:21:00-04:00,4432.39990234375,4433.10009765625,4430.0,4430.5,94
2026-09-01 06:22:00-04:00,4433.39990234375,4434.10009765625,4430.7998046875,4432.39990234375,303
2026-09-01 06:23:00-04:00,4432.0,4433.60009765625,4431.60009765625,4433.2001953125,65
2026-09-01 06:24:00-04:00,4433.0,4433.10009765625,4432.2001953125,4432.2001953125,44
2026-09-01 06:25:00-04:00,4432.60009765625,4434.2001953125,4432.10009765625,4432.7998046875,96
2026-09-01 06:26:00-04:00,4432.2001953125,4432.60009765625,4431.5,4432.39990234375,33
2026-09-01 06:27:00-04:00,4432.7001953125,4433.7998046875,4431.89990234375,4432.5,100
2026-09-01 06:28:00-04:00,4433.0,4433.2998046875,4431.7001953125,4432.7998046875,61
2026-09-01 06:29:00-04:00,4433.2998046875,4434.10009765625,4432.7001953125,4432.89990234375,80
2026-09-01 06:30:00-04:00,4433.7001953125,4434.0,4433.2001953125,4433.60009765625,46
2026-09-01 06:31:00-04:00,4432.10009765625,4433.39990234375,4431.10009765625,4433.39990234375,82
2026-09-01 06:32:00-04:00,4431.7001953125,4432.2998046875,4430.2001953125,4432.10009765625,132
2026-09-01 06:33:00-04:00,4431.10009765625,4432.10009765625,4430.39990234375,4431.89990234375,63
2026-09-01 06:34:00-04:00,4431.60009765625,4432.2001953125,4431.2001953125,4431.2998046875,28
2026-09-01 06:35:00-04:00,4431.7998046875,4433.2001953125,4431.7998046875,4432.2001953125,66
2026-09-01 06:36:00-04:00,4431.7998046875,4432.7998046875,4431.7001953125,4432.2001953125,42
2026-09-01 06:37:00-04:00,4434.0,4434.2001953125,4432.2001953125,4432.2001953125,128
2026-09-01 06:38:00-04:00,4434.10009765625,4434.10009765625,4433.0,4433.89990234375,60
2026-09-01 06:39:00-04:00,4433.0,4434.0,4432.7001953125,4434.0,43
2026-09-01 06:40:00-04:00,4433.2998046875,4433.5,4432.60009765625,4433.0,51
2026-09-01 06:41:00-04:00,4433.2001953125,4433.60009765625,4432.7998046875,4433.2998046875,46
2026-09-01 06:42:00-04:00,4431.60009765625,4434.60009765625,4431.60009765625,4433.39990234375,69
2026-09-01 06:43:00-04:00,4431.60009765625,4432.60009765625,4431.0,4431.5,73
2026-09-01 06:44:00-04:00,4430.2001953125,4432.2998046875,4430.2001953125,4432.0,136
2026-09-01 06:45:00-04:00,4428.2998046875,4430.2998046875,4427.7001953125,4430.2998046875,224
2026-09-01 06:46:00-04:00,4427.89990234375,4428.7998046875,4427.39990234375,4428.10009765625,101
2026-09-01 06:47:00-04:00,4427.89990234375,4429.39990234375,4425.7998046875,4428.0,334
2026-09-01 06:48:00-04:00,4426.60009765625,4429.5,4425.39990234375,4427.7001953125,271
2026-09-01 06:49:00-04:00,4426.7998046875,4427.10009765625,4425.89990234375,4426.7001953125,53
2026-09-01 06:50:00-04:00,4424.60009765625,4426.89990234375,4424.2998046875,4426.89990234375,75
2026-09-01 06:51:00-04:00,4424.7001953125,4426.0,4424.7001953125,4424.7001953125,82
2026-09-01 06:52:00-04:00,4424.0,4425.5,4424.0,4425.2001953125,41
2026-09-01 06:53:00-04:00,4423.7998046875,4424.7998046875,4423.5,4424.39990234375,151
2026-09-01 06:54:00-04:00,4424.7001953125,4424.7001953125,4423.60009765625,4423.7998046875,57
2026-09-01 06:55:00-04:00,4424.60009765625,4425.60009765625,4424.2998046875,4424.60009765625,58
2026-09-01 06:56:00-04:00,4424.89990234375,4425.89990234375,4424.7001953125,4424.7001953125,80
2026-09-01 06:57:00-04:00,4426.0,4426.10009765625,4424.7998046875,4425.2998046875,43
2026-09-01 06:58:00-04:00,4426.7001953125,4428.2001953125,4426.10009765625,4426.10009765625,124
2026-09-01 06:59:00-04:00,4426.89990234375,4429.2001953125,4426.39990234375,4427.0,562
2026-09-01 07:00:00-04:00,4426.39990234375,4427.2001953125,4426.2998046875,4427.0,38
2026-09-01 07:01:00-04:00,4425.10009765625,4426.0,4424.5,4425.2001953125,172
2026-09-01 07:02:00-04:00,4427.2001953125,4427.60009765625,4425.2998046875,4425.2998046875,58
2026-09-01 07:03:00-04:00,4429.0,4429.10009765625,4426.2001953125,4427.2998046875,38
2026-09-01 07:04:00-04:00,4428.39990234375,4429.7001953125,4427.7001953125,4428.39990234375,111
2026-09-01 07:05:00-04:00,4426.10009765625,4428.60009765625,4425.60009765625,4428.60009765625,87
2026-09-01 07:06:00-04:00,4426.2001953125,4426.5,4425.39990234375,4426.0,33
2026-09-01 07:07:00-04:00,4429.10009765625,4429.10009765625,4426.39990234375,4426.5,29
2026-09-01 07:08:00-04:00,4429.39990234375,4431.2001953125,4428.60009765625,4429.0,132
2026-09-01 07:09:00-04:00,4430.60009765625,4431.2998046875,4429.10009765625,4429.2001953125,91
2026-09-01 07:10:00-04:00,4430.0,4431.2998046875,4429.7998046875,4430.60009765625,58
2026-09-01 07:11:00-04:00,4429.10009765625,4430.2001953125,4428.5,4429.7001953125,86
2026-09-01 07:12:00-04:00,4430.7001953125,4431.7998046875,4429.39990234375,4429.39990234375,99
2026-09-01 07:13:00-04:00,4429.10009765625,4430.2001953125,4428.5,4430.2001953125,57
2026-09-01 07:14:00-04:00,4425.7998046875,4429.0,4424.89990234375,4428.89990234375,145
2026-09-01 07:15:00-04:00,4425.7001953125,4426.0,4424.2998046875,4425.7998046875,72
2026-09-01 07:16:00-04:00,4423.7998046875,4425.7998046875,4423.7998046875,4425.7998046875,59
2026-09-01 07:17:00-04:00,4424.2998046875,4424.60009765625,4423.2001953125,4423.7001953125,159
2026-09-01 07:18:00-04:00,4424.7998046875,4424.7998046875,4423.7001953125,4424.2001953125,62
2026-09-01 07:19:00-04:00,4424.7001953125,4425.89990234375,4424.7001953125,4424.7998046875,54
2026-09-01 07:20:00-04:00,4426.10009765625,4426.60009765625,4424.2998046875,4424.7998046875,223
2026-09-01 07:21:00-04:00,4425.89990234375,4430.2998046875,4425.89990234375,4426.0,220
2026-09-01 07:22:00-04:00,4425.5,4426.5,4424.7001953125,4425.7001953125,113
2026-09-01 07:23:00-04:00,4426.2001953125,4426.2001953125,4424.89990234375,4424.89990234375,16
2026-09-01 07:24:00-04:00,4426.5,4426.5,4425.2998046875,4425.89990234375,29
2026-09-01 07:25:00-04:00,4425.2998046875,4427.10009765625,4425.2998046875,4426.10009765625,46
2026-09-01 07:26:00-04:00,4426.5,4426.60009765625,4425.2001953125,4426.10009765625,44
2026-09-01 07:27:00-04:00,4428.0,4428.2001953125,4426.60009765625,4426.60009765625,74
2026-09-01 07:28:00-04:00,4428.39990234375,4430.2998046875,4427.2998046875,4427.7998046875,209
2026-09-01 07:29:00-04:00,4429.2001953125,4430.39990234375,4427.89990234375,4428.0,115
2026-09-01 07:30:00-04:00,4430.0,4430.10009765625,4426.89990234375,4429.0,120
2026-09-01 07:31:00-04:00,4429.60009765625,4430.39990234375,4429.2998046875,4429.5,67
2026-09-01 07:32:00-04:00,4429.89990234375,4430.89990234375,4429.5,4430.0,37
2026-09-01 07:33:00-04:00,4429.89990234375,4430.0,4429.2001953125,4429.60009765625,22
2026-09-01 07:34:00-04:00,4429.2001953125,4430.0,4428.5,4429.5,58
2026-09-01 07:35:00-04:00,4427.60009765625,4429.2998046875,4427.5,4429.10009765625,39
2026-09-01 07:36:00-04:00,4429.7001953125,4430.10009765625,4427.60009765625,4428.0,50
2026-09-01 07:37:00-04:00,4428.7998046875,4430.2998046875,4428.10009765625,4429.7001953125,68
2026-09-01 07:38:00-04:00,4431.89990234375,4432.7998046875,4428.7998046875,4428.7998046875,455
2026-09-01 07:39:00-04:00,4432.5,4432.5,4431.2001953125,4431.7998046875,115
2026-09-01 07:40:00-04:00,4431.7001953125,4433.10009765625,4431.7001953125,4432.2998046875,118
2026-09-01 07:41:00-04:00,4432.0,4433.0,4431.60009765625,4432.0,66
2026-09-01 07:42:00-04:00,4432.5,4432.7001953125,4431.2001953125,4432.0,81
2026-09-01 07:43:00-04:00,4432.7001953125,4433.39990234375,4432.2998046875,4432.7001953125,48
2026-09-01 07:44:00-04:00,4432.7001953125,4433.2998046875,4432.60009765625,4432.7001953125,74
2026-09-01 07:45:00-04:00,4433.39990234375,4433.39990234375,4432.10009765625,4432.7998046875,57
2026-09-01 07:46:00-04:00,4434.7998046875,4435.2001953125,4432.7998046875,4433.39990234375,198
2026-09-01 07:47:00-04:00,4434.39990234375,4435.39990234375,4433.0,4434.39990234375,196
2026-09-01 07:48:00-04:00,4435.7001953125,4435.7001953125,4434.5,4434.7998046875,51
2026-09-01 07:49:00-04:00,4434.0,4435.5,4433.89990234375,4435.2998046875,75
2026-09-01 07:50:00-04:00,4433.5,4435.10009765625,4433.39990234375,4433.89990234375,135
2026-09-01 07:51:00-04:00,4434.2001953125,4435.39990234375,4433.2001953125,4433.7998046875,197
2026-09-01 07:52:00-04:00,4431.0,4434.10009765625,4431.0,4434.0,105
2026-09-01 07:53:00-04:00,4429.5,4431.2001953125,4429.2998046875,4431.10009765625,90
2026-09-01 07:54:00-04:00,4427.7998046875,4430.10009765625,4427.2998046875,4429.7998046875,89
2026-09-01 07:55:00-04:00,4426.10009765625,4427.60009765625,4425.10009765625,4427.5,178
2026-09-01 07:56:00-04:00,4424.89990234375,4426.89990234375,4424.0,4426.2998046875,211
2026-09-01 07:57:00-04:00,4424.2001953125,4425.0,4423.2998046875,4424.89990234375,142
2026-09-01 07:58:00-04:00,4422.2998046875,4424.2998046875,4420.5,4423.7998046875,341
2026-09-01 07:59:00-04:00,4422.89990234375,4423.5,4421.7998046875,4422.0,170
2026-09-01 08:00:00-04:00,4419.7001953125,4423.2001953125,4419.60009765625,4423.0,257
2026-09-01 08:01:00-04:00,4418.89990234375,4421.2001953125,4418.60009765625,4419.89990234375,235
2026-09-01 08:02:00-04:00,4421.2001953125,4421.2001953125,4418.0,4419.2998046875,95
2026-09-01 08:03:00-04:00,4420.89990234375,4422.10009765625,4419.60009765625,4421.2001953125,255
2026-09-01 08:04:00-04:00,4420.2998046875,4421.39990234375,4420.2001953125,4421.10009765625,102
2026-09-01 08:05:00-04:00,4419.60009765625,4420.2998046875,4419.0,4420.2001953125,93
2026-09-01 08:06:00-04:00,4420.10009765625,4420.60009765625,4418.5,4419.7001953125,197
2026-09-01 08:07:00-04:00,4419.60009765625,4421.39990234375,4419.2001953125,4419.5,100
2026-09-01 08:08:00-04:00,4419.60009765625,4421.5,4419.2998046875,4420.2001953125,123
2026-09-01 08:09:00-04:00,4419.2001953125,4420.7998046875,4418.89990234375,4419.5,104
2026-09-01 08:10:00-04:00,4416.7998046875,4419.39990234375,4416.60009765625,4419.2998046875,674
2026-09-01 08:11:00-04:00,4416.7998046875,4417.2998046875,4415.39990234375,4416.7998046875,210
2026-09-01 08:12:00-04:00,4419.0,4419.10009765625,4415.60009765625,4416.7998046875,340
2026-09-01 08:13:00-04:00,4419.89990234375,4420.7998046875,4418.39990234375,4418.7998046875,111
2026-09-01 08:14:00-04:00,4419.5,4420.89990234375,4418.0,4419.60009765625,136
2026-09-01 08:15:00-04:00,4419.2001953125,4420.2998046875,4418.39990234375,4419.2001953125,105
2026-09-01 08:16:00-04:00,4419.7001953125,4420.60009765625,4418.7998046875,4419.2001953125,80
2026-09-01 08:17:00-04:00,4421.5,4421.7001953125,4419.2001953125,4420.0,94
2026-09-01 08:18:00-04:00,4421.7998046875,4421.7998046875,4419.39990234375,4421.7001953125,140
2026-09-01 08:19:00-04:00,4419.5,4424.0,4418.60009765625,4421.60009765625,253
2026-09-01 08:20:00-04:00,4418.39990234375,4420.2998046875,4414.2998046875,4419.7001953125,423
2026-09-01 08:21:00-04:00,4417.10009765625,4418.2998046875,4416.0,4418.2998046875,157
2026-09-01 08:22:00-04:00,4418.7001953125,4419.39990234375,4416.0,4417.39990234375,120
2026-09-01 08:23:00-04:00,4417.10009765625,4418.39990234375,4415.0,4418.39990234375,135
2026-09-01 08:24:00-04:00,4416.7001953125,4417.89990234375,4414.7001953125,4417.10009765625,217
2026-09-01 08:25:00-04:00,4418.89990234375,4419.2001953125,4416.2998046875,4416.39990234375,171
2026-09-01 08:26:00-04:00,4424.60009765625,4424.89990234375,4418.39990234375,4418.7998046875,496
2026-09-01 08:27:00-04:00,4421.7001953125,4424.39990234375,4421.7001953125,4424.2001953125,212
2026-09-01 08:28:00-04:00,4421.5,4422.2998046875,4420.7001953125,4421.7998046875,88
2026-09-01 08:29:00-04:00,4417.10009765625,4422.0,4416.2998046875,4421.2001953125,155
2026-09-01 08:30:00-04:00,4416.0,4417.5,4415.0,4416.89990234375,214
2026-09-01 08:31:00-04:00,4415.0,4417.10009765625,4414.89990234375,4416.10009765625,238
2026-09-01 08:32:00-04:00,4411.7001953125,4415.39990234375,4409.39990234375,4414.7998046875,970
2026-09-01 08:33:00-04:00,4411.7998046875,4412.2998046875,4411.0,4411.7001953125,197
2026-09-01 08:34:00-04:00,4407.5,4412.2998046875,4407.10009765625,4411.60009765625,427
2026-09-01 08:35:00-04:00,4405.5,4408.0,4404.2998046875,4407.2998046875,783
2026-09-01 08:36:00-04:00,4402.2001953125,4406.7998046875,4401.89990234375,4405.2998046875,488
2026-09-01 08:37:00-04:00,4401.60009765625,4402.7001953125,4400.39990234375,4402.5,306
2026-09-01 08:38:00-04:00,4405.10009765625,4405.2998046875,4400.5,4401.60009765625,558
2026-09-01 08:39:00-04:00,4406.2998046875,4409.7001953125,4403.39990234375,4404.89990234375,536
2026-09-01 08:40:00-04:00,4406.5,4406.60009765625,4404.7998046875,4406.10009765625,170
2026-09-01 08:41:00-04:00,4406.60009765625,4407.2001953125,4404.5,4406.60009765625,200
2026-09-01 08:42:00-04:00,4405.2998046875,4406.7998046875,4403.60009765625,4406.10009765625,208
2026-09-01 08:43:00-04:00,4408.7998046875,4409.10009765625,4405.2001953125,4405.5,243
2026-09-01 08:44:00-04:00,4413.2001953125,4413.60009765625,4408.60009765625,4408.60009765625,460
2026-09-01 08:45:00-04:00,4415.39990234375,4416.0,4413.0,4413.2001953125,315
2026-09-01 08:46:00-04:00,4414.7001953125,4416.7001953125,4413.89990234375,4415.89990234375,262
2026-09-01 08:47:00-04:00,4416.10009765625,4418.5,4414.5,4414.7998046875,469
2026-09-01 08:48:00-04:00,4412.10009765625,4415.89990234375,4412.10009765625,4415.7998046875,315
2026-09-01 08:49:00-04:00,4413.10009765625,4413.89990234375,4411.39990234375,4412.2001953125,146
2026-09-01 08:50:00-04:00,4410.7001953125,4413.2998046875,4410.7001953125,4412.2001953125,193
2026-09-01 08:51:00-04:00,4413.5,4413.7001953125,4410.89990234375,4410.89990234375,96
2026-09-01 08:52:00-04:00,4412.60009765625,4413.7001953125,4411.0,4413.39990234375,271
2026-09-01 08:53:00-04:00,4412.2998046875,4413.0,4410.2001953125,4412.2998046875,150
2026-09-01 08:54:00-04:00,4411.7998046875,4412.2001953125,4411.2001953125,4411.7998046875,69
2026-09-01 08:55:00-04:00,4409.60009765625,4411.60009765625,4408.7998046875,4411.39990234375,122
2026-09-01 08:56:00-04:00,4409.5,4409.89990234375,4407.10009765625,4409.7998046875,127
2026-09-01 08:57:00-04:00,4409.39990234375,4411.10009765625,4408.60009765625,4409.60009765625,283
2026-09-01 08:58:00-04:00,4408.5,4409.7001953125,4407.2001953125,4409.7001953125,226
2026-09-01 08:59:00-04:00,4404.7001953125,4408.5,4404.5,4408.5,315
2026-09-01 09:00:00-04:00,4399.2001953125,4406.2998046875,4397.60009765625,4404.60009765625,1837
2026-09-01 09:01:00-04:00,4393.0,4399.10009765625,4390.7001953125,4398.89990234375,2022
2026-09-01 09:02:00-04:00,4389.60009765625,4397.10009765625,4389.10009765625,4393.2001953125,976
2026-09-01 09:03:00-04:00,4387.2001953125,4391.89990234375,4385.0,4389.7001953125,1566
2026-09-01 09:04:00-04:00,4388.0,4391.0,4385.10009765625,4387.5,721
2026-09-01 09:05:00-04:00,4385.39990234375,4387.89990234375,4382.5,4387.7998046875,933
2026-09-01 09:06:00-04:00,4383.7001953125,4387.2998046875,4383.7001953125,4385.39990234375,751
2026-09-01 09:07:00-04:00,4387.7998046875,4388.60009765625,4383.7001953125,4383.7001953125,684
2026-09-01 09:08:00-04:00,4388.5,4391.39990234375,4386.60009765625,4387.39990234375,541
2026-09-01 09:09:00-04:00,4380.10009765625,4389.0,4376.7998046875,4388.0,1219
2026-09-01 09:10:00-04:00,4379.2998046875,4381.7998046875,4378.2001953125,4380.2001953125,866
2026-09-01 09:11:00-04:00,4377.2001953125,4381.2998046875,4376.5,4379.2998046875,769
2026-09-01 09:12:00-04:00,4379.60009765625,4379.60009765625,4374.10009765625,4376.89990234375,1167
2026-09-01 09:13:00-04:00,4382.2998046875,4383.89990234375,4379.0,4379.60009765625,737
2026-09-01 09:14:00-04:00,4377.5,4383.2998046875,4376.7001953125,4382.7001953125,403
2026-09-01 09:15:00-04:00,4379.5,4380.2001953125,4376.7001953125,4377.60009765625,301
2026-09-01 09:16:00-04:00,4379.89990234375,4381.2998046875,4377.2001953125,4379.60009765625,563
2026-09-01 09:17:00-04:00,4379.7998046875,4379.89990234375,4376.5,4379.2001953125,441
2026-09-01 09:18:00-04:00,4376.2001953125,4379.89990234375,4374.5,4379.7998046875,455
2026-09-01 09:19:00-04:00,4381.7998046875,4382.2998046875,4375.7998046875,4376.2998046875,458
2026-09-01 09:20:00-04:00,4380.60009765625,4382.60009765625,4379.39990234375,4382.2001953125,395
2026-09-01 09:21:00-04:00,4382.60009765625,4383.2998046875,4379.7001953125,4380.5,317
2026-09-01 09:22:00-04:00,4382.2998046875,4383.60009765625,4380.10009765625,4382.2998046875,223
2026-09-01 09:23:00-04:00,4383.60009765625,4384.2001953125,4382.0,4382.39990234375,189
2026-09-01 09:24:00-04:00,4384.10009765625,4385.5,4381.60009765625,4383.7998046875,321
2026-09-01 09:25:00-04:00,4386.7998046875,4387.0,4383.2001953125,4384.2001953125,322
2026-09-01 09:26:00-04:00,4387.5,4389.39990234375,4386.5,4386.7001953125,419
2026-09-01 09:27:00-04:00,4386.39990234375,4388.5,4386.39990234375,4387.2001953125,379
2026-09-01 09:28:00-04:00,4389.89990234375,4389.89990234375,4385.7998046875,4386.2998046875,395
2026-09-01 09:29:00-04:00,4391.10009765625,4392.60009765625,4389.7998046875,4389.89990234375,381
2026-09-01 09:30:00-04:00,4395.2998046875,4395.39990234375,4389.2001953125,4391.0,795
2026-09-01 09:31:00-04:00,4397.60009765625,4399.7998046875,4394.60009765625,4395.2001953125,737
2026-09-01 09:32:00-04:00,4398.39990234375,4401.39990234375,4395.7001953125,4397.39990234375,708
2026-09-01 09:33:00-04:00,4401.10009765625,4402.5,4398.39990234375,4398.39990234375,776
2026-09-01 09:34:00-04:00,4400.7001953125,4402.7998046875,4399.39990234375,4401.10009765625,615
2026-09-01 09:35:00-04:00,4396.7001953125,4402.89990234375,4396.2998046875,4400.7998046875,687
2026-09-01 09:36:00-04:00,4396.2001953125,4397.7001953125,4394.5,4397.10009765625,492
2026-09-01 09:37:00-04:00,4403.39990234375,4404.7001953125,4396.2001953125,4396.2998046875,396
2026-09-01 09:38:00-04:00,4401.60009765625,4404.2001953125,4401.5,4403.10009765625,322
2026-09-01 09:39:00-04:00,4400.89990234375,4403.39990234375,4400.89990234375,4401.60009765625,126
2026-09-01 09:40:00-04:00,4401.7001953125,4403.0,4400.0,4401.0,185
2026-09-01 09:41:00-04:00,4402.2001953125,4403.2001953125,4399.10009765625,4401.89990234375,184
2026-09-01 09:42:00-04:00,4403.7001953125,4403.7001953125,4401.39990234375,4402.0,247
2026-09-01 09:43:00-04:00,4407.2001953125,4407.7998046875,4402.39990234375,4403.39990234375,503
2026-09-01 09:44:00-04:00,4409.7001953125,4410.60009765625,4406.2998046875,4407.10009765625,381
2026-09-01 09:45:00-04:00,4408.7998046875,4410.10009765625,4406.7998046875,4409.89990234375,502
2026-09-01 09:46:00-04:00,4403.7001953125,4409.60009765625,4403.7001953125,4409.0,417
2026-09-01 09:47:00-04:00,4406.7998046875,4407.7998046875,4401.7998046875,4403.89990234375,233
2026-09-01 09:48:00-04:00,4408.39990234375,4409.5,4405.7998046875,4406.60009765625,208
2026-09-01 09:49:00-04:00,4409.39990234375,4409.39990234375,4405.89990234375,4408.39990234375,296
2026-09-01 09:50:00-04:00,4408.7998046875,4410.5,4406.39990234375,4408.7998046875,309
2026-09-01 09:51:00-04:00,4410.0,4410.2001953125,4407.7998046875,4408.60009765625,200
2026-09-01 09:52:00-04:00,4408.7998046875,4413.0,4408.7998046875,4410.10009765625,280
2026-09-01 09:53:00-04:00,4410.0,4411.2998046875,4408.7001953125,4408.7998046875,181
2026-09-01 09:54:00-04:00,4405.89990234375,4410.10009765625,4404.7998046875,4410.0,307
2026-09-01 09:55:00-04:00,4408.10009765625,4408.39990234375,4405.7998046875,4406.2001953125,247
2026-09-01 09:56:00-04:00,4410.0,4410.7998046875,4407.2998046875,4408.2998046875,139
2026-09-01 09:57:00-04:00,4407.7998046875,4411.2001953125,4407.7001953125,4410.10009765625,154
2026-09-01 09:58:00-04:00,4408.5,4410.2998046875,4408.10009765625,4408.10009765625,135
2026-09-01 09:59:00-04:00,4413.89990234375,4415.89990234375,4408.89990234375,4409.10009765625,353
2026-09-01 10:00:00-04:00,4410.7001953125,4419.5,4408.60009765625,4414.2001953125,896
2026-09-01 10:01:00-04:00,4410.0,4412.89990234375,4409.5,4410.60009765625,538
2026-09-01 10:02:00-04:00,4408.0,4411.10009765625,4406.39990234375,4410.2001953125,476
2026-09-01 10:03:00-04:00,4406.89990234375,4408.89990234375,4401.5,4407.7998046875,1107
2026-09-01 10:04:00-04:00,4402.10009765625,4407.0,4402.0,4406.7998046875,471
2026-09-01 10:05:00-04:00,4404.89990234375,4406.5,4401.7001953125,4402.0,355
2026-09-01 10:06:00-04:00,4407.10009765625,4410.2001953125,4405.2998046875,4405.5,290
2026-09-01 10:07:00-04:00,4411.10009765625,4411.7001953125,4407.2998046875,4407.60009765625,258
2026-09-01 10:08:00-04:00,4413.60009765625,4414.10009765625,4410.5,4411.7998046875,253
2026-09-01 10:09:00-04:00,4414.60009765625,4418.2001953125,4413.39990234375,4413.5,479
2026-09-01 10:10:00-04:00,4415.7001953125,4415.89990234375,4412.7998046875,4414.60009765625,217
2026-09-01 10:11:00-04:00,4415.2998046875,4416.0,4413.7998046875,4415.5,156
2026-09-01 10:12:00-04:00,4411.7001953125,4415.2998046875,4410.7998046875,4415.2001953125,202
2026-09-01 10:13:00-04:00,4412.7998046875,4414.2001953125,4411.0,4411.7001953125,131
2026-09-01 10:14:00-04:00,4419.0,4419.0,4412.7998046875,4412.7998046875,624
2026-09-01 10:15:00-04:00,4420.5,4421.0,4417.39990234375,4419.0,445
2026-09-01 10:16:00-04:00,4420.39990234375,4421.2998046875,4417.7998046875,4420.2998046875,274
2026-09-01 10:17:00-04:00,4420.7998046875,4421.2001953125,4417.60009765625,4420.7001953125,236
2026-09-01 10:18:00-04:00,4420.7998046875,4423.2998046875,4420.60009765625,4421.2001953125,541
2026-09-01 10:19:00-04:00,4420.0,4420.89990234375,4419.60009765625,4420.60009765625,144
2026-09-01 10:20:00-04:00,4422.7998046875,4423.10009765625,4419.89990234375,4420.2001953125,166
2026-09-01 10:21:00-04:00,4422.60009765625,4423.2001953125,4421.0,4422.89990234375,190
2026-09-01 10:22:00-04:00,4423.60009765625,4423.7998046875,4421.10009765625,4422.7998046875,173
2026-09-01 10:23:00-04:00,4423.89990234375,4424.2001953125,4421.7998046875,4423.10009765625,237
2026-09-01 10:24:00-04:00,4422.10009765625,4424.2998046875,4421.7998046875,4423.89990234375,183
2026-09-01 10:25:00-04:00,4422.0,4422.89990234375,4421.7998046875,4422.2001953125,116
2026-09-01 10:26:00-04:00,4417.39990234375,4421.89990234375,4416.89990234375,4421.89990234375,313
2026-09-01 10:27:00-04:00,4419.0,4419.60009765625,4416.2998046875,4417.60009765625,263
2026-09-01 10:28:00-04:00,4417.39990234375,4420.0,4416.7001953125,4419.10009765625,93
2026-09-01 10:29:00-04:00,4414.39990234375,4417.39990234375,4414.10009765625,4416.89990234375,598
2026-09-01 10:30:00-04:00,4416.2001953125,4417.2001953125,4414.39990234375,4414.5,278
2026-09-01 10:31:00-04:00,4416.89990234375,4418.5,4415.5,4416.2998046875,223
2026-09-01 10:32:00-04:00,4417.0,4417.60009765625,4414.89990234375,4416.7001953125,229
2026-09-01 10:33:00-04:00,4418.2998046875,4419.89990234375,4415.7998046875,4417.2001953125,144
2026-09-01 10:34:00-04:00,4420.60009765625,4420.60009765625,4417.7998046875,4418.2001953125,121
2026-09-01 10:35:00-04:00,4419.39990234375,4421.7998046875,4418.89990234375,4420.60009765625,231
2026-09-01 10:36:00-04:00,4418.7998046875,4420.7001953125,4418.7001953125,4419.7998046875,131
2026-09-01 10:37:00-04:00,4416.7001953125,4419.7001953125,4416.5,4418.60009765625,153
2026-09-01 10:38:00-04:00,4416.2998046875,4418.7001953125,4415.39990234375,4417.0,184
2026-09-01 10:39:00-04:00,4414.39990234375,4416.2998046875,4413.5,4416.2998046875,127
2026-09-01 10:40:00-04:00,4415.5,4416.10009765625,4413.39990234375,4414.2998046875,201
2026-09-01 10:41:00-04:00,4414.0,4415.7001953125,4412.7001953125,4415.5,151
2026-09-01 10:42:00-04:00,4414.10009765625,4415.7001953125,4413.39990234375,4413.7001953125,129
2026-09-01 10:43:00-04:00,4413.5,4415.89990234375,4413.5,4414.39990234375,99
2026-09-01 10:44:00-04:00,4414.7001953125,4415.0,4412.60009765625,4413.10009765625,128
2026-09-01 10:45:00-04:00,4416.7998046875,4417.0,4414.60009765625,4415.2001953125,136
2026-09-01 10:46:00-04:00,4417.7001953125,4417.7998046875,4413.5,4417.0,263
2026-09-01 10:47:00-04:00,4417.10009765625,4418.7001953125,4416.89990234375,4417.60009765625,323
2026-09-01 10:48:00-04:00,4413.7998046875,4418.2001953125,4413.7998046875,4417.2001953125,230
2026-09-01 10:49:00-04:00,4410.10009765625,4414.0,4408.7998046875,4413.7998046875,510
2026-09-01 10:50:00-04:00,4412.5,4413.5,4409.7998046875,4410.2001953125,380
2026-09-01 10:51:00-04:00,4414.7001953125,4416.39990234375,4412.39990234375,4412.39990234375,442
2026-09-01 10:52:00-04:00,4411.7001953125,4415.7998046875,4410.89990234375,4414.5,316
2026-09-01 10:53:00-04:00,4410.5,4413.5,4410.5,4412.2001953125,270
2026-09-01 10:54:00-04:00,4408.5,4410.7998046875,4407.2998046875,4410.60009765625,269
2026-09-01 10:55:00-04:00,4408.2998046875,4409.39990234375,4407.5,4408.7001953125,128
2026-09-01 10:56:00-04:00,4405.89990234375,4408.10009765625,4405.2001953125,4408.10009765625,323
2026-09-01 10:57:00-04:00,4405.7001953125,4406.7998046875,4405.60009765625,4406.10009765625,118
2026-09-01 10:58:00-04:00,4407.2001953125,4408.39990234375,4406.0,4406.0,167
2026-09-01 10:59:00-04:00,4408.7998046875,4409.10009765625,4406.10009765625,4407.2998046875,100
2026-09-01 11:00:00-04:00,4411.0,4411.0,4406.7998046875,4409.10009765625,187
2026-09-01 11:01:00-04:00,4410.5,4411.5,4409.10009765625,4411.10009765625,96
2026-09-01 11:02:00-04:00,4407.2998046875,4410.0,4406.2001953125,4410.0,107
2026-09-01 11:03:00-04:00,4404.2001953125,4407.5,4403.89990234375,4407.0,154
2026-09-01 11:04:00-04:00,4406.10009765625,4406.2001953125,4403.39990234375,4404.39990234375,155
2026-09-01 11:05:00-04:00,4407.10009765625,4407.7001953125,4404.7998046875,4405.7998046875,92
2026-09-01 11:06:00-04:00,4405.5,4407.2001953125,4405.0,4406.5,89
2026-09-01 11:07:00-04:00,4405.7998046875,4407.2001953125,4405.39990234375,4406.10009765625,77
2026-09-01 11:08:00-04:00,4406.89990234375,4407.5,4405.39990234375,4405.89990234375,107
2026-09-01 11:09:00-04:00,4408.2998046875,4408.7001953125,4407.10009765625,4407.10009765625,112
2026-09-01 11:10:00-04:00,4409.10009765625,4410.2998046875,4407.39990234375,4408.2001953125,127
2026-09-01 11:11:00-04:00,4407.7001953125,4411.2001953125,4407.5,4408.89990234375,200
2026-09-01 11:12:00-04:00,4407.5,4408.60009765625,4406.2001953125,4408.2001953125,210
2026-09-01 11:13:00-04:00,4406.60009765625,4408.2001953125,4406.39990234375,4406.89990234375,140
2026-09-01 11:14:00-04:00,4405.2998046875,4407.10009765625,4404.89990234375,4406.39990234375,177
2026-09-01 11:15:00-04:00,4405.60009765625,4407.10009765625,4404.5,4405.39990234375,249
2026-09-01 11:16:00-04:00,4405.89990234375,4407.2998046875,4404.39990234375,4405.2998046875,177
2026-09-01 11:17:00-04:00,4409.0,4409.10009765625,4406.10009765625,4406.2001953125,159
2026-09-01 11:18:00-04:00,4410.89990234375,4411.10009765625,4408.39990234375,4408.7001953125,133
2026-09-01 11:19:00-04:00,4411.5,4412.10009765625,4409.7998046875,4411.39990234375,236
2026-09-01 11:20:00-04:00,4411.89990234375,4413.2001953125,4411.2998046875,4411.2998046875,98
2026-09-01 11:21:00-04:00,4411.89990234375,4413.2998046875,4411.60009765625,4412.39990234375,113
2026-09-01 11:22:00-04:00,4411.7001953125,4413.60009765625,4411.7001953125,4412.2001953125,224
2026-09-01 11:23:00-04:00,4411.7998046875,4412.7001953125,4411.0,4412.0,71
2026-09-01 11:24:00-04:00,4410.39990234375,4412.2001953125,4409.7001953125,4411.89990234375,139
2026-09-01 11:25:00-04:00,4407.2998046875,4410.39990234375,4406.89990234375,4410.2998046875,205
2026-09-01 11:26:00-04:00,4407.89990234375,4408.2001953125,4407.0,4407.39990234375,220
2026-09-01 11:27:00-04:00,4409.2001953125,4409.5,4407.10009765625,4407.60009765625,161
2026-09-01 11:28:00-04:00,4411.39990234375,4411.7001953125,4408.5,4408.89990234375,199
2026-09-01 11:29:00-04:00,4414.2001953125,4414.2001953125,4411.39990234375,4411.5,134
2026-09-01 11:30:00-04:00,4412.89990234375,4414.7001953125,4412.39990234375,4414.0,141
2026-09-01 11:31:00-04:00,4412.60009765625,4413.7998046875,4411.10009765625,4412.7001953125,73
2026-09-01 11:32:00-04:00,4412.39990234375,4413.2998046875,4411.39990234375,4412.7998046875,43
2026-09-01 11:33:00-04:00,4413.2998046875,4414.2001953125,4411.5,4412.2998046875,119
2026-09-01 11:34:00-04:00,4411.5,4415.39990234375,4411.2001953125,4413.5,161
2026-09-01 11:35:00-04:00,4412.2001953125,4412.60009765625,4409.7998046875,4411.0,128
2026-09-01 11:36:00-04:00,4413.0,4413.2998046875,4411.7001953125,4412.39990234375,88
2026-09-01 11:37:00-04:00,4412.89990234375,4412.89990234375,4411.2001953125,4412.7001953125,63
2026-09-01 11:38:00-04:00,4412.60009765625,4415.10009765625,4412.5,4413.2001953125,87
2026-09-01 11:39:00-04:00,4412.10009765625,4412.7001953125,4411.60009765625,4412.2001953125,84
2026-09-01 11:40:00-04:00,4415.10009765625,4415.10009765625,4412.39990234375,4412.5,104
2026-09-01 11:41:00-04:00,4414.7001953125,4416.0,4414.2001953125,4415.0,235
2026-09-01 11:42:00-04:00,4414.2001953125,4415.2001953125,4413.89990234375,4414.7001953125,81
2026-09-01 11:43:00-04:00,4416.7998046875,4417.2001953125,4414.2998046875,4414.2998046875,89
2026-09-01 11:44:00-04:00,4419.10009765625,4419.10009765625,4415.7998046875,4416.39990234375,250
2026-09-01 11:45:00-04:00,4419.2001953125,4420.0,4418.7998046875,4419.2001953125,138
2026-09-01 11:46:00-04:00,4418.2998046875,4419.2998046875,4417.2998046875,4419.10009765625,238
2026-09-01 11:47:00-04:00,4418.2001953125,4419.2001953125,4417.89990234375,4418.39990234375,176
2026-09-01 11:48:00-04:00,4417.2998046875,4419.0,4417.0,4418.60009765625,92
2026-09-01 11:49:00-04:00,4419.7001953125,4419.7998046875,4417.10009765625,4417.5,74
2026-09-01 11:50:00-04:00,4418.10009765625,4419.60009765625,4418.0,4419.60009765625,64
2026-09-01 11:51:00-04:00,4420.10009765625,4421.39990234375,4418.10009765625,4418.2998046875,194
2026-09-01 11:52:00-04:00,4419.10009765625,4420.5,4419.10009765625,4420.2998046875,71
2026-09-01 11:53:00-04:00,4419.7998046875,4420.0,4419.2001953125,4419.60009765625,41
2026-09-01 11:54:00-04:00,4421.5,4421.7998046875,4419.0,4419.7998046875,112
2026-09-01 11:55:00-04:00,4421.5,4421.89990234375,4421.0,4421.2001953125,90
2026-09-01 11:56:00-04:00,4420.2001953125,4422.7001953125,4420.2001953125,4421.60009765625,149
2026-09-01 11:57:00-04:00,4419.60009765625,4420.60009765625,4419.0,4420.2001953125,108
2026-09-01 11:58:00-04:00,4420.2998046875,4420.7998046875,4419.7998046875,4420.0,48
2026-09-01 11:59:00-04:00,4421.7001953125,4422.10009765625,4420.5,4420.5,66
2026-09-01 12:00:00-04:00,4422.7001953125,4423.2998046875,4421.0,4421.60009765625,119
2026-09-01 12:01:00-04:00,4420.7998046875,4421.7998046875,4420.5,4421.7998046875,134
2026-09-01 12:02:00-04:00,4420.5,4421.7998046875,4420.10009765625,4420.89990234375,102
2026-09-01 12:03:00-04:00,4420.7001953125,4421.7998046875,4420.2998046875,4421.10009765625,58
2026-09-01 12:04:00-04:00,4420.60009765625,4420.7998046875,4420.0,4420.39990234375,98
2026-09-01 12:05:00-04:00,4420.7001953125,4421.89990234375,4420.0,4420.5,107
2026-09-01 12:06:00-04:00,4417.5,4421.2998046875,4417.5,4421.0,143
2026-09-01 12:07:00-04:00,4419.0,4419.60009765625,4417.60009765625,4417.7001953125,101
2026-09-01 12:08:00-04:00,4418.10009765625,4419.0,4417.0,4418.89990234375,196
2026-09-01 12:09:00-04:00,4416.60009765625,4418.60009765625,4416.60009765625,4418.60009765625,82
2026-09-01 12:10:00-04:00,4416.39990234375,4417.2001953125,4414.7998046875,4416.60009765625,387
2026-09-01 12:11:00-04:00,4413.5,4416.7001953125,4413.39990234375,4416.60009765625,169
2026-09-01 12:12:00-04:00,4414.0,4415.10009765625,4413.39990234375,4413.5,155
2026-09-01 12:13:00-04:00,4414.2998046875,4415.0,4413.2001953125,4414.2998046875,108
2026-09-01 12:14:00-04:00,4410.7001953125,4414.5,4410.7001953125,4414.2998046875,248
2026-09-01 12:15:00-04:00,4412.39990234375,4414.0,4410.60009765625,4411.0,214
2026-09-01 12:16:00-04:00,4412.10009765625,4412.60009765625,4410.2998046875,4412.5,146
2026-09-01 12:17:00-04:00,4409.39990234375,4412.60009765625,4408.7998046875,4411.89990234375,351
2026-09-01 12:18:00-04:00,4408.39990234375,4409.7001953125,4407.2998046875,4409.2998046875,180
2026-09-01 12:19:00-04:00,4407.60009765625,4408.89990234375,4407.0,4408.39990234375,275
2026-09-01 12:20:00-04:00,4404.7998046875,4407.10009765625,4404.5,4407.10009765625,296
2026-09-01 12:21:00-04:00,4405.0,4406.2001953125,4404.5,4405.2001953125,174
2026-09-01 12:22:00-04:00,4404.7998046875,4405.7001953125,4403.89990234375,4405.10009765625,192
2026-09-01 12:23:00-04:00,4406.10009765625,4406.7001953125,4403.89990234375,4404.7998046875,183
2026-09-01 12:24:00-04:00,4406.2001953125,4406.89990234375,4404.0,4405.89990234375,176
2026-09-01 12:25:00-04:00,4406.2998046875,4407.2998046875,4405.39990234375,4406.5,175
2026-09-01 12:26:00-04:00,4401.60009765625,4406.5,4401.39990234375,4406.39990234375,746
2026-09-01 12:27:00-04:00,4402.7998046875,4404.7001953125,4401.60009765625,4401.60009765625,278
2026-09-01 12:28:00-04:00,4402.0,4403.10009765625,4401.39990234375,4402.5,244
2026-09-01 12:29:00-04:00,4401.2998046875,4403.2998046875,4401.0,4402.0,201
2026-09-01 12:30:00-04:00,4398.89990234375,4401.7001953125,4398.39990234375,4401.0,577
2026-09-01 12:31:00-04:00,4397.2001953125,4398.89990234375,4396.5,4398.7001953125,443
2026-09-01 12:32:00-04:00,4397.10009765625,4399.5,4395.7001953125,4397.0,612
2026-09-01 12:33:00-04:00,4398.2001953125,4399.7001953125,4396.2001953125,4396.7001953125,150
2026-09-01 12:34:00-04:00,4397.2001953125,4398.89990234375,4396.2998046875,4398.7998046875,94
2026-09-01 12:35:00-04:00,4398.39990234375,4398.7998046875,4396.10009765625,4397.2001953125,113
2026-09-01 12:36:00-04:00,4399.5,4400.60009765625,4395.39990234375,4397.89990234375,315
2026-09-01 12:37:00-04:00,4401.39990234375,4401.60009765625,4398.7998046875,4399.10009765625,142
2026-09-01 12:38:00-04:00,4401.60009765625,4403.10009765625,4400.89990234375,4401.10009765625,255
2026-09-01 12:39:00-04:00,4403.7998046875,4403.89990234375,4401.5,4401.5,131
2026-09-01 12:40:00-04:00,4403.2001953125,4405.10009765625,4403.10009765625,4403.39990234375,207
2026-09-01 12:41:00-04:00,4406.10009765625,4406.10009765625,4403.0,4403.2001953125,161
2026-09-01 12:42:00-04:00,4400.5,4406.0,4400.5,4406.0,205
2026-09-01 12:43:00-04:00,4403.89990234375,4403.89990234375,4400.7998046875,4401.10009765625,145
2026-09-01 12:44:00-04:00,4403.2001953125,4404.10009765625,4402.60009765625,4404.10009765625,43
2026-09-01 12:45:00-04:00,4405.7998046875,4406.60009765625,4403.10009765625,4403.10009765625,130
2026-09-01 12:46:00-04:00,4404.2001953125,4406.0,4404.2001953125,4405.7998046875,88
2026-09-01 12:47:00-04:00,4404.5,4407.5,4404.10009765625,4404.7001953125,233
2026-09-01 12:48:00-04:00,4405.2998046875,4405.5,4403.89990234375,4404.7998046875,58
2026-09-01 12:49:00-04:00,4405.2998046875,4406.0,4404.2001953125,4405.2001953125,75
2026-09-01 12:50:00-04:00,4406.5,4406.60009765625,4405.2998046875,4405.7001953125,74
2026-09-01 12:51:00-04:00,4403.89990234375,4406.7001953125,4403.7998046875,4405.89990234375,78
2026-09-01 12:52:00-04:00,4404.0,4404.7998046875,4402.5,4404.10009765625,115
2026-09-01 12:53:00-04:00,4402.2001953125,4404.10009765625,4402.0,4404.10009765625,263
2026-09-01 12:54:00-04:00,4403.5,4404.39990234375,4402.39990234375,4402.5,54
2026-09-01 12:55:00-04:00,4403.60009765625,4404.39990234375,4403.39990234375,4403.7001953125,114
2026-09-01 12:56:00-04:00,4403.0,4403.89990234375,4402.0,4403.60009765625,71
2026-09-01 12:57:00-04:00,4402.7001953125,4403.2001953125,4402.2001953125,4402.89990234375,61
2026-09-01 12:58:00-04:00,4402.7998046875,4403.89990234375,4402.7998046875,4402.7998046875,68
2026-09-01 12:59:00-04:00,4399.60009765625,4402.89990234375,4399.39990234375,4402.89990234375,188
2026-09-01 13:00:00-04:00,4398.7001953125,4400.2998046875,4398.2001953125,4399.7998046875,158
2026-09-01 13:01:00-04:00,4397.5,4399.0,4397.2001953125,4398.89990234375,123
2026-09-01 13:02:00-04:00,4396.89990234375,4397.7001953125,4395.89990234375,4397.5,151
2026-09-01 13:03:00-04:00,4395.60009765625,4398.2001953125,4395.39990234375,4397.10009765625,147
2026-09-01 13:04:00-04:00,4395.2001953125,4396.2001953125,4395.2001953125,4396.10009765625,128
2026-09-01 13:05:00-04:00,4395.2998046875,4395.7998046875,4394.10009765625,4395.10009765625,175
2026-09-01 13:06:00-04:00,4394.60009765625,4396.10009765625,4394.39990234375,4395.2001953125,386
2026-09-01 13:07:00-04:00,4392.89990234375,4394.60009765625,4392.7001953125,4394.60009765625,186
2026-09-01 13:08:00-04:00,4394.0,4394.89990234375,4392.89990234375,4393.0,84
2026-09-01 13:09:00-04:00,4394.10009765625,4396.2998046875,4393.89990234375,4393.89990234375,204
2026-09-01 13:10:00-04:00,4393.7001953125,4395.2998046875,4393.2001953125,4394.60009765625,133
2026-09-01 13:11:00-04:00,4393.0,4393.7001953125,4392.39990234375,4393.5,92
2026-09-01 13:12:00-04:00,4394.7998046875,4395.7001953125,4393.10009765625,4393.39990234375,202
2026-09-01 13:13:00-04:00,4393.89990234375,4395.7001953125,4393.89990234375,4394.60009765625,248
2026-09-01 13:14:00-04:00,4394.60009765625,4396.0,4393.7998046875,4394.10009765625,270
2026-09-01 13:15:00-04:00,4395.5,4397.10009765625,4394.10009765625,4394.7001953125,274
2026-09-01 13:16:00-04:00,4393.39990234375,4396.2001953125,4392.89990234375,4395.39990234375,372
2026-09-01 13:17:00-04:00,4392.89990234375,4394.2998046875,4392.89990234375,4393.60009765625,105
2026-09-01 13:18:00-04:00,4392.7998046875,4394.7998046875,4392.39990234375,4392.7998046875,94
2026-09-01 13:19:00-04:00,4395.0,4395.39990234375,4392.39990234375,4392.89990234375,103
2026-09-01 13:20:00-04:00,4395.0,4396.2998046875,4394.5,4394.60009765625,107
2026-09-01 13:21:00-04:00,4393.89990234375,4395.0,4393.10009765625,4395.0,87
2026-09-01 13:22:00-04:00,4394.39990234375,4394.39990234375,4393.10009765625,4393.7998046875,56
2026-09-01 13:23:00-04:00,4394.60009765625,4394.7001953125,4393.2001953125,4394.10009765625,164
2026-09-01 13:24:00-04:00,4395.7001953125,4395.7998046875,4393.5,4394.7998046875,121
2026-09-01 13:25:00-04:00,4392.89990234375,4396.89990234375,4390.7001953125,4395.5,837
2026-09-01 13:26:00-04:00,4392.2998046875,4394.60009765625,4391.89990234375,4393.2001953125,251
2026-09-01 13:27:00-04:00,4393.89990234375,4394.7001953125,4392.39990234375,4392.7998046875,233
2026-09-01 13:28:00-04:00,4395.10009765625,4395.2001953125,4392.5,4393.89990234375,174
2026-09-01 13:29:00-04:00,4398.5,4398.60009765625,4394.7001953125,4395.0,1025
2026-09-01 13:30:00-04:00,4398.5,4400.2998046875,4397.39990234375,4398.2998046875,426
2026-09-01 13:31:00-04:00,4399.10009765625,4400.0,4398.7998046875,4398.7998046875,121
2026-09-01 13:32:00-04:00,4397.7998046875,4399.2998046875,4397.0,4399.2001953125,167
2026-09-01 13:33:00-04:00,4396.39990234375,4398.89990234375,4396.39990234375,4397.7001953125,150
2026-09-01 13:34:00-04:00,4395.7998046875,4397.10009765625,4395.60009765625,4396.2998046875,116
2026-09-01 13:35:00-04:00,4397.60009765625,4399.10009765625,4395.89990234375,4395.89990234375,85
2026-09-01 13:36:00-04:00,4397.5,4398.2001953125,4396.2001953125,4397.7998046875,120
2026-09-01 13:37:00-04:00,4396.39990234375,4397.89990234375,4395.7001953125,4397.2998046875,63
2026-09-01 13:38:00-04:00,4396.7998046875,4396.7998046875,4395.7998046875,4396.2001953125,54
2026-09-01 13:39:00-04:00,4394.0,4396.5,4394.0,4395.60009765625,90
2026-09-01 13:40:00-04:00,4392.10009765625,4395.10009765625,4391.89990234375,4394.2001953125,128
2026-09-01 13:41:00-04:00,4392.5,4393.5,4390.89990234375,4391.89990234375,77
2026-09-01 13:42:00-04:00,4392.5,4393.2998046875,4391.10009765625,4392.7001953125,92
2026-09-01 13:43:00-04:00,4391.39990234375,4392.89990234375,4391.0,4392.7001953125,135
2026-09-01 13:44:00-04:00,4392.2998046875,4392.7001953125,4391.39990234375,4391.5,78
2026-09-01 13:45:00-04:00,4390.7998046875,4392.39990234375,4390.7001953125,4392.2998046875,114
2026-09-01 13:46:00-04:00,4390.10009765625,4391.5,4390.0,4390.7998046875,93
2026-09-01 13:47:00-04:00,4390.89990234375,4391.2001953125,4389.0,4390.5,187
2026-09-01 13:48:00-04:00,4391.10009765625,4391.2001953125,4390.39990234375,4391.10009765625,115
2026-09-01 13:49:00-04:00,4391.10009765625,4392.10009765625,4390.89990234375,4390.89990234375,88
2026-09-01 13:50:00-04:00,4391.89990234375,4392.2998046875,4390.7998046875,4390.7998046875,61
2026-09-01 13:51:00-04:00,4392.2001953125,4392.7001953125,4392.0,4392.10009765625,65
2026-09-01 13:52:00-04:00,4391.5,4392.10009765625,4391.2001953125,4391.89990234375,33
2026-09-01 13:53:00-04:00,4389.7001953125,4391.7998046875,4389.2998046875,4391.2998046875,117
2026-09-01 13:54:00-04:00,4391.5,4391.7998046875,4389.60009765625,4389.60009765625,75
2026-09-01 13:55:00-04:00,4391.7001953125,4392.0,4391.2998046875,4391.7998046875,59
2026-09-01 13:56:00-04:00,4391.10009765625,4391.89990234375,4390.2998046875,4391.2998046875,109
2026-09-01 13:57:00-04:00,4390.89990234375,4391.89990234375,4390.39990234375,4391.10009765625,50
2026-09-01 13:58:00-04:00,4391.7001953125,4391.7001953125,4390.0,4390.60009765625,84
2026-09-01 13:59:00-04:00,4391.10009765625,4392.39990234375,4390.7001953125,4392.0,68
2026-09-01 14:00:00-04:00,4391.2998046875,4392.7001953125,4390.89990234375,4391.2998046875,134
2026-09-01 14:01:00-04:00,4390.60009765625,4392.0,4390.60009765625,4391.10009765625,59
2026-09-01 14:02:00-04:00,4391.5,4391.60009765625,4390.0,4390.5,65
2026-09-01 14:03:00-04:00,4389.89990234375,4392.5,4389.89990234375,4391.39990234375,132
2026-09-01 14:04:00-04:00,4387.0,4390.0,4386.39990234375,4390.0,436
2026-09-01 14:05:00-04:00,4386.2998046875,4388.5,4386.2998046875,4387.39990234375,129
2026-09-01 14:06:00-04:00,4387.0,4387.89990234375,4386.2998046875,4386.5,135
2026-09-01 14:07:00-04:00,4387.7001953125,4388.0,4387.0,4387.0,28
2026-09-01 14:08:00-04:00,4386.2998046875,4387.60009765625,4386.2998046875,4387.60009765625,17
2026-09-01 14:09:00-04:00,4384.7001953125,4386.5,4384.5,4386.2998046875,237
2026-09-01 14:10:00-04:00,4383.7001953125,4385.60009765625,4383.5,4384.60009765625,180
2026-09-01 14:11:00-04:00,4383.7998046875,4385.2001953125,4383.2998046875,4383.60009765625,81
2026-09-01 14:12:00-04:00,4383.89990234375,4384.39990234375,4382.39990234375,4383.39990234375,104
2026-09-01 14:13:00-04:00,4384.2998046875,4384.60009765625,4382.89990234375,4383.7998046875,68
2026-09-01 14:14:00-04:00,4384.39990234375,4384.5,4383.7001953125,4384.2998046875,63
2026-09-01 14:15:00-04:00,4384.2998046875,4385.10009765625,4383.7001953125,4384.60009765625,45
2026-09-01 14:16:00-04:00,4385.5,4385.7998046875,4384.39990234375,4384.60009765625,109
2026-09-01 14:17:00-04:00,4387.60009765625,4387.60009765625,4385.7001953125,4385.7001953125,124
2026-09-01 14:18:00-04:00,4387.60009765625,4388.2998046875,4387.2998046875,4387.2998046875,139
2026-09-01 14:19:00-04:00,4388.5,4388.7001953125,4387.2998046875,4387.7998046875,51
2026-09-01 14:20:00-04:00,4389.0,4389.60009765625,4388.5,4388.5,164
2026-09-01 14:21:00-04:00,4388.39990234375,4389.39990234375,4388.2998046875,4389.10009765625,53
2026-09-01 14:22:00-04:00,4387.7001953125,4388.89990234375,4387.60009765625,4388.5,35
2026-09-01 14:23:00-04:00,4389.10009765625,4389.2001953125,4387.7998046875,4388.5,76
2026-09-01 14:24:00-04:00,4389.2001953125,4389.5,4388.10009765625,4388.39990234375,52
2026-09-01 14:25:00-04:00,4388.10009765625,4389.0,4387.7998046875,4389.0,70
2026-09-01 14:26:00-04:00,4387.7001953125,4388.10009765625,4386.7998046875,4388.0,59
2026-09-01 14:27:00-04:00,4386.10009765625,4387.7001953125,4386.0,4387.60009765625,70
2026-09-01 14:28:00-04:00,4385.39990234375,4385.89990234375,4384.89990234375,4385.7001953125,168
2026-09-01 14:29:00-04:00,4385.39990234375,4385.7998046875,4384.89990234375,4385.39990234375,55
2026-09-01 14:30:00-04:00,4382.2998046875,4385.5,4381.7001953125,4385.39990234375,180
2026-09-01 14:31:00-04:00,4381.89990234375,4383.0,4381.60009765625,4382.10009765625,122
2026-09-01 14:32:00-04:00,4381.7998046875,4382.60009765625,4381.5,4381.7001953125,114
2026-09-01 14:33:00-04:00,4381.60009765625,4382.5,4381.39990234375,4381.7001953125,235
2026-09-01 14:34:00-04:00,4381.60009765625,4382.60009765625,4380.7001953125,4382.10009765625,176
2026-09-01 14:35:00-04:00,4381.2001953125,4382.0,4380.60009765625,4381.60009765625,157
2026-09-01 14:36:00-04:00,4379.60009765625,4381.7001953125,4379.2001953125,4381.60009765625,155
2026-09-01 14:37:00-04:00,4379.7001953125,4379.7998046875,4378.0,4379.5,325
2026-09-01 14:38:00-04:00,4377.2998046875,4379.60009765625,4377.0,4379.5,115
2026-09-01 14:39:00-04:00,4377.39990234375,4377.89990234375,4376.60009765625,4377.39990234375,175
2026-09-01 14:40:00-04:00,4377.89990234375,4378.2001953125,4377.2998046875,4377.60009765625,120
2026-09-01 14:41:00-04:00,4377.0,4378.2001953125,4376.7001953125,4377.7998046875,74
2026-09-01 14:42:00-04:00,4376.39990234375,4377.89990234375,4376.2001953125,4377.10009765625,185
2026-09-01 14:43:00-04:00,4376.39990234375,4377.5,4375.89990234375,4376.10009765625,147
2026-09-01 14:44:00-04:00,4377.10009765625,4378.39990234375,4376.39990234375,4376.39990234375,157
2026-09-01 14:45:00-04:00,4377.89990234375,4378.10009765625,4377.2001953125,4377.2998046875,108
2026-09-01 14:46:00-04:00,4377.10009765625,4377.7001953125,4376.89990234375,4377.60009765625,49
2026-09-01 14:47:00-04:00,4377.39990234375,4378.10009765625,4376.39990234375,4377.10009765625,58
2026-09-01 14:48:00-04:00,4375.89990234375,4377.5,4375.60009765625,4377.39990234375,191
2026-09-01 14:49:00-04:00,4379.2998046875,4379.2998046875,4376.10009765625,4376.2001953125,163
2026-09-01 14:50:00-04:00,4378.39990234375,4379.5,4377.89990234375,4379.2998046875,161
2026-09-01 14:51:00-04:00,4379.2998046875,4379.7998046875,4378.2001953125,4378.2001953125,203
2026-09-01 14:52:00-04:00,4380.89990234375,4381.2998046875,4379.0,4379.5,305
2026-09-01 14:53:00-04:00,4380.7998046875,4382.2001953125,4380.2001953125,4381.0,147
2026-09-01 14:54:00-04:00,4376.89990234375,4380.7998046875,4376.7001953125,4380.7998046875,155
2026-09-01 14:55:00-04:00,4378.2998046875,4378.39990234375,4375.7001953125,4376.7998046875,101
2026-09-01 14:56:00-04:00,4379.10009765625,4380.0,4378.0,4378.2001953125,118
2026-09-01 14:57:00-04:00,4380.7001953125,4380.7998046875,4378.7001953125,4379.2001953125,104
2026-09-01 14:58:00-04:00,4380.10009765625,4381.0,4379.7001953125,4380.7998046875,110
2026-09-01 14:59:00-04:00,4379.39990234375,4380.89990234375,4379.2001953125,4380.2998046875,196
2026-09-01 15:00:00-04:00,4378.5,4379.5,4377.10009765625,4379.10009765625,236
2026-09-01 15:01:00-04:00,4377.89990234375,4379.2001953125,4377.89990234375,4378.7998046875,50
2026-09-01 15:02:00-04:00,4377.0,4378.7001953125,4376.60009765625,4378.39990234375,73
2026-09-01 15:03:00-04:00,4378.89990234375,4379.0,4376.89990234375,4377.2001953125,52
2026-09-01 15:04:00-04:00,4379.10009765625,4380.0,4378.5,4378.7001953125,60
2026-09-01 15:05:00-04:00,4379.0,4381.60009765625,4378.89990234375,4379.2001953125,143
2026-09-01 15:06:00-04:00,4379.2001953125,4379.60009765625,4378.2001953125,4378.7001953125,41
2026-09-01 15:07:00-04:00,4378.10009765625,4378.89990234375,4377.2998046875,4378.89990234375,66
2026-09-01 15:08:00-04:00,4379.0,4379.0,4377.7001953125,4378.2998046875,35
2026-09-01 15:09:00-04:00,4379.10009765625,4379.60009765625,4378.7998046875,4379.10009765625,47
2026-09-01 15:10:00-04:00,4380.60009765625,4380.7998046875,4378.5,4379.10009765625,52
2026-09-01 15:11:00-04:00,4381.89990234375,4383.10009765625,4380.89990234375,4380.89990234375,132
2026-09-01 15:12:00-04:00,4384.2998046875,4384.7998046875,4381.7001953125,4381.7001953125,218
2026-09-01 15:13:00-04:00,4383.5,4384.2001953125,4383.0,4384.2001953125,134
2026-09-01 15:14:00-04:00,4384.7001953125,4384.7001953125,4383.0,4383.2998046875,36
2026-09-01 15:15:00-04:00,4384.0,4385.2001953125,4383.10009765625,4384.89990234375,110
2026-09-01 15:16:00-04:00,4384.10009765625,4384.2998046875,4383.0,4383.89990234375,83
2026-09-01 15:17:00-04:00,4383.7998046875,4384.39990234375,4383.60009765625,4383.7998046875,45
2026-09-01 15:18:00-04:00,4382.39990234375,4384.0,4381.89990234375,4383.7001953125,126
2026-09-01 15:19:00-04:00,4382.7001953125,4383.2001953125,4382.5,4382.60009765625,15
2026-09-01 15:20:00-04:00,4381.7001953125,4382.7001953125,4381.5,4382.60009765625,39
2026-09-01 15:21:00-04:00,4381.2001953125,4382.89990234375,4381.2001953125,4381.7998046875,38
2026-09-01 15:22:00-04:00,4382.2001953125,4382.2998046875,4380.89990234375,4381.2998046875,49
2026-09-01 15:23:00-04:00,4381.7998046875,4382.2998046875,4381.2998046875,4382.2001953125,27
2026-09-01 15:24:00-04:00,4381.2998046875,4381.7998046875,4381.0,4381.39990234375,22
2026-09-01 15:25:00-04:00,4382.2998046875,4382.7998046875,4381.60009765625,4381.60009765625,46
2026-09-01 15:26:00-04:00,4382.2998046875,4382.7998046875,4382.0,4382.39990234375,35
2026-09-01 15:27:00-04:00,4382.5,4382.89990234375,4382.10009765625,4382.2001953125,44
2026-09-01 15:28:00-04:00,4382.5,4382.89990234375,4382.0,4382.7998046875,53
2026-09-01 15:29:00-04:00,4382.0,4382.7001953125,4381.7998046875,4382.5,39
2026-09-01 15:30:00-04:00,4380.10009765625,4382.2001953125,4379.60009765625,4382.0,190
2026-09-01 15:31:00-04:00,4378.5,4380.10009765625,4378.0,4380.0,112
2026-09-01 15:32:00-04:00,4377.10009765625,4378.39990234375,4375.5,4378.39990234375,239
2026-09-01 15:33:00-04:00,4377.7001953125,4377.7998046875,4376.7998046875,4376.7998046875,82
2026-09-01 15:34:00-04:00,4377.60009765625,4377.7998046875,4377.2001953125,4377.60009765625,41
2026-09-01 15:35:00-04:00,4377.7998046875,4378.10009765625,4375.89990234375,4377.2998046875,101
2026-09-01 15:36:00-04:00,4377.5,4377.60009765625,4376.7001953125,4377.60009765625,55
2026-09-01 15:37:00-04:00,4376.5,4377.89990234375,4376.5,4377.39990234375,26
2026-09-01 15:38:00-04:00,4376.5,4376.60009765625,4375.2998046875,4376.2001953125,94
2026-09-01 15:39:00-04:00,4370.60009765625,4376.39990234375,4370.2001953125,4376.2998046875,926
2026-09-01 15:40:00-04:00,4374.60009765625,4374.7998046875,4369.7001953125,4370.5,422
2026-09-01 15:41:00-04:00,4373.5,4375.2001953125,4373.5,4374.7998046875,144
2026-09-01 15:42:00-04:00,4372.7998046875,4374.60009765625,4372.7001953125,4373.5,64
2026-09-01 15:43:00-04:00,4373.10009765625,4373.10009765625,4372.2001953125,4372.7001953125,57
2026-09-01 15:44:00-04:00,4373.5,4373.7998046875,4372.7998046875,4372.7998046875,50
2026-09-01 15:45:00-04:00,4372.7001953125,4374.39990234375,4372.60009765625,4373.2001953125,252
2026-09-01 15:46:00-04:00,4370.60009765625,4373.0,4370.5,4373.0,141
2026-09-01 15:47:00-04:00,4374.60009765625,4374.89990234375,4370.60009765625,4370.7998046875,99
2026-09-01 15:48:00-04:00,4374.2001953125,4376.5,4373.7998046875,4374.2998046875,222
2026-09-01 15:49:00-04:00,4374.5,4375.0,4373.60009765625,4374.2998046875,82
2026-09-01 15:50:00-04:00,4376.2998046875,4376.39990234375,4373.60009765625,4374.10009765625,134
2026-09-01 15:51:00-04:00,4376.2998046875,4377.39990234375,4376.2001953125,4376.2998046875,110
2026-09-01 15:52:00-04:00,4374.5,4376.7998046875,4374.0,4376.2001953125,78
2026-09-01 15:53:00-04:00,4374.5,4375.2001953125,4373.2998046875,4374.5,114
2026-09-01 15:54:00-04:00,4375.0,4375.39990234375,4374.2001953125,4374.2998046875,108
2026-09-01 15:55:00-04:00,4376.10009765625,4376.60009765625,4373.89990234375,4375.0,240
2026-09-01 15:56:00-04:00,4374.2001953125,4376.10009765625,4374.0,4376.10009765625,75
2026-09-01 15:57:00-04:00,4373.39990234375,4374.10009765625,4373.10009765625,4374.10009765625,95
2026-09-01 15:58:00-04:00,4371.39990234375,4374.0,4371.39990234375,4373.39990234375,164
2026-09-01 15:59:00-04:00,4374.0,4374.60009765625,4371.2998046875,4371.39990234375,520
2026-09-01 16:00:00-04:00,4371.7001953125,4374.2998046875,4370.89990234375,4374.10009765625,607
2026-09-01 16:01:00-04:00,4370.7001953125,4372.60009765625,4370.7001953125,4371.7998046875,95
2026-09-01 16:02:00-04:00,4373.5,4373.5,4371.2998046875,4371.2998046875,128
2026-09-01 16:03:00-04:00,4375.10009765625,4375.2998046875,4372.89990234375,4373.2001953125,90
2026-09-01 16:04:00-04:00,4375.10009765625,4376.60009765625,4374.7001953125,4374.7998046875,69
2026-09-01 16:05:00-04:00,4377.39990234375,4377.7001953125,4374.89990234375,4375.2001953125,192
2026-09-01 16:06:00-04:00,4375.5,4377.5,4374.7998046875,4377.5,515
2026-09-01 16:07:00-04:00,4376.0,4376.0,4375.0,4375.2998046875,79
2026-09-01 16:08:00-04:00,4377.2998046875,4377.39990234375,4376.2001953125,4376.2001953125,31
2026-09-01 16:09:00-04:00,4376.2001953125,4377.89990234375,4376.2001953125,4376.89990234375,62
2026-09-01 16:10:00-04:00,4375.7998046875,4376.2998046875,4375.60009765625,4375.89990234375,36
2026-09-01 16:11:00-04:00,4375.2998046875,4375.7001953125,4374.7998046875,4375.60009765625,31
2026-09-01 16:12:00-04:00,4374.60009765625,4375.0,4374.2998046875,4375.0,21
2026-09-01 16:13:00-04:00,4374.39990234375,4374.7001953125,4374.0,4374.39990234375,15
2026-09-01 16:14:00-04:00,4372.7001953125,4374.5,4372.5,4374.5,58
2026-09-01 16:15:00-04:00,4372.89990234375,4373.7998046875,4372.5,4372.7998046875,35
2026-09-01 16:16:00-04:00,4373.60009765625,4374.5,4371.7998046875,4372.39990234375,131
2026-09-01 16:17:00-04:00,4373.39990234375,4374.10009765625,4373.2998046875,4373.7001953125,34
2026-09-01 16:18:00-04:00,4374.2001953125,4375.10009765625,4374.10009765625,4374.10009765625,205
2026-09-01 16:19:00-04:00,4374.7998046875,4375.39990234375,4374.5,4374.5,16
2026-09-01 16:20:00-04:00,4374.60009765625,4375.5,4374.39990234375,4374.89990234375,63
2026-09-01 16:21:00-04:00,4374.0,4374.5,4374.0,4374.5,19
2026-09-01 16:22:00-04:00,4374.89990234375,4375.0,4374.60009765625,4374.7001953125,28
2026-09-01 16:23:00-04:00,4374.7998046875,4375.2998046875,4374.39990234375,4375.0,74
2026-09-01 16:24:00-04:00,4374.7001953125,4374.89990234375,4374.7001953125,4374.7998046875,6
2026-09-01 16:25:00-04:00,4374.89990234375,4376.0,4374.5,4375.0,36
2026-09-01 16:26:00-04:00,4375.89990234375,4375.89990234375,4374.5,4375.0,160
2026-09-01 16:27:00-04:00,4375.5,4376.0,4375.2001953125,4375.7998046875,66
2026-09-01 16:28:00-04:00,4374.39990234375,4375.39990234375,4373.89990234375,4375.2998046875,39
2026-09-01 16:29:00-04:00,4372.89990234375,4374.2998046875,4372.10009765625,4374.2998046875,73
2026-09-01 16:30:00-04:00,4373.0,4373.60009765625,4372.7998046875,4373.0,26
2026-09-01 16:31:00-04:00,4373.7998046875,4374.10009765625,4373.2001953125,4373.39990234375,18
2026-09-01 16:32:00-04:00,4374.0,4374.0,4373.10009765625,4373.5,12
2026-09-01 16:33:00-04:00,4373.10009765625,4374.0,4373.0,4374.0,29
2026-09-01 16:34:00-04:00,4373.0,4373.2998046875,4372.7998046875,4373.10009765625,21
2026-09-01 16:35:00-04:00,4373.2998046875,4373.2998046875,4372.10009765625,4372.89990234375,46
2026-09-01 16:36:00-04:00,4373.2001953125,4373.5,4373.2001953125,4373.2998046875,12
2026-09-01 16:37:00-04:00,4373.10009765625,4373.10009765625,4372.5,4372.7998046875,16
2026-09-01 16:38:00-04:00,4373.2998046875,4373.2998046875,4372.5,4372.7998046875,27
2026-09-01 16:39:00-04:00,4374.39990234375,4374.89990234375,4373.5,4373.5,104
2026-09-01 16:40:00-04:00,4374.60009765625,4375.0,4374.39990234375,4374.39990234375,15
2026-09-01 16:41:00-04:00,4374.89990234375,4375.0,4374.60009765625,4374.60009765625,19
2026-09-01 16:42:00-04:00,4375.89990234375,4377.5,4374.7001953125,4374.7998046875,171
2026-09-01 16:43:00-04:00,4374.2001953125,4376.10009765625,4374.2001953125,4376.10009765625,53
2026-09-01 16:44:00-04:00,4375.0,4375.0,4374.39990234375,4374.39990234375,24
2026-09-01 16:45:00-04:00,4374.10009765625,4375.2998046875,4373.89990234375,4374.5,128
2026-09-01 16:46:00-04:00,4376.2001953125,4376.2001953125,4373.7998046875,4373.7998046875,182
2026-09-01 16:47:00-04:00,4375.0,4375.89990234375,4374.89990234375,4375.89990234375,28
2026-09-01 16:48:00-04:00,4375.0,4376.7001953125,4374.5,4375.10009765625,41
2026-09-01 16:49:00-04:00,4375.2001953125,4376.2001953125,4374.7998046875,4374.89990234375,109
2026-09-01 16:50:00-04:00,4375.7998046875,4376.10009765625,4374.39990234375,4375.2001953125,219
2026-09-01 16:51:00-04:00,4374.7998046875,4376.2998046875,4374.7998046875,4375.7001953125,59
2026-09-01 16:52:00-04:00,4375.2001953125,4375.2001953125,4374.5,4375.0,33
2026-09-01 16:53:00-04:00,4375.5,4375.5,4374.89990234375,4374.89990234375,12
2026-09-01 16:54:00-04:00,4375.7001953125,4375.89990234375,4375.0,4375.5,24
2026-09-01 16:55:00-04:00,4375.39990234375,4376.2001953125,4375.39990234375,4375.7001953125,22
2026-09-01 16:56:00-04:00,4375.89990234375,4375.89990234375,4375.39990234375,4375.60009765625,5
2026-09-01 16:57:00-04:00,4376.2998046875,4376.2998046875,4375.39990234375,4375.39990234375,14
2026-09-01 16:58:00-04:00,4375.2001953125,4376.10009765625,4375.10009765625,4375.7001953125,18
2026-09-01 16:59:00-04:00,4375.7001953125,4376.10009765625,4375.10009765625,4375.39990234375,47
2026-09-01 18:00:00-04:00,4380.39990234375,4381.0,4376.60009765625,4377.2001953125,0
2026-09-01 18:01:00-04:00,4378.10009765625,4380.39990234375,4378.10009765625,4380.39990234375,97
2026-09-01 18:02:00-04:00,4378.2001953125,4378.7001953125,4378.10009765625,4378.10009765625,5
2026-09-01 18:03:00-04:00,4380.0,4380.0,4378.39990234375,4378.60009765625,41
2026-09-01 18:04:00-04:00,4377.39990234375,4380.39990234375,4377.0,4380.0,55
2026-09-01 18:05:00-04:00,4375.2998046875,4377.39990234375,4375.2001953125,4377.39990234375,65
2026-09-01 18:06:00-04:00,4375.2998046875,4375.60009765625,4375.2998046875,4375.39990234375,21
2026-09-01 18:07:00-04:00,4376.2998046875,4376.2998046875,4375.5,4375.5,34
2026-09-01 18:08:00-04:00,4376.2998046875,4376.89990234375,4375.89990234375,4375.89990234375,22
2026-09-01 18:09:00-04:00,4376.60009765625,4376.7998046875,4376.10009765625,4376.7001953125,26
2026-09-01 18:10:00-04:00,4375.39990234375,4376.5,4374.89990234375,4376.39990234375,16
2026-09-01 18:11:00-04:00,4375.7001953125,4376.0,4375.39990234375,4376.0,8
2026-09-01 18:12:00-04:00,4375.39990234375,4375.5,4375.2001953125,4375.5,6
2026-09-01 18:13:00-04:00,4375.7001953125,4376.0,4375.39990234375,4375.39990234375,30
2026-09-01 18:14:00-04:00,4375.5,4375.60009765625,4375.39990234375,4375.60009765625,5
2026-09-01 18:15:00-04:00,4375.2998046875,4375.60009765625,4374.5,4375.60009765625,36
2026-09-01 18:16:00-04:00,4375.39990234375,4375.7001953125,4374.89990234375,4375.2998046875,31
2026-09-01 18:17:00-04:00,4374.2998046875,4375.7001953125,4374.0,4375.10009765625,33
2026-09-01 18:18:00-04:00,4374.2998046875,4374.2998046875,4373.89990234375,4374.2998046875,9
2026-09-01 18:19:00-04:00,4373.7998046875,4374.0,4373.7001953125,4374.0,9
2026-09-01 18:20:00-04:00,4374.7998046875,4374.7998046875,4374.2001953125,4374.2001953125,14
2026-09-01 18:21:00-04:00,4374.7001953125,4374.7998046875,4374.10009765625,4374.60009765625,11
2026-09-01 18:22:00-04:00,4373.7998046875,4374.89990234375,4373.7998046875,4374.7998046875,25
2026-09-01 18:23:00-04:00,4374.60009765625,4374.7998046875,4373.89990234375,4374.2001953125,19
2026-09-01 18:24:00-04:00,4374.2001953125,4374.2998046875,4373.89990234375,4374.2998046875,14
2026-09-01 18:25:00-04:00,4373.7001953125,4374.39990234375,4373.5,4374.10009765625,15
2026-09-01 18:26:00-04:00,4374.39990234375,4374.39990234375,4373.7998046875,4373.7998046875,10
2026-09-01 18:27:00-04:00,4374.10009765625,4374.60009765625,4374.10009765625,4374.10009765625,10
2026-09-01 18:28:00-04:00,4374.0,4374.60009765625,4373.7998046875,4373.7998046875,30
2026-09-01 18:29:00-04:00,4374.10009765625,4374.2001953125,4373.89990234375,4373.89990234375,5
2026-09-01 18:30:00-04:00,4374.5,4374.7001953125,4374.0,4374.0,12
2026-09-01 18:31:00-04:00,4374.10009765625,4375.0,4373.89990234375,4375.0,15
2026-09-01 18:32:00-04:00,4373.2001953125,4373.89990234375,4372.7998046875,4373.89990234375,28
2026-09-01 18:33:00-04:00,4373.5,4373.7998046875,4373.0,4373.0,33
2026-09-01 18:34:00-04:00,4373.7001953125,4374.2001953125,4373.7001953125,4373.7001953125,23
2026-09-01 18:35:00-04:00,4375.5,4375.89990234375,4373.7001953125,4373.7001953125,43
2026-09-01 18:36:00-04:00,4375.39990234375,4375.89990234375,4375.10009765625,4375.39990234375,34
2026-09-01 18:37:00-04:00,4374.39990234375,4375.0,4374.2998046875,4375.0,14
2026-09-01 18:38:00-04:00,4374.0,4374.39990234375,4373.7001953125,4374.39990234375,9
2026-09-01 18:39:00-04:00,4373.7001953125,4374.5,4373.7001953125,4374.39990234375,16
2026-09-01 18:40:00-04:00,4373.2001953125,4374.2998046875,4373.10009765625,4373.7001953125,20
2026-09-01 18:41:00-04:00,4372.7998046875,4373.7001953125,4372.7001953125,4373.2998046875,36
2026-09-01 18:42:00-04:00,4373.2998046875,4373.60009765625,4372.7998046875,4372.7998046875,15
2026-09-01 18:43:00-04:00,4374.7001953125,4375.0,4373.2001953125,4373.39990234375,50
2026-09-01 18:44:00-04:00,4374.39990234375,4375.2001953125,4374.0,4375.10009765625,28
2026-09-01 18:45:00-04:00,4374.10009765625,4374.39990234375,4373.7998046875,4374.39990234375,8
2026-09-01 18:46:00-04:00,4374.10009765625,4374.60009765625,4374.10009765625,4374.2998046875,8
2026-09-01 18:47:00-04:00,4373.7001953125,4373.89990234375,4373.5,4373.89990234375,5
2026-09-01 18:48:00-04:00,4373.7998046875,4373.89990234375,4373.7001953125,4373.89990234375,5
2026-09-01 18:49:00-04:00,4374.7001953125,4375.39990234375,4373.89990234375,4374.10009765625,51
2026-09-01 18:50:00-04:00,4375.7001953125,4375.7001953125,4374.10009765625,4374.5,49
2026-09-01 18:51:00-04:00,4377.2001953125,4377.2001953125,4375.60009765625,4375.7001953125,76
2026-09-01 18:52:00-04:00,4377.0,4377.39990234375,4376.39990234375,4377.0,35
2026-09-01 18:53:00-04:00,4376.10009765625,4376.7001953125,4375.7998046875,4376.7001953125,45
2026-09-01 18:54:00-04:00,4375.39990234375,4376.0,4375.2998046875,4376.0,21
2026-09-01 18:55:00-04:00,4375.39990234375,4376.2001953125,4375.39990234375,4375.7001953125,24
2026-09-01 18:56:00-04:00,4376.0,4376.10009765625,4375.2001953125,4375.39990234375,21
2026-09-01 18:57:00-04:00,4375.89990234375,4376.2998046875,4375.7001953125,4375.7001953125,15
2026-09-01 18:58:00-04:00,4375.5,4375.7998046875,4375.39990234375,4375.7998046875,15
2026-09-01 18:59:00-04:00,4375.7001953125,4375.7001953125,4375.7001953125,4375.7001953125,1
2026-09-01 19:00:00-04:00,4373.60009765625,4375.89990234375,4373.2998046875,4375.7001953125,117
2026-09-01 19:01:00-04:00,4373.5,4374.5,4373.5,4373.7001953125,28
2026-09-01 19:02:00-04:00,4374.2001953125,4374.89990234375,4373.7998046875,4374.0,24
2026-09-01 19:03:00-04:00,4375.2998046875,4375.5,4374.2001953125,4374.2001953125,20
2026-09-01 19:04:00-04:00,4375.7001953125,4375.7998046875,4375.5,4375.60009765625,4
2026-09-01 19:05:00-04:00,4375.89990234375,4376.2998046875,4375.0,4375.7998046875,78
2026-09-01 19:06:00-04:00,4375.60009765625,4376.2998046875,4375.60009765625,4376.2998046875,4
2026-09-01 19:07:00-04:00,4374.89990234375,4375.39990234375,4374.60009765625,4375.39990234375,21
2026-09-01 19:08:00-04:00,4376.7998046875,4376.89990234375,4374.7998046875,4374.89990234375,80
2026-09-01 19:09:00-04:00,4376.39990234375,4376.5,4376.2001953125,4376.2998046875,18
2026-09-01 19:10:00-04:00,4376.89990234375,4377.0,4376.7001953125,4376.7998046875,11
2026-09-01 19:11:00-04:00,4377.2998046875,4377.2998046875,4376.60009765625,4376.60009765625,10
2026-09-01 19:12:00-04:00,4376.7998046875,4377.39990234375,4376.7001953125,4377.2998046875,10
2026-09-01 19:13:00-04:00,4378.2001953125,4378.60009765625,4376.7998046875,4376.89990234375,86
2026-09-01 19:14:00-04:00,4376.7001953125,4377.89990234375,4376.2001953125,4377.89990234375,71
2026-09-01 19:15:00-04:00,4377.10009765625,4377.10009765625,4376.2998046875,4376.2998046875,8
2026-09-01 19:16:00-04:00,4377.0,4377.7001953125,4377.0,4377.2998046875,14
2026-09-01 19:17:00-04:00,4376.39990234375,4376.7998046875,4376.39990234375,4376.7001953125,4
2026-09-01 19:18:00-04:00,4376.89990234375,4377.2001953125,4376.39990234375,4376.60009765625,36
2026-09-01 19:19:00-04:00,4376.2001953125,4376.7001953125,4375.5,4376.60009765625,44
2026-09-01 19:20:00-04:00,4376.39990234375,4376.7998046875,4375.89990234375,4376.2001953125,36
2026-09-01 19:21:00-04:00,4373.7001953125,4376.2998046875,4373.7001953125,4376.2998046875,37
2026-09-01 19:22:00-04:00,4373.2998046875,4374.10009765625,4372.5,4373.60009765625,111
2026-09-01 19:23:00-04:00,4373.10009765625,4373.7001953125,4372.7998046875,4373.39990234375,42
2026-09-01 19:24:00-04:00,4373.5,4373.5,4372.7998046875,4372.89990234375,11
2026-09-01 19:25:00-04:00,4375.5,4375.60009765625,4370.5,4373.39990234375,260
2026-09-01 19:26:00-04:00,4375.10009765625,4375.5,4374.7998046875,4375.2998046875,58
2026-09-01 19:27:00-04:00,4375.39990234375,4375.39990234375,4374.7001953125,4375.10009765625,10
2026-09-01 19:28:00-04:00,4374.7001953125,4375.7001953125,4374.7001953125,4375.39990234375,24
2026-09-01 19:29:00-04:00,4376.7001953125,4376.89990234375,4374.7998046875,4374.7998046875,49
2026-09-01 19:30:00-04:00,4378.0,4378.0,4376.60009765625,4377.0,43
2026-09-01 19:31:00-04:00,4378.0,4378.5,4377.39990234375,4378.0,31
2026-09-01 19:32:00-04:00,4377.2998046875,4377.5,4376.89990234375,4377.39990234375,15
2026-09-01 19:33:00-04:00,4377.2001953125,4377.5,4376.89990234375,4377.5,11
2026-09-01 19:34:00-04:00,4379.0,4379.10009765625,4376.89990234375,4377.0,68
2026-09-01 19:35:00-04:00,4378.10009765625,4379.10009765625,4377.5,4379.10009765625,49
2026-09-01 19:36:00-04:00,4378.7001953125,4378.7001953125,4377.60009765625,4378.2001953125,17
2026-09-01 19:37:00-04:00,4380.0,4380.0,4379.39990234375,4379.39990234375,14
2026-09-01 19:38:00-04:00,4380.5,4382.0,4379.5,4379.89990234375,237
2026-09-01 19:39:00-04:00,4381.2998046875,4381.2998046875,4380.2998046875,4380.7001953125,14
2026-09-01 19:40:00-04:00,4381.10009765625,4381.89990234375,4380.5,4381.0,73
2026-09-01 19:41:00-04:00,4381.0,4381.39990234375,4380.5,4380.89990234375,70
2026-09-01 19:42:00-04:00,4381.0,4381.0,4379.7998046875,4380.89990234375,46
2026-09-01 19:43:00-04:00,4379.7001953125,4381.10009765625,4379.7001953125,4380.7998046875,26
2026-09-01 19:44:00-04:00,4380.0,4380.0,4379.5,4379.5,8
2026-09-01 19:45:00-04:00,4378.7998046875,4379.89990234375,4377.39990234375,4379.7001953125,69
2026-09-01 19:46:00-04:00,4378.2001953125,4379.2001953125,4378.0,4378.7998046875,17
2026-09-01 19:47:00-04:00,4377.39990234375,4378.39990234375,4377.2998046875,4378.2001953125,24
2026-09-01 19:48:00-04:00,4378.7001953125,4378.7001953125,4377.7998046875,4377.7998046875,31
2026-09-01 19:49:00-04:00,4377.60009765625,4379.0,4377.5,4379.0,20
2026-09-01 19:50:00-04:00,4378.2001953125,4378.60009765625,4377.7998046875,4377.7998046875,13
2026-09-01 19:51:00-04:00,4376.39990234375,4377.7001953125,4376.39990234375,4377.7001953125,59
2026-09-01 19:52:00-04:00,4376.7998046875,4376.89990234375,4376.60009765625,4376.60009765625,15
2026-09-01 19:53:00-04:00,4376.60009765625,4378.0,4376.60009765625,4377.2001953125,35
2026-09-01 19:54:00-04:00,4374.89990234375,4376.5,4374.89990234375,4376.5,39
2026-09-01 19:55:00-04:00,4373.2998046875,4374.7001953125,4372.5,4374.7001953125,113
2026-09-01 19:56:00-04:00,4374.0,4374.2001953125,4372.7001953125,4374.0,46
2026-09-01 19:57:00-04:00,4374.0,4374.7001953125,4374.0,4374.5,22
2026-09-01 19:58:00-04:00,4374.89990234375,4375.2998046875,4373.0,4374.10009765625,194
2026-09-01 19:59:00-04:00,4370.60009765625,4374.7001953125,4367.7001953125,4374.7001953125,617
2026-09-01 20:00:00-04:00,4372.0,4373.60009765625,4369.10009765625,4370.7001953125,332
2026-09-01 20:01:00-04:00,4371.60009765625,4372.2998046875,4366.7001953125,4371.60009765625,316
2026-09-01 20:02:00-04:00,4367.5,4371.60009765625,4361.39990234375,4371.60009765625,798
2026-09-01 20:03:00-04:00,4373.7998046875,4374.7001953125,4367.89990234375,4367.89990234375,216
2026-09-01 20:04:00-04:00,4375.60009765625,4376.60009765625,4373.39990234375,4374.10009765625,136
2026-09-01 20:05:00-04:00,4371.89990234375,4376.89990234375,4371.5,4375.60009765625,168
2026-09-01 20:06:00-04:00,4365.89990234375,4371.89990234375,4364.0,4371.5,233
2026-09-01 20:07:00-04:00,4367.39990234375,4368.7998046875,4365.7998046875,4366.0,119
2026-09-01 20:08:00-04:00,4369.10009765625,4371.60009765625,4366.89990234375,4367.0,173
2026-09-01 20:09:00-04:00,4369.7998046875,4373.2001953125,4369.5,4369.5,237
2026-09-01 20:10:00-04:00,4368.0,4369.5,4367.2998046875,4369.39990234375,76
2026-09-01 20:11:00-04:00,4368.0,4369.2001953125,4366.39990234375,4367.2998046875,137
2026-09-01 20:12:00-04:00,4368.10009765625,4368.10009765625,4364.89990234375,4367.60009765625,187
2026-09-01 20:13:00-04:00,4370.7001953125,4370.7001953125,4368.0,4368.2001953125,65
2026-09-01 20:14:00-04:00,4374.2001953125,4374.39990234375,4371.10009765625,4371.2001953125,127
2026-09-01 20:15:00-04:00,4375.89990234375,4376.60009765625,4373.60009765625,4374.2998046875,159
2026-09-01 20:16:00-04:00,4375.10009765625,4377.0,4374.0,4375.7998046875,79
2026-09-01 20:17:00-04:00,4379.39990234375,4380.7001953125,4375.0,4375.0,464
2026-09-01 20:18:00-04:00,4377.89990234375,4380.89990234375,4377.60009765625,4379.2001953125,162
2026-09-01 20:19:00-04:00,4374.2001953125,4377.5,4373.7998046875,4377.5,127
2026-09-01 20:20:00-04:00,4371.7001953125,4374.7001953125,4371.39990234375,4373.7998046875,83
2026-09-01 20:21:00-04:00,4372.0,4373.10009765625,4371.0,4371.2998046875,78
2026-09-01 20:22:00-04:00,4378.2001953125,4380.60009765625,4370.7001953125,4372.0,326
2026-09-01 20:23:00-04:00,4376.60009765625,4379.10009765625,4375.7998046875,4378.2001953125,124
2026-09-01 20:24:00-04:00,4376.10009765625,4378.7998046875,4375.5,4376.10009765625,51
2026-09-01 20:25:00-04:00,4376.2001953125,4377.2001953125,4374.60009765625,4376.60009765625,65
2026-09-01 20:26:00-04:00,4372.60009765625,4375.60009765625,4372.60009765625,4375.5,47
2026-09-01 20:27:00-04:00,4369.60009765625,4372.5,4369.39990234375,4372.39990234375,91
2026-09-01 20:28:00-04:00,4371.2998046875,4372.2998046875,4369.0,4369.10009765625,69
2026-09-01 20:29:00-04:00,4372.0,4372.0,4370.0,4371.2001953125,21
2026-09-01 20:30:00-04:00,4369.60009765625,4371.7998046875,4369.60009765625,4371.7998046875,27
2026-09-01 20:31:00-04:00,4369.7998046875,4369.89990234375,4367.0,4369.7001953125,107
2026-09-01 20:32:00-04:00,4370.39990234375,4371.10009765625,4369.5,4369.60009765625,38
2026-09-01 20:33:00-04:00,4367.5,4370.2001953125,4366.39990234375,4370.2001953125,154
2026-09-01 20:34:00-04:00,4369.2001953125,4370.7998046875,4366.7001953125,4367.10009765625,94
2026-09-01 20:35:00-04:00,4373.5,4373.89990234375,4369.0,4369.0,56
2026-09-01 20:36:00-04:00,4370.0,4374.2998046875,4370.0,4373.7001953125,51
2026-09-01 20:37:00-04:00,4376.0,4376.2001953125,4370.5,4370.5,79
2026-09-01 20:38:00-04:00,4374.10009765625,4376.2001953125,4369.89990234375,4375.60009765625,133
2026-09-01 20:39:00-04:00,4373.39990234375,4374.2998046875,4372.10009765625,4373.7001953125,94
2026-09-01 20:40:00-04:00,4371.7001953125,4373.10009765625,4370.7998046875,4373.10009765625,15
2026-09-01 20:41:00-04:00,4371.60009765625,4371.89990234375,4370.0,4370.7001953125,59
2026-09-01 20:42:00-04:00,4371.89990234375,4372.7998046875,4370.7998046875,4371.2998046875,31
2026-09-01 20:43:00-04:00,4373.60009765625,4373.7001953125,4372.39990234375,4372.39990234375,51
2026-09-01 20:44:00-04:00,4376.7001953125,4378.0,4374.0,4374.0,101
2026-09-01 20:45:00-04:00,4377.39990234375,4377.7998046875,4375.60009765625,4376.5,85
2026-09-01 20:46:00-04:00,4374.7001953125,4377.2001953125,4374.39990234375,4377.10009765625,54
2026-09-01 20:47:00-04:00,4372.7998046875,4375.0,4372.7001953125,4374.0,44
2026-09-01 20:48:00-04:00,4370.10009765625,4372.7001953125,4369.89990234375,4372.39990234375,67
2026-09-01 20:49:00-04:00,4369.89990234375,4370.5,4369.60009765625,4370.5,33
2026-09-01 20:50:00-04:00,4368.39990234375,4369.60009765625,4366.60009765625,4369.60009765625,113
2026-09-01 20:51:00-04:00,4368.5,4368.89990234375,4366.7001953125,4368.2001953125,121
2026-09-01 20:52:00-04:00,4367.10009765625,4368.89990234375,4367.10009765625,4368.2001953125,36
2026-09-01 20:53:00-04:00,4366.60009765625,4368.2998046875,4365.39990234375,4367.39990234375,118
2026-09-01 20:54:00-04:00,4361.2001953125,4366.39990234375,4360.7001953125,4366.39990234375,317
2026-09-01 20:55:00-04:00,4363.7001953125,4364.5,4361.10009765625,4361.10009765625,163
2026-09-01 20:56:00-04:00,4363.89990234375,4365.0,4362.0,4363.5,207
2026-09-01 20:57:00-04:00,4365.7001953125,4365.7001953125,4363.0,4364.0,78
2026-09-01 20:58:00-04:00,4365.89990234375,4366.89990234375,4365.10009765625,4365.60009765625,75
2026-09-01 20:59:00-04:00,4362.5,4365.89990234375,4361.60009765625,4365.7998046875,176
2026-09-01 21:00:00-04:00,4364.0,4369.39990234375,4360.60009765625,4362.10009765625,1020
2026-09-01 21:01:00-04:00,4361.39990234375,4365.7998046875,4360.7001953125,4364.2001953125,261
2026-09-01 21:02:00-04:00,4359.39990234375,4363.2001953125,4353.2998046875,4361.7998046875,1341
2026-09-01 21:03:00-04:00,4364.5,4366.39990234375,4357.10009765625,4359.60009765625,386
2026-09-01 21:04:00-04:00,4359.0,4367.2001953125,4358.60009765625,4364.0,206
2026-09-01 21:05:00-04:00,4352.2001953125,4358.60009765625,4350.10009765625,4358.2998046875,533
2026-09-01 21:06:00-04:00,4356.2998046875,4356.89990234375,4351.39990234375,4351.89990234375,315
2026-09-01 21:07:00-04:00,4357.89990234375,4359.2001953125,4356.2001953125,4356.2998046875,187
2026-09-01 21:08:00-04:00,4355.7998046875,4359.0,4353.7001953125,4357.89990234375,217
2026-09-01 21:09:00-04:00,4355.10009765625,4358.39990234375,4354.7998046875,4357.2001953125,78
2026-09-01 21:10:00-04:00,4362.0,4362.2001953125,4355.0,4355.39990234375,256
2026-09-01 21:11:00-04:00,4362.5,4363.0,4360.2998046875,4361.60009765625,164
2026-09-01 21:12:00-04:00,4365.2001953125,4365.89990234375,4360.39990234375,4361.10009765625,196
2026-09-01 21:13:00-04:00,4364.7001953125,4367.60009765625,4361.89990234375,4365.2998046875,342
2026-09-01 21:14:00-04:00,4363.2001953125,4366.5,4363.10009765625,4365.5,65
2026-09-01 21:15:00-04:00,4371.7001953125,4372.7001953125,4362.60009765625,4363.60009765625,232
2026-09-01 21:16:00-04:00,4371.60009765625,4373.5,4370.89990234375,4371.2998046875,185
2026-09-01 21:17:00-04:00,4370.0,4372.60009765625,4369.7998046875,4371.7001953125,80
2026-09-01 21:18:00-04:00,4368.2001953125,4373.10009765625,4368.2001953125,4370.0,205
2026-09-01 21:19:00-04:00,4367.39990234375,4368.39990234375,4364.60009765625,4368.2001953125,216
2026-09-01 21:20:00-04:00,4368.5,4368.89990234375,4367.39990234375,4367.5,74
2026-09-01 21:21:00-04:00,4368.2001953125,4369.60009765625,4367.7998046875,4368.0,39
2026-09-01 21:22:00-04:00,4366.89990234375,4369.0,4366.7001953125,4368.0,39
2026-09-01 21:23:00-04:00,4368.0,4368.0,4365.89990234375,4366.7001953125,87
2026-09-01 21:24:00-04:00,4368.7998046875,4370.10009765625,4364.0,4368.0,125
2026-09-01 21:25:00-04:00,4367.2001953125,4368.7998046875,4365.7998046875,4368.7998046875,131
2026-09-01 21:26:00-04:00,4366.7998046875,4371.5,4366.7001953125,4367.60009765625,145
2026-09-01 21:27:00-04:00,4363.0,4366.89990234375,4363.0,4366.7998046875,75
2026-09-01 21:28:00-04:00,4363.10009765625,4363.7001953125,4362.10009765625,4363.10009765625,43
2026-09-01 21:29:00-04:00,4364.0,4365.2998046875,4363.10009765625,4363.10009765625,40
2026-09-01 21:30:00-04:00,4362.7001953125,4365.10009765625,4361.7001953125,4364.2001953125,60
2026-09-01 21:31:00-04:00,4363.2001953125,4364.89990234375,4363.10009765625,4364.2998046875,59
2026-09-01 21:32:00-04:00,4361.2998046875,4363.2001953125,4359.5,4363.2001953125,148
2026-09-01 21:33:00-04:00,4356.89990234375,4360.7001953125,4356.2998046875,4360.39990234375,158
2026-09-01 21:34:00-04:00,4356.10009765625,4356.7998046875,4351.7001953125,4356.5,357
2026-09-01 21:35:00-04:00,4355.39990234375,4356.5,4354.7998046875,4356.39990234375,80
2026-09-01 21:36:00-04:00,4355.7001953125,4356.39990234375,4354.39990234375,4355.2001953125,121
2026-09-01 21:37:00-04:00,4353.39990234375,4356.0,4352.7998046875,4355.2001953125,103
2026-09-01 21:38:00-04:00,4351.89990234375,4354.0,4351.60009765625,4353.89990234375,157
2026-09-01 21:39:00-04:00,4354.39990234375,4356.7001953125,4351.7001953125,4351.7001953125,120
2026-09-01 21:40:00-04:00,4355.10009765625,4356.5,4353.10009765625,4354.0,114
2026-09-01 21:41:00-04:00,4355.7001953125,4355.89990234375,4354.5,4354.89990234375,42
2026-09-01 21:42:00-04:00,4355.39990234375,4357.39990234375,4354.60009765625,4355.89990234375,226
2026-09-01 21:43:00-04:00,4356.60009765625,4357.7001953125,4355.2998046875,4356.10009765625,53
2026-09-01 21:44:00-04:00,4355.39990234375,4356.39990234375,4353.7998046875,4356.39990234375,57
2026-09-01 21:45:00-04:00,4355.0,4356.39990234375,4354.39990234375,4355.2001953125,55
2026-09-01 21:46:00-04:00,4354.0,4355.2001953125,4353.89990234375,4354.7001953125,56
2026-09-01 21:47:00-04:00,4350.89990234375,4353.0,4350.10009765625,4353.0,181
2026-09-01 21:48:00-04:00,4353.2998046875,4353.7998046875,4350.7001953125,4351.2998046875,139
2026-09-01 21:49:00-04:00,4352.5,4355.10009765625,4352.5,4353.10009765625,153
2026-09-01 21:50:00-04:00,4351.7998046875,4352.39990234375,4351.0,4352.39990234375,54
2026-09-01 21:51:00-04:00,4343.7998046875,4351.60009765625,4343.60009765625,4351.60009765625,1061
2026-09-01 21:52:00-04:00,4343.7998046875,4344.10009765625,4337.0,4343.89990234375,809
2026-09-01 21:53:00-04:00,4342.39990234375,4343.7998046875,4339.89990234375,4343.7001953125,159
2026-09-01 21:54:00-04:00,4344.10009765625,4345.0,4342.39990234375,4342.39990234375,267
2026-09-01 21:55:00-04:00,4345.39990234375,4346.60009765625,4343.89990234375,4344.0,224
2026-09-01 21:56:00-04:00,4340.7001953125,4344.60009765625,4340.2001953125,4344.60009765625,218
2026-09-01 21:57:00-04:00,4339.5,4341.89990234375,4339.2998046875,4340.7998046875,86
2026-09-01 21:58:00-04:00,4335.5,4339.7998046875,4333.89990234375,4339.7998046875,644
2026-09-01 21:59:00-04:00,4338.10009765625,4338.7001953125,4335.7001953125,4336.0,235
2026-09-01 22:00:00-04:00,4335.7998046875,4339.0,4334.60009765625,4337.7998046875,236
2026-09-01 22:01:00-04:00,4338.89990234375,4339.7001953125,4335.0,4335.2998046875,240
2026-09-01 22:02:00-04:00,4341.60009765625,4341.89990234375,4338.7001953125,4339.0,184
2026-09-01 22:03:00-04:00,4343.0,4343.7001953125,4341.2001953125,4341.7998046875,243
2026-09-01 22:04:00-04:00,4342.89990234375,4344.0,4341.60009765625,4342.2998046875,261
2026-09-01 22:05:00-04:00,4342.89990234375,4343.5,4342.0,4343.2001953125,76
2026-09-01 22:06:00-04:00,4347.0,4347.89990234375,4343.0,4343.10009765625,244
2026-09-01 22:07:00-04:00,4347.39990234375,4349.0,4346.60009765625,4347.0,163
2026-09-01 22:08:00-04:00,4345.7001953125,4347.7998046875,4345.2998046875,4347.5,131
2026-09-01 22:09:00-04:00,4339.7998046875,4345.60009765625,4338.7001953125,4345.60009765625,460
2026-09-01 22:10:00-04:00,4337.60009765625,4340.2001953125,4337.5,4339.89990234375,309
2026-09-01 22:11:00-04:00,4338.89990234375,4340.7998046875,4336.39990234375,4337.2998046875,336
2026-09-01 22:12:00-04:00,4340.2001953125,4340.5,4338.39990234375,4338.7998046875,73
2026-09-01 22:13:00-04:00,4341.60009765625,4342.0,4339.7998046875,4340.10009765625,62
2026-09-01 22:14:00-04:00,4343.2998046875,4343.7998046875,4341.7001953125,4341.7001953125,89
2026-09-01 22:15:00-04:00,4344.7001953125,4345.0,4343.2998046875,4343.39990234375,91
2026-09-01 22:16:00-04:00,4347.10009765625,4347.2998046875,4344.60009765625,4345.10009765625,63
2026-09-01 22:17:00-04:00,4347.0,4347.89990234375,4345.89990234375,4347.2001953125,93
2026-09-01 22:18:00-04:00,4347.60009765625,4348.0,4346.2001953125,4347.2001953125,55
2026-09-01 22:19:00-04:00,4347.2998046875,4348.10009765625,4347.2001953125,4347.7998046875,51
2026-09-01 22:20:00-04:00,4351.7001953125,4352.10009765625,4347.2998046875,4347.5,278
2026-09-01 22:21:00-04:00,4350.10009765625,4353.60009765625,4349.5,4351.7998046875,388
2026-09-01 22:22:00-04:00,4348.7998046875,4351.2001953125,4347.39990234375,4350.2001953125,121
2026-09-01 22:23:00-04:00,4350.60009765625,4351.7001953125,4349.2001953125,4349.2001953125,135
2026-09-01 22:24:00-04:00,4350.39990234375,4351.60009765625,4350.0,4350.5,120
2026-09-01 22:25:00-04:00,4349.89990234375,4352.0,4349.89990234375,4350.39990234375,112
2026-09-01 22:26:00-04:00,4349.7001953125,4350.0,4348.89990234375,4350.0,57
2026-09-01 22:27:00-04:00,4351.5,4352.2998046875,4349.5,4349.5,79
2026-09-01 22:28:00-04:00,4350.7998046875,4353.0,4350.2998046875,4351.5,123
2026-09-01 22:29:00-04:00,4351.7001953125,4352.0,4350.2001953125,4350.60009765625,52
2026-09-01 22:30:00-04:00,4347.5,4352.2998046875,4346.7001953125,4352.10009765625,258
2026-09-01 22:31:00-04:00,4351.2998046875,4351.2998046875,4347.7001953125,4348.0,78
2026-09-01 22:32:00-04:00,4352.7001953125,4353.39990234375,4350.89990234375,4351.7001953125,356
2026-09-01 22:33:00-04:00,4353.60009765625,4353.7001953125,4352.39990234375,4352.5,157
2026-09-01 22:34:00-04:00,4355.2001953125,4356.10009765625,4353.2998046875,4353.89990234375,183
2026-09-01 22:35:00-04:00,4356.10009765625,4356.39990234375,4353.7001953125,4355.0,129
2026-09-01 22:36:00-04:00,4356.39990234375,4357.39990234375,4356.0,4356.2001953125,108
2026-09-01 22:37:00-04:00,4360.60009765625,4360.89990234375,4356.0,4356.2001953125,365
2026-09-01 22:38:00-04:00,4359.60009765625,4362.10009765625,4359.39990234375,4360.60009765625,449
2026-09-01 22:39:00-04:00,4359.89990234375,4360.7001953125,4359.2001953125,4359.39990234375,102
2026-09-01 22:40:00-04:00,4360.10009765625,4361.0,4358.39990234375,4359.10009765625,168
2026-09-01 22:41:00-04:00,4359.7001953125,4360.7998046875,4358.7001953125,4360.7998046875,68
2026-09-01 22:42:00-04:00,4359.5,4360.0,4359.2001953125,4359.2998046875,54
2026-09-01 22:43:00-04:00,4359.89990234375,4360.0,4357.0,4359.10009765625,217
2026-09-01 22:44:00-04:00,4356.39990234375,4360.2001953125,4356.2001953125,4360.0,129
2026-09-01 22:45:00-04:00,4356.89990234375,4357.7001953125,4356.10009765625,4357.0,44
2026-09-01 22:46:00-04:00,4357.39990234375,4358.2998046875,4356.60009765625,4356.60009765625,25
2026-09-01 22:47:00-04:00,4357.2001953125,4357.2998046875,4356.60009765625,4357.0,30
2026-09-01 22:48:00-04:00,4357.2001953125,4358.2998046875,4356.5,4356.60009765625,26
2026-09-01 22:49:00-04:00,4357.89990234375,4357.89990234375,4357.2998046875,4357.2998046875,7
2026-09-01 22:50:00-04:00,4356.0,4357.89990234375,4355.0,4357.89990234375,56
2026-09-01 22:51:00-04:00,4354.7998046875,4355.7001953125,4353.7998046875,4355.7001953125,47
2026-09-01 22:52:00-04:00,4355.5,4355.60009765625,4354.7001953125,4355.10009765625,34
2026-09-01 22:53:00-04:00,4354.89990234375,4355.5,4354.7001953125,4355.2001953125,53
2026-09-01 22:54:00-04:00,4353.0,4354.7001953125,4352.7998046875,4354.7001953125,136
2026-09-01 22:55:00-04:00,4352.39990234375,4353.39990234375,4350.7998046875,4353.2001953125,239
2026-09-01 22:56:00-04:00,4351.0,4353.0,4350.60009765625,4352.5,138
2026-09-01 22:57:00-04:00,4348.60009765625,4351.0,4348.5,4351.0,198
2026-09-01 22:58:00-04:00,4348.0,4349.0,4347.2001953125,4348.7998046875,282
2026-09-01 22:59:00-04:00,4350.0,4350.10009765625,4347.89990234375,4348.2001953125,249
2026-09-01 23:00:00-04:00,4349.10009765625,4350.10009765625,4348.2001953125,4350.0,58
2026-09-01 23:01:00-04:00,4350.39990234375,4351.39990234375,4349.5,4349.5,57
2026-09-01 23:02:00-04:00,4346.89990234375,4350.89990234375,4346.7001953125,4350.10009765625,78
2026-09-01 23:03:00-04:00,4346.89990234375,4347.89990234375,4346.2998046875,4347.39990234375,153
2026-09-01 23:04:00-04:00,4348.2001953125,4349.2998046875,4347.10009765625,4347.10009765625,58
2026-09-01 23:05:00-04:00,4345.39990234375,4348.0,4345.39990234375,4348.0,55
2026-09-01 23:06:00-04:00,4345.2001953125,4347.0,4345.10009765625,4345.5,59
2026-09-01 23:07:00-04:00,4346.5,4346.5,4344.5,4345.5,64
2026-09-01 23:08:00-04:00,4347.60009765625,4348.2001953125,4346.39990234375,4346.5,64
2026-09-01 23:09:00-04:00,4346.5,4347.2001953125,4343.89990234375,4347.2001953125,173
2026-09-01 23:10:00-04:00,4347.89990234375,4348.0,4345.7001953125,4346.39990234375,68
2026-09-01 23:11:00-04:00,4347.60009765625,4348.39990234375,4346.2998046875,4347.89990234375,113
2026-09-01 23:12:00-04:00,4346.2998046875,4347.7998046875,4345.10009765625,4347.39990234375,64
2026-09-01 23:13:00-04:00,4347.7001953125,4347.7001953125,4345.7998046875,4346.2001953125,51
2026-09-01 23:14:00-04:00,4348.0,4348.60009765625,4347.5,4348.0,51
2026-09-01 23:15:00-04:00,4347.89990234375,4349.7001953125,4347.5,4348.10009765625,164
2026-09-01 23:16:00-04:00,4344.89990234375,4348.2998046875,4344.89990234375,4348.2001953125,206
2026-09-01 23:17:00-04:00,4344.89990234375,4346.39990234375,4344.60009765625,4344.89990234375,44
2026-09-01 23:18:00-04:00,4345.5,4346.60009765625,4344.89990234375,4345.10009765625,90
2026-09-01 23:19:00-04:00,4344.60009765625,4346.60009765625,4343.60009765625,4345.60009765625,115
2026-09-01 23:20:00-04:00,4341.39990234375,4344.7001953125,4341.0,4344.7001953125,162
2026-09-01 23:21:00-04:00,4341.2998046875,4341.7001953125,4339.0,4341.5,340
2026-09-01 23:22:00-04:00,4341.2998046875,4342.60009765625,4340.2998046875,4341.60009765625,302
2026-09-01 23:23:00-04:00,4338.39990234375,4341.7001953125,4338.2001953125,4341.2001953125,191
2026-09-01 23:24:00-04:00,4340.89990234375,4341.2001953125,4336.39990234375,4338.5,440
2026-09-01 23:25:00-04:00,4344.0,4344.2001953125,4340.10009765625,4340.7998046875,160
2026-09-01 23:26:00-04:00,4345.2001953125,4345.7998046875,4343.89990234375,4344.0,119
2026-09-01 23:27:00-04:00,4344.5,4345.7998046875,4344.2998046875,4345.2001953125,89
2026-09-01 23:28:00-04:00,4341.5,4344.5,4340.7998046875,4344.5,152
2026-09-01 23:29:00-04:00,4340.7001953125,4341.5,4340.39990234375,4341.39990234375,108
2026-09-01 23:30:00-04:00,4337.7001953125,4340.7001953125,4337.2001953125,4340.60009765625,174
2026-09-01 23:31:00-04:00,4338.60009765625,4339.0,4337.2001953125,4337.89990234375,118
2026-09-01 23:32:00-04:00,4337.60009765625,4338.89990234375,4337.0,4338.39990234375,97
2026-09-01 23:33:00-04:00,4336.0,4337.7001953125,4335.7001953125,4337.7001953125,216
2026-09-01 23:34:00-04:00,4332.2001953125,4336.10009765625,4331.2001953125,4336.10009765625,677
2026-09-01 23:35:00-04:00,4331.2001953125,4332.10009765625,4329.2001953125,4331.60009765625,297
2026-09-01 23:36:00-04:00,4331.7001953125,4333.0,4330.2998046875,4330.89990234375,144
2026-09-01 23:37:00-04:00,4333.10009765625,4333.10009765625,4331.10009765625,4331.7998046875,108
2026-09-01 23:38:00-04:00,4337.60009765625,4337.60009765625,4333.5,4333.60009765625,265
2026-09-01 23:39:00-04:00,4338.10009765625,4338.7998046875,4336.60009765625,4337.60009765625,145
2026-09-01 23:40:00-04:00,4336.2001953125,4338.7001953125,4335.7998046875,4338.39990234375,140
2026-09-01 23:41:00-04:00,4334.2001953125,4337.2001953125,4333.60009765625,4336.39990234375,178
2026-09-01 23:42:00-04:00,4333.7001953125,4334.89990234375,4332.7998046875,4334.2998046875,107
2026-09-01 23:43:00-04:00,4334.2001953125,4334.2001953125,4332.10009765625,4333.39990234375,93
2026-09-01 23:44:00-04:00,4335.39990234375,4335.7998046875,4333.89990234375,4333.89990234375,45
2026-09-01 23:45:00-04:00,4338.5,4339.2998046875,4335.2998046875,4335.5,197
2026-09-01 23:46:00-04:00,4341.2001953125,4341.39990234375,4338.39990234375,4338.5,207
2026-09-01 23:47:00-04:00,4342.7998046875,4343.10009765625,4340.5,4340.7001953125,184
2026-09-01 23:48:00-04:00,4344.7998046875,4345.5,4342.5,4342.60009765625,261
2026-09-01 23:49:00-04:00,4346.0,4346.5,4344.7001953125,4345.0,124
2026-09-01 23:50:00-04:00,4345.39990234375,4346.10009765625,4344.39990234375,4346.0,281
2026-09-01 23:51:00-04:00,4344.39990234375,4345.5,4343.2998046875,4345.5,198
2026-09-01 23:52:00-04:00,4346.10009765625,4347.0,4343.60009765625,4344.60009765625,155
2026-09-01 23:53:00-04:00,4345.2001953125,4346.2001953125,4345.10009765625,4346.10009765625,46
2026-09-01 23:54:00-04:00,4347.7998046875,4347.7998046875,4345.60009765625,4345.60009765625,61
2026-09-01 23:55:00-04:00,4347.5,4348.39990234375,4347.10009765625,4347.89990234375,131
2026-09-01 23:56:00-04:00,4349.5,4350.7001953125,4347.39990234375,4347.39990234375,156
2026-09-01 23:57:00-04:00,4348.7998046875,4349.2998046875,4348.5,4349.2998046875,70
2026-09-01 23:58:00-04:00,4348.7998046875,4349.10009765625,4348.5,4348.7998046875,22
2026-09-02 00:00:00-04:00,4350.7001953125,4350.7001953125,4349.60009765625,4349.89990234375,65
2026-09-02 00:01:00-04:00,4349.39990234375,4350.2998046875,4349.10009765625,4350.2998046875,74
2026-09-02 00:02:00-04:00,4349.39990234375,4349.7998046875,4349.2001953125,4349.39990234375,31
2026-09-02 00:03:00-04:00,4351.39990234375,4352.39990234375,4349.5,4349.5,154
2026-09-02 00:04:00-04:00,4350.5,4351.60009765625,4348.7998046875,4351.60009765625,144
2026-09-02 00:05:00-04:00,4351.7001953125,4351.7998046875,4350.7001953125,4350.7001953125,56
2026-09-02 00:06:00-04:00,4350.60009765625,4352.0,4350.60009765625,4351.2001953125,62
2026-09-02 00:07:00-04:00,4350.39990234375,4351.2001953125,4350.2998046875,4350.7998046875,30
2026-09-02 00:08:00-04:00,4352.7001953125,4352.89990234375,4350.2998046875,4350.39990234375,50
2026-09-02 00:09:00-04:00,4351.39990234375,4353.39990234375,4351.0,4352.7998046875,149
2026-09-02 00:10:00-04:00,4352.39990234375,4352.7001953125,4351.60009765625,4351.60009765625,27
2026-09-02 00:11:00-04:00,4352.60009765625,4353.0,4352.10009765625,4352.2998046875,30
2026-09-02 00:12:00-04:00,4351.7001953125,4353.5,4351.39990234375,4353.0,58
2026-09-02 00:13:00-04:00,4350.60009765625,4351.5,4350.5,4351.5,64
2026-09-02 00:14:00-04:00,4350.89990234375,4351.0,4350.2998046875,4350.7001953125,31
2026-09-02 00:15:00-04:00,4351.2001953125,4351.89990234375,4350.5,4351.10009765625,70
2026-09-02 00:16:00-04:00,4351.0,4352.2998046875,4350.7001953125,4351.2998046875,45
2026-09-02 00:17:00-04:00,4350.10009765625,4350.89990234375,4350.10009765625,4350.89990234375,89
2026-09-02 00:18:00-04:00,4350.89990234375,4351.10009765625,4349.7001953125,4350.0,44
2026-09-02 00:19:00-04:00,4349.7998046875,4350.39990234375,4349.2998046875,4350.2998046875,20
2026-09-02 00:20:00-04:00,4349.7998046875,4349.7998046875,4347.7998046875,4349.10009765625,91
2026-09-02 00:21:00-04:00,4349.5,4349.7998046875,4348.60009765625,4349.39990234375,60
2026-09-02 00:22:00-04:00,4350.10009765625,4351.39990234375,4349.39990234375,4349.7001953125,80
2026-09-02 00:23:00-04:00,4349.10009765625,4350.10009765625,4349.0,4349.60009765625,30
2026-09-02 00:24:00-04:00,4350.7998046875,4351.2001953125,4349.5,4349.5,16
2026-09-02 00:25:00-04:00,4350.2001953125,4351.2998046875,4349.2001953125,4351.0,43
2026-09-02 00:26:00-04:00,4349.89990234375,4350.39990234375,4349.7001953125,4349.7998046875,20
2026-09-02 00:27:00-04:00,4348.89990234375,4349.89990234375,4348.7998046875,4349.89990234375,38
2026-09-02 00:28:00-04:00,4348.89990234375,4349.7001953125,4348.2998046875,4349.0,93
2026-09-02 00:29:00-04:00,4349.39990234375,4349.7001953125,4348.5,4349.10009765625,31
2026-09-02 00:30:00-04:00,4351.0,4351.2001953125,4349.10009765625,4349.60009765625,88
2026-09-02 00:31:00-04:00,4349.7001953125,4351.0,4349.2001953125,4350.7998046875,44
2026-09-02 00:32:00-04:00,4354.2001953125,4354.2001953125,4349.7998046875,4349.7998046875,60
2026-09-02 00:33:00-04:00,4351.60009765625,4354.39990234375,4351.60009765625,4354.0,50
2026-09-02 00:34:00-04:00,4352.0,4352.10009765625,4351.5,4351.5,18
2026-09-02 00:35:00-04:00,4351.7001953125,4352.2998046875,4351.5,4351.7001953125,12
2026-09-02 00:36:00-04:00,4350.60009765625,4351.7001953125,4350.2998046875,4351.7001953125,61
2026-09-02 00:37:00-04:00,4352.60009765625,4353.0,4350.89990234375,4350.89990234375,29
2026-09-02 00:38:00-04:00,4352.2001953125,4353.0,4351.7998046875,4352.39990234375,93
2026-09-02 00:39:00-04:00,4350.89990234375,4351.7001953125,4350.2998046875,4351.7001953125,24
2026-09-02 00:40:00-04:00,4350.7998046875,4351.7998046875,4350.7998046875,4350.89990234375,6
2026-09-02 00:41:00-04:00,4350.60009765625,4351.0,4350.5,4350.89990234375,16
2026-09-02 00:42:00-04:00,4351.2001953125,4351.2998046875,4350.89990234375,4351.0,15
2026-09-02 00:43:00-04:00,4352.2998046875,4352.7001953125,4349.39990234375,4350.7998046875,128
2026-09-02 00:44:00-04:00,4351.0,4352.7998046875,4351.0,4352.10009765625,37
2026-09-02 00:45:00-04:00,4351.2998046875,4352.10009765625,4351.2998046875,4351.39990234375,10
2026-09-02 00:46:00-04:00,4351.39990234375,4352.0,4351.2998046875,4351.89990234375,7
2026-09-02 00:47:00-04:00,4351.10009765625,4352.5,4350.39990234375,4351.89990234375,45
2026-09-02 00:48:00-04:00,4352.7001953125,4352.7001953125,4350.7001953125,4351.39990234375,63
2026-09-02 00:49:00-04:00,4352.2998046875,4353.2001953125,4352.2998046875,4353.2001953125,21
2026-09-02 00:50:00-04:00,4352.39990234375,4353.2001953125,4352.10009765625,4352.60009765625,12
2026-09-02 00:51:00-04:00,4351.7998046875,4352.7001953125,4351.60009765625,4352.60009765625,12
2026-09-02 00:52:00-04:00,4352.10009765625,4352.5,4351.39990234375,4351.7998046875,50
2026-09-02 00:53:00-04:00,4353.2001953125,4353.5,4351.7998046875,4352.2998046875,36
2026-09-02 00:54:00-04:00,4353.10009765625,4353.2001953125,4352.7001953125,4353.2001953125,7
2026-09-02 00:55:00-04:00,4353.2998046875,4353.5,4352.7001953125,4352.7001953125,61
2026-09-02 00:56:00-04:00,4353.2001953125,4353.60009765625,4352.7001953125,4353.39990234375,30
2026-09-02 00:57:00-04:00,4352.7998046875,4353.39990234375,4352.5,4353.2001953125,23
2026-09-02 00:58:00-04:00,4353.39990234375,4353.60009765625,4352.7001953125,4352.7001953125,18
2026-09-02 00:59:00-04:00,4353.7001953125,4354.2001953125,4353.7001953125,4353.7001953125,19
2026-09-02 01:00:00-04:00,4354.5,4354.7001953125,4353.2998046875,4353.89990234375,27
2026-09-02 01:01:00-04:00,4352.5,4354.2001953125,4352.0,4354.2001953125,70
2026-09-02 01:02:00-04:00,4352.7001953125,4353.60009765625,4352.60009765625,4352.60009765625,20
2026-09-02 01:03:00-04:00,4353.10009765625,4353.10009765625,4352.7001953125,4353.10009765625,10
2026-09-02 01:04:00-04:00,4352.89990234375,4353.5,4352.7001953125,4352.89990234375,19
2026-09-02 01:05:00-04:00,4351.60009765625,4352.7001953125,4350.89990234375,4352.7001953125,52
2026-09-02 01:06:00-04:00,4351.10009765625,4351.60009765625,4350.5,4351.60009765625,74
2026-09-02 01:07:00-04:00,4351.2998046875,4351.60009765625,4351.10009765625,4351.10009765625,40
2026-09-02 01:08:00-04:00,4351.5,4351.60009765625,4351.2998046875,4351.39990234375,15
2026-09-02 01:09:00-04:00,4351.2998046875,4351.7998046875,4350.0,4351.7001953125,81
2026-09-02 01:10:00-04:00,4351.2001953125,4352.89990234375,4351.2001953125,4351.39990234375,110
2026-09-02 01:11:00-04:00,4351.7001953125,4352.0,4351.2998046875,4351.5,30
2026-09-02 01:12:00-04:00,4355.60009765625,4355.89990234375,4351.60009765625,4351.89990234375,146
2026-09-02 01:13:00-04:00,4355.7001953125,4355.7998046875,4354.5,4355.5,66
2026-09-02 01:14:00-04:00,4356.5,4356.5,4355.7998046875,4355.89990234375,49
2026-09-02 01:15:00-04:00,4357.7001953125,4359.2998046875,4356.60009765625,4356.60009765625,175
2026-09-02 01:16:00-04:00,4359.0,4359.2001953125,4357.2998046875,4357.39990234375,53
2026-09-02 01:17:00-04:00,4359.7001953125,4359.7998046875,4357.7001953125,4358.7998046875,129
2026-09-02 01:18:00-04:00,4358.60009765625,4360.5,4358.60009765625,4359.89990234375,110
2026-09-02 01:19:00-04:00,4357.2001953125,4358.7998046875,4356.7001953125,4358.60009765625,98
2026-09-02 01:20:00-04:00,4356.7998046875,4357.39990234375,4355.7998046875,4357.2001953125,88
2026-09-02 01:21:00-04:00,4354.2998046875,4356.60009765625,4354.2998046875,4356.60009765625,97
2026-09-02 01:22:00-04:00,4353.60009765625,4354.60009765625,4353.60009765625,4354.5,57
2026-09-02 01:23:00-04:00,4355.0,4355.0,4353.2001953125,4353.7998046875,61
2026-09-02 01:24:00-04:00,4355.2998046875,4355.2998046875,4353.60009765625,4354.89990234375,54
2026-09-02 01:25:00-04:00,4355.7001953125,4356.7998046875,4355.2001953125,4355.60009765625,55
2026-09-02 01:26:00-04:00,4357.7001953125,4357.7001953125,4355.7998046875,4355.7998046875,104
2026-09-02 01:27:00-04:00,4357.60009765625,4358.0,4356.5,4357.5,90
2026-09-02 01:28:00-04:00,4360.0,4360.0,4356.7998046875,4357.7001953125,96
2026-09-02 01:29:00-04:00,4359.7001953125,4360.5,4359.39990234375,4360.0,109
2026-09-02 01:30:00-04:00,4367.2001953125,4367.2001953125,4359.7001953125,4359.7998046875,882
2026-09-02 01:31:00-04:00,4367.0,4370.60009765625,4366.7998046875,4367.0,564
2026-09-02 01:32:00-04:00,4368.89990234375,4369.10009765625,4365.89990234375,4366.7001953125,224
2026-09-02 01:33:00-04:00,4369.5,4370.10009765625,4368.0,4368.7998046875,152
2026-09-02 01:34:00-04:00,4371.2998046875,4371.7001953125,4368.5,4369.60009765625,178
2026-09-02 01:35:00-04:00,4368.5,4371.0,4368.2001953125,4370.7998046875,189
2026-09-02 01:36:00-04:00,4367.39990234375,4368.7998046875,4366.89990234375,4368.5,76
2026-09-02 01:37:00-04:00,4365.5,4368.2998046875,4365.5,4367.60009765625,61
2026-09-02 01:38:00-04:00,4366.2001953125,4366.39990234375,4364.39990234375,4365.39990234375,156
2026-09-02 01:39:00-04:00,4365.0,4367.39990234375,4364.7998046875,4366.7001953125,83
2026-09-02 01:40:00-04:00,4364.2998046875,4365.7001953125,4363.89990234375,4365.0,61
2026-09-02 01:41:00-04:00,4367.2001953125,4367.7998046875,4364.2998046875,4365.10009765625,42
2026-09-02 01:42:00-04:00,4366.89990234375,4369.5,4366.7998046875,4367.10009765625,97
2026-09-02 01:43:00-04:00,4368.0,4368.0,4366.7998046875,4366.7998046875,87
2026-09-02 01:44:00-04:00,4369.60009765625,4369.7001953125,4367.7001953125,4367.89990234375,75
2026-09-02 01:45:00-04:00,4370.7001953125,4370.7001953125,4369.2001953125,4369.89990234375,56
2026-09-02 01:46:00-04:00,4369.89990234375,4371.7001953125,4369.2001953125,4370.39990234375,196
2026-09-02 01:47:00-04:00,4370.2001953125,4370.39990234375,4369.89990234375,4370.10009765625,43
2026-09-02 01:48:00-04:00,4370.7001953125,4371.2998046875,4370.2001953125,4370.39990234375,29
2026-09-02 01:49:00-04:00,4372.39990234375,4372.89990234375,4370.7001953125,4370.7998046875,69
2026-09-02 01:50:00-04:00,4369.10009765625,4373.10009765625,4368.7001953125,4372.60009765625,98
2026-09-02 01:51:00-04:00,4369.7998046875,4369.7998046875,4368.7998046875,4369.0,58
2026-09-02 01:52:00-04:00,4368.5,4369.5,4368.39990234375,4369.10009765625,36
2026-09-02 01:53:00-04:00,4367.5,4369.0,4367.0,4369.0,99
2026-09-02 01:54:00-04:00,4366.89990234375,4367.2998046875,4366.0,4367.2998046875,90
2026-09-02 01:55:00-04:00,4368.39990234375,4368.5,4366.5,4366.7998046875,38
2026-09-02 01:56:00-04:00,4368.39990234375,4369.2998046875,4367.5,4368.10009765625,81
2026-09-02 01:57:00-04:00,4367.39990234375,4368.89990234375,4367.39990234375,4368.7001953125,19
2026-09-02 01:58:00-04:00,4367.89990234375,4369.0,4367.7001953125,4368.2001953125,54
2026-09-02 01:59:00-04:00,4366.7001953125,4367.7001953125,4365.89990234375,4367.60009765625,61
2026-09-02 02:00:00-04:00,4366.7001953125,4368.60009765625,4366.7001953125,4366.7998046875,103
2026-09-02 02:01:00-04:00,4368.2001953125,4368.2001953125,4366.7001953125,4367.10009765625,64
2026-09-02 02:02:00-04:00,4368.2998046875,4369.0,4367.5,4368.2001953125,95
2026-09-02 02:03:00-04:00,4365.2998046875,4368.2998046875,4365.2998046875,4368.2001953125,90
2026-09-02 02:04:00-04:00,4365.0,4366.0,4364.2998046875,4365.10009765625,63
2026-09-02 02:05:00-04:00,4364.39990234375,4365.39990234375,4364.2001953125,4364.7001953125,62
2026-09-02 02:06:00-04:00,4365.89990234375,4365.89990234375,4364.5,4364.60009765625,41
2026-09-02 02:07:00-04:00,4365.89990234375,4367.0,4365.2001953125,4366.10009765625,97
2026-09-02 02:08:00-04:00,4367.2001953125,4367.2001953125,4365.0,4365.7998046875,100
2026-09-02 02:09:00-04:00,4370.89990234375,4370.89990234375,4367.39990234375,4367.60009765625,44
2026-09-02 02:10:00-04:00,4368.7998046875,4371.0,4368.7001953125,4370.89990234375,55
2026-09-02 02:11:00-04:00,4368.7998046875,4369.2001953125,4367.39990234375,4369.2001953125,46
2026-09-02 02:12:00-04:00,4370.89990234375,4370.89990234375,4368.5,4368.5,65
2026-09-02 02:13:00-04:00,4374.10009765625,4375.39990234375,4371.2998046875,4371.2998046875,438
2026-09-02 02:14:00-04:00,4373.10009765625,4375.89990234375,4372.7998046875,4374.7001953125,185
2026-09-02 02:15:00-04:00,4371.7998046875,4375.10009765625,4371.7998046875,4372.89990234375,110
2026-09-02 02:16:00-04:00,4369.7998046875,4371.7998046875,4369.60009765625,4371.7998046875,85
2026-09-02 02:17:00-04:00,4368.60009765625,4370.5,4368.2001953125,4369.5,114
2026-09-02 02:18:00-04:00,4373.2001953125,4373.2001953125,4368.89990234375,4369.10009765625,603
2026-09-02 02:19:00-04:00,4372.60009765625,4373.60009765625,4371.7001953125,4372.89990234375,159
2026-09-02 02:20:00-04:00,4370.2001953125,4372.2001953125,4369.7001953125,4372.2001953125,67
2026-09-02 02:21:00-04:00,4369.7998046875,4370.60009765625,4369.5,4370.2001953125,170
2026-09-02 02:22:00-04:00,4369.7001953125,4370.7998046875,4367.5,4370.7998046875,190
2026-09-02 02:23:00-04:00,4371.10009765625,4371.10009765625,4368.60009765625,4369.60009765625,52
2026-09-02 02:24:00-04:00,4373.10009765625,4373.10009765625,4370.89990234375,4371.10009765625,49
2026-09-02 02:25:00-04:00,4373.2998046875,4373.5,4371.89990234375,4373.10009765625,40
2026-09-02 02:26:00-04:00,4372.89990234375,4374.10009765625,4372.5,4373.2998046875,48
2026-09-02 02:27:00-04:00,4371.39990234375,4372.7998046875,4371.10009765625,4372.7998046875,77
2026-09-02 02:28:00-04:00,4370.7998046875,4372.10009765625,4370.2001953125,4371.2001953125,55
2026-09-02 02:29:00-04:00,4368.89990234375,4371.89990234375,4368.7998046875,4370.89990234375,88
2026-09-02 02:30:00-04:00,4369.2001953125,4370.39990234375,4368.60009765625,4369.39990234375,49
2026-09-02 02:31:00-04:00,4367.5,4370.0,4367.2001953125,4369.60009765625,70
2026-09-02 02:32:00-04:00,4367.7998046875,4368.39990234375,4366.5,4367.2998046875,100
2026-09-02 02:33:00-04:00,4365.60009765625,4368.10009765625,4365.10009765625,4367.5,97
2026-09-02 02:34:00-04:00,4366.5,4367.0,4364.89990234375,4365.7998046875,142
2026-09-02 02:35:00-04:00,4365.7998046875,4366.2998046875,4365.0,4366.2998046875,56
2026-09-02 02:36:00-04:00,4365.10009765625,4366.60009765625,4364.89990234375,4366.2998046875,125
2026-09-02 02:37:00-04:00,4363.60009765625,4366.0,4363.0,4364.7998046875,117
2026-09-02 02:38:00-04:00,4367.2001953125,4367.5,4363.89990234375,4363.89990234375,41
2026-09-02 02:39:00-04:00,4371.0,4371.0,4366.89990234375,4367.2998046875,102
2026-09-02 02:40:00-04:00,4371.39990234375,4372.2998046875,4369.2001953125,4371.2001953125,172
2026-09-02 02:41:00-04:00,4372.2998046875,4372.7001953125,4370.2998046875,4371.10009765625,135
2026-09-02 02:42:00-04:00,4371.89990234375,4372.89990234375,4371.2001953125,4372.5,67
2026-09-02 02:43:00-04:00,4371.7998046875,4372.7001953125,4371.0,4371.5,60
2026-09-02 02:44:00-04:00,4371.2998046875,4372.39990234375,4370.10009765625,4372.39990234375,57
2026-09-02 02:45:00-04:00,4371.2001953125,4371.39990234375,4370.2998046875,4371.2001953125,67
2026-09-02 02:46:00-04:00,4367.7001953125,4370.7001953125,4367.60009765625,4370.7001953125,84
2026-09-02 02:47:00-04:00,4366.5,4368.2001953125,4366.2998046875,4367.60009765625,62
2026-09-02 02:48:00-04:00,4365.39990234375,4367.39990234375,4365.39990234375,4366.5,41
2026-09-02 02:49:00-04:00,4363.10009765625,4366.10009765625,4363.10009765625,4365.2998046875,110
2026-09-02 02:50:00-04:00,4362.5,4363.89990234375,4362.5,4363.10009765625,123
2026-09-02 02:51:00-04:00,4362.0,4362.7001953125,4361.2001953125,4362.5,116
2026-09-02 02:52:00-04:00,4362.89990234375,4364.0,4362.2001953125,4362.39990234375,59
2026-09-02 02:53:00-04:00,4362.10009765625,4363.2001953125,4362.0,4362.89990234375,28
2026-09-02 02:54:00-04:00,4362.39990234375,4362.89990234375,4361.7001953125,4362.2998046875,34
2026-09-02 02:55:00-04:00,4363.7998046875,4363.89990234375,4362.5,4362.7001953125,314
2026-09-02 02:56:00-04:00,4367.5,4367.5,4363.10009765625,4363.7998046875,63
2026-09-02 02:57:00-04:00,4366.7998046875,4368.39990234375,4366.5,4367.7001953125,88
2026-09-02 02:58:00-04:00,4366.60009765625,4367.2998046875,4365.60009765625,4367.2001953125,78
2026-09-02 02:59:00-04:00,4368.2998046875,4368.2998046875,4365.7998046875,4366.60009765625,47
2026-09-02 03:00:00-04:00,4368.2001953125,4368.89990234375,4365.7998046875,4368.39990234375,125
2026-09-02 03:01:00-04:00,4368.2001953125,4368.7998046875,4367.2001953125,4368.10009765625,48
2026-09-02 03:02:00-04:00,4368.7001953125,4370.7001953125,4368.2001953125,4368.60009765625,110
2026-09-02 03:03:00-04:00,4368.2001953125,4368.60009765625,4366.7998046875,4368.60009765625,53
2026-09-02 03:04:00-04:00,4368.10009765625,4368.89990234375,4367.39990234375,4368.5,34
2026-09-02 03:05:00-04:00,4366.5,4368.7998046875,4365.89990234375,4367.7001953125,60
2026-09-02 03:06:00-04:00,4369.39990234375,4369.39990234375,4366.0,4366.60009765625,89
2026-09-02 03:07:00-04:00,4372.10009765625,4373.5,4369.5,4369.60009765625,168
2026-09-02 03:08:00-04:00,4372.5,4373.2998046875,4371.5,4371.7998046875,66
2026-09-02 03:09:00-04:00,4372.7998046875,4373.60009765625,4372.2001953125,4372.5,82
2026-09-02 03:10:00-04:00,4376.2998046875,4377.39990234375,4372.89990234375,4372.89990234375,209
2026-09-02 03:11:00-04:00,4376.2998046875,4376.5,4374.7001953125,4375.89990234375,145
2026-09-02 03:12:00-04:00,4376.39990234375,4377.7998046875,4375.2001953125,4376.2001953125,215
2026-09-02 03:13:00-04:00,4375.60009765625,4377.0,4374.60009765625,4376.5,137
2026-09-02 03:14:00-04:00,4373.2998046875,4376.2001953125,4373.2998046875,4376.10009765625,72
2026-09-02 03:15:00-04:00,4373.39990234375,4374.0,4372.10009765625,4373.0,90
2026-09-02 03:16:00-04:00,4373.39990234375,4374.2001953125,4372.2001953125,4373.5,98
2026-09-02 03:17:00-04:00,4373.89990234375,4374.60009765625,4372.60009765625,4373.2001953125,108
2026-09-02 03:18:00-04:00,4373.89990234375,4375.0,4373.10009765625,4374.39990234375,63
2026-09-02 03:19:00-04:00,4374.7001953125,4375.2001953125,4374.10009765625,4374.10009765625,77
2026-09-02 03:20:00-04:00,4373.0,4374.7001953125,4372.10009765625,4374.5,72
2026-09-02 03:21:00-04:00,4372.5,4373.39990234375,4371.60009765625,4373.2998046875,57
2026-09-02 03:22:00-04:00,4374.7001953125,4374.7001953125,4372.0,4372.2998046875,65
2026-09-02 03:23:00-04:00,4374.39990234375,4374.7998046875,4373.0,4374.5,60
2026-09-02 03:24:00-04:00,4375.10009765625,4375.7998046875,4373.60009765625,4374.5,42
2026-09-02 03:25:00-04:00,4372.89990234375,4375.0,4371.39990234375,4375.0,64
2026-09-02 03:26:00-04:00,4373.5,4373.7998046875,4372.89990234375,4373.10009765625,75
2026-09-02 03:27:00-04:00,4372.2998046875,4375.5,4372.2998046875,4373.39990234375,47
2026-09-02 03:28:00-04:00,4372.10009765625,4374.10009765625,4372.10009765625,4372.2998046875,41
2026-09-02 03:29:00-04:00,4373.7001953125,4374.60009765625,4372.5,4372.5,70
2026-09-02 03:30:00-04:00,4374.0,4374.10009765625,4371.89990234375,4373.2001953125,71
2026-09-02 03:31:00-04:00,4376.0,4376.10009765625,4374.10009765625,4374.2001953125,69
2026-09-02 03:32:00-04:00,4375.7998046875,4376.7001953125,4375.0,4375.7998046875,67
2026-09-02 03:33:00-04:00,4375.60009765625,4375.7001953125,4374.2001953125,4375.60009765625,55
2026-09-02 03:34:00-04:00,4374.10009765625,4375.60009765625,4374.10009765625,4375.39990234375,21
2026-09-02 03:35:00-04:00,4374.2998046875,4375.10009765625,4372.7998046875,4374.2001953125,157
2026-09-02 03:36:00-04:00,4375.0,4375.10009765625,4374.2001953125,4375.10009765625,35
2026-09-02 03:37:00-04:00,4376.2001953125,4376.2001953125,4374.7001953125,4375.10009765625,53
2026-09-02 03:38:00-04:00,4375.7001953125,4377.7998046875,4375.60009765625,4376.2998046875,127
2026-09-02 03:39:00-04:00,4373.10009765625,4375.39990234375,4373.10009765625,4375.0,86
2026-09-02 03:40:00-04:00,4373.2998046875,4373.60009765625,4372.0,4373.2001953125,77
2026-09-02 03:41:00-04:00,4372.39990234375,4373.60009765625,4372.0,4373.10009765625,53
2026-09-02 03:42:00-04:00,4371.2001953125,4372.7001953125,4370.89990234375,4372.60009765625,48
2026-09-02 03:43:00-04:00,4370.0,4372.2998046875,4369.60009765625,4371.5,47
2026-09-02 03:44:00-04:00,4369.10009765625,4370.10009765625,4368.5,4369.5,93
2026-09-02 03:45:00-04:00,4370.7998046875,4370.7998046875,4368.60009765625,4369.39990234375,62
2026-09-02 03:46:00-04:00,4369.7998046875,4371.2998046875,4369.7998046875,4370.60009765625,69
2026-09-02 03:47:00-04:00,4370.7001953125,4371.7001953125,4369.39990234375,4369.7998046875,60
2026-09-02 03:48:00-04:00,4370.2998046875,4371.2998046875,4370.2998046875,4371.2998046875,36
2026-09-02 03:49:00-04:00,4368.5,4369.89990234375,4368.39990234375,4369.5,51
2026-09-02 03:50:00-04:00,4367.60009765625,4368.60009765625,4366.89990234375,4368.60009765625,77
2026-09-02 03:51:00-04:00,4368.7998046875,4369.39990234375,4367.7998046875,4367.89990234375,59
2026-09-02 03:52:00-04:00,4367.7001953125,4369.0,4367.7001953125,4368.7998046875,44
2026-09-02 03:53:00-04:00,4369.0,4369.7998046875,4368.2001953125,4368.2001953125,55
2026-09-02 03:54:00-04:00,4369.0,4370.10009765625,4368.60009765625,4369.0,59
2026-09-02 03:55:00-04:00,4369.2998046875,4369.2998046875,4367.39990234375,4369.10009765625,48
2026-09-02 03:56:00-04:00,4369.2001953125,4370.5,4368.7998046875,4369.2001953125,33
2026-09-02 03:57:00-04:00,4368.7001953125,4369.89990234375,4368.5,4369.39990234375,29
2026-09-02 03:58:00-04:00,4370.39990234375,4370.7998046875,4369.2998046875,4369.60009765625,27
2026-09-02 03:59:00-04:00,4369.7998046875,4370.7001953125,4369.7001953125,4370.5,13
2026-09-02 04:00:00-04:00,4370.0,4370.7998046875,4368.7998046875,4370.10009765625,195
2026-09-02 04:01:00-04:00,4371.60009765625,4372.0,4370.39990234375,4370.89990234375,49
2026-09-02 04:02:00-04:00,4370.10009765625,4372.7001953125,4369.89990234375,4371.7998046875,119
2026-09-02 04:03:00-04:00,4372.2001953125,4372.39990234375,4370.0,4370.2001953125,33
2026-09-02 04:04:00-04:00,4374.2001953125,4374.2998046875,4372.2001953125,4372.2998046875,38
2026-09-02 04:05:00-04:00,4370.7998046875,4374.2001953125,4370.7998046875,4374.10009765625,65
2026-09-02 04:06:00-04:00,4370.2998046875,4372.2001953125,4369.39990234375,4371.10009765625,47
2026-09-02 04:07:00-04:00,4372.39990234375,4373.2998046875,4370.7998046875,4370.7998046875,53
2026-09-02 04:08:00-04:00,4375.5,4376.2001953125,4372.7001953125,4372.89990234375,123
2026-09-02 04:09:00-04:00,4376.5,4376.89990234375,4375.2001953125,4375.39990234375,82
2026-09-02 04:10:00-04:00,4377.7998046875,4378.39990234375,4376.60009765625,4376.7998046875,273
2026-09-02 04:11:00-04:00,4373.7001953125,4377.89990234375,4373.5,4377.89990234375,98
2026-09-02 04:12:00-04:00,4374.10009765625,4374.2998046875,4373.39990234375,4373.60009765625,52
2026-09-02 04:13:00-04:00,4373.2001953125,4373.7001953125,4372.39990234375,4373.7001953125,58
2026-09-02 04:14:00-04:00,4372.2001953125,4373.7001953125,4371.39990234375,4373.10009765625,67
2026-09-02 04:15:00-04:00,4373.5,4374.2001953125,4371.89990234375,4371.89990234375,81
2026-09-02 04:16:00-04:00,4372.60009765625,4373.89990234375,4371.60009765625,4373.5,76
2026-09-02 04:17:00-04:00,4372.0,4373.10009765625,4371.60009765625,4372.7998046875,21
2026-09-02 04:18:00-04:00,4373.60009765625,4374.0,4372.39990234375,4372.39990234375,52
2026-09-02 04:19:00-04:00,4371.89990234375,4373.7001953125,4371.7001953125,4373.60009765625,48
2026-09-02 04:20:00-04:00,4371.89990234375,4372.7001953125,4371.89990234375,4372.2998046875,61
2026-09-02 04:21:00-04:00,4371.60009765625,4372.2001953125,4370.7998046875,4372.0,131
2026-09-02 04:22:00-04:00,4372.7998046875,4372.7998046875,4370.89990234375,4371.60009765625,65
2026-09-02 04:23:00-04:00,4372.5,4373.7001953125,4372.2998046875,4373.39990234375,75
2026-09-02 04:24:00-04:00,4372.5,4373.10009765625,4371.89990234375,4372.60009765625,29
2026-09-02 04:25:00-04:00,4370.89990234375,4372.5,4370.89990234375,4372.2998046875,51
2026-09-02 04:26:00-04:00,4370.60009765625,4371.2998046875,4370.10009765625,4370.89990234375,41
2026-09-02 04:27:00-04:00,4370.2001953125,4370.89990234375,4369.7998046875,4370.2001953125,27
2026-09-02 04:28:00-04:00,4369.7998046875,4371.7998046875,4369.39990234375,4370.89990234375,38
2026-09-02 04:29:00-04:00,4369.60009765625,4371.0,4369.2001953125,4369.2001953125,75
2026-09-02 04:30:00-04:00,4371.89990234375,4371.89990234375,4369.39990234375,4369.60009765625,76
2026-09-02 04:31:00-04:00,4369.5,4372.2998046875,4369.5,4371.7001953125,35
2026-09-02 04:32:00-04:00,4368.7998046875,4369.89990234375,4368.2998046875,4369.2998046875,82
2026-09-02 04:33:00-04:00,4368.7998046875,4369.0,4368.2998046875,4368.7998046875,33
2026-09-02 04:34:00-04:00,4368.10009765625,4368.89990234375,4367.2998046875,4368.7998046875,44
2026-09-02 04:35:00-04:00,4367.2001953125,4368.39990234375,4366.0,4368.10009765625,67
2026-09-02 04:36:00-04:00,4368.10009765625,4368.60009765625,4366.7001953125,4366.7998046875,64
2026-09-02 04:37:00-04:00,4370.10009765625,4370.10009765625,4367.7998046875,4367.7998046875,71
2026-09-02 04:38:00-04:00,4370.89990234375,4371.7001953125,4370.2001953125,4370.2001953125,81
2026-09-02 04:39:00-04:00,4371.5,4373.2001953125,4371.5,4371.60009765625,73
2026-09-02 04:40:00-04:00,4371.60009765625,4372.2001953125,4371.2001953125,4371.89990234375,31
2026-09-02 04:41:00-04:00,4371.0,4372.7001953125,4371.0,4371.5,36
2026-09-02 04:42:00-04:00,4369.7998046875,4371.7001953125,4369.7001953125,4371.0,52
2026-09-02 04:43:00-04:00,4369.2001953125,4370.10009765625,4368.7998046875,4370.0,42
2026-09-02 04:44:00-04:00,4368.60009765625,4369.5,4366.7998046875,4369.39990234375,195
2026-09-02 04:45:00-04:00,4366.7001953125,4369.10009765625,4366.7001953125,4368.60009765625,60
2026-09-02 04:46:00-04:00,4367.39990234375,4367.89990234375,4366.10009765625,4366.7998046875,96
2026-09-02 04:47:00-04:00,4367.39990234375,4368.0,4366.7001953125,4367.39990234375,92
2026-09-02 04:48:00-04:00,4368.7001953125,4368.7998046875,4366.7001953125,4367.7001953125,62
2026-09-02 04:49:00-04:00,4368.0,4369.2998046875,4368.0,4368.7998046875,118
2026-09-02 04:50:00-04:00,4366.5,4368.39990234375,4366.0,4368.39990234375,76
2026-09-02 04:51:00-04:00,4365.10009765625,4366.89990234375,4365.0,4366.89990234375,120
2026-09-02 04:52:00-04:00,4364.2001953125,4365.2998046875,4363.7001953125,4365.10009765625,171
2026-09-02 04:53:00-04:00,4362.7998046875,4364.7998046875,4362.7001953125,4364.39990234375,124
2026-09-02 04:54:00-04:00,4361.0,4363.10009765625,4359.5,4363.10009765625,515
2026-09-02 04:55:00-04:00,4362.2998046875,4362.7998046875,4360.60009765625,4361.10009765625,105
2026-09-02 04:56:00-04:00,4363.0,4364.2001953125,4362.2001953125,4362.2001953125,102
2026-09-02 04:57:00-04:00,4362.5,4363.7998046875,4361.7001953125,4363.2001953125,58
2026-09-02 04:58:00-04:00,4360.7998046875,4362.39990234375,4360.39990234375,4362.2001953125,86
2026-09-02 04:59:00-04:00,4359.60009765625,4361.60009765625,4359.10009765625,4360.89990234375,137
2026-09-02 05:00:00-04:00,4360.60009765625,4361.89990234375,4359.2998046875,4359.60009765625,124
2026-09-02 05:01:00-04:00,4359.89990234375,4361.0,4359.10009765625,4360.89990234375,111
2026-09-02 05:02:00-04:00,4362.2998046875,4363.39990234375,4359.89990234375,4360.2001953125,89
2026-09-02 05:03:00-04:00,4363.10009765625,4363.60009765625,4361.5,4362.10009765625,44
2026-09-02 05:04:00-04:00,4362.7001953125,4363.10009765625,4361.7001953125,4363.0,37
2026-09-02 05:05:00-04:00,4366.7998046875,4367.10009765625,4363.0,4363.0,203
2026-09-02 05:06:00-04:00,4368.10009765625,4368.89990234375,4366.7998046875,4366.89990234375,188
2026-09-02 05:07:00-04:00,4366.89990234375,4369.2001953125,4366.39990234375,4368.5,48
2026-09-02 05:08:00-04:00,4364.60009765625,4366.7998046875,4364.60009765625,4366.7998046875,55
2026-09-02 05:09:00-04:00,4365.5,4367.10009765625,4365.0,4365.0,55
2026-09-02 05:10:00-04:00,4364.10009765625,4365.5,4363.60009765625,4365.5,88
2026-09-02 05:11:00-04:00,4363.7001953125,4365.10009765625,4363.60009765625,4364.5,65
2026-09-02 05:12:00-04:00,4363.89990234375,4364.39990234375,4363.60009765625,4363.7001953125,32
2026-09-02 05:13:00-04:00,4362.10009765625,4363.89990234375,4362.10009765625,4363.7001953125,23
2026-09-02 05:14:00-04:00,4360.7001953125,4362.0,4360.60009765625,4362.0,29
2026-09-02 05:15:00-04:00,4361.39990234375,4361.39990234375,4360.2001953125,4360.7998046875,70
2026-09-02 05:16:00-04:00,4361.7998046875,4362.0,4361.10009765625,4361.2001953125,24
2026-09-02 05:17:00-04:00,4361.7001953125,4362.10009765625,4361.10009765625,4361.7001953125,19
2026-09-02 05:18:00-04:00,4361.7998046875,4362.2001953125,4361.2998046875,4361.7001953125,27
2026-09-02 05:19:00-04:00,4361.2001953125,4362.10009765625,4361.0,4361.7998046875,57
2026-09-02 05:20:00-04:00,4359.0,4361.5,4358.7001953125,4361.2001953125,167
2026-09-02 05:21:00-04:00,4358.39990234375,4359.39990234375,4358.2998046875,4359.0,171
2026-09-02 05:22:00-04:00,4357.5,4358.60009765625,4357.2998046875,4358.10009765625,85
2026-09-02 05:23:00-04:00,4356.5,4357.5,4356.10009765625,4357.5,79
2026-09-02 05:24:00-04:00,4355.89990234375,4356.7998046875,4355.89990234375,4356.60009765625,66
2026-09-02 05:25:00-04:00,4353.39990234375,4356.2001953125,4353.39990234375,4355.89990234375,380
2026-09-02 05:26:00-04:00,4352.7001953125,4353.7001953125,4352.5,4353.60009765625,144
2026-09-02 05:27:00-04:00,4352.89990234375,4354.39990234375,4352.2998046875,4352.7998046875,100
2026-09-02 05:28:00-04:00,4355.2998046875,4355.5,4352.7998046875,4352.89990234375,186
2026-09-02 05:29:00-04:00,4356.10009765625,4356.2998046875,4355.2998046875,4355.39990234375,88
2026-09-02 05:30:00-04:00,4356.0,4357.5,4355.10009765625,4356.2998046875,201
2026-09-02 05:31:00-04:00,4356.10009765625,4356.7998046875,4354.60009765625,4356.10009765625,242
2026-09-02 05:32:00-04:00,4356.89990234375,4358.0,4356.0,4356.0,134
2026-09-02 05:33:00-04:00,4355.89990234375,4357.2998046875,4355.89990234375,4356.89990234375,63
2026-09-02 05:34:00-04:00,4357.10009765625,4357.10009765625,4355.5,4355.60009765625,37
2026-09-02 05:35:00-04:00,4357.2001953125,4358.39990234375,4357.0,4357.5,42
2026-09-02 05:36:00-04:00,4356.10009765625,4356.89990234375,4355.5,4356.89990234375,55
2026-09-02 05:37:00-04:00,4355.5,4356.10009765625,4355.2001953125,4356.0,44
2026-09-02 05:38:00-04:00,4355.89990234375,4356.7001953125,4355.0,4355.2001953125,97
2026-09-02 05:39:00-04:00,4356.0,4357.0,4356.0,4356.0,32
2026-09-02 05:40:00-04:00,4357.2998046875,4358.10009765625,4356.39990234375,4356.5,31
2026-09-02 05:41:00-04:00,4359.0,4359.10009765625,4357.2001953125,4357.2001953125,88
2026-09-02 05:42:00-04:00,4358.5,4359.10009765625,4358.5,4359.10009765625,35
2026-09-02 05:43:00-04:00,4357.2001953125,4358.39990234375,4357.2001953125,4358.10009765625,81
2026-09-02 05:44:00-04:00,4357.10009765625,4357.39990234375,4356.2998046875,4357.2001953125,18
2026-09-02 05:45:00-04:00,4357.60009765625,4357.7001953125,4357.2001953125,4357.2001953125,14
2026-09-02 05:46:00-04:00,4357.2998046875,4358.2001953125,4357.0,4357.5,70
2026-09-02 05:47:00-04:00,4357.2998046875,4358.2001953125,4357.2998046875,4357.39990234375,27
2026-09-02 05:48:00-04:00,4358.5,4358.7001953125,4357.60009765625,4357.60009765625,40
2026-09-02 05:49:00-04:00,4357.5,4358.5,4357.2001953125,4358.2998046875,37
2026-09-02 05:50:00-04:00,4357.2001953125,4358.2998046875,4356.89990234375,4357.5,47
2026-09-02 05:51:00-04:00,4356.7001953125,4357.39990234375,4356.7001953125,4356.89990234375,50
2026-09-02 05:52:00-04:00,4355.5,4356.5,4355.2998046875,4356.5,68
2026-09-02 05:53:00-04:00,4356.39990234375,4356.39990234375,4355.2001953125,4355.5,69
2026-09-02 05:54:00-04:00,4355.7998046875,4356.39990234375,4355.7001953125,4356.2001953125,69
2026-09-02 05:55:00-04:00,4357.10009765625,4357.2001953125,4355.89990234375,4356.10009765625,43
2026-09-02 05:56:00-04:00,4356.7001953125,4357.2998046875,4356.2001953125,4356.7998046875,70
2026-09-02 05:57:00-04:00,4355.7998046875,4357.7001953125,4355.60009765625,4356.7001953125,99
2026-09-02 05:58:00-04:00,4355.60009765625,4356.2998046875,4355.5,4355.7998046875,29
2026-09-02 05:59:00-04:00,4355.89990234375,4355.89990234375,4355.2998046875,4355.89990234375,36
2026-09-02 06:00:00-04:00,4356.39990234375,4356.39990234375,4355.7001953125,4355.89990234375,35
2026-09-02 06:01:00-04:00,4355.10009765625,4357.10009765625,4355.10009765625,4356.0,48
2026-09-02 06:02:00-04:00,4354.39990234375,4355.5,4354.2998046875,4355.2998046875,31
2026-09-02 06:03:00-04:00,4353.60009765625,4354.5,4353.2001953125,4354.5,48
2026-09-02 06:04:00-04:00,4351.7001953125,4353.5,4351.7001953125,4353.5,56
2026-09-02 06:05:00-04:00,4352.2998046875,4352.39990234375,4351.10009765625,4351.7998046875,86
2026-09-02 06:06:00-04:00,4349.39990234375,4353.2001953125,4349.10009765625,4352.5,239
2026-09-02 06:07:00-04:00,4350.10009765625,4350.7998046875,4349.2001953125,4349.7001953125,169
2026-09-02 06:08:00-04:00,4350.39990234375,4351.2001953125,4349.7998046875,4350.2998046875,73
2026-09-02 06:09:00-04:00,4350.5,4350.60009765625,4349.2001953125,4350.39990234375,115
2026-09-02 06:10:00-04:00,4351.5,4351.7998046875,4350.5,4350.60009765625,52
2026-09-02 06:11:00-04:00,4351.7998046875,4352.2998046875,4349.7001953125,4351.2998046875,75
2026-09-02 06:12:00-04:00,4351.0,4351.7001953125,4350.7998046875,4351.60009765625,19
2026-09-02 06:13:00-04:00,4354.5,4354.7998046875,4351.2001953125,4351.2998046875,151
2026-09-02 06:14:00-04:00,4354.10009765625,4355.60009765625,4354.0,4354.7001953125,63
2026-09-02 06:15:00-04:00,4353.89990234375,4354.89990234375,4353.39990234375,4354.0,49
2026-09-02 06:16:00-04:00,4355.2001953125,4355.2001953125,4354.2998046875,4354.2998046875,29
2026-09-02 06:17:00-04:00,4356.0,4356.0,4354.5,4354.7001953125,92
2026-09-02 06:18:00-04:00,4355.5,4357.10009765625,4355.5,4356.2998046875,74
2026-09-02 06:19:00-04:00,4356.10009765625,4356.39990234375,4355.39990234375,4355.39990234375,21
2026-09-02 06:20:00-04:00,4357.5,4358.60009765625,4356.2001953125,4356.2001953125,67
2026-09-02 06:21:00-04:00,4358.2001953125,4358.2001953125,4357.10009765625,4357.60009765625,78
2026-09-02 06:22:00-04:00,4359.0,4359.7998046875,4357.60009765625,4358.5,92
2026-09-02 06:23:00-04:00,4357.5,4358.60009765625,4357.0,4358.60009765625,35
2026-09-02 06:24:00-04:00,4357.89990234375,4358.2001953125,4357.0,4357.5,33
2026-09-02 06:25:00-04:00,4359.2998046875,4359.5,4357.7998046875,4357.7998046875,50
2026-09-02 06:26:00-04:00,4358.2998046875,4359.39990234375,4357.60009765625,4359.10009765625,97
2026-09-02 06:27:00-04:00,4357.7998046875,4358.39990234375,4357.2998046875,4358.2001953125,48
2026-09-02 06:28:00-04:00,4358.0,4358.5,4357.2998046875,4357.89990234375,53
2026-09-02 06:29:00-04:00,4357.10009765625,4357.7001953125,4356.89990234375,4357.5,33
2026-09-02 06:30:00-04:00,4357.39990234375,4358.10009765625,4356.89990234375,4357.39990234375,31
2026-09-02 06:31:00-04:00,4355.2001953125,4357.60009765625,4355.2001953125,4357.60009765625,62
2026-09-02 06:32:00-04:00,4355.10009765625,4355.89990234375,4355.10009765625,4355.2001953125,35
2026-09-02 06:33:00-04:00,4355.60009765625,4356.0,4354.89990234375,4355.2001953125,26
2026-09-02 06:34:00-04:00,4356.60009765625,4357.0,4355.7001953125,4356.0,30
2026-09-02 06:35:00-04:00,4355.89990234375,4357.0,4355.2998046875,4356.2998046875,41
2026-09-02 06:36:00-04:00,4356.0,4356.0,4355.0,4355.7001953125,43
2026-09-02 06:37:00-04:00,4355.2001953125,4355.7001953125,4354.7001953125,4355.7001953125,59
2026-09-02 06:38:00-04:00,4355.2001953125,4356.60009765625,4355.0,4355.89990234375,28
2026-09-02 06:39:00-04:00,4356.0,4356.2998046875,4354.2998046875,4355.39990234375,36
2026-09-02 06:40:00-04:00,4356.0,4356.5,4355.7001953125,4356.0,22
2026-09-02 06:41:00-04:00,4355.2998046875,4356.2998046875,4355.10009765625,4355.89990234375,50
2026-09-02 06:42:00-04:00,4355.7001953125,4357.39990234375,4355.2998046875,4355.2998046875,85
2026-09-02 06:43:00-04:00,4356.10009765625,4357.0,4355.60009765625,4355.89990234375,53
2026-09-02 06:44:00-04:00,4356.60009765625,4356.7998046875,4356.2001953125,4356.2001953125,18
2026-09-02 06:45:00-04:00,4356.5,4356.89990234375,4356.2001953125,4356.7001953125,25
2026-09-02 06:46:00-04:00,4356.5,4356.7001953125,4356.10009765625,4356.2001953125,27
2026-09-02 06:47:00-04:00,4356.0,4356.60009765625,4355.39990234375,4356.60009765625,71
2026-09-02 06:48:00-04:00,4356.5,4357.60009765625,4355.89990234375,4356.2001953125,61
2026-09-02 06:49:00-04:00,4357.60009765625,4357.60009765625,4356.7001953125,4356.7001953125,22
2026-09-02 06:50:00-04:00,4354.89990234375,4357.7001953125,4354.5,4357.7001953125,40
2026-09-02 06:51:00-04:00,4353.89990234375,4355.0,4353.7998046875,4354.7001953125,88
2026-09-02 06:52:00-04:00,4352.7998046875,4353.89990234375,4352.7001953125,4353.89990234375,213
2026-09-02 06:53:00-04:00,4354.5,4354.5,4352.5,4352.7001953125,65
2026-09-02 06:54:00-04:00,4355.7001953125,4355.7001953125,4354.2998046875,4354.2998046875,71
2026-09-02 06:55:00-04:00,4355.39990234375,4355.89990234375,4354.89990234375,4355.5,45
2026-09-02 06:56:00-04:00,4354.5,4356.2998046875,4354.0,4355.39990234375,71
2026-09-02 06:57:00-04:00,4355.2998046875,4355.60009765625,4354.39990234375,4354.7998046875,24
2026-09-02 06:58:00-04:00,4354.0,4355.2998046875,4353.7998046875,4355.2998046875,26
2026-09-02 06:59:00-04:00,4356.60009765625,4357.0,4354.0,4354.0,32
2026-09-02 07:00:00-04:00,4357.10009765625,4357.10009765625,4354.89990234375,4356.2998046875,57
2026-09-02 07:01:00-04:00,4357.0,4358.10009765625,4355.7001953125,4356.60009765625,83
2026-09-02 07:02:00-04:00,4358.10009765625,4359.2998046875,4357.2998046875,4357.2998046875,79
2026-09-02 07:03:00-04:00,4357.89990234375,4357.89990234375,4357.10009765625,4357.7001953125,24
2026-09-02 07:04:00-04:00,4360.0,4360.2001953125,4357.89990234375,4357.89990234375,110
2026-09-02 07:05:00-04:00,4358.60009765625,4359.7998046875,4358.0,4359.7998046875,54
2026-09-02 07:06:00-04:00,4356.0,4358.39990234375,4356.0,4358.2001953125,57
2026-09-02 07:07:00-04:00,4356.39990234375,4356.7001953125,4355.39990234375,4355.7001953125,36
2026-09-02 07:08:00-04:00,4356.7001953125,4358.0,4355.7001953125,4356.39990234375,161
2026-09-02 07:09:00-04:00,4360.0,4362.2001953125,4355.7998046875,4356.89990234375,263
2026-09-02 07:10:00-04:00,4362.0,4362.0,4358.60009765625,4359.7001953125,187
2026-09-02 07:11:00-04:00,4361.2998046875,4362.89990234375,4360.10009765625,4361.5,124
2026-09-02 07:12:00-04:00,4363.0,4363.2998046875,4360.7998046875,4361.60009765625,112
2026-09-02 07:13:00-04:00,4364.60009765625,4364.89990234375,4362.5,4363.10009765625,140
2026-09-02 07:14:00-04:00,4370.10009765625,4371.60009765625,4364.5,4364.60009765625,559
2026-09-02 07:15:00-04:00,4368.10009765625,4370.2001953125,4366.89990234375,4369.89990234375,325
2026-09-02 07:16:00-04:00,4365.5,4368.5,4365.0,4368.2001953125,142
2026-09-02 07:17:00-04:00,4366.0,4367.60009765625,4364.89990234375,4365.0,94
2026-09-02 07:18:00-04:00,4363.2998046875,4365.89990234375,4363.0,4365.89990234375,148
2026-09-02 07:19:00-04:00,4366.2998046875,4366.89990234375,4362.7001953125,4363.39990234375,75
2026-09-02 07:20:00-04:00,4365.60009765625,4366.89990234375,4365.60009765625,4366.2998046875,21
2026-09-02 07:21:00-04:00,4364.89990234375,4365.89990234375,4363.89990234375,4365.7001953125,38
2026-09-02 07:22:00-04:00,4364.39990234375,4364.89990234375,4364.0,4364.39990234375,32
2026-09-02 07:23:00-04:00,4366.7001953125,4367.2998046875,4363.2998046875,4364.2001953125,101
2026-09-02 07:24:00-04:00,4366.2998046875,4367.0,4366.0,4366.39990234375,105
2026-09-02 07:25:00-04:00,4364.7998046875,4367.0,4364.10009765625,4366.39990234375,123
2026-09-02 07:26:00-04:00,4366.60009765625,4366.60009765625,4364.5,4365.0,43
2026-09-02 07:27:00-04:00,4368.89990234375,4369.2001953125,4366.60009765625,4366.60009765625,101
2026-09-02 07:28:00-04:00,4368.89990234375,4370.2998046875,4368.2001953125,4368.7998046875,98
2026-09-02 07:29:00-04:00,4368.7998046875,4369.7001953125,4368.2998046875,4369.0,58
2026-09-02 07:30:00-04:00,4370.7998046875,4371.10009765625,4368.7001953125,4369.2001953125,77
2026-09-02 07:31:00-04:00,4370.7001953125,4371.0,4369.7998046875,4370.2998046875,33
2026-09-02 07:32:00-04:00,4373.60009765625,4373.89990234375,4370.5,4370.5,111
2026-09-02 07:33:00-04:00,4374.5,4374.5,4373.10009765625,4373.7998046875,88
2026-09-02 07:34:00-04:00,4377.0,4377.5,4374.5,4374.5,275
2026-09-02 07:35:00-04:00,4377.7001953125,4380.2001953125,4376.2001953125,4377.10009765625,388
2026-09-02 07:36:00-04:00,4378.60009765625,4378.7998046875,4377.39990234375,4378.10009765625,207
2026-09-02 07:37:00-04:00,4378.89990234375,4379.7998046875,4377.10009765625,4378.39990234375,137
2026-09-02 07:38:00-04:00,4379.0,4380.0,4378.5,4379.0,140
2026-09-02 07:39:00-04:00,4379.60009765625,4380.0,4378.7001953125,4378.7998046875,257
2026-09-02 07:40:00-04:00,4378.2001953125,4380.10009765625,4377.60009765625,4379.2001953125,189
2026-09-02 07:41:00-04:00,4374.2998046875,4378.0,4374.2001953125,4378.0,185
2026-09-02 07:42:00-04:00,4373.7001953125,4374.5,4373.2998046875,4374.2001953125,101
2026-09-02 07:43:00-04:00,4372.5,4374.2001953125,4371.10009765625,4373.7998046875,327
2026-09-02 07:44:00-04:00,4372.0,4372.7001953125,4371.10009765625,4372.7001953125,85
2026-09-02 07:45:00-04:00,4373.60009765625,4373.60009765625,4370.5,4371.7998046875,135
2026-09-02 07:46:00-04:00,4373.10009765625,4373.7001953125,4371.0,4373.60009765625,122
2026-09-02 07:47:00-04:00,4374.10009765625,4374.10009765625,4372.60009765625,4372.7001953125,110
2026-09-02 07:48:00-04:00,4373.39990234375,4374.39990234375,4372.7998046875,4374.0,52
2026-09-02 07:49:00-04:00,4372.89990234375,4373.2001953125,4372.2001953125,4372.7001953125,58
2026-09-02 07:50:00-04:00,4371.7001953125,4373.10009765625,4371.7001953125,4372.7001953125,65
2026-09-02 07:51:00-04:00,4371.89990234375,4372.10009765625,4370.5,4371.7001953125,78
2026-09-02 07:52:00-04:00,4373.89990234375,4373.89990234375,4372.10009765625,4372.2001953125,67
2026-09-02 07:53:00-04:00,4374.7998046875,4375.10009765625,4373.60009765625,4374.0,74
2026-09-02 07:54:00-04:00,4377.7001953125,4378.2001953125,4374.7998046875,4374.89990234375,118
2026-09-02 07:55:00-04:00,4379.60009765625,4380.10009765625,4377.2998046875,4377.60009765625,225
2026-09-02 07:56:00-04:00,4377.0,4379.7998046875,4377.0,4379.60009765625,63
2026-09-02 07:57:00-04:00,4377.2001953125,4377.7998046875,4376.5,4376.89990234375,73
2026-09-02 07:58:00-04:00,4377.0,4378.2001953125,4376.60009765625,4378.0,82
2026-09-02 07:59:00-04:00,4379.60009765625,4379.60009765625,4377.2998046875,4377.2998046875,95
2026-09-02 08:00:00-04:00,4380.2998046875,4381.5,4377.10009765625,4379.5,379
2026-09-02 08:01:00-04:00,4380.5,4381.10009765625,4378.7998046875,4380.10009765625,230
2026-09-02 08:02:00-04:00,4376.10009765625,4380.5,4375.89990234375,4380.39990234375,189
2026-09-02 08:03:00-04:00,4380.5,4380.5,4376.0,4376.10009765625,158
2026-09-02 08:04:00-04:00,4381.7001953125,4382.7998046875,4379.2998046875,4380.2001953125,357
2026-09-02 08:05:00-04:00,4382.2001953125,4383.2998046875,4381.2998046875,4381.7998046875,205
2026-09-02 08:06:00-04:00,4381.2001953125,4382.89990234375,4379.2998046875,4382.39990234375,223
2026-09-02 08:07:00-04:00,4378.39990234375,4381.0,4378.39990234375,4380.60009765625,99
2026-09-02 08:08:00-04:00,4377.89990234375,4379.0,4377.2998046875,4378.7001953125,85
2026-09-02 08:09:00-04:00,4380.5,4380.89990234375,4378.2001953125,4378.60009765625,145
2026-09-02 08:10:00-04:00,4380.2998046875,4381.5,4378.89990234375,4380.60009765625,137
2026-09-02 08:11:00-04:00,4378.2998046875,4380.60009765625,4377.89990234375,4379.60009765625,149
2026-09-02 08:12:00-04:00,4376.7998046875,4378.39990234375,4376.2998046875,4378.39990234375,168
2026-09-02 08:13:00-04:00,4379.7001953125,4379.7998046875,4377.39990234375,4377.39990234375,171
2026-09-02 08:14:00-04:00,4380.2998046875,4380.2998046875,4379.2998046875,4379.7998046875,83
2026-09-02 08:15:00-04:00,4379.89990234375,4381.7001953125,4378.2998046875,4380.2001953125,235
2026-09-02 08:16:00-04:00,4378.39990234375,4380.0,4377.0,4379.89990234375,124
2026-09-02 08:17:00-04:00,4380.0,4380.0,4378.2998046875,4378.60009765625,100
2026-09-02 08:18:00-04:00,4381.60009765625,4381.60009765625,4377.89990234375,4379.7001953125,121
2026-09-02 08:19:00-04:00,4378.39990234375,4381.2001953125,4378.39990234375,4381.2001953125,163
2026-09-02 08:20:00-04:00,4389.2998046875,4390.0,4376.60009765625,4378.2001953125,1384
2026-09-02 08:21:00-04:00,4382.60009765625,4391.39990234375,4380.7998046875,4389.0,1828
2026-09-02 08:22:00-04:00,4384.2001953125,4384.7998046875,4381.2998046875,4383.0,325
2026-09-02 08:23:00-04:00,4382.2998046875,4387.7998046875,4381.2001953125,4384.0,655
2026-09-02 08:24:00-04:00,4386.2001953125,4386.7998046875,4381.60009765625,4382.39990234375,386
2026-09-02 08:25:00-04:00,4387.2998046875,4389.5,4385.10009765625,4385.7998046875,272
2026-09-02 08:26:00-04:00,4387.39990234375,4388.0,4385.89990234375,4387.2998046875,245
2026-09-02 08:27:00-04:00,4382.7998046875,4387.39990234375,4382.2998046875,4387.39990234375,266
2026-09-02 08:28:00-04:00,4383.2001953125,4383.60009765625,4381.0,4382.89990234375,111
2026-09-02 08:29:00-04:00,4383.2998046875,4384.2998046875,4382.39990234375,4383.0,88
2026-09-02 08:30:00-04:00,4381.7001953125,4384.5,4381.0,4383.2998046875,200
2026-09-02 08:31:00-04:00,4382.10009765625,4383.60009765625,4380.10009765625,4381.2998046875,199
2026-09-02 08:32:00-04:00,4381.10009765625,4383.39990234375,4380.60009765625,4382.2001953125,87
2026-09-02 08:33:00-04:00,4379.7998046875,4382.60009765625,4379.2998046875,4381.39990234375,121
2026-09-02 08:34:00-04:00,4376.7998046875,4379.89990234375,4376.2001953125,4379.7001953125,666
2026-09-02 08:35:00-04:00,4377.7001953125,4378.5,4377.0,4377.0,152
2026-09-02 08:36:00-04:00,4376.10009765625,4377.39990234375,4375.39990234375,4377.2998046875,141
2026-09-02 08:37:00-04:00,4375.2001953125,4376.2001953125,4374.39990234375,4376.2001953125,360
2026-09-02 08:38:00-04:00,4377.5,4378.39990234375,4375.39990234375,4375.39990234375,111
2026-09-02 08:39:00-04:00,4380.2001953125,4380.60009765625,4377.2998046875,4377.39990234375,142
2026-09-02 08:40:00-04:00,4380.7998046875,4381.10009765625,4379.10009765625,4380.5,139
2026-09-02 08:41:00-04:00,4381.10009765625,4381.39990234375,4380.2001953125,4380.7001953125,71
2026-09-02 08:42:00-04:00,4380.7998046875,4381.7998046875,4380.39990234375,4381.2001953125,88
2026-09-02 08:43:00-04:00,4380.39990234375,4381.2001953125,4379.7998046875,4380.5,94
2026-09-02 08:44:00-04:00,4381.10009765625,4382.0,4379.7998046875,4380.2998046875,104
2026-09-02 08:45:00-04:00,4379.7001953125,4381.7998046875,4378.5,4381.39990234375,131
2026-09-02 08:46:00-04:00,4379.2998046875,4381.2998046875,4379.2998046875,4379.5,82
2026-09-02 08:47:00-04:00,4384.39990234375,4384.7001953125,4378.7001953125,4378.7998046875,110
2026-09-02 08:48:00-04:00,4384.0,4384.7001953125,4383.0,4384.2998046875,94
2026-09-02 08:49:00-04:00,4386.0,4386.0,4383.5,4383.7998046875,262
2026-09-02 08:50:00-04:00,4383.60009765625,4386.0,4383.2001953125,4386.0,83
2026-09-02 08:51:00-04:00,4381.2001953125,4383.60009765625,4380.60009765625,4383.2998046875,153
2026-09-02 08:52:00-04:00,4379.7998046875,4381.89990234375,4379.39990234375,4381.10009765625,101
2026-09-02 08:53:00-04:00,4380.60009765625,4381.2998046875,4379.39990234375,4380.0,99
2026-09-02 08:54:00-04:00,4381.2001953125,4381.89990234375,4380.7998046875,4381.2001953125,39
2026-09-02 08:55:00-04:00,4380.39990234375,4381.7001953125,4379.5,4381.60009765625,102
2026-09-02 08:56:00-04:00,4380.0,4380.7998046875,4379.60009765625,4380.5,71
2026-09-02 08:57:00-04:00,4378.5,4380.10009765625,4377.2998046875,4379.89990234375,199
2026-09-02 08:58:00-04:00,4378.7001953125,4379.7001953125,4378.0,4378.60009765625,145
2026-09-02 08:59:00-04:00,4378.2998046875,4379.89990234375,4378.10009765625,4378.7998046875,166
2026-09-02 09:00:00-04:00,4383.10009765625,4384.39990234375,4377.5,4378.2998046875,514
2026-09-02 09:01:00-04:00,4382.89990234375,4384.5,4382.2998046875,4383.0,158
2026-09-02 09:02:00-04:00,4386.7001953125,4388.5,4383.0,4383.0,271
2026-09-02 09:03:00-04:00,4385.39990234375,4388.60009765625,4384.89990234375,4386.7001953125,555
2026-09-02 09:04:00-04:00,4385.5,4386.2998046875,4384.39990234375,4385.7998046875,149
2026-09-02 09:05:00-04:00,4387.10009765625,4388.0,4385.39990234375,4385.39990234375,217
2026-09-02 09:06:00-04:00,4387.10009765625,4387.7998046875,4386.5,4387.0,91
2026-09-02 09:07:00-04:00,4388.5,4389.39990234375,4387.10009765625,4387.10009765625,327
2026-09-02 09:08:00-04:00,4390.10009765625,4391.2001953125,4388.2001953125,4388.5,305
2026-09-02 09:09:00-04:00,4388.89990234375,4390.60009765625,4388.60009765625,4389.7001953125,289
2026-09-02 09:10:00-04:00,4389.7001953125,4389.7001953125,4388.2998046875,4388.7001953125,204
2026-09-02 09:11:00-04:00,4388.39990234375,4391.5,4388.39990234375,4389.10009765625,304
2026-09-02 09:12:00-04:00,4386.60009765625,4388.7998046875,4386.39990234375,4388.60009765625,200
2026-09-02 09:13:00-04:00,4385.2001953125,4386.7001953125,4384.60009765625,4386.5,348
2026-09-02 09:14:00-04:00,4386.5,4387.2998046875,4384.5,4384.7998046875,102
2026-09-02 09:15:00-04:00,4385.60009765625,4387.10009765625,4383.5,4386.5,164
2026-09-02 09:16:00-04:00,4387.5,4387.89990234375,4384.39990234375,4385.2001953125,184
2026-09-02 09:17:00-04:00,4390.39990234375,4390.89990234375,4387.2001953125,4387.2001953125,296
2026-09-02 09:18:00-04:00,4390.5,4390.7001953125,4388.39990234375,4390.39990234375,201
2026-09-02 09:19:00-04:00,4389.0,4391.2998046875,4388.7998046875,4390.60009765625,139
2026-09-02 09:20:00-04:00,4389.39990234375,4391.39990234375,4388.7001953125,4389.2998046875,147
2026-09-02 09:21:00-04:00,4390.39990234375,4391.7001953125,4389.10009765625,4389.39990234375,149
2026-09-02 09:22:00-04:00,4391.89990234375,4392.39990234375,4390.2001953125,4390.2998046875,416
2026-09-02 09:23:00-04:00,4393.7998046875,4394.2998046875,4391.89990234375,4391.89990234375,341
2026-09-02 09:24:00-04:00,4394.7998046875,4395.2001953125,4393.60009765625,4394.10009765625,212
2026-09-02 09:25:00-04:00,4395.7998046875,4397.5,4394.2001953125,4394.7998046875,673
2026-09-02 09:26:00-04:00,4404.0,4404.39990234375,4395.39990234375,4395.7001953125,2158
2026-09-02 09:27:00-04:00,4403.10009765625,4405.39990234375,4401.2001953125,4403.60009765625,874
2026-09-02 09:28:00-04:00,4402.10009765625,4403.7998046875,4400.39990234375,4403.60009765625,881
2026-09-02 09:29:00-04:00,4405.5,4405.7998046875,4401.7001953125,4402.2001953125,387
2026-09-02 09:30:00-04:00,4408.39990234375,4411.2001953125,4404.5,4405.2998046875,1271
2026-09-02 09:31:00-04:00,4411.60009765625,4411.60009765625,4403.7998046875,4408.60009765625,963
2026-09-02 09:32:00-04:00,4410.89990234375,4415.0,4410.60009765625,4411.7001953125,985
2026-09-02 09:33:00-04:00,4410.10009765625,4413.7001953125,4410.10009765625,4411.2998046875,454
2026-09-02 09:34:00-04:00,4412.0,4412.39990234375,4407.2998046875,4410.10009765625,402
2026-09-02 09:35:00-04:00,4414.2001953125,4415.10009765625,4411.7998046875,4412.10009765625,495
2026-09-02 09:36:00-04:00,4413.39990234375,4414.7998046875,4412.10009765625,4414.2001953125,294
2026-09-02 09:37:00-04:00,4411.2001953125,4413.2998046875,4409.5,4413.2998046875,401
2026-09-02 09:38:00-04:00,4411.7001953125,4412.7001953125,4409.5,4411.5,287
2026-09-02 09:39:00-04:00,4413.89990234375,4415.5,4411.2001953125,4412.0,296
2026-09-02 09:40:00-04:00,4414.10009765625,4414.7998046875,4411.5,4414.39990234375,396
2026-09-02 09:41:00-04:00,4417.0,4417.10009765625,4414.0,4414.39990234375,402
2026-09-02 09:42:00-04:00,4420.10009765625,4420.2001953125,4415.2998046875,4416.7998046875,856
2026-09-02 09:43:00-04:00,4421.89990234375,4423.10009765625,4419.60009765625,4420.0,1013
2026-09-02 09:44:00-04:00,4425.5,4427.0,4421.0,4421.89990234375,912
2026-09-02 09:45:00-04:00,4423.7998046875,4427.0,4421.7998046875,4425.7001953125,935
2026-09-02 09:46:00-04:00,4420.60009765625,4426.2001953125,4419.89990234375,4424.0,863
2026-09-02 09:47:00-04:00,4422.10009765625,4422.39990234375,4420.10009765625,4421.0,267
2026-09-02 09:48:00-04:00,4421.10009765625,4423.89990234375,4420.0,4422.2001953125,353
2026-09-02 09:49:00-04:00,4416.2001953125,4421.2998046875,4415.89990234375,4421.2998046875,556
2026-09-02 09:50:00-04:00,4419.7998046875,4420.39990234375,4415.39990234375,4416.2998046875,481
2026-09-02 09:51:00-04:00,4419.7001953125,4421.60009765625,4418.7998046875,4419.7998046875,357
2026-09-02 09:52:00-04:00,4424.7998046875,4425.2001953125,4418.7001953125,4419.5,475
2026-09-02 09:53:00-04:00,4424.0,4426.0,4423.2998046875,4424.7001953125,308
2026-09-02 09:54:00-04:00,4424.5,4424.89990234375,4422.2001953125,4423.60009765625,379
2026-09-02 09:55:00-04:00,4421.7998046875,4425.2001953125,4421.10009765625,4424.2001953125,388
2026-09-02 09:56:00-04:00,4423.7001953125,4424.89990234375,4419.39990234375,4421.89990234375,359
2026-09-02 09:57:00-04:00,4424.7001953125,4428.0,4423.7001953125,4423.89990234375,476
2026-09-02 09:58:00-04:00,4428.10009765625,4428.7998046875,4424.39990234375,4424.7998046875,313
2026-09-02 09:59:00-04:00,4433.0,4433.5,4427.7998046875,4428.39990234375,741
2026-09-02 10:00:00-04:00,4431.39990234375,4433.7998046875,4429.5,4432.89990234375,1017
2026-09-02 10:01:00-04:00,4428.0,4431.7998046875,4426.39990234375,4431.7001953125,663
2026-09-02 10:02:00-04:00,4431.60009765625,4432.7998046875,4427.10009765625,4427.89990234375,629
2026-09-02 10:03:00-04:00,4429.7001953125,4432.60009765625,4428.89990234375,4431.7001953125,421
2026-09-02 10:04:00-04:00,4431.7001953125,4433.2001953125,4429.60009765625,4429.7001953125,424
2026-09-02 10:05:00-04:00,4436.5,4437.7998046875,4431.39990234375,4431.89990234375,1111
2026-09-02 10:06:00-04:00,4436.2998046875,4436.7001953125,4433.5,4436.7001953125,593
2026-09-02 10:07:00-04:00,4439.2998046875,4439.39990234375,4436.0,4436.5,633
2026-09-02 10:08:00-04:00,4439.60009765625,4441.10009765625,4438.39990234375,4439.39990234375,645
2026-09-02 10:09:00-04:00,4438.0,4443.7001953125,4437.60009765625,4439.39990234375,1172
2026-09-02 10:10:00-04:00,4441.5,4444.39990234375,4436.5,4437.7998046875,680
2026-09-02 10:11:00-04:00,4442.0,4442.2001953125,4439.10009765625,4441.60009765625,419
2026-09-02 10:12:00-04:00,4437.2998046875,4442.60009765625,4436.60009765625,4442.10009765625,394
2026-09-02 10:13:00-04:00,4435.39990234375,4437.2001953125,4433.60009765625,4437.2001953125,665
2026-09-02 10:14:00-04:00,4434.7998046875,4437.2998046875,4434.0,4435.7998046875,492
2026-09-02 10:15:00-04:00,4434.2001953125,4436.10009765625,4432.7001953125,4434.7998046875,314
2026-09-02 10:16:00-04:00,4433.7001953125,4435.89990234375,4433.5,4433.7998046875,307
2026-09-02 10:17:00-04:00,4434.89990234375,4436.10009765625,4433.5,4433.5,160
2026-09-02 10:18:00-04:00,4435.39990234375,4435.39990234375,4431.7001953125,4435.0,378
2026-09-02 10:19:00-04:00,4439.10009765625,4439.5,4435.39990234375,4435.60009765625,528
2026-09-02 10:20:00-04:00,4441.5,4441.7998046875,4438.7001953125,4439.2001953125,519
2026-09-02 10:21:00-04:00,4440.5,4444.0,4440.2998046875,4441.5,675
2026-09-02 10:22:00-04:00,4437.10009765625,4441.2998046875,4436.7998046875,4440.5,317
2026-09-02 10:23:00-04:00,4435.10009765625,4437.7998046875,4434.2001953125,4437.10009765625,292
2026-09-02 10:24:00-04:00,4433.7998046875,4435.2001953125,4433.5,4434.89990234375,256
2026-09-02 10:25:00-04:00,4432.39990234375,4435.7001953125,4432.2001953125,4433.89990234375,241
2026-09-02 10:26:00-04:00,4433.2001953125,4434.2998046875,4432.10009765625,4432.2001953125,140
2026-09-02 10:27:00-04:00,4435.10009765625,4436.2001953125,4433.2998046875,4433.89990234375,164
2026-09-02 10:28:00-04:00,4436.2001953125,4437.0,4434.5,4435.0,155
2026-09-02 10:29:00-04:00,4434.2998046875,4437.2001953125,4434.10009765625,4436.2998046875,151
2026-09-02 10:30:00-04:00,4430.7001953125,4434.2001953125,4429.60009765625,4434.2001953125,451
2026-09-02 10:31:00-04:00,4433.0,4433.2001953125,4430.2998046875,4430.60009765625,213
2026-09-02 10:32:00-04:00,4433.5,4435.0,4431.39990234375,4432.7998046875,227
2026-09-02 10:33:00-04:00,4433.2998046875,4433.7998046875,4430.89990234375,4433.2998046875,158
2026-09-02 10:34:00-04:00,4433.2998046875,4434.39990234375,4432.60009765625,4433.39990234375,170
2026-09-02 10:35:00-04:00,4431.7001953125,4434.60009765625,4431.0,4433.2001953125,211
2026-09-02 10:36:00-04:00,4430.5,4431.60009765625,4430.2001953125,4431.60009765625,182
2026-09-02 10:37:00-04:00,4431.2998046875,4431.60009765625,4430.0,4430.2001953125,197
2026-09-02 10:38:00-04:00,4430.89990234375,4432.0,4429.60009765625,4431.39990234375,223
2026-09-02 10:39:00-04:00,4429.7998046875,4432.2001953125,4429.2001953125,4431.10009765625,170
2026-09-02 10:40:00-04:00,4430.2998046875,4430.5,4428.39990234375,4429.7001953125,224
2026-09-02 10:41:00-04:00,4430.5,4431.0,4429.0,4430.5,255
2026-09-02 10:42:00-04:00,4431.2001953125,4433.2001953125,4430.39990234375,4430.7998046875,230
2026-09-02 10:43:00-04:00,4430.7001953125,4433.10009765625,4429.7001953125,4431.10009765625,177
2026-09-02 10:44:00-04:00,4432.60009765625,4432.89990234375,4430.89990234375,4431.10009765625,180
2026-09-02 10:45:00-04:00,4428.5,4433.89990234375,4428.2998046875,4432.5,273
2026-09-02 10:46:00-04:00,4427.7001953125,4429.60009765625,4427.7001953125,4428.5,182
2026-09-02 10:47:00-04:00,4427.2998046875,4428.2998046875,4427.10009765625,4428.10009765625,195
2026-09-02 10:48:00-04:00,4426.60009765625,4428.0,4426.10009765625,4427.2998046875,236
2026-09-02 10:49:00-04:00,4428.2001953125,4428.2001953125,4425.89990234375,4426.5,199
2026-09-02 10:50:00-04:00,4427.39990234375,4429.10009765625,4426.39990234375,4428.2001953125,160
2026-09-02 10:51:00-04:00,4425.2998046875,4427.2998046875,4424.60009765625,4427.2998046875,206
2026-09-02 10:52:00-04:00,4425.5,4426.2001953125,4424.10009765625,4425.5,164
2026-09-02 10:53:00-04:00,4424.39990234375,4425.89990234375,4423.10009765625,4425.60009765625,304
2026-09-02 10:54:00-04:00,4424.2001953125,4425.2001953125,4423.10009765625,4424.2998046875,138
2026-09-02 10:55:00-04:00,4423.39990234375,4425.89990234375,4423.2998046875,4424.0,219
2026-09-02 10:56:00-04:00,4423.60009765625,4424.39990234375,4422.7001953125,4423.2998046875,167
2026-09-02 10:57:00-04:00,4424.0,4424.39990234375,4422.60009765625,4423.7998046875,113
2026-09-02 10:58:00-04:00,4422.60009765625,4424.0,4422.0,4423.7998046875,214
2026-09-02 10:59:00-04:00,4424.2001953125,4424.2998046875,4421.39990234375,4422.60009765625,299
2026-09-02 11:00:00-04:00,4421.7998046875,4424.39990234375,4421.39990234375,4424.10009765625,172
2026-09-02 11:01:00-04:00,4421.7001953125,4422.89990234375,4421.39990234375,4421.60009765625,76
2026-09-02 11:02:00-04:00,4423.89990234375,4424.10009765625,4421.5,4421.7998046875,203
2026-09-02 11:03:00-04:00,4427.5,4427.7998046875,4423.39990234375,4423.89990234375,284
2026-09-02 11:04:00-04:00,4424.39990234375,4427.7001953125,4423.60009765625,4427.39990234375,262
2026-09-02 11:05:00-04:00,4425.60009765625,4426.10009765625,4422.60009765625,4424.2998046875,133
2026-09-02 11:06:00-04:00,4425.2998046875,4427.39990234375,4425.0,4426.0,143
2026-09-02 11:07:00-04:00,4422.10009765625,4425.39990234375,4421.89990234375,4425.0,147
2026-09-02 11:08:00-04:00,4421.5,4422.60009765625,4420.60009765625,4421.89990234375,214
2026-09-02 11:09:00-04:00,4423.5,4423.5,4420.39990234375,4421.5,197
2026-09-02 11:10:00-04:00,4421.5,4423.2998046875,4420.39990234375,4423.2998046875,130
2026-09-02 11:11:00-04:00,4424.89990234375,4425.0,4420.39990234375,4421.60009765625,189
2026-09-02 11:12:00-04:00,4422.10009765625,4424.7998046875,4422.10009765625,4424.7001953125,213
2026-09-02 11:13:00-04:00,4419.89990234375,4422.0,4419.5,4422.0,259
2026-09-02 11:14:00-04:00,4419.39990234375,4420.89990234375,4419.2001953125,4420.39990234375,176
2026-09-02 11:15:00-04:00,4417.39990234375,4419.39990234375,4416.7001953125,4419.2001953125,625
2026-09-02 11:16:00-04:00,4417.60009765625,4418.7001953125,4417.2998046875,4417.5,157
2026-09-02 11:17:00-04:00,4416.7998046875,4419.0,4416.7998046875,4417.5,386
2026-09-02 11:18:00-04:00,4416.39990234375,4416.89990234375,4415.7001953125,4416.89990234375,188
2026-09-02 11:19:00-04:00,4416.5,4417.5,4416.2998046875,4416.39990234375,109
2026-09-02 11:20:00-04:00,4414.0,4417.0,4414.0,4416.7001953125,344
2026-09-02 11:21:00-04:00,4413.39990234375,4414.2998046875,4412.7998046875,4414.0,185
2026-09-02 11:22:00-04:00,4416.10009765625,4416.2001953125,4412.5,4413.5,224
2026-09-02 11:23:00-04:00,4416.7998046875,4418.60009765625,4413.7998046875,4416.2001953125,742
2026-09-02 11:24:00-04:00,4417.10009765625,4418.5,4416.60009765625,4416.60009765625,146
2026-09-02 11:25:00-04:00,4416.7001953125,4418.39990234375,4415.7998046875,4417.2001953125,267
2026-09-02 11:26:00-04:00,4416.5,4417.5,4415.7001953125,4416.5,236
2026-09-02 11:27:00-04:00,4416.2001953125,4416.89990234375,4414.39990234375,4416.5,288
2026-09-02 11:28:00-04:00,4417.2998046875,4418.2998046875,4416.39990234375,4416.39990234375,215
2026-09-02 11:29:00-04:00,4419.5,4420.0,4417.5,4417.5,390
2026-09-02 11:30:00-04:00,4418.39990234375,4421.0,4418.2998046875,4419.7998046875,254
2026-09-02 11:31:00-04:00,4419.7001953125,4421.60009765625,4418.0,4418.2001953125,193
2026-09-02 11:32:00-04:00,4420.2001953125,4420.60009765625,4418.89990234375,4419.89990234375,112
2026-09-02 11:33:00-04:00,4420.2001953125,4422.2001953125,4419.10009765625,4420.0,200
2026-09-02 11:34:00-04:00,4418.60009765625,4420.60009765625,4418.10009765625,4420.0,164
2026-09-02 11:35:00-04:00,4417.7001953125,4419.39990234375,4417.39990234375,4418.39990234375,170
2026-09-02 11:36:00-04:00,4416.0,4418.5,4416.0,4418.0,119
2026-09-02 11:37:00-04:00,4415.89990234375,4416.5,4415.39990234375,4416.2001953125,43
2026-09-02 11:38:00-04:00,4416.2998046875,4416.2998046875,4414.39990234375,4415.7001953125,110
2026-09-02 11:39:00-04:00,4416.7998046875,4417.2001953125,4416.2998046875,4416.2998046875,64
2026-09-02 11:40:00-04:00,4417.2001953125,4419.10009765625,4417.10009765625,4417.7001953125,57
2026-09-02 11:41:00-04:00,4415.2998046875,4418.0,4415.2001953125,4417.7998046875,59
2026-09-02 11:42:00-04:00,4414.5,4415.2001953125,4413.89990234375,4415.2001953125,67
2026-09-02 11:43:00-04:00,4414.2001953125,4414.7998046875,4413.10009765625,4414.2001953125,108
2026-09-02 11:44:00-04:00,4413.2001953125,4414.89990234375,4412.7998046875,4414.2001953125,87
2026-09-02 11:45:00-04:00,4412.5,4413.10009765625,4411.39990234375,4412.89990234375,296
2026-09-02 11:46:00-04:00,4415.89990234375,4415.89990234375,4412.2998046875,4412.89990234375,203
2026-09-02 11:47:00-04:00,4416.2998046875,4416.39990234375,4415.2001953125,4415.7998046875,74
2026-09-02 11:48:00-04:00,4415.39990234375,4416.7001953125,4415.0,4416.10009765625,85
2026-09-02 11:49:00-04:00,4414.5,4415.7001953125,4414.2998046875,4415.39990234375,35
2026-09-02 11:50:00-04:00,4415.39990234375,4415.60009765625,4414.39990234375,4414.7998046875,58
2026-09-02 11:51:00-04:00,4415.89990234375,4416.0,4414.0,4415.2998046875,113
2026-09-02 11:52:00-04:00,4416.10009765625,4416.10009765625,4414.89990234375,4415.60009765625,37
2026-09-02 11:53:00-04:00,4415.10009765625,4416.60009765625,4415.10009765625,4416.2001953125,62
2026-09-02 11:54:00-04:00,4415.39990234375,4415.7001953125,4414.7998046875,4414.89990234375,52
2026-09-02 11:55:00-04:00,4417.5,4417.5,4414.7001953125,4415.2998046875,92
2026-09-02 11:56:00-04:00,4417.5,4418.5,4417.2001953125,4417.2001953125,159
2026-09-02 11:57:00-04:00,4419.0,4419.2998046875,4417.2001953125,4417.60009765625,100
2026-09-02 11:58:00-04:00,4419.89990234375,4420.2998046875,4418.39990234375,4418.7001953125,239
2026-09-02 11:59:00-04:00,4419.89990234375,4420.60009765625,4419.2998046875,4419.60009765625,147
2026-09-02 12:00:00-04:00,4420.89990234375,4421.60009765625,4418.0,4419.7001953125,237
2026-09-02 12:01:00-04:00,4421.2001953125,4421.39990234375,4420.0,4420.60009765625,82
2026-09-02 12:02:00-04:00,4420.5,4421.7001953125,4419.60009765625,4421.10009765625,127
2026-09-02 12:03:00-04:00,4421.0,4421.5,4419.2001953125,4420.39990234375,125
2026-09-02 12:04:00-04:00,4419.5,4420.89990234375,4419.39990234375,4420.7001953125,112
2026-09-02 12:05:00-04:00,4415.7998046875,4420.2001953125,4415.7998046875,4419.7998046875,164
2026-09-02 12:06:00-04:00,4416.7998046875,4417.10009765625,4415.7001953125,4415.89990234375,52
2026-09-02 12:07:00-04:00,4416.5,4418.2001953125,4416.39990234375,4416.60009765625,104
2026-09-02 12:08:00-04:00,4417.7998046875,4418.5,4416.5,4416.5,92
2026-09-02 12:09:00-04:00,4417.0,4417.89990234375,4416.7998046875,4417.5,29
2026-09-02 12:10:00-04:00,4418.2001953125,4418.39990234375,4417.2998046875,4417.39990234375,51
2026-09-02 12:11:00-04:00,4417.39990234375,4418.7001953125,4417.0,4418.5,75
2026-09-02 12:12:00-04:00,4418.39990234375,4418.60009765625,4417.2001953125,4417.5,52
2026-09-02 12:13:00-04:00,4418.60009765625,4419.0,4417.10009765625,4418.5,51
2026-09-02 12:14:00-04:00,4419.10009765625,4420.0,4418.5,4418.60009765625,67
2026-09-02 12:15:00-04:00,4417.2001953125,4419.0,4417.2001953125,4418.60009765625,48
2026-09-02 12:16:00-04:00,4415.7001953125,4417.2001953125,4414.60009765625,4416.7998046875,261
2026-09-02 12:17:00-04:00,4416.5,4418.0,4415.5,4415.60009765625,130
2026-09-02 12:18:00-04:00,4417.5,4417.5,4416.39990234375,4416.39990234375,65
2026-09-02 12:19:00-04:00,4416.7998046875,4417.7001953125,4416.7998046875,4417.10009765625,22
2026-09-02 12:20:00-04:00,4416.60009765625,4417.5,4416.5,4416.5,65
2026-09-02 12:21:00-04:00,4417.0,4417.10009765625,4416.2998046875,4416.39990234375,43
2026-09-02 12:22:00-04:00,4417.5,4417.7001953125,4416.2998046875,4416.89990234375,59
2026-09-02 12:23:00-04:00,4415.5,4417.39990234375,4415.39990234375,4417.39990234375,67
2026-09-02 12:24:00-04:00,4416.5,4416.5,4415.60009765625,4415.7998046875,23
2026-09-02 12:25:00-04:00,4416.2998046875,4416.7001953125,4415.7001953125,4416.10009765625,42
2026-09-02 12:26:00-04:00,4416.60009765625,4416.7998046875,4415.7001953125,4415.89990234375,50
2026-09-02 12:27:00-04:00,4415.5,4416.7998046875,4415.2998046875,4416.39990234375,37
2026-09-02 12:28:00-04:00,4415.89990234375,4417.0,4415.60009765625,4415.60009765625,39
2026-09-02 12:29:00-04:00,4415.2001953125,4416.2001953125,4414.2998046875,4415.7001953125,67
2026-09-02 12:30:00-04:00,4415.7998046875,4416.2001953125,4414.39990234375,4415.5,77
2026-09-02 12:31:00-04:00,4416.89990234375,4417.39990234375,4415.7001953125,4415.7001953125,65
2026-09-02 12:32:00-04:00,4415.5,4417.10009765625,4415.5,4417.0,82
2026-09-02 12:33:00-04:00,4413.7998046875,4416.39990234375,4413.7998046875,4415.60009765625,93
2026-09-02 12:34:00-04:00,4414.0,4415.2001953125,4414.0,4414.2001953125,88
2026-09-02 12:35:00-04:00,4415.0,4415.10009765625,4414.10009765625,4414.2998046875,54
2026-09-02 12:36:00-04:00,4414.7998046875,4415.10009765625,4414.0,4414.89990234375,72
2026-09-02 12:37:00-04:00,4414.89990234375,4415.39990234375,4413.7001953125,4414.7998046875,110
2026-09-02 12:38:00-04:00,4414.2001953125,4415.10009765625,4413.0,4414.7001953125,82
2026-09-02 12:39:00-04:00,4415.2998046875,4415.7001953125,4413.7998046875,4414.0,111
2026-09-02 12:40:00-04:00,4413.0,4415.2998046875,4412.89990234375,4415.2001953125,73
2026-09-02 12:41:00-04:00,4412.7998046875,4413.0,4412.10009765625,4412.89990234375,125
2026-09-02 12:42:00-04:00,4412.39990234375,4413.89990234375,4412.2001953125,4413.0,50
2026-09-02 12:43:00-04:00,4411.7001953125,4412.7998046875,4411.10009765625,4412.2998046875,225
2026-09-02 12:44:00-04:00,4411.5,4412.39990234375,4411.2001953125,4411.60009765625,116
2026-09-02 12:45:00-04:00,4411.5,4411.89990234375,4411.2998046875,4411.5,67
2026-09-02 12:46:00-04:00,4411.7998046875,4412.60009765625,4411.5,4411.7998046875,82
2026-09-02 12:47:00-04:00,4412.2998046875,4412.39990234375,4411.5,4412.2001953125,57
2026-09-02 12:48:00-04:00,4412.2001953125,4412.2001953125,4411.60009765625,4412.0,43
2026-09-02 12:49:00-04:00,4412.89990234375,4413.39990234375,4411.7998046875,4412.39990234375,86
2026-09-02 12:50:00-04:00,4413.60009765625,4413.60009765625,4411.5,4412.5,65
2026-09-02 12:51:00-04:00,4413.5,4414.39990234375,4413.10009765625,4413.5,110
2026-09-02 12:52:00-04:00,4414.60009765625,4415.39990234375,4413.0,4413.7001953125,68
2026-09-02 12:53:00-04:00,4417.2001953125,4417.5,4414.5,4414.60009765625,135
2026-09-02 12:54:00-04:00,4416.60009765625,4417.39990234375,4416.2998046875,4417.39990234375,111
2026-09-02 12:55:00-04:00,4416.2998046875,4417.10009765625,4415.89990234375,4416.5,72
2026-09-02 12:56:00-04:00,4416.5,4417.0,4415.2001953125,4416.2001953125,69
2026-09-02 12:57:00-04:00,4416.60009765625,4417.2001953125,4416.39990234375,4416.7998046875,84
2026-09-02 12:58:00-04:00,4416.2998046875,4416.89990234375,4415.89990234375,4416.60009765625,26
2026-09-02 12:59:00-04:00,4415.10009765625,4416.0,4414.5,4416.0,93
2026-09-02 13:00:00-04:00,4415.60009765625,4416.7001953125,4414.7001953125,4415.2001953125,121
2026-09-02 13:01:00-04:00,4416.2998046875,4416.5,4415.10009765625,4415.7001953125,105
2026-09-02 13:02:00-04:00,4415.5,4416.5,4415.2001953125,4416.2001953125,71
2026-09-02 13:03:00-04:00,4414.89990234375,4415.5,4414.7001953125,4415.2001953125,42
2026-09-02 13:04:00-04:00,4417.39990234375,4417.60009765625,4414.89990234375,4415.0,86
2026-09-02 13:05:00-04:00,4416.10009765625,4417.5,4415.7998046875,4417.39990234375,58
2026-09-02 13:06:00-04:00,4416.7998046875,4417.7001953125,4416.2001953125,4416.2001953125,79
2026-09-02 13:07:00-04:00,4416.39990234375,4417.0,4415.39990234375,4416.89990234375,44
2026-09-02 13:08:00-04:00,4417.2998046875,4417.89990234375,4416.39990234375,4416.5,93
2026-09-02 13:09:00-04:00,4416.7998046875,4417.60009765625,4416.2998046875,4417.5,54
2026-09-02 13:10:00-04:00,4416.10009765625,4416.89990234375,4416.10009765625,4416.60009765625,20
2026-09-02 13:11:00-04:00,4414.7001953125,4416.2001953125,4414.7001953125,4416.2001953125,68
2026-09-02 13:12:00-04:00,4415.5,4415.5,4414.2001953125,4415.0,50
2026-09-02 13:13:00-04:00,4415.39990234375,4417.2001953125,4415.39990234375,4415.60009765625,128
2026-09-02 13:14:00-04:00,4415.2998046875,4415.60009765625,4415.0,4415.2001953125,36
2026-09-02 13:15:00-04:00,4415.0,4415.7001953125,4413.89990234375,4415.39990234375,111
2026-09-02 13:16:00-04:00,4413.10009765625,4415.2998046875,4412.7001953125,4415.2998046875,97
2026-09-02 13:17:00-04:00,4412.0,4413.7001953125,4411.7001953125,4413.2001953125,107
2026-09-02 13:18:00-04:00,4411.5,4412.39990234375,4411.2998046875,4412.2998046875,207
2026-09-02 13:19:00-04:00,4411.89990234375,4412.39990234375,4411.2001953125,4411.60009765625,122
2026-09-02 13:20:00-04:00,4411.7001953125,4412.10009765625,4411.2001953125,4411.89990234375,132
2026-09-02 13:21:00-04:00,4412.7001953125,4412.7001953125,4411.60009765625,4411.7001953125,53
2026-09-02 13:22:00-04:00,4412.39990234375,4413.2001953125,4412.2998046875,4412.60009765625,51
2026-09-02 13:23:00-04:00,4413.2998046875,4413.7998046875,4412.2998046875,4412.2998046875,44
2026-09-02 13:24:00-04:00,4413.7998046875,4414.10009765625,4412.60009765625,4413.2998046875,78
2026-09-02 13:25:00-04:00,4414.89990234375,4414.89990234375,4413.60009765625,4413.7001953125,67
2026-09-02 13:26:00-04:00,4414.39990234375,4415.89990234375,4414.0,4415.0,107
2026-09-02 13:27:00-04:00,4415.2001953125,4415.7001953125,4414.60009765625,4414.60009765625,49
2026-09-02 13:28:00-04:00,4414.39990234375,4415.7998046875,4414.2001953125,4415.2998046875,162
2026-09-02 13:29:00-04:00,4416.60009765625,4416.60009765625,4413.39990234375,4414.2001953125,585
2026-09-02 13:30:00-04:00,4417.7998046875,4418.10009765625,4416.2001953125,4416.60009765625,133
2026-09-02 13:31:00-04:00,4417.0,4418.2998046875,4416.7998046875,4418.0,55
2026-09-02 13:32:00-04:00,4415.2001953125,4417.0,4414.7001953125,4416.89990234375,87
2026-09-02 13:33:00-04:00,4415.39990234375,4415.7001953125,4415.0,4415.10009765625,37
2026-09-02 13:34:00-04:00,4414.7001953125,4415.7001953125,4414.7001953125,4415.7001953125,19
2026-09-02 13:35:00-04:00,4415.10009765625,4415.39990234375,4414.2998046875,4414.60009765625,95
2026-09-02 13:36:00-04:00,4414.5,4415.2998046875,4414.5,4414.7998046875,35
2026-09-02 13:37:00-04:00,4415.10009765625,4416.10009765625,4414.7001953125,4414.7001953125,136
2026-09-02 13:38:00-04:00,4413.7001953125,4415.2001953125,4413.2998046875,4415.2001953125,147
2026-09-02 13:39:00-04:00,4413.2001953125,4414.10009765625,4413.2001953125,4413.7001953125,116
2026-09-02 13:40:00-04:00,4414.10009765625,4414.2998046875,4413.39990234375,4413.39990234375,66
2026-09-02 13:41:00-04:00,4416.10009765625,4416.5,4413.5,4414.0,93
2026-09-02 13:42:00-04:00,4418.2998046875,4419.7998046875,4415.2998046875,4416.2998046875,671
2026-09-02 13:43:00-04:00,4420.10009765625,4421.10009765625,4418.10009765625,4418.2998046875,307
2026-09-02 13:44:00-04:00,4423.2001953125,4424.2001953125,4420.10009765625,4420.2001953125,436
2026-09-02 13:45:00-04:00,4426.5,4427.39990234375,4422.60009765625,4422.89990234375,479
2026-09-02 13:46:00-04:00,4426.10009765625,4426.89990234375,4424.89990234375,4425.89990234375,142
2026-09-02 13:47:00-04:00,4424.10009765625,4426.10009765625,4422.5,4426.0,231
2026-09-02 13:48:00-04:00,4422.39990234375,4424.5,4422.39990234375,4424.10009765625,64
2026-09-02 13:49:00-04:00,4422.7001953125,4423.7998046875,4422.0,4422.2998046875,96
2026-09-02 13:50:00-04:00,4422.5,4423.0,4422.0,4422.7998046875,42
2026-09-02 13:51:00-04:00,4423.2998046875,4423.5,4422.10009765625,4422.5,78
2026-09-02 13:52:00-04:00,4423.10009765625,4424.10009765625,4423.0,4423.7001953125,43
2026-09-02 13:53:00-04:00,4422.89990234375,4423.7001953125,4422.7001953125,4423.2998046875,62
2026-09-02 13:54:00-04:00,4422.89990234375,4423.2998046875,4422.0,4422.60009765625,66
2026-09-02 13:55:00-04:00,4423.2001953125,4423.2001953125,4422.39990234375,4422.89990234375,51
2026-09-02 13:56:00-04:00,4423.0,4423.7998046875,4422.39990234375,4423.5,140
2026-09-02 13:57:00-04:00,4424.7001953125,4425.2998046875,4423.10009765625,4423.10009765625,157
2026-09-02 13:58:00-04:00,4424.0,4425.10009765625,4423.7998046875,4424.7998046875,44
2026-09-02 13:59:00-04:00,4423.39990234375,4423.89990234375,4423.39990234375,4423.89990234375,25
2026-09-02 14:00:00-04:00,4419.7998046875,4423.7998046875,4419.7001953125,4423.7001953125,203
2026-09-02 14:01:00-04:00,4419.0,4420.60009765625,4418.89990234375,4419.5,122
2026-09-02 14:02:00-04:00,4420.5,4421.0,4418.89990234375,4419.0,45
2026-09-02 14:03:00-04:00,4422.10009765625,4423.0,4420.7001953125,4420.7001953125,40
2026-09-02 14:04:00-04:00,4421.5,4422.2001953125,4421.0,4421.7998046875,65
2026-09-02 14:05:00-04:00,4422.10009765625,4422.10009765625,4420.7998046875,4421.39990234375,97
2026-09-02 14:06:00-04:00,4421.0,4422.39990234375,4421.0,4422.0,16
2026-09-02 14:07:00-04:00,4421.2998046875,4421.5,4420.7001953125,4421.2001953125,34
2026-09-02 14:08:00-04:00,4420.2998046875,4421.2001953125,4419.89990234375,4421.10009765625,74
2026-09-02 14:09:00-04:00,4420.2998046875,4420.7001953125,4420.0,4420.39990234375,25
2026-09-02 14:10:00-04:00,4420.60009765625,4420.60009765625,4419.39990234375,4420.0,43
2026-09-02 14:11:00-04:00,4419.2998046875,4420.10009765625,4419.0,4419.7998046875,45
2026-09-02 14:12:00-04:00,4417.89990234375,4419.2998046875,4417.60009765625,4419.2998046875,86
2026-09-02 14:13:00-04:00,4418.60009765625,4419.7998046875,4418.0,4418.10009765625,63
2026-09-02 14:14:00-04:00,4416.7998046875,4418.5,4416.2998046875,4418.39990234375,168
2026-09-02 14:15:00-04:00,4416.60009765625,4416.7998046875,4415.89990234375,4416.7998046875,69
2026-09-02 14:16:00-04:00,4416.7998046875,4416.7998046875,4416.0,4416.0,18
2026-09-02 14:17:00-04:00,4417.89990234375,4418.2001953125,4416.60009765625,4416.7998046875,73
2026-09-02 14:18:00-04:00,4423.39990234375,4426.2001953125,4417.7001953125,4417.7001953125,816
2026-09-02 14:19:00-04:00,4424.10009765625,4424.7001953125,4422.7001953125,4423.7001953125,197
2026-09-02 14:20:00-04:00,4424.7998046875,4425.2998046875,4423.60009765625,4424.10009765625,302
2026-09-02 14:21:00-04:00,4421.7998046875,4426.2998046875,4421.39990234375,4425.10009765625,184
2026-09-02 14:22:00-04:00,4420.7998046875,4421.7998046875,4419.39990234375,4421.7998046875,116
2026-09-02 14:23:00-04:00,4419.7998046875,4420.89990234375,4419.39990234375,4420.60009765625,89
2026-09-02 14:24:00-04:00,4420.0,4420.39990234375,4419.0,4419.7001953125,91
2026-09-02 14:25:00-04:00,4419.5,4420.7001953125,4419.10009765625,4419.7998046875,69
2026-09-02 14:26:00-04:00,4419.7998046875,4420.5,4419.60009765625,4419.60009765625,36
2026-09-02 14:27:00-04:00,4419.10009765625,4420.0,4418.7998046875,4419.7998046875,33
2026-09-02 14:28:00-04:00,4419.2998046875,4419.5,4418.7998046875,4419.0,27
2026-09-02 14:29:00-04:00,4420.0,4420.0,4418.7998046875,4419.2001953125,41
2026-09-02 14:30:00-04:00,4421.0,4421.10009765625,4419.60009765625,4419.7001953125,50
2026-09-02 14:31:00-04:00,4421.7001953125,4421.7001953125,4420.60009765625,4421.10009765625,32
2026-09-02 14:32:00-04:00,4422.5,4422.89990234375,4421.39990234375,4421.7998046875,70
2026-09-02 14:33:00-04:00,4425.0,4425.0,4422.7001953125,4422.7001953125,70
2026-09-02 14:34:00-04:00,4423.2998046875,4424.7998046875,4423.0,4424.60009765625,114
2026-09-02 14:35:00-04:00,4424.0,4424.7998046875,4423.39990234375,4423.39990234375,26
2026-09-02 14:36:00-04:00,4423.2001953125,4424.2001953125,4422.7001953125,4423.7998046875,34
2026-09-02 14:37:00-04:00,4422.7998046875,4423.2001953125,4421.89990234375,4422.89990234375,40
2026-09-02 14:38:00-04:00,4422.60009765625,4423.2998046875,4422.60009765625,4423.2001953125,29
2026-09-02 14:39:00-04:00,4423.0,4423.39990234375,4422.2001953125,4422.39990234375,17
2026-09-02 14:40:00-04:00,4422.7998046875,4423.5,4422.7998046875,4422.7998046875,30
2026-09-02 14:41:00-04:00,4421.2001953125,4422.7998046875,4421.2001953125,4422.7998046875,48
2026-09-02 14:42:00-04:00,4420.5,4421.2998046875,4420.5,4421.2998046875,19
2026-09-02 14:43:00-04:00,4420.2001953125,4420.7001953125,4420.10009765625,4420.39990234375,38
2026-09-02 14:44:00-04:00,4419.60009765625,4420.5,4419.0,4420.5,51
2026-09-02 14:45:00-04:00,4419.5,4420.2998046875,4419.5,4419.60009765625,18
2026-09-02 14:46:00-04:00,4419.7998046875,4419.89990234375,4419.10009765625,4419.60009765625,37
2026-09-02 14:47:00-04:00,4419.39990234375,4420.2998046875,4419.39990234375,4419.7001953125,23
2026-09-02 14:48:00-04:00,4420.5,4420.60009765625,4419.39990234375,4419.60009765625,16
2026-09-02 14:49:00-04:00,4420.5,4421.5,4420.10009765625,4420.39990234375,65
2026-09-02 14:50:00-04:00,4421.60009765625,4422.2998046875,4420.10009765625,4420.60009765625,186
2026-09-02 14:51:00-04:00,4422.2001953125,4422.2998046875,4421.7998046875,4421.7998046875,15
2026-09-02 14:52:00-04:00,4421.7998046875,4422.2001953125,4421.39990234375,4422.2001953125,18
2026-09-02 14:53:00-04:00,4422.2001953125,4422.5,4421.7001953125,4421.7001953125,26
2026-09-02 14:54:00-04:00,4421.10009765625,4422.39990234375,4420.5,4422.2001953125,80
2026-09-02 14:55:00-04:00,4421.5,4422.10009765625,4421.2001953125,4421.2998046875,30
2026-09-02 14:56:00-04:00,4421.5,4421.5,4420.89990234375,4421.5,21
2026-09-02 14:57:00-04:00,4420.5,4421.5,4420.5,4421.5,28
2026-09-02 14:58:00-04:00,4419.39990234375,4420.2001953125,4419.2998046875,4420.2001953125,43
2026-09-02 14:59:00-04:00,4420.2998046875,4420.39990234375,4419.2001953125,4419.2001953125,52
2026-09-02 15:00:00-04:00,4418.7001953125,4421.2998046875,4418.2998046875,4420.7998046875,121
2026-09-02 15:01:00-04:00,4419.10009765625,4420.0,4418.89990234375,4418.89990234375,40
2026-09-02 15:02:00-04:00,4419.60009765625,4419.60009765625,4419.0,4419.39990234375,12
2026-09-02 15:03:00-04:00,4421.2998046875,4421.2998046875,4420.2998046875,4420.2998046875,43
2026-09-02 15:04:00-04:00,4421.7001953125,4421.7001953125,4421.39990234375,4421.5,29
2026-09-02 15:05:00-04:00,4421.89990234375,4422.39990234375,4421.2001953125,4421.2998046875,117
2026-09-02 15:06:00-04:00,4422.10009765625,4422.10009765625,4421.7001953125,4421.7001953125,11
2026-09-02 15:07:00-04:00,4422.5,4423.2998046875,4422.2001953125,4422.2001953125,34
2026-09-02 15:08:00-04:00,4422.5,4422.7001953125,4422.2998046875,4422.2998046875,11
2026-09-02 15:09:00-04:00,4423.60009765625,4424.0,4422.10009765625,4422.2998046875,33
2026-09-02 15:10:00-04:00,4423.39990234375,4424.0,4423.0,4423.7998046875,27
2026-09-02 15:11:00-04:00,4423.5,4424.10009765625,4423.2998046875,4423.7998046875,50
2026-09-02 15:12:00-04:00,4425.7001953125,4427.0,4423.5,4423.5,195
2026-09-02 15:13:00-04:00,4425.5,4426.0,4425.5,4425.7998046875,143
2026-09-02 15:14:00-04:00,4425.60009765625,4425.7001953125,4425.10009765625,4425.5,13
2026-09-02 15:15:00-04:00,4425.7998046875,4427.0,4425.7001953125,4425.7001953125,84
2026-09-02 15:16:00-04:00,4425.2001953125,4426.10009765625,4424.7998046875,4425.7998046875,34
2026-09-02 15:17:00-04:00,4425.2998046875,4426.0,4425.2001953125,4425.5,22
2026-09-02 15:18:00-04:00,4425.2998046875,4426.2998046875,4425.2998046875,4425.39990234375,26
2026-09-02 15:19:00-04:00,4426.10009765625,4426.60009765625,4425.2001953125,4425.2998046875,39
2026-09-02 15:20:00-04:00,4425.10009765625,4426.0,4424.89990234375,4426.0,25
2026-09-02 15:21:00-04:00,4425.89990234375,4426.10009765625,4425.10009765625,4425.10009765625,13
2026-09-02 15:22:00-04:00,4426.2001953125,4426.2001953125,4425.60009765625,4425.7998046875,16
2026-09-02 15:23:00-04:00,4426.39990234375,4427.2998046875,4426.0,4426.5,92
2026-09-02 15:24:00-04:00,4426.7998046875,4427.39990234375,4426.10009765625,4426.2998046875,48
2026-09-02 15:25:00-04:00,4428.7001953125,4428.89990234375,4426.39990234375,4426.39990234375,146
2026-09-02 15:26:00-04:00,4428.60009765625,4429.7001953125,4428.2998046875,4428.5,114
2026-09-02 15:27:00-04:00,4427.7001953125,4428.39990234375,4427.5,4428.39990234375,41
2026-09-02 15:28:00-04:00,4428.2998046875,4428.89990234375,4427.7001953125,4427.7001953125,62
2026-09-02 15:29:00-04:00,4427.60009765625,4428.39990234375,4427.10009765625,4428.10009765625,42
2026-09-02 15:30:00-04:00,4428.7001953125,4429.2998046875,4427.60009765625,4427.7001953125,66
2026-09-02 15:31:00-04:00,4428.39990234375,4428.89990234375,4428.2001953125,4428.7998046875,28
2026-09-02 15:32:00-04:00,4429.10009765625,4429.5,4428.2001953125,4428.5,70
2026-09-02 15:33:00-04:00,4428.89990234375,4429.2998046875,4428.7998046875,4429.10009765625,24
2026-09-02 15:34:00-04:00,4430.2998046875,4430.7001953125,4428.7001953125,4429.10009765625,180
2026-09-02 15:35:00-04:00,4429.10009765625,4430.2001953125,4428.89990234375,4430.10009765625,65
2026-09-02 15:36:00-04:00,4428.0,4428.7998046875,4427.89990234375,4428.7998046875,63
2026-09-02 15:37:00-04:00,4429.2001953125,4429.39990234375,4427.7001953125,4428.10009765625,68
2026-09-02 15:38:00-04:00,4429.60009765625,4429.7998046875,4429.0,4429.10009765625,28
2026-09-02 15:39:00-04:00,4430.5,4430.60009765625,4429.60009765625,4429.89990234375,44
2026-09-02 15:40:00-04:00,4430.7998046875,4431.2001953125,4430.0,4430.2998046875,63
2026-09-02 15:41:00-04:00,4431.5,4431.7001953125,4430.7001953125,4430.7001953125,52
2026-09-02 15:42:00-04:00,4431.2001953125,4431.7001953125,4431.0,4431.5,59
2026-09-02 15:43:00-04:00,4433.2001953125,4433.2998046875,4431.2001953125,4431.2001953125,161
2026-09-02 15:44:00-04:00,4434.5,4435.2001953125,4433.0,4433.2998046875,229
2026-09-02 15:45:00-04:00,4432.60009765625,4435.2998046875,4432.60009765625,4434.60009765625,132
2026-09-02 15:46:00-04:00,4431.89990234375,4432.89990234375,4431.5,4432.60009765625,143
2026-09-02 15:47:00-04:00,4432.39990234375,4432.39990234375,4431.39990234375,4431.7998046875,76
2026-09-02 15:48:00-04:00,4431.60009765625,4432.7001953125,4431.5,4432.5,116
2026-09-02 15:49:00-04:00,4433.0,4433.7001953125,4431.39990234375,4431.89990234375,121
2026-09-02 15:50:00-04:00,4435.2001953125,4435.5,4432.7001953125,4433.10009765625,189
2026-09-02 15:51:00-04:00,4434.89990234375,4436.39990234375,4434.7001953125,4435.7001953125,125
2026-09-02 15:52:00-04:00,4435.39990234375,4436.39990234375,4435.10009765625,4435.10009765625,97
2026-09-02 15:53:00-04:00,4432.60009765625,4435.5,4432.39990234375,4435.2998046875,108
2026-09-02 15:54:00-04:00,4434.10009765625,4434.10009765625,4432.7001953125,4432.7001953125,41
2026-09-02 15:55:00-04:00,4433.10009765625,4433.89990234375,4432.7998046875,4433.60009765625,83
2026-09-02 15:56:00-04:00,4434.2001953125,4434.2001953125,4432.7001953125,4433.0,63
2026-09-02 15:57:00-04:00,4433.60009765625,4434.7998046875,4432.89990234375,4434.2001953125,119
2026-09-02 15:58:00-04:00,4434.89990234375,4435.5,4433.89990234375,4433.89990234375,199
2026-09-02 15:59:00-04:00,4437.7001953125,4437.89990234375,4435.0,4435.10009765625,343
2026-09-02 16:00:00-04:00,4436.0,4438.2001953125,4435.2001953125,4437.39990234375,178
2026-09-02 16:01:00-04:00,4436.7001953125,4436.7998046875,4435.7998046875,4435.89990234375,49
2026-09-02 16:02:00-04:00,4435.89990234375,4436.7001953125,4435.39990234375,4436.5,35
2026-09-02 16:03:00-04:00,4436.10009765625,4436.2998046875,4435.39990234375,4436.0,45
2026-09-02 16:04:00-04:00,4436.89990234375,4437.0,4436.10009765625,4436.2998046875,27
2026-09-02 16:05:00-04:00,4435.7001953125,4437.39990234375,4435.7001953125,4436.7001953125,74
2026-09-02 16:06:00-04:00,4436.0,4436.10009765625,4435.5,4435.7998046875,96
2026-09-02 16:07:00-04:00,4435.2001953125,4436.2001953125,4435.10009765625,4435.7998046875,38
2026-09-02 16:08:00-04:00,4434.7001953125,4435.5,4434.60009765625,4435.39990234375,31
2026-09-02 16:09:00-04:00,4434.5,4435.0,4434.10009765625,4434.7998046875,35
2026-09-02 16:10:00-04:00,4434.60009765625,4434.89990234375,4434.39990234375,4434.7998046875,24
2026-09-02 16:11:00-04:00,4434.7998046875,4435.7001953125,4434.5,4434.7998046875,82
2026-09-02 16:12:00-04:00,4434.0,4435.10009765625,4434.0,4434.7998046875,50
2026-09-02 16:13:00-04:00,4434.2998046875,4434.5,4433.60009765625,4434.10009765625,27
2026-09-02 16:14:00-04:00,4432.60009765625,4434.2998046875,4432.5,4434.2998046875,48
2026-09-02 16:15:00-04:00,4431.7998046875,4433.0,4430.60009765625,4432.5,127
2026-09-02 16:16:00-04:00,4431.60009765625,4432.0,4431.2998046875,4431.7001953125,38
2026-09-02 16:17:00-04:00,4432.5,4432.5,4431.60009765625,4431.60009765625,8
2026-09-02 16:18:00-04:00,4432.10009765625,4432.60009765625,4431.89990234375,4432.10009765625,51
2026-09-02 16:19:00-04:00,4431.2998046875,4431.89990234375,4431.2998046875,4431.89990234375,16
2026-09-02 16:20:00-04:00,4431.7998046875,4431.89990234375,4431.39990234375,4431.89990234375,10
2026-09-02 16:21:00-04:00,4431.5,4431.7998046875,4431.39990234375,4431.39990234375,8
2026-09-02 16:22:00-04:00,4431.7998046875,4431.89990234375,4431.39990234375,4431.89990234375,20
2026-09-02 16:23:00-04:00,4432.2998046875,4432.2998046875,4431.89990234375,4432.2998046875,5
2026-09-02 16:24:00-04:00,4432.5,4432.5,4431.89990234375,4432.10009765625,24
2026-09-02 16:25:00-04:00,4434.2001953125,4434.60009765625,4432.0,4432.2998046875,181
2026-09-02 16:26:00-04:00,4433.89990234375,4434.10009765625,4433.89990234375,4434.10009765625,5
2026-09-02 16:27:00-04:00,4434.0,4434.0,4433.7998046875,4433.7998046875,3
2026-09-02 16:28:00-04:00,4433.7001953125,4434.10009765625,4433.2001953125,4434.10009765625,11
2026-09-02 16:29:00-04:00,4433.2001953125,4433.89990234375,4433.0,4433.7998046875,25
2026-09-02 16:30:00-04:00,4433.0,4433.0,4432.5,4433.0,31
2026-09-02 16:31:00-04:00,4434.0,4434.0,4433.0,4433.0,8
2026-09-02 16:32:00-04:00,4434.39990234375,4434.60009765625,4433.7998046875,4433.7998046875,28
2026-09-02 16:33:00-04:00,4434.5,4434.7998046875,4434.39990234375,4434.5,16
2026-09-02 16:34:00-04:00,4434.2998046875,4434.7001953125,4434.2998046875,4434.60009765625,11
2026-09-02 16:35:00-04:00,4434.5,4434.5,4434.2998046875,4434.39990234375,8
2026-09-02 16:36:00-04:00,4434.10009765625,4434.5,4433.7001953125,4434.39990234375,49
2026-09-02 16:37:00-04:00,4434.10009765625,4434.10009765625,4433.5,4433.89990234375,21
2026-09-02 16:38:00-04:00,4434.2998046875,4434.7001953125,4434.0,4434.0,9
2026-09-02 16:39:00-04:00,4434.2998046875,4434.2998046875,4434.2001953125,4434.2001953125,2
2026-09-02 16:40:00-04:00,4435.7998046875,4435.7998046875,4434.2001953125,4434.39990234375,30
2026-09-02 16:41:00-04:00,4435.5,4435.7998046875,4435.2998046875,4435.7001953125,14
2026-09-02 16:42:00-04:00,4435.60009765625,4435.7001953125,4435.5,4435.5,7
2026-09-02 16:43:00-04:00,4436.60009765625,4436.60009765625,4435.5,4435.60009765625,55
2026-09-02 16:44:00-04:00,4434.7998046875,4436.5,4434.7998046875,4436.5,42
2026-09-02 16:45:00-04:00,4434.7998046875,4435.2998046875,4433.7998046875,4434.89990234375,149
2026-09-02 16:46:00-04:00,4434.7001953125,4434.89990234375,4434.7001953125,4434.89990234375,9
2026-09-02 16:47:00-04:00,4435.7001953125,4435.89990234375,4435.10009765625,4435.2001953125,28
2026-09-02 16:48:00-04:00,4436.10009765625,4436.39990234375,4435.7001953125,4435.7001953125,16
2026-09-02 16:49:00-04:00,4435.7998046875,4436.5,4435.7998046875,4436.39990234375,17
2026-09-02 16:50:00-04:00,4436.89990234375,4437.5,4435.7001953125,4435.7998046875,37
2026-09-02 16:51:00-04:00,4437.10009765625,4437.7001953125,4437.10009765625,4437.10009765625,11
2026-09-02 16:52:00-04:00,4437.2001953125,4437.2001953125,4437.0,4437.10009765625,14
2026-09-02 16:53:00-04:00,4436.2001953125,4437.60009765625,4436.10009765625,4437.39990234375,39
2026-09-02 16:54:00-04:00,4436.0,4436.7001953125,4436.0,4436.39990234375,18
2026-09-02 16:55:00-04:00,4435.2001953125,4436.10009765625,4435.2001953125,4435.7001953125,33
2026-09-02 16:56:00-04:00,4434.89990234375,4435.60009765625,4434.7001953125,4435.2998046875,63
2026-09-02 16:57:00-04:00,4434.10009765625,4435.2001953125,4434.10009765625,4434.89990234375,33
2026-09-02 16:58:00-04:00,4434.7998046875,4434.7998046875,4434.2001953125,4434.2998046875,45
2026-09-02 16:59:00-04:00,4434.2998046875,4435.39990234375,4434.2001953125,4434.7001953125,31
2026-09-02 18:00:00-04:00,4436.39990234375,4437.39990234375,4435.10009765625,4436.39990234375,0
2026-09-02 18:01:00-04:00,4436.7998046875,4436.7998046875,4435.5,4436.39990234375,33
2026-09-02 18:02:00-04:00,4437.89990234375,4437.89990234375,4436.7001953125,4436.7001953125,28
2026-09-02 18:03:00-04:00,4436.7001953125,4438.10009765625,4434.7998046875,4437.89990234375,38
2026-09-02 18:04:00-04:00,4436.2998046875,4436.2998046875,4435.60009765625,4436.2001953125,5
2026-09-02 18:05:00-04:00,4435.5,4436.0,4435.0,4435.7001953125,26
2026-09-02 18:06:00-04:00,4436.0,4437.0,4435.39990234375,4435.39990234375,79
2026-09-02 18:07:00-04:00,4435.7998046875,4436.39990234375,4435.7998046875,4436.2998046875,6
2026-09-02 18:08:00-04:00,4435.7001953125,4435.7001953125,4435.2998046875,4435.5,6
2026-09-02 18:09:00-04:00,4435.60009765625,4435.89990234375,4435.39990234375,4435.7998046875,8
2026-09-02 18:10:00-04:00,4435.2998046875,4435.2998046875,4435.0,4435.2001953125,5
2026-09-02 18:11:00-04:00,4435.89990234375,4435.89990234375,4435.60009765625,4435.60009765625,3
2026-09-02 18:12:00-04:00,4435.39990234375,4436.2001953125,4435.39990234375,4436.2001953125,6
2026-09-02 18:13:00-04:00,4436.10009765625,4436.2001953125,4435.2998046875,4435.7001953125,14
2026-09-02 18:14:00-04:00,4434.7998046875,4435.7998046875,4434.7998046875,4435.7001953125,12
2026-09-02 18:15:00-04:00,4434.2998046875,4434.7998046875,4434.2998046875,4434.7998046875,9
2026-09-02 18:16:00-04:00,4433.7001953125,4434.7998046875,4433.7001953125,4434.10009765625,34
2026-09-02 18:17:00-04:00,4433.2998046875,4434.10009765625,4433.2998046875,4434.10009765625,21
2026-09-02 18:18:00-04:00,4432.60009765625,4433.60009765625,4432.60009765625,4433.2001953125,56
2026-09-02 18:19:00-04:00,4433.10009765625,4433.89990234375,4432.7998046875,4432.7998046875,32
2026-09-02 18:20:00-04:00,4432.89990234375,4434.0,4432.89990234375,4433.60009765625,23
2026-09-02 18:21:00-04:00,4433.10009765625,4433.60009765625,4432.7998046875,4433.2001953125,32
2026-09-02 18:22:00-04:00,4433.7001953125,4433.89990234375,4433.0,4433.10009765625,21
2026-09-02 18:23:00-04:00,4434.39990234375,4434.5,4433.0,4433.2998046875,46
2026-09-02 18:24:00-04:00,4433.89990234375,4434.7001953125,4433.7998046875,4434.2001953125,24
2026-09-02 18:25:00-04:00,4434.0,4434.7001953125,4433.89990234375,4434.39990234375,12
2026-09-02 18:26:00-04:00,4435.89990234375,4435.89990234375,4433.7998046875,4433.7998046875,43
2026-09-02 18:27:00-04:00,4435.2998046875,4435.60009765625,4435.2001953125,4435.5,18
2026-09-02 18:28:00-04:00,4434.7998046875,4435.5,4434.7998046875,4435.2998046875,13
2026-09-02 18:29:00-04:00,4434.7998046875,4435.10009765625,4434.0,4434.60009765625,29
2026-09-02 18:30:00-04:00,4434.2001953125,4434.7001953125,4434.10009765625,4434.2998046875,25
2026-09-02 18:31:00-04:00,4433.39990234375,4434.2998046875,4433.10009765625,4434.2998046875,39
2026-09-02 18:32:00-04:00,4434.2001953125,4434.5,4432.60009765625,4433.39990234375,137
2026-09-02 18:33:00-04:00,4434.10009765625,4434.5,4433.60009765625,4434.2001953125,59
2026-09-02 18:34:00-04:00,4433.2001953125,4434.10009765625,4433.2001953125,4434.10009765625,11
2026-09-02 18:35:00-04:00,4433.2001953125,4433.5,4433.10009765625,4433.39990234375,31
2026-09-02 18:36:00-04:00,4432.60009765625,4433.2001953125,4432.5,4433.2001953125,32
2026-09-02 18:37:00-04:00,4433.2001953125,4433.2001953125,4432.7998046875,4432.7998046875,15
2026-09-02 18:38:00-04:00,4433.2998046875,4433.39990234375,4433.2001953125,4433.2001953125,5
2026-09-02 18:39:00-04:00,4432.7998046875,4433.5,4432.2998046875,4433.10009765625,34
2026-09-02 18:40:00-04:00,4432.60009765625,4433.10009765625,4432.60009765625,4432.60009765625,14
2026-09-02 18:41:00-04:00,4432.10009765625,4433.0,4432.10009765625,4432.60009765625,8
2026-09-02 18:42:00-04:00,4431.39990234375,4432.2998046875,4431.10009765625,4432.2001953125,30
2026-09-02 18:43:00-04:00,4431.2001953125,4431.2998046875,4430.60009765625,4431.2998046875,68
2026-09-02 18:44:00-04:00,4430.39990234375,4431.5,4430.2998046875,4431.5,46
2026-09-02 18:45:00-04:00,4429.39990234375,4430.5,4428.39990234375,4430.39990234375,101
2026-09-02 18:46:00-04:00,4429.89990234375,4430.2998046875,4429.89990234375,4429.89990234375,17
2026-09-02 18:47:00-04:00,4429.7998046875,4430.10009765625,4429.2998046875,4429.89990234375,24
2026-09-02 18:48:00-04:00,4429.2998046875,4430.10009765625,4429.2998046875,4429.7001953125,40
2026-09-02 18:49:00-04:00,4429.2998046875,4429.60009765625,4429.0,4429.60009765625,21
2026-09-02 18:50:00-04:00,4430.0,4430.0,4429.10009765625,4429.2998046875,9
2026-09-02 18:51:00-04:00,4429.60009765625,4430.39990234375,4429.60009765625,4430.2998046875,9
2026-09-02 18:52:00-04:00,4429.7001953125,4429.7001953125,4429.7001953125,4429.7001953125,1
2026-09-02 18:53:00-04:00,4429.5,4430.10009765625,4429.5,4430.10009765625,6
2026-09-02 18:54:00-04:00,4429.7998046875,4429.7998046875,4429.39990234375,4429.39990234375,9
2026-09-02 18:55:00-04:00,4429.7001953125,4430.10009765625,4429.7001953125,4429.89990234375,8
2026-09-02 18:56:00-04:00,4429.7998046875,4429.7998046875,4429.7998046875,4429.7998046875,2
2026-09-02 18:57:00-04:00,4430.0,4430.0,4430.0,4430.0,1
2026-09-02 18:58:00-04:00,4430.10009765625,4430.5,4429.7998046875,4430.2001953125,10
2026-09-02 18:59:00-04:00,4429.7998046875,4430.10009765625,4429.7998046875,4430.10009765625,8
2026-09-02 19:00:00-04:00,4430.0,4431.2998046875,4430.0,4430.2001953125,22
2026-09-02 19:01:00-04:00,4430.5,4430.5,4429.7998046875,4429.7998046875,7
2026-09-02 19:02:00-04:00,4430.39990234375,4430.7998046875,4430.10009765625,4430.7998046875,6
2026-09-02 19:03:00-04:00,4429.60009765625,4430.7001953125,4429.39990234375,4430.39990234375,44
2026-09-02 19:04:00-04:00,4431.89990234375,4431.89990234375,4429.7998046875,4429.7998046875,34
2026-09-02 19:05:00-04:00,4430.7998046875,4432.0,4430.7998046875,4432.0,30
2026-09-02 19:06:00-04:00,4431.10009765625,4431.39990234375,4430.60009765625,4431.10009765625,30
2026-09-02 19:07:00-04:00,4431.0,4431.39990234375,4430.89990234375,4431.0,17
2026-09-02 19:08:00-04:00,4431.7001953125,4431.7998046875,4431.0,4431.0,65
2026-09-02 19:09:00-04:00,4432.10009765625,4432.2001953125,4431.39990234375,4431.7998046875,24
2026-09-02 19:10:00-04:00,4432.0,4432.0,4431.7001953125,4431.89990234375,10
2026-09-02 19:11:00-04:00,4431.7001953125,4432.10009765625,4431.39990234375,4432.10009765625,26
2026-09-02 19:12:00-04:00,4430.2998046875,4431.5,4430.2998046875,4431.5,23
2026-09-02 19:13:00-04:00,4429.60009765625,4430.2998046875,4429.60009765625,4430.2001953125,16
2026-09-02 19:14:00-04:00,4429.60009765625,4429.89990234375,4429.39990234375,4429.7001953125,13
2026-09-02 19:15:00-04:00,4429.2998046875,4429.5,4428.89990234375,4429.39990234375,17
2026-09-02 19:16:00-04:00,4428.2001953125,4429.60009765625,4428.10009765625,4429.5,43
2026-09-02 19:17:00-04:00,4428.0,4428.39990234375,4427.89990234375,4428.0,53
2026-09-02 19:18:00-04:00,4427.89990234375,4428.2001953125,4427.89990234375,4428.2001953125,18
2026-09-02 19:19:00-04:00,4427.7998046875,4428.2001953125,4427.60009765625,4427.7998046875,16
2026-09-02 19:20:00-04:00,4428.39990234375,4428.39990234375,4427.7998046875,4427.7998046875,21
2026-09-02 19:21:00-04:00,4428.0,4428.39990234375,4427.89990234375,4428.39990234375,13
2026-09-02 19:22:00-04:00,4427.7998046875,4428.0,4427.60009765625,4427.89990234375,29
2026-09-02 19:23:00-04:00,4427.7998046875,4427.89990234375,4427.7001953125,4427.7001953125,7
2026-09-02 19:24:00-04:00,4428.2998046875,4428.2998046875,4428.0,4428.0,3
2026-09-02 19:25:00-04:00,4427.7998046875,4428.39990234375,4427.7998046875,4428.2001953125,6
2026-09-02 19:26:00-04:00,4427.60009765625,4428.0,4427.60009765625,4427.7998046875,4
2026-09-02 19:27:00-04:00,4427.89990234375,4428.0,4427.7001953125,4427.7001953125,10
2026-09-02 19:28:00-04:00,4428.0,4428.2001953125,4427.7001953125,4428.2001953125,18
2026-09-02 19:29:00-04:00,4427.7001953125,4427.89990234375,4427.2998046875,4427.89990234375,24
2026-09-02 19:30:00-04:00,4428.39990234375,4429.39990234375,4427.0,4427.5,91
2026-09-02 19:31:00-04:00,4428.2001953125,4429.2998046875,4427.7998046875,4428.60009765625,39
2026-09-02 19:32:00-04:00,4428.2998046875,4428.2998046875,4427.7998046875,4427.89990234375,8
2026-09-02 19:33:00-04:00,4428.10009765625,4428.39990234375,4427.7998046875,4428.39990234375,8
2026-09-02 19:34:00-04:00,4428.5,4428.5,4427.7001953125,4428.2998046875,30
2026-09-02 19:35:00-04:00,4427.10009765625,4428.2998046875,4426.7001953125,4428.2998046875,41
2026-09-02 19:36:00-04:00,4427.7001953125,4427.89990234375,4426.7001953125,4427.10009765625,36
2026-09-02 19:37:00-04:00,4428.2998046875,4428.5,4427.5,4427.89990234375,21
2026-09-02 19:38:00-04:00,4428.0,4428.89990234375,4427.7001953125,4428.0,22
2026-09-02 19:39:00-04:00,4428.7001953125,4428.7998046875,4428.10009765625,4428.10009765625,10
2026-09-02 19:40:00-04:00,4429.2001953125,4429.5,4428.5,4428.5,27
2026-09-02 19:41:00-04:00,4429.2998046875,4430.0,4429.10009765625,4429.10009765625,20
2026-09-02 19:42:00-04:00,4430.2998046875,4430.60009765625,4429.60009765625,4429.60009765625,31
2026-09-02 19:43:00-04:00,4429.7998046875,4430.2001953125,4429.5,4430.2001953125,11
2026-09-02 19:44:00-04:00,4430.7998046875,4430.7998046875,4429.5,4429.5,74
2026-09-02 19:45:00-04:00,4431.7998046875,4432.89990234375,4429.89990234375,4430.2001953125,119
2026-09-02 19:46:00-04:00,4433.7001953125,4434.39990234375,4432.0,4432.10009765625,111
2026-09-02 19:47:00-04:00,4433.10009765625,4434.2998046875,4432.89990234375,4433.60009765625,35
2026-09-02 19:48:00-04:00,4432.60009765625,4433.10009765625,4431.7001953125,4433.10009765625,35
2026-09-02 19:49:00-04:00,4432.10009765625,4433.2001953125,4432.10009765625,4432.7001953125,20
2026-09-02 19:50:00-04:00,4432.7998046875,4433.10009765625,4431.89990234375,4432.2998046875,30
2026-09-02 19:51:00-04:00,4431.5,4432.7001953125,4431.10009765625,4432.7001953125,43
2026-09-02 19:52:00-04:00,4431.60009765625,4432.2001953125,4430.7998046875,4431.7998046875,41
2026-09-02 19:53:00-04:00,4430.39990234375,4431.39990234375,4430.10009765625,4431.39990234375,25
2026-09-02 19:54:00-04:00,4430.2001953125,4431.0,4430.2001953125,4430.39990234375,23
2026-09-02 19:55:00-04:00,4431.60009765625,4431.60009765625,4430.10009765625,4430.10009765625,40
2026-09-02 19:56:00-04:00,4432.0,4432.2998046875,4431.7001953125,4431.7001953125,12
2026-09-02 19:57:00-04:00,4430.5,4431.10009765625,4429.89990234375,4431.10009765625,15
2026-09-02 19:58:00-04:00,4429.89990234375,4430.60009765625,4429.89990234375,4430.2001953125,6
2026-09-02 19:59:00-04:00,4431.0,4431.2001953125,4430.10009765625,4430.7001953125,22
2026-09-02 20:00:00-04:00,4432.89990234375,4433.5,4429.89990234375,4431.2001953125,74
2026-09-02 20:01:00-04:00,4431.39990234375,4432.60009765625,4431.2001953125,4432.60009765625,20
2026-09-02 20:02:00-04:00,4431.7001953125,4431.7001953125,4430.2001953125,4431.39990234375,45
2026-09-02 20:03:00-04:00,4433.2998046875,4433.2998046875,4431.2001953125,4431.39990234375,48
2026-09-02 20:04:00-04:00,4434.60009765625,4435.10009765625,4433.10009765625,4433.2001953125,69
2026-09-02 20:05:00-04:00,4435.60009765625,4435.7998046875,4434.5,4434.7998046875,47
2026-09-02 20:06:00-04:00,4435.10009765625,4436.2001953125,4434.10009765625,4435.2998046875,91
2026-09-02 20:07:00-04:00,4433.0,4434.7998046875,4432.39990234375,4434.7998046875,41
2026-09-02 20:08:00-04:00,4431.60009765625,4433.0,4431.10009765625,4432.7001953125,186
2026-09-02 20:09:00-04:00,4432.39990234375,4432.5,4430.10009765625,4432.0,106
2026-09-02 20:10:00-04:00,4434.7001953125,4435.0,4432.5,4432.7001953125,51
2026-09-02 20:11:00-04:00,4437.5,4438.0,4435.0,4435.0,218
2026-09-02 20:12:00-04:00,4436.10009765625,4437.89990234375,4436.10009765625,4437.5,123
2026-09-02 20:13:00-04:00,4435.60009765625,4436.0,4434.7998046875,4436.0,51
2026-09-02 20:14:00-04:00,4435.39990234375,4436.0,4435.2998046875,4436.0,21
2026-09-02 20:15:00-04:00,4431.39990234375,4435.7001953125,4430.7998046875,4435.39990234375,113
2026-09-02 20:16:00-04:00,4431.2001953125,4431.89990234375,4430.60009765625,4431.89990234375,37
2026-09-02 20:17:00-04:00,4432.7998046875,4433.60009765625,4431.5,4431.5,80
2026-09-02 20:18:00-04:00,4433.60009765625,4434.2998046875,4433.2001953125,4433.2001953125,16
2026-09-02 20:19:00-04:00,4431.89990234375,4433.89990234375,4431.89990234375,4433.60009765625,28
2026-09-02 20:20:00-04:00,4431.89990234375,4433.0,4431.2001953125,4432.2998046875,37
2026-09-02 20:21:00-04:00,4430.89990234375,4431.60009765625,4430.2998046875,4431.60009765625,30
2026-09-02 20:22:00-04:00,4431.89990234375,4432.89990234375,4431.5,4431.5,46
2026-09-02 20:23:00-04:00,4432.7001953125,4433.2998046875,4431.5,4432.10009765625,24
2026-09-02 20:24:00-04:00,4432.7998046875,4432.89990234375,4431.39990234375,4432.89990234375,20
2026-09-02 20:25:00-04:00,4434.2001953125,4434.2001953125,4432.89990234375,4433.2001953125,26
2026-09-02 20:26:00-04:00,4434.5,4435.2998046875,4433.89990234375,4434.2001953125,30
2026-09-02 20:27:00-04:00,4434.39990234375,4434.89990234375,4434.0,4434.60009765625,16
2026-09-02 20:28:00-04:00,4432.2998046875,4433.89990234375,4432.2001953125,4433.39990234375,38
2026-09-02 20:29:00-04:00,4432.5,4433.39990234375,4432.2998046875,4432.5,20
2026-09-02 20:30:00-04:00,4430.7001953125,4432.2998046875,4430.7001953125,4432.2998046875,36
2026-09-02 20:31:00-04:00,4431.2998046875,4431.39990234375,4430.7001953125,4431.2001953125,21
2026-09-02 20:32:00-04:00,4430.5,4431.39990234375,4430.2001953125,4431.2001953125,26
2026-09-02 20:33:00-04:00,4429.10009765625,4430.89990234375,4429.10009765625,4430.60009765625,37
2026-09-02 20:34:00-04:00,4428.0,4429.7001953125,4427.89990234375,4429.39990234375,113
2026-09-02 20:35:00-04:00,4429.89990234375,4429.89990234375,4427.7998046875,4428.0,41
2026-09-02 20:36:00-04:00,4430.2001953125,4430.7001953125,4429.5,4429.7001953125,30
2026-09-02 20:37:00-04:00,4432.0,4432.0,4429.7998046875,4430.0,31
2026-09-02 20:38:00-04:00,4434.60009765625,4434.60009765625,4431.5,4432.2001953125,66
2026-09-02 20:39:00-04:00,4433.89990234375,4435.0,4433.2998046875,4434.2001953125,32
2026-09-02 20:40:00-04:00,4432.60009765625,4434.5,4432.2998046875,4434.5,46
2026-09-02 20:41:00-04:00,4434.2001953125,4434.2001953125,4432.7998046875,4432.7998046875,35
2026-09-02 20:42:00-04:00,4434.5,4434.7001953125,4432.7001953125,4434.2001953125,56
2026-09-02 20:43:00-04:00,4432.2998046875,4435.0,4432.2001953125,4434.7001953125,32
2026-09-02 20:44:00-04:00,4433.0,4433.0,4432.39990234375,4432.39990234375,9
2026-09-02 20:45:00-04:00,4432.0,4433.10009765625,4431.2998046875,4433.10009765625,25
2026-09-02 20:46:00-04:00,4432.89990234375,4433.10009765625,4431.89990234375,4432.2001953125,20
2026-09-02 20:47:00-04:00,4432.7998046875,4433.2001953125,4432.39990234375,4432.39990234375,17
2026-09-02 20:48:00-04:00,4433.0,4433.7001953125,4432.2001953125,4432.2001953125,17
2026-09-02 20:49:00-04:00,4435.2001953125,4435.2001953125,4434.0,4434.10009765625,27
2026-09-02 20:50:00-04:00,4436.7998046875,4437.2001953125,4435.2998046875,4435.2998046875,109
2026-09-02 20:51:00-04:00,4437.5,4437.5,4436.2998046875,4437.39990234375,39
2026-09-02 20:52:00-04:00,4438.2998046875,4439.5,4437.10009765625,4437.60009765625,113
2026-09-02 20:53:00-04:00,4437.0,4438.2001953125,4435.7001953125,4438.2001953125,105
2026-09-02 20:54:00-04:00,4437.0,4437.0,4434.2998046875,4436.60009765625,135
2026-09-02 20:55:00-04:00,4436.10009765625,4437.2998046875,4436.0,4437.0,34
2026-09-02 20:56:00-04:00,4436.5,4437.10009765625,4436.10009765625,4436.7001953125,29
2026-09-02 20:57:00-04:00,4438.89990234375,4439.5,4436.39990234375,4436.5,78
2026-09-02 20:58:00-04:00,4439.2998046875,4439.7998046875,4438.60009765625,4439.0,72
2026-09-02 20:59:00-04:00,4440.5,4442.89990234375,4438.2001953125,4439.2001953125,276
2026-09-02 21:00:00-04:00,4434.5,4442.2001953125,4434.0,4440.7998046875,665
2026-09-02 21:01:00-04:00,4434.2998046875,4437.5,4434.2001953125,4435.2001953125,99
2026-09-02 21:02:00-04:00,4439.60009765625,4439.89990234375,4432.2001953125,4434.60009765625,205
2026-09-02 21:03:00-04:00,4436.39990234375,4440.2998046875,4434.7001953125,4440.0,110
2026-09-02 21:04:00-04:00,4440.5,4440.5,4436.7001953125,4436.7001953125,91
2026-09-02 21:05:00-04:00,4440.39990234375,4441.7001953125,4437.7001953125,4440.39990234375,111
2026-09-02 21:06:00-04:00,4440.39990234375,4441.7001953125,4439.39990234375,4440.0,87
2026-09-02 21:07:00-04:00,4444.0,4445.7001953125,4441.0,4441.0,385
2026-09-02 21:08:00-04:00,4446.39990234375,4446.89990234375,4443.39990234375,4444.0,232
2026-09-02 21:09:00-04:00,4447.60009765625,4448.2998046875,4445.5,4446.10009765625,637
2026-09-02 21:10:00-04:00,4450.2998046875,4450.89990234375,4447.7998046875,4447.89990234375,459
2026-09-02 21:11:00-04:00,4453.60009765625,4453.7001953125,4449.39990234375,4450.2998046875,696
2026-09-02 21:12:00-04:00,4449.7001953125,4454.7001953125,4449.0,4453.60009765625,443
2026-09-02 21:13:00-04:00,4448.89990234375,4450.60009765625,4447.2001953125,4449.2001953125,194
2026-09-02 21:14:00-04:00,4446.7998046875,4448.89990234375,4446.10009765625,4448.7998046875,191
2026-09-02 21:15:00-04:00,4448.89990234375,4448.89990234375,4445.0,4446.2998046875,236
2026-09-02 21:16:00-04:00,4445.89990234375,4448.5,4445.60009765625,4448.2998046875,79
2026-09-02 21:17:00-04:00,4444.2998046875,4445.39990234375,4443.7998046875,4445.10009765625,120
2026-09-02 21:18:00-04:00,4444.10009765625,4444.5,4441.7998046875,4444.39990234375,110
2026-09-02 21:19:00-04:00,4443.60009765625,4445.2001953125,4443.60009765625,4444.2001953125,69
2026-09-02 21:20:00-04:00,4445.89990234375,4446.39990234375,4443.60009765625,4443.7998046875,96
2026-09-02 21:21:00-04:00,4446.7998046875,4448.0,4445.2998046875,4445.7001953125,162
2026-09-02 21:22:00-04:00,4447.89990234375,4448.0,4446.10009765625,4446.2001953125,44
2026-09-02 21:23:00-04:00,4444.10009765625,4448.10009765625,4444.10009765625,4447.2998046875,59
2026-09-02 21:24:00-04:00,4441.2001953125,4444.0,4440.10009765625,4444.0,193
2026-09-02 21:25:00-04:00,4441.5,4443.2998046875,4441.0,4441.0,39
2026-09-02 21:26:00-04:00,4440.0,4442.5,4439.10009765625,4441.39990234375,126
2026-09-02 21:27:00-04:00,4441.7998046875,4442.2998046875,4439.5,4439.60009765625,137
2026-09-02 21:28:00-04:00,4443.7998046875,4445.0,4441.2001953125,4441.2998046875,112
2026-09-02 21:29:00-04:00,4447.10009765625,4447.10009765625,4443.2001953125,4443.60009765625,152
2026-09-02 21:30:00-04:00,4450.2001953125,4450.39990234375,4446.5,4446.7998046875,194
2026-09-02 21:31:00-04:00,4453.5,4454.5,4449.89990234375,4450.60009765625,312
2026-09-02 21:32:00-04:00,4451.60009765625,4454.39990234375,4450.39990234375,4453.7998046875,125
2026-09-02 21:33:00-04:00,4451.39990234375,4451.89990234375,4449.5,4451.7001953125,125
2026-09-02 21:34:00-04:00,4454.10009765625,4454.7998046875,4451.5,4451.5,111
2026-09-02 21:35:00-04:00,4452.89990234375,4454.60009765625,4451.5,4454.60009765625,223
2026-09-02 21:36:00-04:00,4453.5,4454.10009765625,4452.5,4453.10009765625,60
2026-09-02 21:37:00-04:00,4451.5,4453.60009765625,4450.0,4453.60009765625,61
2026-09-02 21:38:00-04:00,4451.89990234375,4452.2998046875,4450.5,4451.7001953125,45
2026-09-02 21:39:00-04:00,4452.89990234375,4453.39990234375,4452.0,4452.0,29
2026-09-02 21:40:00-04:00,4451.2001953125,4453.10009765625,4450.60009765625,4452.89990234375,72
2026-09-02 21:41:00-04:00,4450.0,4451.7001953125,4449.2001953125,4451.2998046875,116
2026-09-02 21:42:00-04:00,4449.39990234375,4450.39990234375,4449.2001953125,4449.89990234375,48
2026-09-02 21:43:00-04:00,4446.2001953125,4449.10009765625,4445.7001953125,4449.0,135
2026-09-02 21:44:00-04:00,4445.7998046875,4446.39990234375,4445.39990234375,4446.10009765625,63
2026-09-02 21:45:00-04:00,4448.10009765625,4448.60009765625,4445.2001953125,4445.5,101
2026-09-02 21:46:00-04:00,4446.2998046875,4447.7001953125,4445.89990234375,4447.39990234375,56
2026-09-02 21:47:00-04:00,4446.39990234375,4446.7998046875,4446.10009765625,4446.10009765625,12
2026-09-02 21:48:00-04:00,4449.10009765625,4449.2001953125,4446.2001953125,4446.2001953125,64
2026-09-02 21:49:00-04:00,4452.89990234375,4453.5,4448.60009765625,4448.60009765625,140
2026-09-02 21:50:00-04:00,4450.60009765625,4452.39990234375,4450.5,4452.39990234375,45
2026-09-02 21:51:00-04:00,4451.0,4451.60009765625,4449.7998046875,4450.2001953125,72
2026-09-02 21:52:00-04:00,4452.0,4452.5,4450.89990234375,4450.89990234375,38
2026-09-02 21:53:00-04:00,4452.10009765625,4452.7998046875,4451.89990234375,4452.2998046875,18
2026-09-02 21:54:00-04:00,4452.60009765625,4452.60009765625,4450.60009765625,4451.7998046875,63
2026-09-02 21:55:00-04:00,4453.10009765625,4454.89990234375,4452.5,4452.7998046875,131
2026-09-02 21:56:00-04:00,4453.7998046875,4454.2001953125,4453.5,4453.5,29
2026-09-02 21:57:00-04:00,4453.89990234375,4453.89990234375,4452.10009765625,4453.2001953125,51
2026-09-02 21:58:00-04:00,4456.10009765625,4456.89990234375,4454.0,4454.0,186
2026-09-02 21:59:00-04:00,4455.0,4457.60009765625,4454.7001953125,4456.0,154
2026-09-02 22:00:00-04:00,4455.89990234375,4456.7998046875,4454.5,4455.2001953125,189
2026-09-02 22:01:00-04:00,4458.7998046875,4459.7001953125,4455.39990234375,4455.7001953125,348
2026-09-02 22:02:00-04:00,4460.7998046875,4461.2001953125,4458.60009765625,4458.7998046875,376
2026-09-02 22:03:00-04:00,4459.0,4460.7001953125,4458.39990234375,4460.7001953125,125
2026-09-02 22:04:00-04:00,4456.2001953125,4459.39990234375,4455.7001953125,4459.0,79
2026-09-02 22:05:00-04:00,4457.39990234375,4457.39990234375,4455.60009765625,4456.10009765625,57
2026-09-02 22:06:00-04:00,4456.2001953125,4458.39990234375,4455.7001953125,4457.5,143
2026-09-02 22:07:00-04:00,4455.89990234375,4456.7001953125,4455.10009765625,4456.2001953125,77
2026-09-02 22:08:00-04:00,4456.2998046875,4457.60009765625,4455.5,4456.10009765625,53
2026-09-02 22:09:00-04:00,4455.7998046875,4456.0,4454.5,4455.7001953125,63
2026-09-02 22:10:00-04:00,4458.39990234375,4458.7001953125,4455.60009765625,4455.60009765625,93
2026-09-02 22:11:00-04:00,4457.10009765625,4458.7998046875,4455.7998046875,4458.7998046875,55
2026-09-02 22:12:00-04:00,4457.7001953125,4458.2998046875,4456.0,4456.89990234375,66
2026-09-02 22:13:00-04:00,4456.10009765625,4458.2998046875,4454.89990234375,4457.7998046875,73
2026-09-02 22:14:00-04:00,4456.2001953125,4456.5,4455.2998046875,4456.0,39
2026-09-02 22:15:00-04:00,4457.0,4457.39990234375,4456.39990234375,4456.89990234375,20
2026-09-02 22:16:00-04:00,4457.89990234375,4458.60009765625,4457.10009765625,4457.2998046875,58
2026-09-02 22:17:00-04:00,4455.60009765625,4457.5,4454.39990234375,4457.5,79
2026-09-02 22:18:00-04:00,4455.5,4456.10009765625,4454.7001953125,4455.2998046875,70
2026-09-02 22:19:00-04:00,4455.5,4456.89990234375,4455.5,4455.60009765625,24
2026-09-02 22:20:00-04:00,4455.39990234375,4456.10009765625,4455.2998046875,4455.2998046875,34
2026-09-02 22:21:00-04:00,4456.7001953125,4457.39990234375,4455.60009765625,4455.60009765625,31
2026-09-02 22:22:00-04:00,4454.89990234375,4457.89990234375,4454.7001953125,4456.5,146
2026-09-02 22:23:00-04:00,4453.5,4454.60009765625,4452.2001953125,4454.60009765625,209
2026-09-02 22:24:00-04:00,4454.89990234375,4455.7998046875,4453.2998046875,4453.7001953125,73
2026-09-02 22:25:00-04:00,4453.5,4455.89990234375,4453.10009765625,4455.2001953125,78
2026-09-02 22:26:00-04:00,4453.39990234375,4454.5,4453.0,4454.0,89
2026-09-02 22:27:00-04:00,4455.2998046875,4456.0,4453.10009765625,4453.5,85
2026-09-02 22:28:00-04:00,4455.60009765625,4456.10009765625,4455.2001953125,4455.2001953125,49
2026-09-02 22:29:00-04:00,4457.10009765625,4457.10009765625,4455.60009765625,4455.7998046875,61
2026-09-02 22:30:00-04:00,4460.60009765625,4460.7998046875,4454.7998046875,4457.10009765625,205
2026-09-02 22:31:00-04:00,4461.60009765625,4462.7001953125,4460.39990234375,4460.7998046875,450
2026-09-02 22:32:00-04:00,4459.89990234375,4463.0,4459.60009765625,4461.5,238
2026-09-02 22:33:00-04:00,4461.2998046875,4462.5,4460.0,4460.2001953125,122
2026-09-02 22:34:00-04:00,4460.89990234375,4462.89990234375,4460.39990234375,4461.39990234375,92
2026-09-02 22:35:00-04:00,4460.5,4462.60009765625,4459.5,4460.89990234375,92
2026-09-02 22:36:00-04:00,4460.39990234375,4461.5,4459.7001953125,4460.7001953125,92
2026-09-02 22:37:00-04:00,4462.0,4463.7001953125,4460.5,4460.7001953125,267
2026-09-02 22:38:00-04:00,4463.0,4463.39990234375,4460.89990234375,4462.0,40
2026-09-02 22:39:00-04:00,4461.89990234375,4463.2001953125,4461.2001953125,4463.0,81
2026-09-02 22:40:00-04:00,4461.89990234375,4462.2998046875,4461.60009765625,4462.0,20
2026-09-02 22:41:00-04:00,4460.7001953125,4462.2998046875,4459.7001953125,4462.2998046875,130
2026-09-02 22:42:00-04:00,4460.39990234375,4461.0,4459.10009765625,4460.2998046875,78
2026-09-02 22:43:00-04:00,4460.2001953125,4460.89990234375,4459.7001953125,4460.0,26
2026-09-02 22:44:00-04:00,4459.0,4460.2001953125,4458.0,4460.2001953125,64
2026-09-02 22:45:00-04:00,4459.10009765625,4459.7998046875,4457.10009765625,4459.39990234375,121
2026-09-02 22:46:00-04:00,4460.5,4460.5,4458.39990234375,4458.89990234375,68
2026-09-02 22:47:00-04:00,4460.10009765625,4461.2998046875,4459.89990234375,4460.2001953125,47
2026-09-02 22:48:00-04:00,4458.5,4460.5,4457.89990234375,4460.39990234375,52
2026-09-02 22:49:00-04:00,4463.0,4463.0,4459.39990234375,4459.39990234375,58
2026-09-02 22:50:00-04:00,4464.2001953125,4464.5,4462.0,4462.5,77
2026-09-02 22:51:00-04:00,4462.39990234375,4464.39990234375,4461.39990234375,4464.2998046875,53
2026-09-02 22:52:00-04:00,4464.10009765625,4464.5,4462.39990234375,4462.60009765625,69
2026-09-02 22:53:00-04:00,4463.7001953125,4464.2001953125,4462.7998046875,4463.89990234375,120
2026-09-02 22:54:00-04:00,4465.39990234375,4466.0,4463.7001953125,4463.89990234375,95
2026-09-02 22:55:00-04:00,4465.10009765625,4465.60009765625,4464.60009765625,4465.39990234375,46
2026-09-02 22:56:00-04:00,4466.2001953125,4466.2001953125,4464.5,4465.0,98
2026-09-02 22:57:00-04:00,4465.7001953125,4465.89990234375,4465.10009765625,4465.60009765625,36
2026-09-02 22:58:00-04:00,4465.2001953125,4465.5,4464.7001953125,4465.5,53
2026-09-02 22:59:00-04:00,4466.0,4466.0,4465.0,4465.2998046875,45
2026-09-02 23:00:00-04:00,4466.7998046875,4467.39990234375,4465.89990234375,4466.0,100
2026-09-02 23:01:00-04:00,4465.10009765625,4467.60009765625,4465.0,4466.7001953125,89
2026-09-02 23:02:00-04:00,4466.10009765625,4466.2001953125,4464.89990234375,4465.7001953125,46
2026-09-02 23:03:00-04:00,4468.5,4468.7998046875,4465.89990234375,4466.2001953125,122
2026-09-02 23:04:00-04:00,4470.10009765625,4471.0,4468.10009765625,4468.39990234375,260
2026-09-02 23:05:00-04:00,4470.60009765625,4470.7001953125,4469.60009765625,4470.0,79
2026-09-02 23:06:00-04:00,4470.2998046875,4470.89990234375,4469.7998046875,4470.2998046875,57
2026-09-02 23:07:00-04:00,4471.7998046875,4472.0,4470.2998046875,4470.39990234375,91
2026-09-02 23:08:00-04:00,4470.7998046875,4472.0,4470.5,4471.2001953125,274
2026-09-02 23:09:00-04:00,4470.7998046875,4471.0,4469.89990234375,4471.0,80
2026-09-02 23:10:00-04:00,4469.89990234375,4471.2001953125,4469.60009765625,4470.7001953125,121
2026-09-02 23:11:00-04:00,4470.7998046875,4470.89990234375,4469.7998046875,4469.89990234375,38
2026-09-02 23:12:00-04:00,4473.7001953125,4474.39990234375,4470.5,4470.60009765625,212
2026-09-02 23:13:00-04:00,4474.10009765625,4475.7998046875,4473.5,4473.60009765625,190
2026-09-02 23:14:00-04:00,4474.60009765625,4474.60009765625,4472.60009765625,4474.2001953125,140
2026-09-02 23:15:00-04:00,4475.7998046875,4476.0,4474.0,4474.39990234375,167
2026-09-02 23:16:00-04:00,4473.7998046875,4475.60009765625,4473.5,4475.60009765625,119
2026-09-02 23:17:00-04:00,4471.7998046875,4473.7998046875,4471.7001953125,4473.7998046875,118
2026-09-02 23:18:00-04:00,4472.2001953125,4472.60009765625,4471.2001953125,4472.0,101
2026-09-02 23:19:00-04:00,4472.2001953125,4472.89990234375,4471.2998046875,4472.39990234375,148
2026-09-02 23:20:00-04:00,4470.7001953125,4472.7998046875,4470.7001953125,4472.2998046875,54
2026-09-02 23:21:00-04:00,4470.89990234375,4471.39990234375,4470.5,4470.7998046875,56
2026-09-02 23:22:00-04:00,4470.5,4471.2001953125,4470.2998046875,4471.10009765625,22
2026-09-02 23:23:00-04:00,4471.2001953125,4471.2001953125,4470.2998046875,4470.5,37
2026-09-02 23:24:00-04:00,4472.10009765625,4472.10009765625,4470.7998046875,4470.89990234375,26
2026-09-02 23:25:00-04:00,4472.39990234375,4472.5,4471.0,4471.7001953125,59
2026-09-02 23:26:00-04:00,4472.2001953125,4473.2001953125,4472.10009765625,4472.39990234375,59
2026-09-02 23:27:00-04:00,4473.0,4473.2001953125,4471.89990234375,4472.5,40
2026-09-02 23:28:00-04:00,4474.89990234375,4474.89990234375,4472.89990234375,4473.2001953125,100
2026-09-02 23:29:00-04:00,4475.10009765625,4477.10009765625,4474.7998046875,4474.89990234375,137
2026-09-02 23:30:00-04:00,4477.2001953125,4477.89990234375,4475.2001953125,4475.2001953125,136
2026-09-02 23:31:00-04:00,4475.7998046875,4477.10009765625,4475.2001953125,4477.10009765625,290
2026-09-02 23:32:00-04:00,4477.2998046875,4477.7001953125,4475.7998046875,4475.7998046875,110
2026-09-02 23:33:00-04:00,4477.0,4477.39990234375,4476.7998046875,4477.2998046875,39
2026-09-02 23:34:00-04:00,4477.60009765625,4477.89990234375,4476.89990234375,4476.89990234375,74
2026-09-02 23:35:00-04:00,4475.5,4477.5,4475.5,4477.10009765625,254
2026-09-02 23:36:00-04:00,4475.10009765625,4475.7001953125,4475.10009765625,4475.5,44
2026-09-02 23:37:00-04:00,4475.7998046875,4476.10009765625,4475.2001953125,4475.2001953125,30
2026-09-02 23:38:00-04:00,4476.0,4476.60009765625,4475.7001953125,4476.10009765625,35
2026-09-02 23:39:00-04:00,4476.2998046875,4476.2998046875,4475.0,4476.0,42
2026-09-02 23:40:00-04:00,4475.39990234375,4476.2998046875,4475.10009765625,4476.2001953125,20
2026-09-02 23:41:00-04:00,4475.0,4476.0,4474.10009765625,4475.39990234375,100
2026-09-02 23:42:00-04:00,4474.10009765625,4475.2001953125,4473.89990234375,4475.0,55
2026-09-02 23:43:00-04:00,4473.2001953125,4474.0,4473.2001953125,4474.0,36
2026-09-02 23:44:00-04:00,4472.39990234375,4473.39990234375,4472.39990234375,4473.39990234375,60
2026-09-02 23:45:00-04:00,4472.7998046875,4473.0,4472.0,4472.2001953125,44
2026-09-02 23:46:00-04:00,4471.7001953125,4472.7998046875,4471.7001953125,4472.7998046875,18
2026-09-02 23:47:00-04:00,4471.2998046875,4471.89990234375,4471.0,4471.7001953125,78
2026-09-02 23:48:00-04:00,4472.5,4472.5,4471.10009765625,4471.2998046875,135
2026-09-02 23:49:00-04:00,4473.0,4474.2998046875,4472.0,4472.2998046875,304
2026-09-02 23:50:00-04:00,4473.39990234375,4474.2001953125,4471.89990234375,4473.0,295
2026-09-02 23:51:00-04:00,4473.39990234375,4473.7001953125,4472.89990234375,4473.2001953125,59
2026-09-02 23:52:00-04:00,4473.89990234375,4474.2998046875,4472.2998046875,4473.5,290
2026-09-02 23:53:00-04:00,4474.7001953125,4476.39990234375,4473.7998046875,4474.39990234375,144
2026-09-02 23:54:00-04:00,4476.2001953125,4476.2001953125,4473.7001953125,4474.7001953125,53
2026-09-02 23:55:00-04:00,4476.89990234375,4477.0,4475.39990234375,4476.2001953125,51
2026-09-02 23:56:00-04:00,4477.39990234375,4477.7001953125,4476.7998046875,4476.7998046875,74
2026-09-02 23:57:00-04:00,4477.5,4478.2001953125,4477.0,4477.60009765625,101
2026-09-02 23:58:00-04:00,4477.10009765625,4478.2001953125,4477.10009765625,4477.5,58
2026-09-03 00:00:00-04:00,4477.10009765625,4477.60009765625,4476.0,4477.2998046875,177
2026-09-03 00:01:00-04:00,4474.7998046875,4477.39990234375,4474.39990234375,4477.2001953125,220
2026-09-03 00:02:00-04:00,4474.10009765625,4475.10009765625,4474.10009765625,4474.7998046875,110
2026-09-03 00:03:00-04:00,4473.39990234375,4474.2998046875,4472.5,4474.10009765625,176
2026-09-03 00:04:00-04:00,4472.39990234375,4474.0,4472.2998046875,4473.2001953125,66
2026-09-03 00:05:00-04:00,4472.39990234375,4472.7998046875,4471.7998046875,4472.5,104
2026-09-03 00:06:00-04:00,4471.60009765625,4473.39990234375,4471.60009765625,4471.89990234375,84
2026-09-03 00:07:00-04:00,4475.0,4476.0,4470.7998046875,4471.7998046875,300
2026-09-03 00:08:00-04:00,4477.89990234375,4478.60009765625,4474.39990234375,4474.60009765625,212
2026-09-03 00:09:00-04:00,4478.7001953125,4479.39990234375,4477.2998046875,4477.89990234375,270
2026-09-03 00:10:00-04:00,4480.60009765625,4481.10009765625,4478.60009765625,4478.7001953125,322
2026-09-03 00:11:00-04:00,4479.89990234375,4481.10009765625,4478.7001953125,4480.39990234375,175
2026-09-03 00:12:00-04:00,4477.7001953125,4480.0,4477.7001953125,4479.89990234375,104
2026-09-03 00:13:00-04:00,4477.10009765625,4477.89990234375,4477.0,4477.89990234375,47
2026-09-03 00:14:00-04:00,4476.2001953125,4477.2001953125,4475.7998046875,4477.0,72
2026-09-03 00:15:00-04:00,4475.7001953125,4476.7001953125,4475.7001953125,4476.2001953125,64
2026-09-03 00:16:00-04:00,4475.7998046875,4475.89990234375,4475.10009765625,4475.39990234375,31
2026-09-03 00:17:00-04:00,4476.0,4476.60009765625,4476.0,4476.0,12
2026-09-03 00:18:00-04:00,4476.2998046875,4476.2998046875,4475.89990234375,4475.89990234375,21
2026-09-03 00:19:00-04:00,4476.0,4476.5,4475.5,4476.0,65
2026-09-03 00:20:00-04:00,4477.0,4477.2001953125,4475.7998046875,4476.0,46
2026-09-03 00:21:00-04:00,4477.2998046875,4477.7001953125,4476.7998046875,4476.7998046875,27
2026-09-03 00:22:00-04:00,4477.10009765625,4477.60009765625,4476.7001953125,4477.60009765625,28
2026-09-03 00:23:00-04:00,4477.89990234375,4477.89990234375,4476.7998046875,4477.2001953125,23
2026-09-03 00:24:00-04:00,4479.0,4479.0,4478.0,4478.0,35
2026-09-03 00:25:00-04:00,4481.0,4482.0,4478.89990234375,4478.89990234375,156
2026-09-03 00:26:00-04:00,4481.39990234375,4481.7001953125,4480.60009765625,4481.0,75
2026-09-03 00:27:00-04:00,4480.2998046875,4480.89990234375,4479.60009765625,4480.89990234375,88
2026-09-03 00:28:00-04:00,4480.2998046875,4480.60009765625,4480.0,4480.60009765625,15
2026-09-03 00:29:00-04:00,4481.7998046875,4481.7998046875,4480.10009765625,4480.2998046875,53
2026-09-03 00:30:00-04:00,4481.2998046875,4481.89990234375,4481.2001953125,4481.7001953125,21
2026-09-03 00:31:00-04:00,4481.10009765625,4482.2001953125,4481.0,4481.7998046875,41
2026-09-03 00:32:00-04:00,4480.89990234375,4481.2998046875,4480.5,4480.89990234375,74
2026-09-03 00:33:00-04:00,4482.0,4482.39990234375,4480.7998046875,4480.7998046875,40
2026-09-03 00:34:00-04:00,4482.2001953125,4482.39990234375,4481.2001953125,4481.5,73
2026-09-03 00:35:00-04:00,4482.0,4482.7998046875,4482.0,4482.10009765625,40
2026-09-03 00:36:00-04:00,4481.39990234375,4482.0,4481.2998046875,4481.7998046875,20
2026-09-03 00:37:00-04:00,4482.10009765625,4482.10009765625,4481.39990234375,4481.39990234375,30
2026-09-03 00:38:00-04:00,4482.89990234375,4483.2998046875,4482.10009765625,4482.10009765625,122
2026-09-03 00:39:00-04:00,4483.5,4483.7001953125,4482.7998046875,4483.0,59
2026-09-03 00:40:00-04:00,4482.5,4483.60009765625,4481.7001953125,4483.5,67
2026-09-03 00:41:00-04:00,4482.60009765625,4482.60009765625,4482.10009765625,4482.60009765625,20
2026-09-03 00:42:00-04:00,4483.2998046875,4483.2998046875,4482.60009765625,4482.7998046875,31
2026-09-03 00:43:00-04:00,4483.60009765625,4483.60009765625,4482.7998046875,4483.2001953125,28
2026-09-03 00:44:00-04:00,4483.2998046875,4483.7001953125,4483.2998046875,4483.39990234375,33
2026-09-03 00:45:00-04:00,4483.2001953125,4483.89990234375,4483.10009765625,4483.5,86
2026-09-03 00:46:00-04:00,4483.5,4483.60009765625,4482.7998046875,4483.10009765625,49
2026-09-03 00:47:00-04:00,4483.39990234375,4483.5,4483.2001953125,4483.5,19
2026-09-03 00:48:00-04:00,4482.2998046875,4483.2998046875,4481.89990234375,4483.2998046875,56
2026-09-03 00:49:00-04:00,4481.7998046875,4482.10009765625,4481.7001953125,4482.0,38
2026-09-03 00:50:00-04:00,4481.7998046875,4482.0,4481.2998046875,4481.60009765625,29
2026-09-03 00:51:00-04:00,4481.2001953125,4481.60009765625,4480.89990234375,4481.60009765625,30
2026-09-03 00:52:00-04:00,4481.10009765625,4482.0,4480.7998046875,4481.39990234375,52
2026-09-03 00:53:00-04:00,4480.89990234375,4481.2998046875,4480.7998046875,4481.0,25
2026-09-03 00:54:00-04:00,4481.0,4481.10009765625,4480.5,4481.0,23
2026-09-03 00:55:00-04:00,4481.2998046875,4482.0,4479.39990234375,4481.0,239
2026-09-03 00:56:00-04:00,4481.2001953125,4481.5,4480.89990234375,4481.2001953125,84
2026-09-03 00:57:00-04:00,4481.7998046875,4483.2001953125,4480.2998046875,4481.2998046875,378
2026-09-03 00:58:00-04:00,4482.39990234375,4482.39990234375,4481.39990234375,4481.89990234375,64
2026-09-03 00:59:00-04:00,4483.0,4483.2998046875,4482.10009765625,4482.5,39
2026-09-03 01:00:00-04:00,4485.7998046875,4486.0,4483.10009765625,4483.10009765625,270
2026-09-03 01:01:00-04:00,4482.7998046875,4485.39990234375,4482.7998046875,4485.39990234375,98
2026-09-03 01:02:00-04:00,4482.89990234375,4483.89990234375,4482.60009765625,4482.7001953125,98
2026-09-03 01:03:00-04:00,4482.60009765625,4483.2001953125,4481.7001953125,4483.0,88
2026-09-03 01:04:00-04:00,4481.7998046875,4483.0,4481.7998046875,4482.5,40
2026-09-03 01:05:00-04:00,4479.7998046875,4482.10009765625,4479.5,4482.10009765625,120
2026-09-03 01:06:00-04:00,4477.7001953125,4480.10009765625,4477.7001953125,4479.7998046875,243
2026-09-03 01:07:00-04:00,4478.60009765625,4479.10009765625,4477.2998046875,4477.60009765625,117
2026-09-03 01:08:00-04:00,4477.7001953125,4478.5,4477.5,4478.5,66
2026-09-03 01:09:00-04:00,4476.39990234375,4477.89990234375,4476.10009765625,4477.89990234375,88
2026-09-03 01:10:00-04:00,4477.2001953125,4478.2001953125,4476.2001953125,4476.2001953125,168
2026-09-03 01:11:00-04:00,4476.10009765625,4477.60009765625,4475.89990234375,4477.60009765625,102
2026-09-03 01:12:00-04:00,4476.60009765625,4477.2998046875,4476.2998046875,4476.39990234375,99
2026-09-03 01:13:00-04:00,4475.7998046875,4476.89990234375,4475.7998046875,4476.39990234375,163
2026-09-03 01:14:00-04:00,4475.2998046875,4476.0,4474.39990234375,4475.89990234375,177
2026-09-03 01:15:00-04:00,4473.89990234375,4476.2998046875,4473.2001953125,4475.39990234375,155
2026-09-03 01:16:00-04:00,4473.60009765625,4475.2001953125,4473.39990234375,4474.0,163
2026-09-03 01:17:00-04:00,4474.0,4474.10009765625,4472.60009765625,4473.7998046875,132
2026-09-03 01:18:00-04:00,4475.0,4476.7001953125,4474.2001953125,4474.2001953125,175
2026-09-03 01:19:00-04:00,4474.2998046875,4475.10009765625,4474.0,4474.7998046875,40
2026-09-03 01:20:00-04:00,4472.7998046875,4474.39990234375,4471.60009765625,4474.2998046875,182
2026-09-03 01:21:00-04:00,4470.60009765625,4473.10009765625,4470.5,4472.5,292
2026-09-03 01:22:00-04:00,4470.7998046875,4472.0,4469.7001953125,4470.39990234375,282
2026-09-03 01:23:00-04:00,4469.2001953125,4470.39990234375,4468.2001953125,4470.39990234375,172
2026-09-03 01:24:00-04:00,4471.5,4472.0,4469.10009765625,4469.2998046875,201
2026-09-03 01:25:00-04:00,4470.2998046875,4472.5,4468.7001953125,4471.89990234375,140
2026-09-03 01:26:00-04:00,4470.5,4471.89990234375,4469.89990234375,4470.10009765625,104
2026-09-03 01:27:00-04:00,4470.60009765625,4472.2998046875,4469.7998046875,4470.7001953125,89
2026-09-03 01:28:00-04:00,4471.2998046875,4471.2998046875,4470.39990234375,4470.7998046875,73
2026-09-03 01:29:00-04:00,4471.0,4473.2998046875,4470.89990234375,4471.2998046875,102
2026-09-03 01:30:00-04:00,4472.7998046875,4473.2001953125,4468.2998046875,4470.89990234375,446
2026-09-03 01:31:00-04:00,4472.5,4473.0,4470.39990234375,4472.10009765625,95
2026-09-03 01:32:00-04:00,4475.7998046875,4475.89990234375,4471.60009765625,4471.89990234375,211
2026-09-03 01:33:00-04:00,4477.0,4477.5,4474.7998046875,4475.7001953125,199
2026-09-03 01:34:00-04:00,4476.7998046875,4479.5,4476.2998046875,4476.89990234375,184
2026-09-03 01:35:00-04:00,4475.0,4478.39990234375,4474.5,4476.7998046875,222
2026-09-03 01:36:00-04:00,4473.5,4475.10009765625,4471.60009765625,4475.0,153
2026-09-03 01:37:00-04:00,4475.0,4475.5,4472.10009765625,4473.10009765625,104
2026-09-03 01:38:00-04:00,4474.5,4475.7001953125,4473.7001953125,4474.39990234375,167
2026-09-03 01:39:00-04:00,4474.39990234375,4477.0,4474.2001953125,4474.60009765625,293
2026-09-03 01:40:00-04:00,4472.7001953125,4474.89990234375,4472.0,4474.10009765625,89
2026-09-03 01:41:00-04:00,4473.0,4473.5,4471.89990234375,4473.2001953125,67
2026-09-03 01:42:00-04:00,4475.10009765625,4476.2001953125,4473.0,4473.0,101
2026-09-03 01:43:00-04:00,4475.89990234375,4477.0,4475.39990234375,4475.5,133
2026-09-03 01:44:00-04:00,4478.2001953125,4478.60009765625,4476.0,4476.0,113
2026-09-03 01:45:00-04:00,4478.39990234375,4479.7998046875,4477.60009765625,4478.5,110
2026-09-03 01:46:00-04:00,4474.5,4478.10009765625,4474.39990234375,4478.10009765625,89
2026-09-03 01:47:00-04:00,4478.7998046875,4479.0,4475.0,4475.2998046875,84
2026-09-03 01:48:00-04:00,4481.89990234375,4482.0,4479.10009765625,4479.10009765625,146
2026-09-03 01:49:00-04:00,4480.89990234375,4482.2998046875,4480.0,4481.89990234375,103
2026-09-03 01:50:00-04:00,4484.60009765625,4484.7998046875,4481.10009765625,4481.5,284
2026-09-03 01:51:00-04:00,4482.89990234375,4484.7998046875,4482.0,4484.7998046875,120
2026-09-03 01:52:00-04:00,4482.60009765625,4485.2998046875,4482.60009765625,4483.0,108
2026-09-03 01:53:00-04:00,4480.7001953125,4483.2998046875,4480.2001953125,4483.2001953125,176
2026-09-03 01:54:00-04:00,4479.2998046875,4481.2001953125,4478.60009765625,4480.5,182
2026-09-03 01:55:00-04:00,4480.5,4482.10009765625,4479.2001953125,4479.5,311
2026-09-03 01:56:00-04:00,4480.7001953125,4482.2001953125,4480.5,4480.7998046875,53
2026-09-03 01:57:00-04:00,4478.39990234375,4480.60009765625,4477.7998046875,4480.60009765625,127
2026-09-03 01:58:00-04:00,4478.7001953125,4478.7001953125,4477.0,4478.2998046875,63
2026-09-03 01:59:00-04:00,4477.0,4479.2998046875,4476.2998046875,4478.2998046875,131
2026-09-03 02:00:00-04:00,4478.2998046875,4480.0,4477.0,4477.0,216
2026-09-03 02:01:00-04:00,4475.7001953125,4479.89990234375,4475.2001953125,4478.2998046875,220
2026-09-03 02:02:00-04:00,4475.5,4476.2998046875,4475.2001953125,4475.7001953125,131
2026-09-03 02:03:00-04:00,4475.0,4476.5,4474.89990234375,4475.2998046875,68
2026-09-03 02:04:00-04:00,4476.2001953125,4476.39990234375,4474.39990234375,4475.10009765625,68
2026-09-03 02:05:00-04:00,4477.7998046875,4477.89990234375,4475.89990234375,4476.5,74
2026-09-03 02:06:00-04:00,4481.7001953125,4482.0,4477.2001953125,4478.2001953125,161
2026-09-03 02:07:00-04:00,4478.7001953125,4482.2001953125,4477.39990234375,4481.7001953125,148
2026-09-03 02:08:00-04:00,4480.2001953125,4480.39990234375,4478.39990234375,4479.2998046875,88
2026-09-03 02:09:00-04:00,4477.2998046875,4480.2001953125,4476.89990234375,4480.0,206
2026-09-03 02:10:00-04:00,4476.60009765625,4477.39990234375,4474.89990234375,4477.2998046875,89
2026-09-03 02:11:00-04:00,4472.5,4476.7001953125,4472.39990234375,4476.39990234375,200
2026-09-03 02:12:00-04:00,4473.39990234375,4473.60009765625,4471.7001953125,4472.2001953125,107
2026-09-03 02:13:00-04:00,4473.7001953125,4473.7998046875,4472.0,4473.2998046875,73
2026-09-03 02:14:00-04:00,4472.89990234375,4474.60009765625,4472.89990234375,4473.7001953125,120
2026-09-03 02:15:00-04:00,4476.0,4476.7998046875,4473.0,4473.10009765625,233
2026-09-03 02:16:00-04:00,4473.2001953125,4475.7998046875,4473.2001953125,4475.7998046875,104
2026-09-03 02:17:00-04:00,4473.0,4473.5,4471.89990234375,4473.2001953125,278
2026-09-03 02:18:00-04:00,4473.10009765625,4475.7998046875,4472.60009765625,4473.10009765625,118
2026-09-03 02:19:00-04:00,4471.89990234375,4473.2001953125,4470.5,4472.60009765625,152
2026-09-03 02:20:00-04:00,4471.89990234375,4472.89990234375,4471.60009765625,4471.7001953125,118
2026-09-03 02:21:00-04:00,4470.5,4471.7998046875,4469.2001953125,4471.7998046875,129
2026-09-03 02:22:00-04:00,4469.39990234375,4470.2998046875,4469.0,4470.10009765625,99
2026-09-03 02:23:00-04:00,4468.39990234375,4470.0,4465.2001953125,4469.2998046875,779
2026-09-03 02:24:00-04:00,4464.89990234375,4468.7998046875,4462.7998046875,4468.60009765625,474
2026-09-03 02:25:00-04:00,4466.60009765625,4467.0,4464.5,4465.2001953125,186
2026-09-03 02:26:00-04:00,4468.60009765625,4469.5,4466.2998046875,4466.60009765625,202
2026-09-03 02:27:00-04:00,4469.5,4470.0,4468.7001953125,4469.2001953125,90
2026-09-03 02:28:00-04:00,4466.10009765625,4468.89990234375,4466.0,4468.89990234375,72
2026-09-03 02:29:00-04:00,4467.5,4468.10009765625,4466.2001953125,4466.39990234375,141
2026-09-03 02:30:00-04:00,4468.2998046875,4468.89990234375,4466.7998046875,4467.5,126
2026-09-03 02:31:00-04:00,4468.2998046875,4468.60009765625,4467.2001953125,4468.2001953125,86
2026-09-03 02:32:00-04:00,4467.89990234375,4469.2001953125,4466.2998046875,4468.7001953125,109
2026-09-03 02:33:00-04:00,4468.39990234375,4468.7001953125,4467.2001953125,4467.89990234375,115
2026-09-03 02:34:00-04:00,4469.2001953125,4469.39990234375,4467.2001953125,4468.0,141
2026-09-03 02:35:00-04:00,4470.0,4470.10009765625,4468.60009765625,4468.89990234375,58
2026-09-03 02:36:00-04:00,4471.60009765625,4471.7001953125,4469.39990234375,4469.5,176
2026-09-03 02:37:00-04:00,4470.5,4471.89990234375,4469.2998046875,4471.2998046875,178
2026-09-03 02:38:00-04:00,4470.7998046875,4471.60009765625,4469.89990234375,4470.39990234375,120
2026-09-03 02:39:00-04:00,4468.7998046875,4471.0,4468.5,4471.0,68
2026-09-03 02:40:00-04:00,4470.2001953125,4470.5,4469.10009765625,4469.39990234375,59
2026-09-03 02:41:00-04:00,4471.2998046875,4471.2998046875,4470.39990234375,4470.5,27
2026-09-03 02:42:00-04:00,4471.0,4471.2998046875,4470.2001953125,4470.89990234375,42
2026-09-03 02:43:00-04:00,4471.7001953125,4472.0,4470.89990234375,4471.2001953125,41
2026-09-03 02:44:00-04:00,4471.60009765625,4472.0,4470.60009765625,4471.39990234375,57
2026-09-03 02:45:00-04:00,4473.10009765625,4473.7998046875,4471.2001953125,4471.60009765625,194
2026-09-03 02:46:00-04:00,4472.7998046875,4474.7001953125,4472.7998046875,4473.2001953125,87
2026-09-03 02:47:00-04:00,4473.0,4474.10009765625,4472.5,4473.2001953125,34
2026-09-03 02:48:00-04:00,4472.60009765625,4473.60009765625,4472.0,4473.2001953125,72
2026-09-03 02:49:00-04:00,4472.2001953125,4472.7001953125,4471.2001953125,4472.7001953125,69
2026-09-03 02:50:00-04:00,4470.10009765625,4472.0,4469.7998046875,4472.0,123
2026-09-03 02:51:00-04:00,4470.10009765625,4470.2001953125,4469.5,4469.89990234375,49
2026-09-03 02:52:00-04:00,4469.2998046875,4469.89990234375,4468.7998046875,4469.89990234375,26
2026-09-03 02:53:00-04:00,4469.39990234375,4470.5,4468.7998046875,4468.89990234375,92
2026-09-03 02:54:00-04:00,4468.60009765625,4469.39990234375,4468.39990234375,4469.10009765625,19
2026-09-03 02:55:00-04:00,4469.39990234375,4469.89990234375,4467.7998046875,4468.2998046875,64
2026-09-03 02:56:00-04:00,4468.89990234375,4469.5,4468.2998046875,4469.5,67
2026-09-03 02:57:00-04:00,4468.0,4469.39990234375,4467.7998046875,4469.10009765625,61
2026-09-03 02:58:00-04:00,4467.0,4467.7001953125,4466.89990234375,4467.7001953125,64
2026-09-03 02:59:00-04:00,4466.39990234375,4467.2998046875,4466.10009765625,4467.10009765625,55
2026-09-03 03:00:00-04:00,4468.10009765625,4468.39990234375,4464.60009765625,4466.0,279
2026-09-03 03:01:00-04:00,4469.60009765625,4469.60009765625,4467.39990234375,4467.89990234375,125
2026-09-03 03:02:00-04:00,4473.2001953125,4473.89990234375,4468.60009765625,4469.7998046875,167
2026-09-03 03:03:00-04:00,4472.0,4473.7998046875,4470.7998046875,4473.0,112
2026-09-03 03:04:00-04:00,4477.0,4477.0,4471.7001953125,4471.7001953125,452
2026-09-03 03:05:00-04:00,4474.39990234375,4477.5,4472.89990234375,4477.10009765625,343
2026-09-03 03:06:00-04:00,4473.60009765625,4474.39990234375,4471.7001953125,4474.0,141
2026-09-03 03:07:00-04:00,4470.89990234375,4474.10009765625,4470.89990234375,4473.5,69
2026-09-03 03:08:00-04:00,4469.7998046875,4471.0,4469.2998046875,4471.0,181
2026-09-03 03:09:00-04:00,4470.89990234375,4471.89990234375,4469.60009765625,4469.60009765625,94
2026-09-03 03:10:00-04:00,4470.2001953125,4470.5,4468.7998046875,4470.5,56
2026-09-03 03:11:00-04:00,4470.2998046875,4470.5,4469.5,4469.7001953125,59
2026-09-03 03:12:00-04:00,4468.89990234375,4470.89990234375,4468.2001953125,4470.39990234375,129
2026-09-03 03:13:00-04:00,4468.10009765625,4469.39990234375,4467.2001953125,4468.7001953125,133
2026-09-03 03:14:00-04:00,4467.7001953125,4468.5,4467.60009765625,4468.5,40
2026-09-03 03:15:00-04:00,4468.0,4468.2001953125,4467.39990234375,4467.5,65
2026-09-03 03:16:00-04:00,4470.0,4470.60009765625,4468.2998046875,4468.2998046875,60
2026-09-03 03:17:00-04:00,4468.7001953125,4470.39990234375,4468.5,4469.7998046875,48
2026-09-03 03:18:00-04:00,4471.39990234375,4471.39990234375,4468.0,4468.7998046875,169
2026-09-03 03:19:00-04:00,4470.89990234375,4472.60009765625,4470.60009765625,4471.2001953125,296
2026-09-03 03:20:00-04:00,4471.39990234375,4471.7001953125,4470.7998046875,4470.7998046875,29
2026-09-03 03:21:00-04:00,4470.2001953125,4471.7998046875,4470.2001953125,4471.2998046875,48
2026-09-03 03:22:00-04:00,4471.60009765625,4472.2001953125,4470.0,4470.10009765625,54
2026-09-03 03:23:00-04:00,4475.2001953125,4475.5,4471.89990234375,4471.89990234375,118
2026-09-03 03:24:00-04:00,4475.10009765625,4475.7998046875,4474.0,4475.10009765625,102
2026-09-03 03:25:00-04:00,4472.60009765625,4475.7001953125,4472.2998046875,4475.2001953125,126
2026-09-03 03:26:00-04:00,4471.7001953125,4473.0,4471.5,4472.5,152
2026-09-03 03:27:00-04:00,4473.0,4473.60009765625,4470.7998046875,4471.2998046875,123
2026-09-03 03:28:00-04:00,4473.10009765625,4473.7001953125,4472.5,4473.0,43
2026-09-03 03:29:00-04:00,4471.89990234375,4473.10009765625,4471.7001953125,4472.5,88
2026-09-03 03:30:00-04:00,4472.60009765625,4473.7998046875,4471.7001953125,4471.7001953125,70
2026-09-03 03:31:00-04:00,4473.2998046875,4473.2998046875,4472.2001953125,4472.2998046875,42
2026-09-03 03:32:00-04:00,4473.10009765625,4473.89990234375,4472.60009765625,4473.2998046875,130
2026-09-03 03:33:00-04:00,4472.7998046875,4473.2998046875,4472.0,4473.2001953125,37
2026-09-03 03:34:00-04:00,4473.5,4473.5,4473.0,4473.0,13
2026-09-03 03:35:00-04:00,4471.10009765625,4476.10009765625,4469.5,4473.2998046875,320
2026-09-03 03:36:00-04:00,4469.39990234375,4471.7998046875,4469.39990234375,4471.10009765625,166
2026-09-03 03:37:00-04:00,4470.60009765625,4471.0,4469.2998046875,4469.60009765625,63
2026-09-03 03:38:00-04:00,4473.2001953125,4474.10009765625,4470.7998046875,4471.0,88
2026-09-03 03:39:00-04:00,4473.2998046875,4473.89990234375,4472.89990234375,4473.0,37
2026-09-03 03:40:00-04:00,4475.39990234375,4475.39990234375,4472.0,4472.89990234375,53
2026-09-03 03:41:00-04:00,4475.60009765625,4476.39990234375,4474.89990234375,4475.2001953125,152
2026-09-03 03:42:00-04:00,4473.2998046875,4475.7001953125,4473.2001953125,4475.7001953125,55
2026-09-03 03:43:00-04:00,4473.60009765625,4474.2001953125,4472.7998046875,4473.2998046875,54
2026-09-03 03:44:00-04:00,4472.10009765625,4473.89990234375,4472.0,4473.5,35
2026-09-03 03:45:00-04:00,4472.7001953125,4472.89990234375,4471.89990234375,4472.10009765625,93
2026-09-03 03:46:00-04:00,4474.0,4474.0,4472.10009765625,4472.89990234375,47
2026-09-03 03:47:00-04:00,4471.2998046875,4474.2001953125,4471.2998046875,4473.7998046875,40
2026-09-03 03:48:00-04:00,4471.2001953125,4471.60009765625,4469.7001953125,4471.2998046875,112
2026-09-03 03:49:00-04:00,4472.2001953125,4473.7001953125,4471.2998046875,4471.2998046875,97
2026-09-03 03:50:00-04:00,4471.39990234375,4472.39990234375,4471.39990234375,4471.7001953125,35
2026-09-03 03:51:00-04:00,4471.60009765625,4471.60009765625,4470.2001953125,4471.2998046875,111
2026-09-03 03:52:00-04:00,4472.60009765625,4472.60009765625,4471.2001953125,4471.7001953125,124
2026-09-03 03:53:00-04:00,4474.39990234375,4474.7998046875,4472.7001953125,4472.7001953125,140
2026-09-03 03:54:00-04:00,4476.2998046875,4476.7998046875,4473.89990234375,4474.60009765625,101
2026-09-03 03:55:00-04:00,4473.60009765625,4476.2001953125,4473.60009765625,4476.2001953125,56
2026-09-03 03:56:00-04:00,4474.7998046875,4475.0,4473.89990234375,4473.89990234375,44
2026-09-03 03:57:00-04:00,4475.0,4475.7998046875,4474.39990234375,4475.0,65
2026-09-03 03:58:00-04:00,4475.0,4476.0,4474.60009765625,4475.7998046875,40
2026-09-03 03:59:00-04:00,4474.7001953125,4475.10009765625,4474.5,4475.0,30
2026-09-03 04:00:00-04:00,4475.0,4475.2998046875,4473.89990234375,4474.5,141
2026-09-03 04:01:00-04:00,4475.2001953125,4476.10009765625,4474.2998046875,4475.10009765625,81
2026-09-03 04:02:00-04:00,4475.5,4475.89990234375,4473.7001953125,4475.10009765625,100
2026-09-03 04:03:00-04:00,4484.5,4484.5,4473.60009765625,4475.5,866
2026-09-03 04:04:00-04:00,4482.7001953125,4487.39990234375,4480.89990234375,4484.2001953125,437
2026-09-03 04:05:00-04:00,4485.39990234375,4489.2998046875,4483.10009765625,4483.2001953125,715
2026-09-03 04:06:00-04:00,4487.10009765625,4488.2998046875,4484.7001953125,4485.89990234375,333
2026-09-03 04:07:00-04:00,4488.10009765625,4490.0,4486.2998046875,4487.10009765625,538
2026-09-03 04:08:00-04:00,4485.7001953125,4489.39990234375,4484.39990234375,4488.2001953125,226
2026-09-03 04:09:00-04:00,4481.39990234375,4485.7001953125,4481.0,4485.5,136
2026-09-03 04:10:00-04:00,4481.10009765625,4481.7001953125,4480.2001953125,4481.0,116
2026-09-03 04:11:00-04:00,4480.2001953125,4480.7998046875,4479.10009765625,4480.7998046875,98
2026-09-03 04:12:00-04:00,4480.10009765625,4481.2001953125,4479.5,4480.2998046875,161
2026-09-03 04:13:00-04:00,4477.60009765625,4480.39990234375,4477.39990234375,4480.0,138
2026-09-03 04:14:00-04:00,4477.60009765625,4479.2998046875,4477.0,4477.5,96
2026-09-03 04:15:00-04:00,4478.39990234375,4479.39990234375,4476.7998046875,4477.2998046875,145
2026-09-03 04:16:00-04:00,4480.10009765625,4480.2001953125,4477.60009765625,4477.7001953125,94
2026-09-03 04:17:00-04:00,4482.0,4482.7998046875,4480.10009765625,4480.10009765625,162
2026-09-03 04:18:00-04:00,4481.60009765625,4482.0,4480.5,4481.60009765625,122
2026-09-03 04:19:00-04:00,4484.10009765625,4484.89990234375,4481.89990234375,4481.89990234375,242
2026-09-03 04:20:00-04:00,4484.7001953125,4485.2001953125,4483.60009765625,4484.10009765625,158
2026-09-03 04:21:00-04:00,4485.10009765625,4485.7998046875,4484.2001953125,4484.7001953125,139
2026-09-03 04:22:00-04:00,4483.60009765625,4485.39990234375,4483.2998046875,4484.89990234375,259
2026-09-03 04:23:00-04:00,4482.2001953125,4484.2001953125,4481.0,4483.2998046875,403
2026-09-03 04:24:00-04:00,4483.2998046875,4484.5,4482.10009765625,4482.7001953125,108
2026-09-03 04:25:00-04:00,4483.0,4484.0,4482.7001953125,4483.60009765625,92
2026-09-03 04:26:00-04:00,4482.7998046875,4484.7001953125,4482.7001953125,4483.0,57
2026-09-03 04:27:00-04:00,4483.2001953125,4485.10009765625,4482.39990234375,4482.7998046875,194
2026-09-03 04:28:00-04:00,4482.2001953125,4484.39990234375,4481.0,4483.60009765625,210
2026-09-03 04:29:00-04:00,4484.60009765625,4484.7998046875,4481.89990234375,4482.0,87
2026-09-03 04:30:00-04:00,4483.10009765625,4484.2998046875,4482.0,4484.2998046875,51
2026-09-03 04:31:00-04:00,4483.2001953125,4484.10009765625,4482.0,4483.39990234375,62
2026-09-03 04:32:00-04:00,4483.60009765625,4484.10009765625,4482.7998046875,4483.10009765625,54
2026-09-03 04:33:00-04:00,4485.0,4485.0,4482.7998046875,4483.7001953125,238
2026-09-03 04:34:00-04:00,4485.2001953125,4485.7998046875,4484.39990234375,4485.10009765625,147
2026-09-03 04:35:00-04:00,4483.10009765625,4486.0,4483.0,4485.2998046875,113
2026-09-03 04:36:00-04:00,4483.89990234375,4484.60009765625,4483.39990234375,4483.39990234375,41
2026-09-03 04:37:00-04:00,4483.2001953125,4483.2001953125,4482.0,4482.5,42
2026-09-03 04:38:00-04:00,4481.7001953125,4483.7998046875,4481.60009765625,4483.60009765625,96
2026-09-03 04:39:00-04:00,4480.39990234375,4482.89990234375,4480.39990234375,4482.2998046875,105
2026-09-03 04:40:00-04:00,4480.5,4481.5,4479.7001953125,4480.39990234375,134
2026-09-03 04:41:00-04:00,4480.10009765625,4480.2998046875,4479.0,4480.2998046875,198
2026-09-03 04:42:00-04:00,4478.2001953125,4480.0,4477.89990234375,4480.0,103
2026-09-03 04:43:00-04:00,4480.5,4480.5,4477.5,4477.89990234375,198
2026-09-03 04:44:00-04:00,4480.5,4480.7998046875,4479.39990234375,4480.60009765625,165
2026-09-03 04:45:00-04:00,4482.60009765625,4482.7998046875,4480.5,4480.7001953125,175
2026-09-03 04:46:00-04:00,4485.0,4485.5,4482.7001953125,4482.7001953125,232
2026-09-03 04:47:00-04:00,4485.10009765625,4486.2998046875,4484.60009765625,4485.60009765625,144
2026-09-03 04:48:00-04:00,4485.0,4485.60009765625,4484.2001953125,4485.2998046875,86
2026-09-03 04:49:00-04:00,4484.5,4485.0,4484.10009765625,4485.0,50
2026-09-03 04:50:00-04:00,4484.10009765625,4484.39990234375,4483.5,4484.2001953125,32
2026-09-03 04:51:00-04:00,4481.10009765625,4484.10009765625,4480.60009765625,4484.0,109
2026-09-03 04:52:00-04:00,4482.10009765625,4482.2001953125,4480.5,4481.10009765625,72
2026-09-03 04:53:00-04:00,4481.39990234375,4482.2001953125,4481.2001953125,4482.2001953125,62
2026-09-03 04:54:00-04:00,4481.5,4482.10009765625,4481.39990234375,4481.5,20
2026-09-03 04:55:00-04:00,4480.5,4481.39990234375,4480.0,4481.2998046875,67
2026-09-03 04:56:00-04:00,4481.39990234375,4481.39990234375,4480.2998046875,4480.39990234375,58
2026-09-03 04:57:00-04:00,4483.0,4483.10009765625,4481.10009765625,4481.2998046875,45
2026-09-03 04:58:00-04:00,4482.89990234375,4483.7998046875,4482.60009765625,4483.2001953125,72
2026-09-03 04:59:00-04:00,4481.10009765625,4482.7998046875,4481.10009765625,4482.7001953125,94
2026-09-03 05:00:00-04:00,4483.60009765625,4483.60009765625,4480.7998046875,4481.2998046875,114
2026-09-03 05:01:00-04:00,4482.5,4483.7998046875,4481.2998046875,4483.7998046875,154
2026-09-03 05:02:00-04:00,4481.89990234375,4482.60009765625,4481.89990234375,4482.39990234375,40
2026-09-03 05:03:00-04:00,4481.39990234375,4481.5,4480.39990234375,4481.5,64
2026-09-03 05:04:00-04:00,4483.5,4483.7998046875,4481.2998046875,4481.2998046875,119
2026-09-03 05:05:00-04:00,4482.7001953125,4483.89990234375,4481.89990234375,4483.60009765625,39
2026-09-03 05:06:00-04:00,4484.2001953125,4484.2001953125,4481.5,4482.60009765625,41
2026-09-03 05:07:00-04:00,4485.39990234375,4485.89990234375,4482.7998046875,4484.2998046875,155
2026-09-03 05:08:00-04:00,4486.7998046875,4488.2001953125,4485.2001953125,4485.2998046875,707
2026-09-03 05:09:00-04:00,4486.10009765625,4487.10009765625,4485.89990234375,4487.10009765625,73
2026-09-03 05:10:00-04:00,4486.10009765625,4486.2998046875,4484.89990234375,4485.7998046875,105
2026-09-03 05:11:00-04:00,4485.2001953125,4486.10009765625,4484.5,4485.60009765625,64
2026-09-03 05:12:00-04:00,4485.2998046875,4485.39990234375,4484.10009765625,4485.10009765625,49
2026-09-03 05:13:00-04:00,4485.60009765625,4486.2001953125,4484.7998046875,4484.7998046875,45
2026-09-03 05:14:00-04:00,4484.2001953125,4486.0,4484.0,4485.7998046875,63
2026-09-03 05:15:00-04:00,4484.10009765625,4484.39990234375,4483.2998046875,4484.2998046875,44
2026-09-03 05:16:00-04:00,4482.89990234375,4484.5,4482.2001953125,4483.89990234375,145
2026-09-03 05:17:00-04:00,4483.5,4483.89990234375,4482.10009765625,4483.10009765625,101
2026-09-03 05:18:00-04:00,4483.5,4483.89990234375,4482.89990234375,4483.7001953125,51
2026-09-03 05:19:00-04:00,4480.7998046875,4483.2998046875,4480.7001953125,4483.2998046875,95
2026-09-03 05:20:00-04:00,4480.7001953125,4481.60009765625,4480.5,4481.0,36
2026-09-03 05:21:00-04:00,4480.60009765625,4481.2001953125,4479.7998046875,4480.7001953125,57
2026-09-03 05:22:00-04:00,4480.5,4481.60009765625,4480.10009765625,4480.5,60
2026-09-03 05:23:00-04:00,4479.0,4480.10009765625,4478.39990234375,4480.10009765625,66
2026-09-03 05:24:00-04:00,4478.7001953125,4479.2998046875,4478.5,4479.10009765625,231
2026-09-03 05:25:00-04:00,4479.2001953125,4479.7001953125,4478.2001953125,4478.89990234375,117
2026-09-03 05:26:00-04:00,4479.0,4479.5,4478.39990234375,4479.5,59
2026-09-03 05:27:00-04:00,4480.7998046875,4481.10009765625,4478.60009765625,4479.10009765625,94
2026-09-03 05:28:00-04:00,4481.0,4482.10009765625,4479.89990234375,4480.7998046875,208
2026-09-03 05:29:00-04:00,4481.5,4482.10009765625,4480.60009765625,4481.2001953125,289
2026-09-03 05:30:00-04:00,4481.2001953125,4483.60009765625,4480.10009765625,4481.2998046875,606
2026-09-03 05:31:00-04:00,4481.2998046875,4482.39990234375,4479.89990234375,4481.2001953125,290
2026-09-03 05:32:00-04:00,4483.5,4483.7001953125,4480.7001953125,4481.2998046875,152
2026-09-03 05:33:00-04:00,4483.89990234375,4484.39990234375,4483.5,4483.60009765625,67
2026-09-03 05:34:00-04:00,4483.5,4484.10009765625,4482.7001953125,4483.7998046875,84
2026-09-03 05:35:00-04:00,4484.5,4484.5,4482.7998046875,4483.60009765625,127
2026-09-03 05:36:00-04:00,4481.60009765625,4484.7001953125,4481.39990234375,4484.60009765625,184
2026-09-03 05:37:00-04:00,4479.0,4481.60009765625,4478.5,4481.39990234375,187
2026-09-03 05:38:00-04:00,4477.89990234375,4479.2998046875,4477.2998046875,4478.89990234375,271
2026-09-03 05:39:00-04:00,4478.60009765625,4479.60009765625,4476.7001953125,4478.0,393
2026-09-03 05:40:00-04:00,4478.7001953125,4480.7001953125,4478.7001953125,4479.2998046875,93
2026-09-03 05:41:00-04:00,4479.60009765625,4479.7998046875,4478.10009765625,4478.5,105
2026-09-03 05:42:00-04:00,4479.5,4479.7001953125,4478.60009765625,4479.5,70
2026-09-03 05:43:00-04:00,4478.2998046875,4479.10009765625,4478.10009765625,4479.10009765625,17
2026-09-03 05:44:00-04:00,4476.2998046875,4478.0,4475.89990234375,4478.0,89
2026-09-03 05:45:00-04:00,4474.2001953125,4476.60009765625,4474.10009765625,4476.2001953125,85
2026-09-03 05:46:00-04:00,4475.2001953125,4475.7998046875,4472.10009765625,4474.5,335
2026-09-03 05:47:00-04:00,4474.7001953125,4476.2001953125,4474.7001953125,4475.10009765625,118
2026-09-03 05:48:00-04:00,4475.7001953125,4475.7001953125,4474.39990234375,4474.89990234375,24
2026-09-03 05:49:00-04:00,4475.39990234375,4475.89990234375,4474.5,4475.60009765625,39
2026-09-03 05:50:00-04:00,4476.5,4476.89990234375,4475.2998046875,4475.2998046875,20
2026-09-03 05:51:00-04:00,4475.10009765625,4476.89990234375,4475.0,4476.89990234375,32
2026-09-03 05:52:00-04:00,4473.39990234375,4474.5,4472.89990234375,4474.2998046875,57
2026-09-03 05:53:00-04:00,4473.39990234375,4474.60009765625,4473.39990234375,4473.5,23
2026-09-03 05:54:00-04:00,4473.60009765625,4474.10009765625,4473.2001953125,4473.2998046875,73
2026-09-03 05:55:00-04:00,4472.7001953125,4473.5,4472.60009765625,4473.5,56
2026-09-03 05:56:00-04:00,4472.2998046875,4473.2998046875,4472.0,4472.89990234375,59
2026-09-03 05:57:00-04:00,4474.89990234375,4475.0,4473.0,4473.0,331
2026-09-03 05:58:00-04:00,4473.5,4475.60009765625,4473.0,4475.0,112
2026-09-03 05:59:00-04:00,4473.89990234375,4474.5,4473.5,4473.7998046875,26
2026-09-03 06:00:00-04:00,4473.60009765625,4474.89990234375,4473.5,4474.10009765625,39
2026-09-03 06:01:00-04:00,4473.2001953125,4474.2001953125,4473.0,4473.39990234375,67
2026-09-03 06:02:00-04:00,4472.89990234375,4473.60009765625,4472.0,4473.60009765625,52
2026-09-03 06:03:00-04:00,4473.2998046875,4473.39990234375,4472.10009765625,4473.0,66
2026-09-03 06:04:00-04:00,4474.0,4474.0,4473.2998046875,4473.7998046875,16
2026-09-03 06:05:00-04:00,4474.7998046875,4474.7998046875,4473.7001953125,4473.7001953125,31
2026-09-03 06:06:00-04:00,4475.89990234375,4476.0,4474.5,4475.0,144
2026-09-03 06:07:00-04:00,4474.5,4476.10009765625,4474.2998046875,4475.5,68
2026-09-03 06:08:00-04:00,4472.7998046875,4474.2998046875,4472.5,4474.2998046875,43
2026-09-03 06:09:00-04:00,4471.60009765625,4472.89990234375,4471.5,4472.7998046875,61
2026-09-03 06:10:00-04:00,4470.39990234375,4472.10009765625,4470.39990234375,4471.2998046875,66
2026-09-03 06:11:00-04:00,4470.0,4470.7998046875,4469.2998046875,4470.39990234375,109
2026-09-03 06:12:00-04:00,4469.2001953125,4470.7998046875,4469.2001953125,4470.2998046875,77
2026-09-03 06:13:00-04:00,4469.89990234375,4470.10009765625,4469.2998046875,4469.2998046875,34
2026-09-03 06:14:00-04:00,4470.89990234375,4471.60009765625,4469.7001953125,4470.10009765625,99
2026-09-03 06:15:00-04:00,4472.0,4472.10009765625,4470.2998046875,4470.60009765625,52
2026-09-03 06:16:00-04:00,4469.7998046875,4471.7998046875,4469.7998046875,4471.7998046875,71
2026-09-03 06:17:00-04:00,4469.7001953125,4470.39990234375,4469.60009765625,4469.89990234375,35
2026-09-03 06:18:00-04:00,4469.7998046875,4470.2998046875,4469.10009765625,4469.89990234375,62
2026-09-03 06:19:00-04:00,4468.60009765625,4470.10009765625,4468.2001953125,4470.0,103
2026-09-03 06:20:00-04:00,4467.7998046875,4468.60009765625,4467.10009765625,4468.5,111
2026-09-03 06:21:00-04:00,4467.89990234375,4468.2001953125,4467.2998046875,4468.0,45
2026-09-03 06:22:00-04:00,4469.10009765625,4469.39990234375,4468.0,4468.0,57
2026-09-03 06:23:00-04:00,4467.5,4469.2998046875,4467.5,4469.10009765625,37
2026-09-03 06:24:00-04:00,4466.2001953125,4468.5,4464.89990234375,4467.2001953125,520
2026-09-03 06:25:00-04:00,4468.7001953125,4469.0,4466.2998046875,4466.2998046875,285
2026-09-03 06:26:00-04:00,4468.60009765625,4469.2998046875,4468.2001953125,4468.7998046875,221
2026-09-03 06:27:00-04:00,4470.2998046875,4470.2998046875,4467.89990234375,4468.89990234375,129
2026-09-03 06:28:00-04:00,4468.2001953125,4470.2998046875,4468.2001953125,4470.2001953125,127
2026-09-03 06:29:00-04:00,4468.7001953125,4469.2998046875,4467.5,4468.5,113
2026-09-03 06:30:00-04:00,4467.5,4468.60009765625,4467.0,4468.60009765625,60
2026-09-03 06:31:00-04:00,4466.7001953125,4468.2998046875,4466.2001953125,4467.7001953125,170
2026-09-03 06:32:00-04:00,4468.10009765625,4469.60009765625,4466.2998046875,4466.7001953125,290
2026-09-03 06:33:00-04:00,4469.60009765625,4470.7001953125,4467.7001953125,4467.7998046875,57
2026-09-03 06:34:00-04:00,4468.89990234375,4469.7001953125,4468.7998046875,4469.60009765625,22
2026-09-03 06:35:00-04:00,4469.7998046875,4470.10009765625,4468.39990234375,4469.0,99
2026-09-03 06:36:00-04:00,4470.2998046875,4471.10009765625,4469.39990234375,4469.5,87
2026-09-03 06:37:00-04:00,4469.2001953125,4470.5,4468.89990234375,4470.0,57
2026-09-03 06:38:00-04:00,4469.5,4469.60009765625,4468.5,4469.10009765625,39
2026-09-03 06:39:00-04:00,4470.5,4471.10009765625,4469.2998046875,4469.60009765625,38
2026-09-03 06:40:00-04:00,4471.0,4471.5,4470.60009765625,4471.0,53
2026-09-03 06:41:00-04:00,4472.0,4472.2998046875,4470.7998046875,4471.2001953125,80
2026-09-03 06:42:00-04:00,4471.7001953125,4472.10009765625,4471.2001953125,4472.10009765625,20
2026-09-03 06:43:00-04:00,4471.7001953125,4472.7001953125,4471.60009765625,4471.89990234375,23
2026-09-03 06:44:00-04:00,4472.0,4472.0,4471.0,4471.7001953125,28
2026-09-03 06:45:00-04:00,4472.7001953125,4472.7001953125,4471.60009765625,4471.7001953125,42
2026-09-03 06:46:00-04:00,4471.7001953125,4472.5,4471.60009765625,4472.5,27
2026-09-03 06:47:00-04:00,4471.60009765625,4472.39990234375,4471.5,4472.39990234375,28
2026-09-03 06:48:00-04:00,4471.10009765625,4471.7001953125,4470.7998046875,4471.7001953125,20
2026-09-03 06:49:00-04:00,4470.60009765625,4471.10009765625,4470.39990234375,4471.0,29
2026-09-03 06:50:00-04:00,4470.7001953125,4471.2001953125,4470.2001953125,4470.5,33
2026-09-03 06:51:00-04:00,4472.0,4472.2998046875,4470.5,4470.5,42
2026-09-03 06:52:00-04:00,4472.2001953125,4472.2998046875,4471.89990234375,4472.2998046875,16
2026-09-03 06:53:00-04:00,4473.7998046875,4474.2001953125,4472.7001953125,4472.7001953125,155
2026-09-03 06:54:00-04:00,4474.0,4474.0,4473.2001953125,4473.60009765625,28
2026-09-03 06:55:00-04:00,4473.7998046875,4474.2001953125,4473.39990234375,4474.10009765625,60
2026-09-03 06:56:00-04:00,4474.2001953125,4474.7998046875,4473.5,4473.7998046875,68
2026-09-03 06:57:00-04:00,4473.5,4474.2998046875,4473.5,4474.2001953125,52
2026-09-03 06:58:00-04:00,4473.7001953125,4473.7001953125,4473.0,4473.39990234375,32
2026-09-03 06:59:00-04:00,4473.2001953125,4474.2998046875,4473.2001953125,4473.7001953125,42
2026-09-03 07:00:00-04:00,4473.39990234375,4475.5,4472.89990234375,4473.10009765625,88
2026-09-03 07:01:00-04:00,4471.7998046875,4472.7001953125,4471.10009765625,4472.60009765625,79
2026-09-03 07:02:00-04:00,4472.60009765625,4472.60009765625,4471.2001953125,4471.7998046875,38
2026-09-03 07:03:00-04:00,4473.2998046875,4473.60009765625,4472.39990234375,4472.39990234375,35
2026-09-03 07:04:00-04:00,4472.7998046875,4472.7998046875,4471.7001953125,4472.2998046875,22
2026-09-03 07:05:00-04:00,4473.2001953125,4473.2001953125,4472.39990234375,4472.5,37
2026-09-03 07:06:00-04:00,4472.89990234375,4473.2001953125,4472.2998046875,4472.89990234375,31
2026-09-03 07:07:00-04:00,4473.2001953125,4473.7001953125,4472.60009765625,4472.89990234375,26
2026-09-03 07:08:00-04:00,4475.5,4476.2001953125,4471.89990234375,4473.10009765625,105
2026-09-03 07:09:00-04:00,4477.10009765625,4477.2001953125,4475.10009765625,4475.10009765625,336
2026-09-03 07:10:00-04:00,4476.39990234375,4477.0,4476.2001953125,4476.7001953125,86
2026-09-03 07:11:00-04:00,4477.5,4478.60009765625,4476.60009765625,4476.60009765625,180
2026-09-03 07:12:00-04:00,4478.60009765625,4478.60009765625,4477.7001953125,4477.89990234375,39
2026-09-03 07:13:00-04:00,4477.2001953125,4478.2998046875,4477.2001953125,4478.0,86
2026-09-03 07:14:00-04:00,4478.60009765625,4479.0,4477.2001953125,4477.5,67
2026-09-03 07:15:00-04:00,4480.10009765625,4481.60009765625,4478.39990234375,4478.7001953125,272
2026-09-03 07:16:00-04:00,4480.2001953125,4480.7998046875,4479.7998046875,4479.7998046875,54
2026-09-03 07:17:00-04:00,4480.2001953125,4480.5,4479.60009765625,4479.60009765625,51
2026-09-03 07:18:00-04:00,4480.7998046875,4484.2001953125,4478.89990234375,4480.39990234375,473
2026-09-03 07:19:00-04:00,4480.5,4481.10009765625,4479.89990234375,4481.10009765625,180
2026-09-03 07:20:00-04:00,4477.89990234375,4480.7001953125,4477.7001953125,4480.39990234375,51
2026-09-03 07:21:00-04:00,4478.10009765625,4478.7998046875,4477.2001953125,4477.7998046875,57
2026-09-03 07:22:00-04:00,4477.39990234375,4478.10009765625,4477.0,4478.10009765625,38
2026-09-03 07:23:00-04:00,4477.0,4477.7001953125,4476.7998046875,4477.7001953125,53
2026-09-03 07:24:00-04:00,4477.2001953125,4477.2998046875,4476.60009765625,4476.7998046875,35
2026-09-03 07:25:00-04:00,4478.2001953125,4478.60009765625,4476.2001953125,4477.10009765625,269
2026-09-03 07:26:00-04:00,4479.2998046875,4481.10009765625,4478.2998046875,4478.2998046875,292
2026-09-03 07:27:00-04:00,4478.2998046875,4479.60009765625,4478.0,4479.2998046875,50
2026-09-03 07:28:00-04:00,4479.39990234375,4479.39990234375,4478.10009765625,4478.2998046875,39
2026-09-03 07:29:00-04:00,4480.39990234375,4480.7998046875,4479.10009765625,4479.10009765625,41
2026-09-03 07:30:00-04:00,4478.89990234375,4481.39990234375,4478.89990234375,4480.5,118
2026-09-03 07:31:00-04:00,4477.0,4479.2998046875,4471.89990234375,4478.89990234375,524
2026-09-03 07:32:00-04:00,4478.39990234375,4479.10009765625,4476.89990234375,4476.89990234375,88
2026-09-03 07:33:00-04:00,4479.89990234375,4480.10009765625,4478.5,4478.60009765625,65
2026-09-03 07:34:00-04:00,4480.39990234375,4480.7001953125,4479.7998046875,4480.0,403
2026-09-03 07:35:00-04:00,4480.5,4481.39990234375,4480.2001953125,4480.39990234375,33
2026-09-03 07:36:00-04:00,4482.39990234375,4482.89990234375,4480.7001953125,4480.7001953125,76
2026-09-03 07:37:00-04:00,4480.60009765625,4482.7001953125,4480.60009765625,4482.2001953125,51
2026-09-03 07:38:00-04:00,4482.10009765625,4482.10009765625,4480.7998046875,4481.0,34
2026-09-03 07:39:00-04:00,4481.7001953125,4482.5,4481.7001953125,4482.10009765625,36
2026-09-03 07:40:00-04:00,4484.39990234375,4484.89990234375,4481.60009765625,4481.7998046875,98
2026-09-03 07:41:00-04:00,4483.2001953125,4484.2998046875,4483.2001953125,4484.2998046875,43
2026-09-03 07:42:00-04:00,4484.60009765625,4485.2001953125,4483.2998046875,4483.60009765625,76
2026-09-03 07:43:00-04:00,4485.2001953125,4485.2998046875,4484.2001953125,4484.5,38
2026-09-03 07:44:00-04:00,4484.5,4485.2001953125,4484.2001953125,4485.10009765625,44
2026-09-03 07:45:00-04:00,4486.7998046875,4486.7998046875,4483.89990234375,4484.7998046875,132
2026-09-03 07:46:00-04:00,4485.2998046875,4486.60009765625,4484.89990234375,4486.60009765625,114
2026-09-03 07:47:00-04:00,4484.5,4485.2001953125,4484.2001953125,4485.10009765625,56
2026-09-03 07:48:00-04:00,4484.10009765625,4484.5,4482.5,4484.5,88
2026-09-03 07:49:00-04:00,4485.10009765625,4485.39990234375,4483.5,4484.39990234375,78
2026-09-03 07:50:00-04:00,4484.5,4485.60009765625,4484.0,4485.0,72
2026-09-03 07:51:00-04:00,4485.39990234375,4486.7998046875,4484.39990234375,4484.39990234375,85
2026-09-03 07:52:00-04:00,4486.89990234375,4487.7998046875,4485.5,4485.5,174
2026-09-03 07:53:00-04:00,4485.2001953125,4487.10009765625,4484.89990234375,4487.10009765625,111
2026-09-03 07:54:00-04:00,4485.7001953125,4486.39990234375,4485.60009765625,4485.60009765625,39
2026-09-03 07:55:00-04:00,4486.39990234375,4487.2998046875,4485.60009765625,4486.0,63
2026-09-03 07:56:00-04:00,4487.7001953125,4488.10009765625,4486.60009765625,4486.7001953125,95
2026-09-03 07:57:00-04:00,4489.10009765625,4493.39990234375,4487.2998046875,4487.5,717
2026-09-03 07:58:00-04:00,4489.89990234375,4490.39990234375,4489.10009765625,4489.39990234375,108
2026-09-03 07:59:00-04:00,4490.2001953125,4490.39990234375,4489.60009765625,4490.0,63
2026-09-03 08:00:00-04:00,4490.0,4490.60009765625,4487.0,4490.0,182
2026-09-03 08:01:00-04:00,4490.2998046875,4491.7001953125,4489.2001953125,4489.7001953125,139
2026-09-03 08:02:00-04:00,4491.2998046875,4491.7998046875,4489.5,4490.39990234375,145
2026-09-03 08:03:00-04:00,4493.10009765625,4494.2998046875,4491.5,4491.60009765625,266
2026-09-03 08:04:00-04:00,4494.2001953125,4494.60009765625,4492.89990234375,4492.89990234375,133
2026-09-03 08:05:00-04:00,4494.89990234375,4494.89990234375,4493.60009765625,4494.2001953125,101
2026-09-03 08:06:00-04:00,4491.89990234375,4495.10009765625,4491.7998046875,4494.7998046875,171
2026-09-03 08:07:00-04:00,4491.2998046875,4492.39990234375,4491.0,4492.10009765625,136
2026-09-03 08:08:00-04:00,4492.5,4492.89990234375,4491.7001953125,4491.7998046875,99
2026-09-03 08:09:00-04:00,4494.7998046875,4495.0,4491.7998046875,4492.2998046875,267
2026-09-03 08:10:00-04:00,4496.39990234375,4496.7001953125,4494.39990234375,4494.89990234375,286
2026-09-03 08:11:00-04:00,4493.0,4496.60009765625,4493.0,4496.5,118
2026-09-03 08:12:00-04:00,4491.0,4493.2001953125,4490.39990234375,4493.2001953125,272
2026-09-03 08:13:00-04:00,4490.7998046875,4491.7998046875,4489.60009765625,4490.89990234375,111
2026-09-03 08:14:00-04:00,4490.39990234375,4491.2998046875,4490.2001953125,4490.7001953125,61
2026-09-03 08:15:00-04:00,4490.2001953125,4490.7001953125,4489.89990234375,4490.39990234375,101
2026-09-03 08:16:00-04:00,4488.10009765625,4490.2001953125,4487.2998046875,4490.2001953125,267
2026-09-03 08:17:00-04:00,4489.10009765625,4489.2998046875,4487.10009765625,4488.2001953125,160
2026-09-03 08:18:00-04:00,4489.0,4490.0,4488.39990234375,4489.0,84
2026-09-03 08:19:00-04:00,4487.7001953125,4489.7001953125,4487.7001953125,4488.89990234375,63
2026-09-03 08:20:00-04:00,4485.10009765625,4488.2001953125,4484.10009765625,4488.0,341
2026-09-03 08:21:00-04:00,4487.2001953125,4487.5,4484.89990234375,4485.2998046875,186
2026-09-03 08:22:00-04:00,4488.2998046875,4489.0,4486.10009765625,4487.2998046875,176
2026-09-03 08:23:00-04:00,4492.39990234375,4492.60009765625,4488.39990234375,4488.39990234375,365
2026-09-03 08:24:00-04:00,4492.89990234375,4495.60009765625,4492.5,4492.5,382
2026-09-03 08:25:00-04:00,4493.5,4495.5,4492.2998046875,4492.89990234375,161
2026-09-03 08:26:00-04:00,4494.89990234375,4495.2001953125,4493.5,4493.7998046875,255
2026-09-03 08:27:00-04:00,4494.7001953125,4495.39990234375,4493.7001953125,4495.0,198
2026-09-03 08:28:00-04:00,4493.60009765625,4495.10009765625,4493.2998046875,4494.7998046875,261
2026-09-03 08:29:00-04:00,4493.2998046875,4494.0,4492.5,4493.7001953125,194
2026-09-03 08:30:00-04:00,4507.10009765625,4520.0,4492.89990234375,4493.10009765625,3179
2026-09-03 08:31:00-04:00,4514.10009765625,4514.10009765625,4505.0,4507.0,892
2026-09-03 08:32:00-04:00,4512.2998046875,4516.7998046875,4510.89990234375,4514.2998046875,908
2026-09-03 08:33:00-04:00,4515.0,4516.89990234375,4510.7001953125,4512.60009765625,736
2026-09-03 08:34:00-04:00,4513.60009765625,4516.7998046875,4511.60009765625,4515.10009765625,820
2026-09-03 08:35:00-04:00,4508.0,4514.7001953125,4506.7001953125,4513.7998046875,771
2026-09-03 08:36:00-04:00,4514.7998046875,4515.2998046875,4507.7001953125,4508.0,534
2026-09-03 08:37:00-04:00,4517.89990234375,4518.60009765625,4512.89990234375,4515.2001953125,867
2026-09-03 08:38:00-04:00,4525.5,4526.39990234375,4517.7998046875,4518.0,1539
2026-09-03 08:39:00-04:00,4523.10009765625,4525.60009765625,4521.2998046875,4525.60009765625,822
2026-09-03 08:40:00-04:00,4521.60009765625,4524.7998046875,4519.89990234375,4522.7998046875,578
2026-09-03 08:41:00-04:00,4513.89990234375,4522.0,4512.7001953125,4521.10009765625,630
2026-09-03 08:42:00-04:00,4514.60009765625,4516.7001953125,4512.10009765625,4513.60009765625,541
2026-09-03 08:43:00-04:00,4514.60009765625,4515.0,4511.60009765625,4514.89990234375,303
2026-09-03 08:44:00-04:00,4514.7001953125,4516.39990234375,4513.7998046875,4514.7998046875,244
2026-09-03 08:45:00-04:00,4514.7998046875,4515.7998046875,4512.5,4514.89990234375,247
2026-09-03 08:46:00-04:00,4521.5,4521.89990234375,4514.7001953125,4514.7001953125,454
2026-09-03 08:47:00-04:00,4522.60009765625,4524.5,4520.7001953125,4521.7998046875,381
2026-09-03 08:48:00-04:00,4525.89990234375,4526.7998046875,4522.10009765625,4522.39990234375,435
2026-09-03 08:49:00-04:00,4527.2001953125,4527.39990234375,4524.5,4525.60009765625,403
2026-09-03 08:50:00-04:00,4528.2998046875,4528.7998046875,4526.7001953125,4527.2998046875,501
2026-09-03 08:51:00-04:00,4529.5,4529.60009765625,4526.7998046875,4528.2998046875,510
2026-09-03 08:52:00-04:00,4531.7998046875,4534.2998046875,4529.60009765625,4529.60009765625,1017
2026-09-03 08:53:00-04:00,4534.39990234375,4535.2001953125,4531.39990234375,4531.7001953125,854
2026-09-03 08:54:00-04:00,4538.2998046875,4539.5,4534.2998046875,4534.60009765625,681
2026-09-03 08:55:00-04:00,4541.10009765625,4541.60009765625,4537.0,4538.2001953125,999
2026-09-03 08:56:00-04:00,4540.0,4541.39990234375,4537.2001953125,4541.0,402
2026-09-03 08:57:00-04:00,4539.60009765625,4542.0,4538.10009765625,4540.39990234375,486
2026-09-03 08:58:00-04:00,4541.7998046875,4542.60009765625,4539.5,4539.5,407
2026-09-03 08:59:00-04:00,4540.89990234375,4542.60009765625,4539.10009765625,4541.60009765625,682
2026-09-03 09:00:00-04:00,4537.2001953125,4541.89990234375,4536.2001953125,4540.89990234375,1252
2026-09-03 09:01:00-04:00,4537.89990234375,4542.0,4537.10009765625,4537.39990234375,840
2026-09-03 09:02:00-04:00,4537.10009765625,4538.7998046875,4535.5,4537.60009765625,512
2026-09-03 09:03:00-04:00,4541.5,4543.7001953125,4536.60009765625,4537.2001953125,602
2026-09-03 09:04:00-04:00,4537.2998046875,4541.7998046875,4535.60009765625,4541.5,442
2026-09-03 09:05:00-04:00,4538.89990234375,4540.2001953125,4536.7998046875,4537.39990234375,393
2026-09-03 09:06:00-04:00,4534.7998046875,4539.10009765625,4534.0,4538.89990234375,396
2026-09-03 09:07:00-04:00,4537.2001953125,4537.7001953125,4533.0,4534.5,604
2026-09-03 09:08:00-04:00,4538.2001953125,4541.39990234375,4536.5,4537.10009765625,243
2026-09-03 09:09:00-04:00,4535.39990234375,4538.39990234375,4534.7998046875,4538.39990234375,294
2026-09-03 09:10:00-04:00,4533.5,4536.7001953125,4533.0,4535.89990234375,290
2026-09-03 09:11:00-04:00,4536.5,4537.7001953125,4532.5,4533.39990234375,431
2026-09-03 09:12:00-04:00,4533.7998046875,4536.7001953125,4533.5,4536.7001953125,303
2026-09-03 09:13:00-04:00,4532.7001953125,4536.5,4532.0,4533.89990234375,408
2026-09-03 09:14:00-04:00,4532.89990234375,4534.60009765625,4532.2998046875,4532.89990234375,698
2026-09-03 09:15:00-04:00,4533.5,4535.2998046875,4532.2001953125,4533.2998046875,764
2026-09-03 09:16:00-04:00,4531.10009765625,4534.10009765625,4529.7998046875,4533.39990234375,784
2026-09-03 09:17:00-04:00,4527.7001953125,4531.39990234375,4527.7001953125,4531.2998046875,439
2026-09-03 09:18:00-04:00,4528.60009765625,4529.60009765625,4526.60009765625,4527.7001953125,535
2026-09-03 09:19:00-04:00,4527.10009765625,4529.60009765625,4526.60009765625,4528.7001953125,370
2026-09-03 09:20:00-04:00,4527.10009765625,4527.60009765625,4525.7998046875,4527.2001953125,289
2026-09-03 09:21:00-04:00,4527.2998046875,4528.2001953125,4525.89990234375,4526.89990234375,457
2026-09-03 09:22:00-04:00,4529.7998046875,4532.0,4527.2001953125,4527.5,406
2026-09-03 09:23:00-04:00,4529.39990234375,4530.7001953125,4527.7001953125,4529.60009765625,471
2026-09-03 09:24:00-04:00,4531.10009765625,4531.10009765625,4529.10009765625,4529.39990234375,214
2026-09-03 09:25:00-04:00,4525.7998046875,4531.2998046875,4525.60009765625,4530.7998046875,212
2026-09-03 09:26:00-04:00,4524.7001953125,4526.60009765625,4524.2998046875,4525.39990234375,225
2026-09-03 09:27:00-04:00,4526.7001953125,4527.60009765625,4524.89990234375,4524.89990234375,445
2026-09-03 09:28:00-04:00,4525.5,4527.5,4525.2001953125,4526.2998046875,153
2026-09-03 09:29:00-04:00,4527.60009765625,4528.0,4525.2998046875,4525.89990234375,78
2026-09-03 09:30:00-04:00,4524.5,4528.7001953125,4522.7001953125,4527.39990234375,507
2026-09-03 09:31:00-04:00,4522.39990234375,4525.89990234375,4522.2001953125,4524.7998046875,273
2026-09-03 09:32:00-04:00,4525.2001953125,4526.89990234375,4521.39990234375,4522.60009765625,355
2026-09-03 09:33:00-04:00,4528.5,4529.7001953125,4523.89990234375,4525.0,332
2026-09-03 09:34:00-04:00,4524.7998046875,4529.2001953125,4523.2001953125,4529.2001953125,227
2026-09-03 09:35:00-04:00,4526.2001953125,4527.2998046875,4524.2998046875,4524.89990234375,152
2026-09-03 09:36:00-04:00,4520.7998046875,4526.60009765625,4520.7998046875,4526.2998046875,348
2026-09-03 09:37:00-04:00,4522.5,4524.2998046875,4519.7001953125,4521.0,308
2026-09-03 09:38:00-04:00,4521.5,4523.5,4520.60009765625,4522.2998046875,233
2026-09-03 09:39:00-04:00,4522.7001953125,4523.89990234375,4521.2998046875,4521.39990234375,238
2026-09-03 09:40:00-04:00,4518.0,4522.89990234375,4517.39990234375,4522.89990234375,388
2026-09-03 09:41:00-04:00,4520.5,4520.7998046875,4516.5,4517.7998046875,692
2026-09-03 09:42:00-04:00,4518.0,4521.2998046875,4517.7998046875,4520.39990234375,369
2026-09-03 09:43:00-04:00,4516.2998046875,4519.39990234375,4515.89990234375,4518.10009765625,559
2026-09-03 09:44:00-04:00,4517.2001953125,4518.2001953125,4515.0,4516.39990234375,311
2026-09-03 09:45:00-04:00,4511.60009765625,4517.7001953125,4511.2001953125,4517.2001953125,655
2026-09-03 09:46:00-04:00,4508.2998046875,4514.5,4508.10009765625,4511.89990234375,680
2026-09-03 09:47:00-04:00,4507.2001953125,4510.39990234375,4507.0,4508.39990234375,427
2026-09-03 09:48:00-04:00,4505.2001953125,4508.2001953125,4504.2998046875,4507.0,448
2026-09-03 09:49:00-04:00,4504.7998046875,4505.7998046875,4502.7998046875,4505.0,471
2026-09-03 09:50:00-04:00,4506.5,4508.7998046875,4504.60009765625,4505.10009765625,741
2026-09-03 09:51:00-04:00,4508.0,4510.10009765625,4505.5,4506.5,420
2026-09-03 09:52:00-04:00,4509.39990234375,4511.7998046875,4507.2001953125,4508.0,464
2026-09-03 09:53:00-04:00,4508.2001953125,4510.5,4507.7998046875,4509.0,325
2026-09-03 09:54:00-04:00,4510.5,4510.5,4506.60009765625,4508.5,316
2026-09-03 09:55:00-04:00,4512.10009765625,4512.5,4509.2001953125,4510.39990234375,553
2026-09-03 09:56:00-04:00,4513.10009765625,4514.60009765625,4511.5,4512.10009765625,423
2026-09-03 09:57:00-04:00,4511.0,4513.39990234375,4510.39990234375,4513.2001953125,415
2026-09-03 09:58:00-04:00,4512.5,4513.10009765625,4510.2998046875,4511.0,340
2026-09-03 09:59:00-04:00,4517.10009765625,4517.7001953125,4512.2998046875,4512.60009765625,433
2026-09-03 10:00:00-04:00,4511.89990234375,4517.7001953125,4502.89990234375,4517.10009765625,1268
2026-09-03 10:01:00-04:00,4512.0,4513.2998046875,4509.5,4512.2998046875,346
2026-09-03 10:02:00-04:00,4513.60009765625,4514.10009765625,4510.2998046875,4511.7998046875,308
2026-09-03 10:03:00-04:00,4514.39990234375,4516.5,4511.7998046875,4513.60009765625,489
2026-09-03 10:04:00-04:00,4512.0,4515.39990234375,4511.7001953125,4514.39990234375,210
2026-09-03 10:05:00-04:00,4513.89990234375,4514.10009765625,4511.2001953125,4512.2001953125,308
2026-09-03 10:06:00-04:00,4518.39990234375,4518.89990234375,4513.7998046875,4513.7998046875,266
2026-09-03 10:07:00-04:00,4519.10009765625,4519.7998046875,4517.0,4518.2998046875,414
2026-09-03 10:08:00-04:00,4512.2001953125,4519.10009765625,4512.10009765625,4518.7001953125,329
2026-09-03 10:09:00-04:00,4510.89990234375,4512.39990234375,4508.7998046875,4512.2001953125,346
2026-09-03 10:10:00-04:00,4508.60009765625,4512.2998046875,4507.89990234375,4511.0,326
2026-09-03 10:11:00-04:00,4512.39990234375,4512.5,4508.0,4508.7998046875,206
2026-09-03 10:12:00-04:00,4513.2001953125,4516.10009765625,4511.89990234375,4512.7001953125,279
2026-09-03 10:13:00-04:00,4514.60009765625,4516.39990234375,4513.7001953125,4513.7001953125,170
2026-09-03 10:14:00-04:00,4515.7001953125,4516.0,4510.89990234375,4514.39990234375,147
2026-09-03 10:15:00-04:00,4520.60009765625,4521.0,4515.5,4515.5,462
2026-09-03 10:16:00-04:00,4520.7001953125,4521.2001953125,4518.89990234375,4520.60009765625,322
2026-09-03 10:17:00-04:00,4521.2001953125,4523.10009765625,4519.2998046875,4520.7001953125,458
2026-09-03 10:18:00-04:00,4521.0,4522.5,4520.2998046875,4521.0,131
2026-09-03 10:19:00-04:00,4522.7998046875,4523.7998046875,4520.5,4520.7998046875,186
2026-09-03 10:20:00-04:00,4526.39990234375,4526.60009765625,4522.7998046875,4523.0,625
2026-09-03 10:21:00-04:00,4525.0,4527.2998046875,4524.39990234375,4526.2998046875,303
2026-09-03 10:22:00-04:00,4518.39990234375,4525.39990234375,4518.2998046875,4525.39990234375,336
2026-09-03 10:23:00-04:00,4522.5,4522.7998046875,4518.60009765625,4518.7001953125,260
2026-09-03 10:24:00-04:00,4522.2001953125,4524.7001953125,4521.5,4523.0,210
2026-09-03 10:25:00-04:00,4521.39990234375,4522.7001953125,4519.39990234375,4522.2001953125,161
2026-09-03 10:26:00-04:00,4517.0,4521.7998046875,4516.89990234375,4521.5,194
2026-09-03 10:27:00-04:00,4519.5,4520.2001953125,4517.5,4517.5,102
2026-09-03 10:28:00-04:00,4519.7001953125,4520.7001953125,4518.5,4519.39990234375,94
2026-09-03 10:29:00-04:00,4523.60009765625,4524.60009765625,4520.0,4520.0,358
2026-09-03 10:30:00-04:00,4524.7998046875,4526.10009765625,4522.89990234375,4523.5,315
2026-09-03 10:31:00-04:00,4523.10009765625,4525.39990234375,4523.0,4524.7998046875,306
2026-09-03 10:32:00-04:00,4523.39990234375,4524.7001953125,4521.2998046875,4523.60009765625,280
2026-09-03 10:33:00-04:00,4518.7998046875,4524.7001953125,4518.7998046875,4523.2998046875,328
2026-09-03 10:34:00-04:00,4516.7998046875,4520.39990234375,4516.7998046875,4519.0,246
2026-09-03 10:35:00-04:00,4518.7998046875,4520.0,4517.10009765625,4517.2001953125,257
2026-09-03 10:36:00-04:00,4517.7998046875,4519.2998046875,4517.0,4519.2998046875,92
2026-09-03 10:37:00-04:00,4516.89990234375,4517.60009765625,4514.7001953125,4517.60009765625,280
2026-09-03 10:38:00-04:00,4519.7001953125,4520.39990234375,4516.2001953125,4516.7001953125,149
2026-09-03 10:39:00-04:00,4515.7998046875,4519.89990234375,4515.7998046875,4519.89990234375,89
2026-09-03 10:40:00-04:00,4512.89990234375,4516.60009765625,4512.39990234375,4515.2998046875,140
2026-09-03 10:41:00-04:00,4515.60009765625,4515.7998046875,4512.7001953125,4512.7998046875,107
2026-09-03 10:42:00-04:00,4517.39990234375,4518.2001953125,4515.39990234375,4515.7001953125,183
2026-09-03 10:43:00-04:00,4521.0,4521.10009765625,4516.10009765625,4516.39990234375,146
2026-09-03 10:44:00-04:00,4519.2998046875,4521.2001953125,4518.7998046875,4521.10009765625,86
2026-09-03 10:45:00-04:00,4520.7998046875,4521.2001953125,4519.2001953125,4519.5,89
2026-09-03 10:46:00-04:00,4522.89990234375,4522.89990234375,4520.2998046875,4521.0,170
2026-09-03 10:47:00-04:00,4525.39990234375,4526.0,4522.5,4522.7001953125,191
2026-09-03 10:48:00-04:00,4521.7998046875,4526.5,4521.7998046875,4525.2001953125,257
2026-09-03 10:49:00-04:00,4520.7001953125,4522.60009765625,4519.39990234375,4521.89990234375,233
2026-09-03 10:50:00-04:00,4525.0,4525.89990234375,4520.7001953125,4520.7001953125,187
2026-09-03 10:51:00-04:00,4522.7998046875,4525.10009765625,4522.5,4524.7001953125,78
2026-09-03 10:52:00-04:00,4522.2001953125,4523.2001953125,4521.60009765625,4522.60009765625,82
2026-09-03 10:53:00-04:00,4522.7998046875,4523.7001953125,4522.0,4522.2001953125,113
2026-09-03 10:54:00-04:00,4523.2001953125,4523.2001953125,4521.60009765625,4522.5,71
2026-09-03 10:55:00-04:00,4524.39990234375,4525.60009765625,4523.2001953125,4523.5,118
2026-09-03 10:56:00-04:00,4522.10009765625,4526.10009765625,4516.60009765625,4524.60009765625,988
2026-09-03 10:57:00-04:00,4527.2998046875,4527.7001953125,4521.7998046875,4522.10009765625,256
2026-09-03 10:58:00-04:00,4528.89990234375,4529.60009765625,4527.0,4527.2998046875,289
2026-09-03 10:59:00-04:00,4531.89990234375,4531.89990234375,4528.2001953125,4528.7001953125,570
2026-09-03 11:00:00-04:00,4533.5,4533.5,4530.89990234375,4532.0,591
2026-09-03 11:01:00-04:00,4538.5,4539.2001953125,4533.2998046875,4533.2998046875,886
2026-09-03 11:02:00-04:00,4538.2001953125,4541.60009765625,4536.10009765625,4538.2998046875,1384
2026-09-03 11:03:00-04:00,4541.7001953125,4542.0,4537.7001953125,4538.2001953125,419
2026-09-03 11:04:00-04:00,4545.2998046875,4547.89990234375,4541.2001953125,4541.5,1563
2026-09-03 11:05:00-04:00,4547.10009765625,4547.7001953125,4544.60009765625,4545.5,731
2026-09-03 11:06:00-04:00,4547.2998046875,4548.7001953125,4545.2998046875,4547.2001953125,853
2026-09-03 11:07:00-04:00,4548.5,4548.5,4544.2998046875,4547.10009765625,501
2026-09-03 11:08:00-04:00,4549.10009765625,4551.60009765625,4547.5,4548.2001953125,768
2026-09-03 11:09:00-04:00,4545.2001953125,4549.7001953125,4545.2001953125,4549.39990234375,503
2026-09-03 11:10:00-04:00,4543.7998046875,4545.7998046875,4542.7998046875,4545.7001953125,596
2026-09-03 11:11:00-04:00,4544.7998046875,4547.39990234375,4543.7001953125,4543.7998046875,286
2026-09-03 11:12:00-04:00,4544.60009765625,4545.7001953125,4543.60009765625,4544.89990234375,213
2026-09-03 11:13:00-04:00,4545.10009765625,4546.2001953125,4543.60009765625,4544.5,309
2026-09-03 11:14:00-04:00,4551.0,4552.0,4545.10009765625,4545.60009765625,611
2026-09-03 11:15:00-04:00,4550.5,4553.5,4550.2001953125,4551.2998046875,391
2026-09-03 11:16:00-04:00,4550.89990234375,4552.10009765625,4549.2001953125,4550.60009765625,465
2026-09-03 11:17:00-04:00,4553.0,4553.10009765625,4551.0,4551.0,171
2026-09-03 11:18:00-04:00,4554.89990234375,4555.39990234375,4552.5,4553.39990234375,493
2026-09-03 11:19:00-04:00,4557.89990234375,4558.5,4555.0,4555.0,854
2026-09-03 11:20:00-04:00,4556.89990234375,4558.5,4556.0,4558.0,300
2026-09-03 11:21:00-04:00,4552.7001953125,4557.39990234375,4552.60009765625,4556.89990234375,389
2026-09-03 11:22:00-04:00,4553.7001953125,4553.89990234375,4551.5,4552.7998046875,367
2026-09-03 11:23:00-04:00,4554.60009765625,4554.60009765625,4551.2998046875,4554.39990234375,214
2026-09-03 11:24:00-04:00,4552.2998046875,4556.5,4552.10009765625,4554.60009765625,212
2026-09-03 11:25:00-04:00,4553.10009765625,4554.5,4551.89990234375,4552.10009765625,196
2026-09-03 11:26:00-04:00,4555.0,4555.7001953125,4552.7998046875,4552.89990234375,198
2026-09-03 11:27:00-04:00,4553.39990234375,4555.39990234375,4552.7998046875,4554.89990234375,231
2026-09-03 11:28:00-04:00,4552.7001953125,4553.39990234375,4551.7001953125,4553.0,693
2026-09-03 11:29:00-04:00,4554.10009765625,4555.2001953125,4552.39990234375,4552.7998046875,195
2026-09-03 11:30:00-04:00,4555.10009765625,4557.39990234375,4554.2001953125,4554.2001953125,353
2026-09-03 11:31:00-04:00,4552.0,4555.2998046875,4551.7998046875,4555.2998046875,168
2026-09-03 11:32:00-04:00,4550.10009765625,4552.2001953125,4549.0,4552.0,322
2026-09-03 11:33:00-04:00,4547.89990234375,4550.5,4547.7001953125,4550.2001953125,312
2026-09-03 11:34:00-04:00,4550.89990234375,4551.2001953125,4547.39990234375,4548.2001953125,340
2026-09-03 11:35:00-04:00,4549.60009765625,4552.7001953125,4549.60009765625,4550.7001953125,145
2026-09-03 11:36:00-04:00,4549.10009765625,4550.39990234375,4548.60009765625,4549.5,126
2026-09-03 11:37:00-04:00,4549.2998046875,4550.5,4547.7001953125,4548.89990234375,332
2026-09-03 11:38:00-04:00,4545.2001953125,4549.2998046875,4545.2001953125,4549.2998046875,283
2026-09-03 11:39:00-04:00,4544.39990234375,4545.39990234375,4542.7998046875,4545.10009765625,292
2026-09-03 11:40:00-04:00,4544.60009765625,4546.0,4544.10009765625,4544.60009765625,190
2026-09-03 11:41:00-04:00,4544.7001953125,4544.89990234375,4543.2001953125,4544.60009765625,100
2026-09-03 11:42:00-04:00,4544.0,4545.0,4543.2998046875,4544.7998046875,66
2026-09-03 11:43:00-04:00,4543.7998046875,4545.5,4543.60009765625,4544.10009765625,88
2026-09-03 11:44:00-04:00,4542.7998046875,4544.2998046875,4542.39990234375,4544.0,78
2026-09-03 11:45:00-04:00,4540.60009765625,4543.10009765625,4539.2998046875,4542.5,322
2026-09-03 11:46:00-04:00,4539.60009765625,4540.7001953125,4537.60009765625,4540.7001953125,439
2026-09-03 11:47:00-04:00,4537.89990234375,4539.2001953125,4537.7998046875,4539.2001953125,85
2026-09-03 11:48:00-04:00,4536.5,4537.7998046875,4536.10009765625,4537.60009765625,166
2026-09-03 11:49:00-04:00,4536.2001953125,4537.0,4535.10009765625,4536.39990234375,209
2026-09-03 11:50:00-04:00,4537.5,4537.7998046875,4534.89990234375,4536.2001953125,181
2026-09-03 11:51:00-04:00,4537.39990234375,4539.2001953125,4536.2001953125,4537.5,219
2026-09-03 11:52:00-04:00,4538.10009765625,4538.5,4536.60009765625,4537.0,310
2026-09-03 11:53:00-04:00,4539.10009765625,4539.39990234375,4536.89990234375,4537.7998046875,192
2026-09-03 11:54:00-04:00,4538.10009765625,4539.60009765625,4537.5,4539.0,164
2026-09-03 11:55:00-04:00,4537.60009765625,4538.2001953125,4536.5,4538.2001953125,139
2026-09-03 11:56:00-04:00,4537.60009765625,4538.7001953125,4536.7001953125,4537.10009765625,78
2026-09-03 11:57:00-04:00,4535.7998046875,4538.7001953125,4533.7001953125,4537.60009765625,337
2026-09-03 11:58:00-04:00,4539.0,4539.0,4535.60009765625,4535.60009765625,105
2026-09-03 11:59:00-04:00,4540.7998046875,4541.10009765625,4538.7001953125,4539.0,183
2026-09-03 12:00:00-04:00,4538.89990234375,4541.2001953125,4538.10009765625,4540.7001953125,138
2026-09-03 12:01:00-04:00,4539.5,4539.60009765625,4538.0,4539.10009765625,73
2026-09-03 12:02:00-04:00,4540.0,4540.7998046875,4539.10009765625,4539.7001953125,71
2026-09-03 12:03:00-04:00,4540.39990234375,4540.39990234375,4537.89990234375,4540.0,140
2026-09-03 12:04:00-04:00,4538.39990234375,4540.0,4538.2001953125,4540.0,68
2026-09-03 12:05:00-04:00,4537.2998046875,4538.5,4536.89990234375,4538.39990234375,127
2026-09-03 12:06:00-04:00,4536.89990234375,4537.5,4535.2001953125,4537.2001953125,89
2026-09-03 12:07:00-04:00,4539.2998046875,4539.39990234375,4537.0,4537.10009765625,82
2026-09-03 12:08:00-04:00,4539.89990234375,4540.89990234375,4538.89990234375,4539.2001953125,114
2026-09-03 12:09:00-04:00,4539.7998046875,4540.2998046875,4539.5,4540.10009765625,77
2026-09-03 12:10:00-04:00,4542.2001953125,4542.2001953125,4540.0,4540.2998046875,84
2026-09-03 12:11:00-04:00,4542.10009765625,4542.5,4540.7001953125,4542.10009765625,139
2026-09-03 12:12:00-04:00,4542.0,4543.39990234375,4541.2998046875,4542.2998046875,154
2026-09-03 12:13:00-04:00,4540.39990234375,4542.7998046875,4540.2998046875,4541.7001953125,148
2026-09-03 12:14:00-04:00,4541.7001953125,4541.7001953125,4540.7001953125,4540.7001953125,46
2026-09-03 12:15:00-04:00,4541.2001953125,4542.39990234375,4540.39990234375,4541.7001953125,132
2026-09-03 12:16:00-04:00,4541.7001953125,4542.10009765625,4540.60009765625,4541.39990234375,69
2026-09-03 12:17:00-04:00,4541.7998046875,4542.39990234375,4541.2001953125,4541.7001953125,147
2026-09-03 12:18:00-04:00,4539.60009765625,4541.5,4538.89990234375,4541.5,166
2026-09-03 12:19:00-04:00,4541.2998046875,4541.7998046875,4539.39990234375,4539.60009765625,74
2026-09-03 12:20:00-04:00,4539.89990234375,4541.7001953125,4539.89990234375,4541.5,66
2026-09-03 12:21:00-04:00,4539.60009765625,4541.10009765625,4539.60009765625,4540.0,63
2026-09-03 12:22:00-04:00,4538.89990234375,4539.89990234375,4538.60009765625,4539.10009765625,69
2026-09-03 12:23:00-04:00,4540.60009765625,4540.89990234375,4538.7998046875,4538.7998046875,100
2026-09-03 12:24:00-04:00,4540.60009765625,4541.0,4540.0,4540.7001953125,74
2026-09-03 12:25:00-04:00,4540.5,4541.2998046875,4540.10009765625,4540.7001953125,79
2026-09-03 12:26:00-04:00,4539.2998046875,4540.7001953125,4538.89990234375,4540.0,109
2026-09-03 12:27:00-04:00,4540.7001953125,4540.7001953125,4538.10009765625,4539.39990234375,115
2026-09-03 12:28:00-04:00,4540.60009765625,4542.10009765625,4540.2001953125,4540.7998046875,123
2026-09-03 12:29:00-04:00,4540.7001953125,4541.0,4539.5,4541.0,70
2026-09-03 12:30:00-04:00,4542.5,4543.2998046875,4540.5,4541.2001953125,126
2026-09-03 12:31:00-04:00,4540.39990234375,4542.7998046875,4540.39990234375,4542.60009765625,75
2026-09-03 12:32:00-04:00,4538.39990234375,4540.2998046875,4537.0,4540.2998046875,148
2026-09-03 12:33:00-04:00,4539.39990234375,4539.7998046875,4538.2001953125,4538.7001953125,83
2026-09-03 12:34:00-04:00,4538.5,4539.60009765625,4538.10009765625,4539.5,92
2026-09-03 12:35:00-04:00,4538.39990234375,4538.60009765625,4537.89990234375,4538.5,51
2026-09-03 12:36:00-04:00,4538.7998046875,4539.39990234375,4538.10009765625,4538.5,62
2026-09-03 12:37:00-04:00,4538.5,4539.2001953125,4537.7998046875,4538.7998046875,110
2026-09-03 12:38:00-04:00,4539.2998046875,4539.2998046875,4538.10009765625,4538.2998046875,92
2026-09-03 12:39:00-04:00,4538.60009765625,4539.39990234375,4537.60009765625,4539.2998046875,92
2026-09-03 12:40:00-04:00,4536.60009765625,4538.89990234375,4536.60009765625,4538.7001953125,35
2026-09-03 12:41:00-04:00,4536.2998046875,4537.2001953125,4535.5,4536.60009765625,111
2026-09-03 12:42:00-04:00,4535.5,4536.39990234375,4535.39990234375,4536.10009765625,65
2026-09-03 12:43:00-04:00,4535.2001953125,4536.2998046875,4534.2998046875,4535.7001953125,178
2026-09-03 12:44:00-04:00,4535.60009765625,4535.7998046875,4535.10009765625,4535.2998046875,90
2026-09-03 12:45:00-04:00,4537.2001953125,4537.39990234375,4535.2998046875,4535.39990234375,140
2026-09-03 12:46:00-04:00,4537.60009765625,4538.7001953125,4537.39990234375,4537.39990234375,76
2026-09-03 12:47:00-04:00,4537.2001953125,4538.2001953125,4536.7001953125,4537.7001953125,64
2026-09-03 12:48:00-04:00,4535.10009765625,4537.2998046875,4534.7998046875,4537.2998046875,71
2026-09-03 12:49:00-04:00,4536.5,4536.60009765625,4535.2998046875,4535.2998046875,40
2026-09-03 12:50:00-04:00,4536.60009765625,4537.7998046875,4535.7001953125,4536.7001953125,183
2026-09-03 12:51:00-04:00,4534.7001953125,4536.0,4534.2001953125,4536.0,100
2026-09-03 12:52:00-04:00,4534.2001953125,4534.7998046875,4533.0,4534.5,199
2026-09-03 12:53:00-04:00,4534.7001953125,4535.7001953125,4534.39990234375,4534.39990234375,76
2026-09-03 12:54:00-04:00,4534.7001953125,4535.39990234375,4534.5,4534.89990234375,69
2026-09-03 12:55:00-04:00,4535.39990234375,4535.89990234375,4534.7998046875,4534.7998046875,28
2026-09-03 12:56:00-04:00,4534.7001953125,4536.2998046875,4534.2001953125,4535.39990234375,116
2026-09-03 12:57:00-04:00,4534.7998046875,4535.0,4534.39990234375,4535.0,45
2026-09-03 12:58:00-04:00,4534.2998046875,4534.89990234375,4533.89990234375,4534.60009765625,80
2026-09-03 12:59:00-04:00,4533.7001953125,4534.39990234375,4533.2998046875,4534.2001953125,242
2026-09-03 13:00:00-04:00,4531.39990234375,4535.10009765625,4531.39990234375,4533.89990234375,170
2026-09-03 13:01:00-04:00,4533.5,4533.89990234375,4531.39990234375,4531.5,118
2026-09-03 13:02:00-04:00,4531.0,4533.39990234375,4531.0,4533.39990234375,143
2026-09-03 13:03:00-04:00,4532.10009765625,4532.10009765625,4530.60009765625,4531.0,206
2026-09-03 13:04:00-04:00,4534.5,4535.5,4531.89990234375,4532.10009765625,169
2026-09-03 13:05:00-04:00,4535.89990234375,4535.89990234375,4534.2001953125,4534.5,695
2026-09-03 13:06:00-04:00,4536.10009765625,4536.2001953125,4534.89990234375,4535.89990234375,195
2026-09-03 13:07:00-04:00,4535.89990234375,4536.2998046875,4534.89990234375,4535.7998046875,130
2026-09-03 13:08:00-04:00,4533.5,4536.2998046875,4533.5,4536.0,339
2026-09-03 13:09:00-04:00,4533.39990234375,4534.2001953125,4533.2001953125,4533.5,133
2026-09-03 13:10:00-04:00,4535.0,4535.0,4533.5,4533.5,61
2026-09-03 13:11:00-04:00,4533.60009765625,4534.7998046875,4533.10009765625,4534.7001953125,53
2026-09-03 13:12:00-04:00,4534.39990234375,4535.2998046875,4533.5,4533.7001953125,100
2026-09-03 13:13:00-04:00,4534.2998046875,4534.7998046875,4534.2001953125,4534.39990234375,74
2026-09-03 13:14:00-04:00,4535.2998046875,4535.7001953125,4533.89990234375,4534.0,127
2026-09-03 13:15:00-04:00,4534.7001953125,4535.7001953125,4534.0,4535.5,67
2026-09-03 13:16:00-04:00,4533.10009765625,4535.2998046875,4533.0,4535.2998046875,160
2026-09-03 13:17:00-04:00,4533.89990234375,4534.2001953125,4532.60009765625,4533.0,57
2026-09-03 13:18:00-04:00,4534.5,4534.7998046875,4533.5,4533.60009765625,34
2026-09-03 13:19:00-04:00,4534.89990234375,4535.0,4534.10009765625,4534.39990234375,37
2026-09-03 13:20:00-04:00,4535.7998046875,4536.89990234375,4534.5,4535.10009765625,159
2026-09-03 13:21:00-04:00,4536.2998046875,4537.10009765625,4535.5,4535.5,75
2026-09-03 13:22:00-04:00,4537.2998046875,4538.2001953125,4536.39990234375,4536.39990234375,190
2026-09-03 13:23:00-04:00,4538.5,4538.7001953125,4537.2998046875,4537.2998046875,132
2026-09-03 13:24:00-04:00,4538.39990234375,4538.89990234375,4537.60009765625,4538.39990234375,84
2026-09-03 13:25:00-04:00,4538.10009765625,4538.39990234375,4537.2001953125,4538.2001953125,63
2026-09-03 13:26:00-04:00,4537.89990234375,4538.7998046875,4537.5,4538.0,102
2026-09-03 13:27:00-04:00,4538.0,4538.2998046875,4537.5,4537.7001953125,88
2026-09-03 13:28:00-04:00,4538.39990234375,4539.7001953125,4538.10009765625,4538.10009765625,205
2026-09-03 13:29:00-04:00,4540.39990234375,4541.2001953125,4538.10009765625,4538.2998046875,906
2026-09-03 13:30:00-04:00,4540.89990234375,4541.39990234375,4539.39990234375,4540.5,320
2026-09-03 13:31:00-04:00,4540.60009765625,4541.10009765625,4539.2998046875,4540.89990234375,115
2026-09-03 13:32:00-04:00,4538.7998046875,4540.7001953125,4538.60009765625,4540.60009765625,126
2026-09-03 13:33:00-04:00,4539.10009765625,4539.10009765625,4538.39990234375,4538.89990234375,49
2026-09-03 13:34:00-04:00,4539.2001953125,4539.5,4538.89990234375,4539.0,38
2026-09-03 13:35:00-04:00,4540.89990234375,4540.89990234375,4538.89990234375,4539.2998046875,48
2026-09-03 13:36:00-04:00,4540.10009765625,4541.2998046875,4539.5,4540.7001953125,46
2026-09-03 13:37:00-04:00,4540.0,4541.2001953125,4539.5,4540.60009765625,73
2026-09-03 13:38:00-04:00,4540.60009765625,4540.7998046875,4539.7998046875,4540.0,41
2026-09-03 13:39:00-04:00,4540.39990234375,4541.39990234375,4540.0,4540.7998046875,76
2026-09-03 13:40:00-04:00,4540.60009765625,4540.89990234375,4540.2001953125,4540.2998046875,36
2026-09-03 13:41:00-04:00,4540.0,4540.7001953125,4539.89990234375,4540.60009765625,24
2026-09-03 13:42:00-04:00,4539.2001953125,4539.89990234375,4539.2001953125,4539.89990234375,35
2026-09-03 13:43:00-04:00,4539.7998046875,4540.2001953125,4539.2998046875,4539.2998046875,93
2026-09-03 13:44:00-04:00,4539.2001953125,4540.10009765625,4539.2001953125,4540.0,38
2026-09-03 13:45:00-04:00,4540.2001953125,4540.2998046875,4538.7001953125,4539.2998046875,168
2026-09-03 13:46:00-04:00,4540.60009765625,4540.7001953125,4539.7001953125,4540.2001953125,25
2026-09-03 13:47:00-04:00,4540.5,4542.0,4540.2998046875,4540.89990234375,184
2026-09-03 13:48:00-04:00,4538.7998046875,4540.2998046875,4538.7998046875,4540.2998046875,68
2026-09-03 13:49:00-04:00,4538.7001953125,4539.2001953125,4538.39990234375,4539.10009765625,62
2026-09-03 13:50:00-04:00,4537.7998046875,4538.7998046875,4537.2998046875,4538.7001953125,180
2026-09-03 13:51:00-04:00,4536.2998046875,4538.10009765625,4535.7998046875,4538.0,111
2026-09-03 13:52:00-04:00,4536.10009765625,4536.39990234375,4535.60009765625,4536.2001953125,73
2026-09-03 13:53:00-04:00,4537.5,4537.7001953125,4536.10009765625,4536.10009765625,36
2026-09-03 13:54:00-04:00,4537.2001953125,4537.60009765625,4536.89990234375,4537.5,16
2026-09-03 13:55:00-04:00,4535.89990234375,4537.0,4535.89990234375,4537.0,125
2026-09-03 13:56:00-04:00,4535.2998046875,4536.10009765625,4534.7998046875,4535.89990234375,109
2026-09-03 13:57:00-04:00,4535.10009765625,4535.7998046875,4534.89990234375,4535.39990234375,40
2026-09-03 13:58:00-04:00,4535.7001953125,4535.7001953125,4535.10009765625,4535.2001953125,15
2026-09-03 14:00:00-04:00,4534.7001953125,4536.0,4534.2001953125,4534.60009765625,322
2026-09-03 14:01:00-04:00,4535.89990234375,4536.2998046875,4534.89990234375,4534.89990234375,77
2026-09-03 14:02:00-04:00,4535.60009765625,4537.10009765625,4535.60009765625,4537.10009765625,39
2026-09-03 14:03:00-04:00,4535.7001953125,4536.89990234375,4535.0,4535.39990234375,45
2026-09-03 14:04:00-04:00,4536.7001953125,4536.7998046875,4535.7998046875,4535.7998046875,55
2026-09-03 14:05:00-04:00,4532.39990234375,4536.39990234375,4531.89990234375,4536.2998046875,198
2026-09-03 14:06:00-04:00,4532.5,4533.7001953125,4531.89990234375,4532.5,125
2026-09-03 14:07:00-04:00,4533.0,4533.2001953125,4532.10009765625,4532.5,62
2026-09-03 14:08:00-04:00,4533.7001953125,4534.10009765625,4532.5,4533.2998046875,89
2026-09-03 14:09:00-04:00,4535.60009765625,4536.10009765625,4533.89990234375,4533.89990234375,96
2026-09-03 14:10:00-04:00,4533.5,4536.5,4533.0,4535.7001953125,121
2026-09-03 14:11:00-04:00,4534.2001953125,4534.2001953125,4532.7998046875,4533.5,82
2026-09-03 14:12:00-04:00,4532.60009765625,4534.39990234375,4532.60009765625,4534.10009765625,41
2026-09-03 14:13:00-04:00,4533.10009765625,4533.5,4532.0,4532.5,103
2026-09-03 14:14:00-04:00,4531.2001953125,4533.39990234375,4531.2001953125,4533.39990234375,43
2026-09-03 14:15:00-04:00,4533.0,4533.10009765625,4531.10009765625,4531.10009765625,75
2026-09-03 14:16:00-04:00,4532.7998046875,4533.7001953125,4532.7001953125,4533.0,80
2026-09-03 14:17:00-04:00,4532.7001953125,4533.5,4532.39990234375,4532.89990234375,44
2026-09-03 14:18:00-04:00,4533.2001953125,4533.39990234375,4532.2998046875,4532.60009765625,47
2026-09-03 14:19:00-04:00,4533.2001953125,4533.89990234375,4533.10009765625,4533.5,23
2026-09-03 14:20:00-04:00,4533.89990234375,4534.7001953125,4533.7001953125,4533.89990234375,28
2026-09-03 14:21:00-04:00,4534.7998046875,4535.39990234375,4533.7998046875,4533.7998046875,92
2026-09-03 14:22:00-04:00,4533.2998046875,4534.7998046875,4533.2001953125,4534.7998046875,60
2026-09-03 14:23:00-04:00,4530.2998046875,4533.2001953125,4530.10009765625,4533.0,141
2026-09-03 14:24:00-04:00,4530.7998046875,4531.2001953125,4529.39990234375,4530.2001953125,157
2026-09-03 14:25:00-04:00,4530.7998046875,4531.0,4529.7998046875,4530.7998046875,66
2026-09-03 14:26:00-04:00,4530.7998046875,4531.60009765625,4530.0,4530.89990234375,117
2026-09-03 14:27:00-04:00,4531.2001953125,4531.7001953125,4530.7001953125,4530.7001953125,69
2026-09-03 14:28:00-04:00,4528.5,4531.7001953125,4528.2001953125,4531.0,331
2026-09-03 14:29:00-04:00,4527.10009765625,4528.7998046875,4526.7998046875,4528.39990234375,300
2026-09-03 14:30:00-04:00,4526.0,4527.7001953125,4525.7998046875,4527.39990234375,173
2026-09-03 14:31:00-04:00,4523.5,4526.0,4523.10009765625,4526.0,537
2026-09-03 14:32:00-04:00,4525.5,4525.60009765625,4523.10009765625,4523.39990234375,124
2026-09-03 14:33:00-04:00,4525.2998046875,4525.60009765625,4524.2001953125,4525.2998046875,142
2026-09-03 14:34:00-04:00,4526.60009765625,4526.60009765625,4524.89990234375,4525.2998046875,145
2026-09-03 14:35:00-04:00,4526.89990234375,4527.7998046875,4526.0,4526.5,170
2026-09-03 14:36:00-04:00,4528.89990234375,4529.10009765625,4527.2998046875,4527.2998046875,103
2026-09-03 14:37:00-04:00,4528.7001953125,4529.10009765625,4528.5,4528.89990234375,50
2026-09-03 14:38:00-04:00,4529.2001953125,4530.0,4528.60009765625,4528.60009765625,78
2026-09-03 14:39:00-04:00,4529.2998046875,4529.2998046875,4528.5,4529.2998046875,53
2026-09-03 14:40:00-04:00,4529.7001953125,4529.89990234375,4529.39990234375,4529.5,70
2026-09-03 14:41:00-04:00,4528.7001953125,4530.0,4528.7001953125,4529.7998046875,33
2026-09-03 14:42:00-04:00,4529.10009765625,4529.5,4528.7001953125,4528.7001953125,21
2026-09-03 14:43:00-04:00,4528.7998046875,4529.0,4528.5,4529.0,22
2026-09-03 14:44:00-04:00,4528.89990234375,4529.0,4527.89990234375,4529.0,44
2026-09-03 14:45:00-04:00,4529.0,4529.7998046875,4528.2998046875,4528.5,44
2026-09-03 14:46:00-04:00,4528.89990234375,4529.2998046875,4528.7001953125,4528.7001953125,28
2026-09-03 14:47:00-04:00,4529.5,4530.0,4529.0,4529.2998046875,101
2026-09-03 14:48:00-04:00,4525.39990234375,4529.5,4525.2998046875,4529.39990234375,143
2026-09-03 14:49:00-04:00,4526.2001953125,4526.39990234375,4525.10009765625,4525.2998046875,161
2026-09-03 14:50:00-04:00,4525.5,4526.2998046875,4524.7998046875,4526.2998046875,126
2026-09-03 14:51:00-04:00,4526.2001953125,4526.7001953125,4525.2001953125,4525.2001953125,100
2026-09-03 14:52:00-04:00,4526.39990234375,4527.0,4526.0,4526.0,52
2026-09-03 14:53:00-04:00,4524.0,4526.2998046875,4523.7001953125,4526.2001953125,67
2026-09-03 14:54:00-04:00,4523.0,4523.89990234375,4523.0,4523.89990234375,111
2026-09-03 14:55:00-04:00,4523.7001953125,4523.7001953125,4521.2001953125,4523.10009765625,405
2026-09-03 14:56:00-04:00,4522.2001953125,4524.0,4521.89990234375,4523.2998046875,66
2026-09-03 14:57:00-04:00,4523.2998046875,4523.60009765625,4522.39990234375,4522.7001953125,38
2026-09-03 14:58:00-04:00,4522.7001953125,4523.2998046875,4522.39990234375,4523.2998046875,39
2026-09-03 14:59:00-04:00,4522.89990234375,4523.10009765625,4521.89990234375,4522.89990234375,76
2026-09-03 15:00:00-04:00,4523.7998046875,4523.7998046875,4522.2001953125,4522.7998046875,146
2026-09-03 15:01:00-04:00,4523.39990234375,4524.2001953125,4522.5,4523.7998046875,76
2026-09-03 15:02:00-04:00,4522.2998046875,4523.2998046875,4521.7001953125,4523.2998046875,50
2026-09-03 15:03:00-04:00,4522.5,4523.0,4522.10009765625,4522.10009765625,42
2026-09-03 15:04:00-04:00,4522.2001953125,4523.0,4521.89990234375,4522.60009765625,43
2026-09-03 15:05:00-04:00,4523.39990234375,4523.39990234375,4522.0,4522.39990234375,48
2026-09-03 15:06:00-04:00,4522.89990234375,4523.7998046875,4522.7998046875,4523.2998046875,38
2026-09-03 15:07:00-04:00,4523.2998046875,4524.0,4522.39990234375,4523.0,101
2026-09-03 15:08:00-04:00,4522.10009765625,4523.2998046875,4521.7001953125,4523.2998046875,103
2026-09-03 15:09:00-04:00,4524.0,4524.0,4521.7998046875,4521.89990234375,49
2026-09-03 15:10:00-04:00,4523.60009765625,4524.7001953125,4523.2998046875,4524.10009765625,88
2026-09-03 15:11:00-04:00,4523.5,4524.7001953125,4523.0,4524.0,69
2026-09-03 15:12:00-04:00,4523.2001953125,4523.7001953125,4522.60009765625,4523.5,34
2026-09-03 15:13:00-04:00,4520.89990234375,4523.0,4520.7001953125,4522.7998046875,263
2026-09-03 15:14:00-04:00,4522.39990234375,4522.5,4520.89990234375,4520.89990234375,90
2026-09-03 15:15:00-04:00,4522.7998046875,4523.2998046875,4522.2001953125,4522.2001953125,44
2026-09-03 15:16:00-04:00,4522.7001953125,4524.2001953125,4522.39990234375,4523.0,107
2026-09-03 15:17:00-04:00,4522.2998046875,4523.2001953125,4521.89990234375,4522.60009765625,94
2026-09-03 15:18:00-04:00,4524.5,4524.5,4522.0,4522.10009765625,34
2026-09-03 15:19:00-04:00,4524.2998046875,4524.60009765625,4523.0,4524.39990234375,93
2026-09-03 15:20:00-04:00,4523.2998046875,4524.10009765625,4522.7001953125,4524.10009765625,29
2026-09-03 15:21:00-04:00,4523.2998046875,4523.89990234375,4522.0,4522.89990234375,79
2026-09-03 15:22:00-04:00,4523.10009765625,4523.5,4522.60009765625,4523.10009765625,30
2026-09-03 15:23:00-04:00,4522.5,4523.60009765625,4522.5,4523.0,80
2026-09-03 15:24:00-04:00,4522.0,4523.7001953125,4522.0,4522.7001953125,49
2026-09-03 15:25:00-04:00,4521.2998046875,4522.10009765625,4520.2998046875,4521.89990234375,60
2026-09-03 15:26:00-04:00,4521.7998046875,4522.0,4520.7998046875,4520.7998046875,46
2026-09-03 15:27:00-04:00,4522.0,4522.5,4521.5,4521.5,27
2026-09-03 15:28:00-04:00,4522.89990234375,4522.89990234375,4521.7998046875,4522.39990234375,41
2026-09-03 15:29:00-04:00,4523.5,4523.60009765625,4522.5,4522.7998046875,52
2026-09-03 15:30:00-04:00,4522.7998046875,4525.5,4522.7998046875,4523.7998046875,77
2026-09-03 15:31:00-04:00,4523.10009765625,4523.5,4522.7998046875,4523.2001953125,36
2026-09-03 15:32:00-04:00,4523.7001953125,4523.7998046875,4522.7001953125,4523.0,94
2026-09-03 15:33:00-04:00,4522.7998046875,4523.89990234375,4522.7001953125,4523.39990234375,64
2026-09-03 15:34:00-04:00,4521.7998046875,4522.7998046875,4521.7001953125,4522.7998046875,74
2026-09-03 15:35:00-04:00,4522.7001953125,4523.0,4522.10009765625,4522.10009765625,23
2026-09-03 15:36:00-04:00,4522.7001953125,4522.7001953125,4522.2998046875,4522.7001953125,23
2026-09-03 15:37:00-04:00,4523.7998046875,4523.7998046875,4522.39990234375,4522.7998046875,32
2026-09-03 15:38:00-04:00,4523.60009765625,4523.89990234375,4522.7998046875,4523.89990234375,74
2026-09-03 15:39:00-04:00,4523.0,4523.5,4521.89990234375,4523.5,98
2026-09-03 15:40:00-04:00,4523.5,4524.2998046875,4523.10009765625,4523.10009765625,105
2026-09-03 15:41:00-04:00,4526.0,4526.2998046875,4523.89990234375,4524.10009765625,132
2026-09-03 15:42:00-04:00,4525.7001953125,4526.5,4525.60009765625,4526.10009765625,85
2026-09-03 15:43:00-04:00,4525.39990234375,4525.89990234375,4525.39990234375,4525.7998046875,18
2026-09-03 15:44:00-04:00,4525.2001953125,4525.5,4524.7998046875,4525.39990234375,30
2026-09-03 15:45:00-04:00,4527.2001953125,4527.2001953125,4525.2001953125,4525.2998046875,116
2026-09-03 15:46:00-04:00,4528.2998046875,4528.39990234375,4526.7001953125,4527.2001953125,159
2026-09-03 15:47:00-04:00,4527.0,4528.7001953125,4526.89990234375,4528.39990234375,103
2026-09-03 15:48:00-04:00,4527.7001953125,4528.0,4526.7998046875,4527.2001953125,119
2026-09-03 15:49:00-04:00,4526.7998046875,4528.39990234375,4526.7998046875,4528.10009765625,75
2026-09-03 15:50:00-04:00,4526.2998046875,4527.2001953125,4525.2998046875,4527.10009765625,107
2026-09-03 15:51:00-04:00,4526.2998046875,4526.89990234375,4525.7001953125,4526.2998046875,74
2026-09-03 15:52:00-04:00,4525.39990234375,4527.0,4525.39990234375,4526.5,47
2026-09-03 15:53:00-04:00,4524.60009765625,4525.39990234375,4524.2001953125,4525.39990234375,88
2026-09-03 15:54:00-04:00,4525.10009765625,4525.39990234375,4524.5,4524.5,50
2026-09-03 15:55:00-04:00,4525.2998046875,4526.2001953125,4524.60009765625,4525.2001953125,152
2026-09-03 15:56:00-04:00,4524.7998046875,4525.60009765625,4524.2998046875,4525.2998046875,79
2026-09-03 15:57:00-04:00,4525.5,4526.2001953125,4524.7001953125,4525.0,178
2026-09-03 15:58:00-04:00,4522.2998046875,4526.10009765625,4521.7998046875,4525.60009765625,320
2026-09-03 15:59:00-04:00,4522.89990234375,4523.0,4520.89990234375,4522.10009765625,201
2026-09-03 16:00:00-04:00,4520.0,4523.2998046875,4519.10009765625,4522.7001953125,276
2026-09-03 16:01:00-04:00,4521.2998046875,4521.5,4519.7998046875,4520.0,143
2026-09-03 16:02:00-04:00,4519.89990234375,4521.2998046875,4519.5,4521.2001953125,42
2026-09-03 16:03:00-04:00,4519.2998046875,4520.10009765625,4519.2998046875,4519.7998046875,31
2026-09-03 16:04:00-04:00,4519.5,4520.10009765625,4518.7998046875,4519.2998046875,49
2026-09-03 16:05:00-04:00,4520.2998046875,4520.2998046875,4519.2998046875,4519.60009765625,15
2026-09-03 16:06:00-04:00,4519.7998046875,4520.0,4519.2001953125,4520.0,37
2026-09-03 16:07:00-04:00,4520.2001953125,4520.39990234375,4518.89990234375,4519.7998046875,112
2026-09-03 16:08:00-04:00,4521.0,4521.10009765625,4520.0,4520.2998046875,44
2026-09-03 16:09:00-04:00,4520.7001953125,4521.10009765625,4520.60009765625,4521.10009765625,21
2026-09-03 16:10:00-04:00,4520.5,4520.7001953125,4520.2998046875,4520.39990234375,19
2026-09-03 16:11:00-04:00,4519.60009765625,4520.7001953125,4519.60009765625,4520.60009765625,11
2026-09-03 16:12:00-04:00,4520.2998046875,4520.5,4519.60009765625,4519.7998046875,14
2026-09-03 16:13:00-04:00,4519.7001953125,4520.5,4519.10009765625,4520.2998046875,36
2026-09-03 16:14:00-04:00,4519.2998046875,4520.0,4519.2998046875,4520.0,15
2026-09-03 16:15:00-04:00,4518.10009765625,4519.2998046875,4517.7001953125,4519.2001953125,36
2026-09-03 16:16:00-04:00,4518.10009765625,4518.39990234375,4517.7001953125,4517.89990234375,33
2026-09-03 16:17:00-04:00,4518.2001953125,4518.39990234375,4517.89990234375,4518.0,10
2026-09-03 16:18:00-04:00,4518.7998046875,4519.10009765625,4518.2001953125,4518.2998046875,29
2026-09-03 16:19:00-04:00,4518.5,4518.7998046875,4518.2998046875,4518.5,15
2026-09-03 16:20:00-04:00,4518.2998046875,4518.7998046875,4518.2998046875,4518.39990234375,19
2026-09-03 16:21:00-04:00,4518.5,4518.60009765625,4518.10009765625,4518.2998046875,27
2026-09-03 16:22:00-04:00,4518.10009765625,4518.2998046875,4518.10009765625,4518.2998046875,5
2026-09-03 16:23:00-04:00,4518.5,4518.5,4518.10009765625,4518.10009765625,4
2026-09-03 16:24:00-04:00,4518.2998046875,4518.7001953125,4518.10009765625,4518.7001953125,10
2026-09-03 16:25:00-04:00,4519.2998046875,4519.2998046875,4518.2001953125,4518.2001953125,20
2026-09-03 16:26:00-04:00,4519.39990234375,4519.7001953125,4519.39990234375,4519.5,13
2026-09-03 16:27:00-04:00,4519.0,4519.2998046875,4519.0,4519.2998046875,11
2026-09-03 16:28:00-04:00,4519.5,4519.89990234375,4519.2998046875,4519.2998046875,15
2026-09-03 16:29:00-04:00,4519.0,4520.10009765625,4518.7998046875,4519.60009765625,44
2026-09-03 16:30:00-04:00,4519.39990234375,4519.7001953125,4518.7001953125,4519.0,34
2026-09-03 16:31:00-04:00,4519.60009765625,4519.7998046875,4519.5,4519.5,7
2026-09-03 16:32:00-04:00,4519.7001953125,4519.7998046875,4519.5,4519.5,4
2026-09-03 16:33:00-04:00,4519.60009765625,4519.7001953125,4519.5,4519.5,5
2026-09-03 16:34:00-04:00,4519.5,4519.5,4519.5,4519.5,1
2026-09-03 16:35:00-04:00,4519.10009765625,4520.10009765625,4519.10009765625,4519.39990234375,56
2026-09-03 16:36:00-04:00,4519.7998046875,4519.89990234375,4519.2998046875,4519.2998046875,10
2026-09-03 16:37:00-04:00,4518.7998046875,4519.7998046875,4518.7998046875,4519.7998046875,17
2026-09-03 16:38:00-04:00,4518.7001953125,4519.10009765625,4518.39990234375,4518.7001953125,25
2026-09-03 16:39:00-04:00,4519.0,4519.0,4518.60009765625,4518.7998046875,14
2026-09-03 16:40:00-04:00,4518.7998046875,4518.89990234375,4518.5,4518.7998046875,17
2026-09-03 16:41:00-04:00,4519.2998046875,4519.60009765625,4519.10009765625,4519.10009765625,15
2026-09-03 16:42:00-04:00,4519.89990234375,4520.10009765625,4519.5,4519.5,24
2026-09-03 16:43:00-04:00,4520.2001953125,4520.2001953125,4520.0,4520.10009765625,6
2026-09-03 16:44:00-04:00,4519.60009765625,4520.10009765625,4519.60009765625,4520.10009765625,10
2026-09-03 16:45:00-04:00,4519.39990234375,4519.7998046875,4519.2001953125,4519.7001953125,25
2026-09-03 16:46:00-04:00,4519.2998046875,4519.89990234375,4519.0,4519.0,20
2026-09-03 16:47:00-04:00,4519.7998046875,4519.7998046875,4519.2001953125,4519.2998046875,4
2026-09-03 16:48:00-04:00,4520.2998046875,4520.39990234375,4519.89990234375,4520.0,9
2026-09-03 16:49:00-04:00,4520.2998046875,4520.60009765625,4520.0,4520.2998046875,31
2026-09-03 16:50:00-04:00,4520.5,4521.10009765625,4520.2001953125,4520.39990234375,39
2026-09-03 16:51:00-04:00,4520.89990234375,4521.5,4520.39990234375,4520.39990234375,19
2026-09-03 16:52:00-04:00,4520.10009765625,4520.7998046875,4520.10009765625,4520.7998046875,6
2026-09-03 16:53:00-04:00,4520.39990234375,4520.39990234375,4520.2001953125,4520.2001953125,3
2026-09-03 16:54:00-04:00,4521.0,4521.10009765625,4520.2001953125,4520.2998046875,33
2026-09-03 16:55:00-04:00,4521.0,4521.10009765625,4520.2998046875,4520.60009765625,29
2026-09-03 16:56:00-04:00,4520.89990234375,4521.2998046875,4520.7001953125,4521.2001953125,15
2026-09-03 16:57:00-04:00,4520.7001953125,4521.0,4520.2998046875,4520.2998046875,16
2026-09-03 16:58:00-04:00,4520.5,4520.89990234375,4520.2998046875,4520.89990234375,7
2026-09-03 16:59:00-04:00,4520.0,4520.5,4519.7001953125,4520.2998046875,71
2026-09-03 17:00:00-04:00,4520.2998046875,4520.2998046875,4520.2998046875,4520.2998046875,1
2026-09-03 18:00:00-04:00,4521.89990234375,4524.39990234375,4521.0,4522.0,0
2026-09-03 18:01:00-04:00,4522.60009765625,4523.0,4520.10009765625,4521.2001953125,66
2026-09-03 18:02:00-04:00,4524.2998046875,4524.2998046875,4522.7001953125,4522.7998046875,49
2026-09-03 18:03:00-04:00,4523.89990234375,4524.2998046875,4523.7998046875,4523.7998046875,8
2026-09-03 18:04:00-04:00,4523.39990234375,4524.10009765625,4523.10009765625,4523.89990234375,22
2026-09-03 18:05:00-04:00,4524.2001953125,4524.60009765625,4522.7998046875,4523.39990234375,22
2026-09-03 18:06:00-04:00,4523.7998046875,4524.2998046875,4523.5,4523.7001953125,18
2026-09-03 18:07:00-04:00,4523.2001953125,4523.7998046875,4522.89990234375,4523.7998046875,11
2026-09-03 18:08:00-04:00,4523.0,4523.2001953125,4522.60009765625,4523.2001953125,12
2026-09-03 18:09:00-04:00,4523.2001953125,4523.2001953125,4522.89990234375,4523.0,5
2026-09-03 18:10:00-04:00,4522.7001953125,4523.0,4522.7001953125,4523.0,3
2026-09-03 18:11:00-04:00,4521.7001953125,4522.7001953125,4521.7001953125,4522.7001953125,30
2026-09-03 18:12:00-04:00,4523.39990234375,4523.39990234375,4521.7998046875,4521.7998046875,54
2026-09-03 18:13:00-04:00,4523.2001953125,4524.10009765625,4523.2001953125,4523.2001953125,38
2026-09-03 18:14:00-04:00,4525.5,4525.7001953125,4523.2001953125,4523.2998046875,84
2026-09-03 18:15:00-04:00,4524.7001953125,4525.7998046875,4524.60009765625,4525.60009765625,73
2026-09-03 18:16:00-04:00,4524.7001953125,4524.7998046875,4524.2001953125,4524.60009765625,43
2026-09-03 18:17:00-04:00,4524.5,4525.0,4524.39990234375,4524.7998046875,28
2026-09-03 18:18:00-04:00,4525.89990234375,4526.2998046875,4524.60009765625,4524.60009765625,41
2026-09-03 18:19:00-04:00,4523.89990234375,4526.0,4523.7001953125,4525.7998046875,69
2026-09-03 18:20:00-04:00,4523.10009765625,4524.2001953125,4523.0,4523.89990234375,64
2026-09-03 18:21:00-04:00,4523.0,4523.60009765625,4522.7001953125,4522.89990234375,27
2026-09-03 18:22:00-04:00,4522.5,4523.10009765625,4522.5,4522.7998046875,17
2026-09-03 18:23:00-04:00,4522.7001953125,4523.60009765625,4522.5,4522.5,27
2026-09-03 18:24:00-04:00,4522.2001953125,4522.7998046875,4522.2001953125,4522.60009765625,6
2026-09-03 18:25:00-04:00,4522.5,4522.7001953125,4521.89990234375,4522.2998046875,28
2026-09-03 18:26:00-04:00,4523.0,4523.0,4522.0,4522.60009765625,39
2026-09-03 18:27:00-04:00,4522.10009765625,4523.0,4522.10009765625,4522.89990234375,19
2026-09-03 18:28:00-04:00,4521.2998046875,4522.2998046875,4521.2998046875,4522.10009765625,59
2026-09-03 18:29:00-04:00,4522.2998046875,4522.2998046875,4521.2001953125,4521.7001953125,42
2026-09-03 18:30:00-04:00,4523.2998046875,4524.10009765625,4522.10009765625,4522.2001953125,187
2026-09-03 18:31:00-04:00,4522.5,4523.2001953125,4522.2998046875,4523.2001953125,35
2026-09-03 18:32:00-04:00,4521.7998046875,4522.39990234375,4521.2998046875,4522.10009765625,36
2026-09-03 18:33:00-04:00,4521.5,4522.2001953125,4521.5,4522.10009765625,13
2026-09-03 18:34:00-04:00,4522.2998046875,4522.39990234375,4521.7998046875,4522.0,24
2026-09-03 18:35:00-04:00,4522.0,4522.0,4521.2998046875,4522.0,13
2026-09-03 18:36:00-04:00,4521.7998046875,4522.2998046875,4521.7998046875,4522.2001953125,13
2026-09-03 18:37:00-04:00,4520.2998046875,4522.0,4520.10009765625,4521.7998046875,89
2026-09-03 18:38:00-04:00,4521.60009765625,4521.60009765625,4520.2998046875,4520.39990234375,55
2026-09-03 18:39:00-04:00,4519.89990234375,4521.7998046875,4519.7998046875,4521.7998046875,160
2026-09-03 18:40:00-04:00,4523.5,4523.5,4519.7998046875,4519.7998046875,86
2026-09-03 18:41:00-04:00,4522.5,4523.7001953125,4522.0,4523.2998046875,54
2026-09-03 18:42:00-04:00,4520.89990234375,4522.39990234375,4519.60009765625,4522.39990234375,221
2026-09-03 18:43:00-04:00,4520.5,4521.0,4520.10009765625,4521.0,17
2026-09-03 18:44:00-04:00,4520.7001953125,4521.5,4520.5,4520.7001953125,19
2026-09-03 18:45:00-04:00,4521.10009765625,4521.39990234375,4520.5,4521.39990234375,26
2026-09-03 18:46:00-04:00,4520.5,4521.39990234375,4520.5,4521.2998046875,7
2026-09-03 18:47:00-04:00,4520.7001953125,4521.39990234375,4520.2001953125,4520.2998046875,30
2026-09-03 18:48:00-04:00,4519.2001953125,4520.60009765625,4518.5,4520.39990234375,151
2026-09-03 18:49:00-04:00,4521.39990234375,4522.2998046875,4518.89990234375,4519.10009765625,208
2026-09-03 18:50:00-04:00,4521.10009765625,4522.5,4520.7998046875,4521.7001953125,205
2026-09-03 18:51:00-04:00,4521.39990234375,4522.0,4520.60009765625,4520.89990234375,77
2026-09-03 18:52:00-04:00,4521.89990234375,4523.39990234375,4521.7001953125,4522.0,143
2026-09-03 18:53:00-04:00,4521.39990234375,4523.10009765625,4521.39990234375,4522.0,70
2026-09-03 18:54:00-04:00,4521.7998046875,4521.7998046875,4518.89990234375,4521.2998046875,336
2026-09-03 18:55:00-04:00,4521.2001953125,4521.5,4521.0,4521.5,25
2026-09-03 18:56:00-04:00,4521.39990234375,4521.7998046875,4521.10009765625,4521.10009765625,21
2026-09-03 18:57:00-04:00,4522.39990234375,4522.39990234375,4520.7998046875,4521.39990234375,20
2026-09-03 18:58:00-04:00,4521.89990234375,4522.2001953125,4521.7998046875,4522.10009765625,15
2026-09-03 18:59:00-04:00,4521.60009765625,4522.2001953125,4521.5,4522.0,40
2026-09-03 19:00:00-04:00,4523.2998046875,4523.2998046875,4521.5,4521.5,24
2026-09-03 19:01:00-04:00,4522.39990234375,4523.0,4522.2998046875,4522.7998046875,29
2026-09-03 19:02:00-04:00,4523.7001953125,4524.0,4522.2998046875,4522.60009765625,38
2026-09-03 19:03:00-04:00,4523.60009765625,4523.7998046875,4523.10009765625,4523.7001953125,20
2026-09-03 19:04:00-04:00,4523.60009765625,4523.7001953125,4523.10009765625,4523.60009765625,23
2026-09-03 19:05:00-04:00,4523.39990234375,4523.7001953125,4523.2998046875,4523.60009765625,16
2026-09-03 19:06:00-04:00,4519.7001953125,4524.10009765625,4519.7001953125,4523.5,189
2026-09-03 19:07:00-04:00,4522.5,4522.5,4519.2998046875,4519.7998046875,121
2026-09-03 19:08:00-04:00,4523.89990234375,4523.89990234375,4521.7998046875,4522.60009765625,90
2026-09-03 19:09:00-04:00,4523.0,4524.7998046875,4523.0,4523.89990234375,143
2026-09-03 19:10:00-04:00,4522.89990234375,4523.10009765625,4522.7998046875,4523.10009765625,7
2026-09-03 19:11:00-04:00,4522.60009765625,4522.7998046875,4522.2001953125,4522.7001953125,11
2026-09-03 19:12:00-04:00,4522.39990234375,4522.5,4522.39990234375,4522.5,2
2026-09-03 19:13:00-04:00,4522.2001953125,4522.2998046875,4520.7998046875,4521.89990234375,77
2026-09-03 19:14:00-04:00,4521.2998046875,4521.7001953125,4521.10009765625,4521.7001953125,10
2026-09-03 19:15:00-04:00,4521.5,4522.2001953125,4521.10009765625,4521.10009765625,37
2026-09-03 19:16:00-04:00,4519.7998046875,4521.2998046875,4519.2001953125,4521.2001953125,64
2026-09-03 19:17:00-04:00,4520.2998046875,4520.5,4519.0,4519.39990234375,92
2026-09-03 19:18:00-04:00,4519.60009765625,4520.60009765625,4519.60009765625,4520.2998046875,50
2026-09-03 19:19:00-04:00,4520.2998046875,4520.2998046875,4519.10009765625,4519.2001953125,77
2026-09-03 19:20:00-04:00,4519.5,4520.2998046875,4519.2001953125,4520.2998046875,14
2026-09-03 19:21:00-04:00,4519.2998046875,4519.60009765625,4519.2998046875,4519.5,10
2026-09-03 19:22:00-04:00,4519.39990234375,4519.89990234375,4519.2001953125,4519.7001953125,25
2026-09-03 19:23:00-04:00,4519.7998046875,4520.0,4519.5,4519.7001953125,57
2026-09-03 19:24:00-04:00,4519.2001953125,4519.7998046875,4519.2001953125,4519.7998046875,9
2026-09-03 19:25:00-04:00,4519.60009765625,4519.7998046875,4519.2001953125,4519.5,11
2026-09-03 19:26:00-04:00,4520.0,4520.0,4519.5,4519.7001953125,14
2026-09-03 19:27:00-04:00,4519.60009765625,4520.39990234375,4519.2998046875,4520.2001953125,22
2026-09-03 19:28:00-04:00,4521.0,4521.0,4519.7001953125,4519.7001953125,32
2026-09-03 19:29:00-04:00,4520.7001953125,4521.7998046875,4520.7001953125,4521.0,50
2026-09-03 19:30:00-04:00,4521.7001953125,4521.7001953125,4520.60009765625,4520.60009765625,3
2026-09-03 19:31:00-04:00,4522.7001953125,4523.0,4521.10009765625,4521.2998046875,34
2026-09-03 19:32:00-04:00,4522.10009765625,4523.2001953125,4522.10009765625,4523.2001953125,49
2026-09-03 19:33:00-04:00,4521.39990234375,4521.7001953125,4520.5,4521.7001953125,53
2026-09-03 19:34:00-04:00,4521.89990234375,4522.0,4521.10009765625,4521.2998046875,27
2026-09-03 19:35:00-04:00,4522.0,4522.10009765625,4521.7998046875,4522.0,11
2026-09-03 19:36:00-04:00,4524.7001953125,4524.7001953125,4522.10009765625,4522.2001953125,36
2026-09-03 19:37:00-04:00,4524.5,4525.2998046875,4524.2998046875,4525.10009765625,64
2026-09-03 19:38:00-04:00,4524.7001953125,4524.89990234375,4524.39990234375,4524.7001953125,16
2026-09-03 19:39:00-04:00,4524.7001953125,4525.2998046875,4524.60009765625,4524.60009765625,28
2026-09-03 19:40:00-04:00,4525.2001953125,4525.2001953125,4524.89990234375,4525.0,12
2026-09-03 19:41:00-04:00,4524.0,4525.0,4524.0,4525.0,18
2026-09-03 19:42:00-04:00,4523.7001953125,4524.10009765625,4523.39990234375,4524.0,22
2026-09-03 19:43:00-04:00,4523.89990234375,4524.2001953125,4523.89990234375,4524.0,19
2026-09-03 19:44:00-04:00,4524.10009765625,4524.2001953125,4523.7998046875,4524.0,17
2026-09-03 19:45:00-04:00,4523.0,4524.2001953125,4523.0,4524.0,48
2026-09-03 19:46:00-04:00,4523.60009765625,4523.7998046875,4523.10009765625,4523.10009765625,6
2026-09-03 19:47:00-04:00,4522.5,4523.7001953125,4522.39990234375,4523.7001953125,56
2026-09-03 19:48:00-04:00,4522.5,4522.7001953125,4522.0,4522.7001953125,23
2026-09-03 19:49:00-04:00,4521.89990234375,4522.60009765625,4521.89990234375,4522.60009765625,61
2026-09-03 19:50:00-04:00,4525.7001953125,4526.0,4522.10009765625,4522.10009765625,68
2026-09-03 19:51:00-04:00,4525.39990234375,4526.5,4525.0,4525.7998046875,59
2026-09-03 19:52:00-04:00,4524.0,4525.2998046875,4524.0,4525.2998046875,30
2026-09-03 19:53:00-04:00,4522.60009765625,4524.2001953125,4522.2998046875,4523.89990234375,39
2026-09-03 19:54:00-04:00,4523.7998046875,4523.7998046875,4522.2998046875,4522.39990234375,13
2026-09-03 19:55:00-04:00,4526.39990234375,4526.7001953125,4524.5,4524.5,40
2026-09-03 19:56:00-04:00,4525.5,4526.89990234375,4525.5,4526.2998046875,40
2026-09-03 19:57:00-04:00,4526.2998046875,4526.5,4525.39990234375,4525.5,44
2026-09-03 19:58:00-04:00,4526.7001953125,4527.0,4525.7001953125,4526.7001953125,26
2026-09-03 19:59:00-04:00,4526.89990234375,4527.2001953125,4526.5,4526.5,35
2026-09-03 20:00:00-04:00,4526.2001953125,4527.2001953125,4525.7001953125,4527.0,86
2026-09-03 20:01:00-04:00,4526.10009765625,4526.7998046875,4525.5,4526.2998046875,41
2026-09-03 20:02:00-04:00,4526.5,4527.0,4526.10009765625,4526.2001953125,33
2026-09-03 20:03:00-04:00,4526.0,4526.5,4524.89990234375,4526.0,35
2026-09-03 20:04:00-04:00,4527.89990234375,4527.89990234375,4525.60009765625,4526.10009765625,34
2026-09-03 20:05:00-04:00,4528.7001953125,4529.2998046875,4528.2001953125,4528.2001953125,50
2026-09-03 20:06:00-04:00,4528.7001953125,4529.89990234375,4528.5,4528.7001953125,75
2026-09-03 20:07:00-04:00,4527.89990234375,4528.89990234375,4526.5,4528.89990234375,54
2026-09-03 20:08:00-04:00,4527.0,4528.39990234375,4526.5,4527.7998046875,84
2026-09-03 20:09:00-04:00,4526.7001953125,4527.7998046875,4526.5,4527.10009765625,39
2026-09-03 20:10:00-04:00,4527.0,4527.10009765625,4526.10009765625,4526.39990234375,16
2026-09-03 20:11:00-04:00,4527.60009765625,4528.10009765625,4526.2998046875,4527.10009765625,47
2026-09-03 20:12:00-04:00,4527.89990234375,4527.89990234375,4526.39990234375,4527.2998046875,36
2026-09-03 20:13:00-04:00,4529.0,4529.10009765625,4527.5,4527.89990234375,74
2026-09-03 20:14:00-04:00,4527.10009765625,4529.89990234375,4527.10009765625,4529.0,87
2026-09-03 20:15:00-04:00,4525.89990234375,4527.60009765625,4525.5,4527.2998046875,76
2026-09-03 20:16:00-04:00,4524.2001953125,4526.0,4523.89990234375,4526.0,68
2026-09-03 20:17:00-04:00,4523.7001953125,4524.2001953125,4523.5,4524.0,20
2026-09-03 20:18:00-04:00,4523.2001953125,4524.0,4523.0,4524.0,20
2026-09-03 20:19:00-04:00,4523.39990234375,4523.39990234375,4523.2001953125,4523.2001953125,7
2026-09-03 20:20:00-04:00,4524.7001953125,4525.5,4523.39990234375,4523.5,36
2026-09-03 20:21:00-04:00,4524.10009765625,4524.5,4523.0,4524.5,22
2026-09-03 20:22:00-04:00,4524.39990234375,4525.2001953125,4524.2001953125,4524.2001953125,18
2026-09-03 20:23:00-04:00,4525.2998046875,4526.2001953125,4525.2998046875,4525.5,38
2026-09-03 20:24:00-04:00,4524.2001953125,4525.60009765625,4524.2001953125,4525.60009765625,8
2026-09-03 20:25:00-04:00,4522.7998046875,4524.10009765625,4520.5,4524.10009765625,109
2026-09-03 20:26:00-04:00,4523.2001953125,4523.2001953125,4522.2998046875,4523.2001953125,42
2026-09-03 20:27:00-04:00,4522.7001953125,4523.2998046875,4522.7001953125,4523.2001953125,27
2026-09-03 20:28:00-04:00,4522.10009765625,4522.60009765625,4521.5,4522.60009765625,43
2026-09-03 20:29:00-04:00,4521.2001953125,4522.5,4521.2001953125,4522.2001953125,21
2026-09-03 20:30:00-04:00,4520.89990234375,4521.39990234375,4519.2998046875,4521.2001953125,85
2026-09-03 20:31:00-04:00,4520.5,4521.2998046875,4520.10009765625,4520.89990234375,38
2026-09-03 20:32:00-04:00,4521.39990234375,4521.89990234375,4520.5,4520.5,22
2026-09-03 20:33:00-04:00,4522.60009765625,4522.60009765625,4521.60009765625,4521.7001953125,40
2026-09-03 20:34:00-04:00,4525.60009765625,4526.10009765625,4521.7998046875,4522.2001953125,113
2026-09-03 20:35:00-04:00,4525.2998046875,4526.10009765625,4524.7998046875,4525.7998046875,26
2026-09-03 20:36:00-04:00,4525.2001953125,4525.60009765625,4525.2001953125,4525.5,6
2026-09-03 20:37:00-04:00,4522.7998046875,4525.10009765625,4522.7998046875,4525.10009765625,33
2026-09-03 20:38:00-04:00,4522.7001953125,4523.7998046875,4522.60009765625,4523.0,42
2026-09-03 20:39:00-04:00,4522.60009765625,4523.10009765625,4522.60009765625,4523.10009765625,5
2026-09-03 20:40:00-04:00,4524.10009765625,4524.2001953125,4522.5,4522.5,21
2026-09-03 20:41:00-04:00,4524.2001953125,4524.2998046875,4524.0,4524.0,8
2026-09-03 20:42:00-04:00,4525.2998046875,4526.10009765625,4524.7998046875,4524.7998046875,40
2026-09-03 20:43:00-04:00,4527.5,4527.5,4525.5,4525.7001953125,44
2026-09-03 20:44:00-04:00,4528.60009765625,4528.60009765625,4526.7998046875,4527.10009765625,48
2026-09-03 20:45:00-04:00,4529.2998046875,4529.39990234375,4528.10009765625,4528.7001953125,67
2026-09-03 20:46:00-04:00,4530.5,4530.60009765625,4529.0,4529.5,81
2026-09-03 20:47:00-04:00,4531.39990234375,4531.39990234375,4530.2998046875,4530.5,60
2026-09-03 20:48:00-04:00,4529.89990234375,4531.5,4529.89990234375,4531.10009765625,48
2026-09-03 20:49:00-04:00,4527.7001953125,4530.10009765625,4527.7001953125,4530.10009765625,75
2026-09-03 20:50:00-04:00,4527.7001953125,4528.10009765625,4527.2001953125,4527.5,38
2026-09-03 20:51:00-04:00,4528.5,4528.7998046875,4527.2998046875,4527.7998046875,49
2026-09-03 20:52:00-04:00,4528.7001953125,4528.7001953125,4527.60009765625,4528.7001953125,29
2026-09-03 20:53:00-04:00,4527.7998046875,4530.7998046875,4527.7998046875,4528.7998046875,65
2026-09-03 20:54:00-04:00,4528.39990234375,4529.10009765625,4527.0,4528.0,65
2026-09-03 20:55:00-04:00,4532.39990234375,4532.39990234375,4527.5,4528.5,217
2026-09-03 20:56:00-04:00,4531.2998046875,4532.7998046875,4530.7001953125,4532.60009765625,64
2026-09-03 20:57:00-04:00,4531.89990234375,4532.0,4531.10009765625,4531.39990234375,39
2026-09-03 20:58:00-04:00,4532.5,4533.10009765625,4532.2001953125,4532.2001953125,56
2026-09-03 20:59:00-04:00,4532.89990234375,4533.5,4531.89990234375,4532.0,71
2026-09-03 21:00:00-04:00,4531.5,4533.60009765625,4529.7998046875,4532.60009765625,297
2026-09-03 21:01:00-04:00,4528.5,4531.2998046875,4528.0,4530.5,182
2026-09-03 21:02:00-04:00,4527.89990234375,4529.0,4526.7001953125,4528.39990234375,83
2026-09-03 21:03:00-04:00,4525.2998046875,4527.2001953125,4524.2001953125,4527.2001953125,122
2026-09-03 21:04:00-04:00,4524.60009765625,4526.89990234375,4523.5,4525.7998046875,127
2026-09-03 21:05:00-04:00,4522.2998046875,4526.10009765625,4521.7001953125,4524.2001953125,121
2026-09-03 21:06:00-04:00,4523.5,4523.5,4521.0,4521.89990234375,187
2026-09-03 21:07:00-04:00,4523.39990234375,4525.2998046875,4523.0,4523.39990234375,90
2026-09-03 21:08:00-04:00,4523.60009765625,4524.2998046875,4523.2998046875,4523.5,21
2026-09-03 21:09:00-04:00,4524.2001953125,4525.5,4523.5,4523.7998046875,56
2026-09-03 21:10:00-04:00,4525.39990234375,4525.39990234375,4523.7001953125,4524.0,27
2026-09-03 21:11:00-04:00,4527.7001953125,4528.60009765625,4524.5,4525.10009765625,97
2026-09-03 21:12:00-04:00,4528.0,4529.5,4527.0,4527.7998046875,63
2026-09-03 21:13:00-04:00,4523.89990234375,4528.2001953125,4523.7998046875,4528.2001953125,96
2026-09-03 21:14:00-04:00,4520.89990234375,4524.2998046875,4520.0,4524.2001953125,164
2026-09-03 21:15:00-04:00,4523.60009765625,4524.60009765625,4520.2998046875,4520.89990234375,206
2026-09-03 21:16:00-04:00,4522.60009765625,4524.0,4522.2998046875,4523.2998046875,33
2026-09-03 21:17:00-04:00,4524.0,4524.89990234375,4522.89990234375,4522.89990234375,31
2026-09-03 21:18:00-04:00,4524.2998046875,4524.60009765625,4523.89990234375,4524.2001953125,36
2026-09-03 21:19:00-04:00,4521.89990234375,4524.60009765625,4521.60009765625,4524.10009765625,39
2026-09-03 21:20:00-04:00,4522.5,4523.0,4520.5,4522.2001953125,59
2026-09-03 21:21:00-04:00,4522.2998046875,4522.7001953125,4521.7998046875,4522.0,17
2026-09-03 21:22:00-04:00,4524.7001953125,4525.0,4522.2998046875,4522.60009765625,43
2026-09-03 21:23:00-04:00,4523.89990234375,4524.39990234375,4523.10009765625,4524.39990234375,28
2026-09-03 21:24:00-04:00,4521.2001953125,4524.0,4520.7998046875,4523.89990234375,30
2026-09-03 21:25:00-04:00,4520.89990234375,4521.89990234375,4520.7998046875,4520.7998046875,21
2026-09-03 21:26:00-04:00,4516.5,4521.0,4515.89990234375,4520.7001953125,461
2026-09-03 21:27:00-04:00,4516.0,4516.7001953125,4514.10009765625,4516.5,249
2026-09-03 21:28:00-04:00,4517.5,4517.89990234375,4516.0,4516.39990234375,137
2026-09-03 21:29:00-04:00,4517.2001953125,4518.0,4515.60009765625,4517.60009765625,73
2026-09-03 21:30:00-04:00,4517.39990234375,4518.7001953125,4516.39990234375,4517.2998046875,118
2026-09-03 21:31:00-04:00,4518.60009765625,4519.2998046875,4516.89990234375,4517.2998046875,87
2026-09-03 21:32:00-04:00,4516.89990234375,4518.2001953125,4516.10009765625,4518.2001953125,49
2026-09-03 21:33:00-04:00,4515.5,4516.89990234375,4515.2998046875,4516.7998046875,46
2026-09-03 21:34:00-04:00,4515.7998046875,4516.7001953125,4515.10009765625,4515.60009765625,84
2026-09-03 21:35:00-04:00,4519.10009765625,4519.2001953125,4514.2998046875,4515.60009765625,189
2026-09-03 21:36:00-04:00,4520.7001953125,4521.0,4518.0,4519.0,98
2026-09-03 21:37:00-04:00,4521.39990234375,4523.2001953125,4520.7998046875,4521.39990234375,91
2026-09-03 21:38:00-04:00,4520.7001953125,4522.0,4520.5,4521.2001953125,45
2026-09-03 21:39:00-04:00,4519.60009765625,4521.2001953125,4519.2998046875,4521.0,21
2026-09-03 21:40:00-04:00,4520.60009765625,4521.2001953125,4519.60009765625,4519.7998046875,70
2026-09-03 21:41:00-04:00,4519.7001953125,4523.0,4519.60009765625,4520.10009765625,135
2026-09-03 21:42:00-04:00,4518.0,4521.10009765625,4517.7998046875,4520.2001953125,161
2026-09-03 21:43:00-04:00,4517.7998046875,4518.2998046875,4517.2001953125,4518.0,46
2026-09-03 21:44:00-04:00,4520.2998046875,4520.89990234375,4518.5,4518.5,40
2026-09-03 21:45:00-04:00,4517.2001953125,4520.0,4517.2001953125,4520.0,43
2026-09-03 21:46:00-04:00,4517.0,4517.5,4516.7998046875,4517.5,22
2026-09-03 21:47:00-04:00,4514.89990234375,4516.7001953125,4513.0,4516.7001953125,293
2026-09-03 21:48:00-04:00,4514.7998046875,4515.2998046875,4514.10009765625,4514.7001953125,52
2026-09-03 21:49:00-04:00,4514.89990234375,4516.0,4514.89990234375,4515.2998046875,95
2026-09-03 21:50:00-04:00,4516.10009765625,4516.10009765625,4514.2001953125,4514.7001953125,38
2026-09-03 21:51:00-04:00,4515.5,4516.0,4514.60009765625,4515.7998046875,25
2026-09-03 21:52:00-04:00,4516.89990234375,4516.89990234375,4514.89990234375,4515.60009765625,33
2026-09-03 21:53:00-04:00,4517.7998046875,4518.0,4516.7998046875,4516.89990234375,52
2026-09-03 21:54:00-04:00,4519.39990234375,4520.2998046875,4517.5,4517.7998046875,141
2026-09-03 21:55:00-04:00,4520.89990234375,4521.10009765625,4519.89990234375,4519.89990234375,60
2026-09-03 21:56:00-04:00,4522.60009765625,4522.7001953125,4521.2001953125,4521.2001953125,68
2026-09-03 21:57:00-04:00,4524.2001953125,4524.7998046875,4522.2998046875,4522.89990234375,77
2026-09-03 21:58:00-04:00,4524.89990234375,4526.60009765625,4524.5,4524.5,107
2026-09-03 21:59:00-04:00,4525.2001953125,4526.39990234375,4524.60009765625,4524.60009765625,74
2026-09-03 22:00:00-04:00,4525.60009765625,4526.2998046875,4524.7998046875,4525.2998046875,78
2026-09-03 22:01:00-04:00,4525.7001953125,4525.89990234375,4524.60009765625,4525.7998046875,51
2026-09-03 22:02:00-04:00,4527.7998046875,4528.0,4525.10009765625,4525.89990234375,57
2026-09-03 22:03:00-04:00,4526.7998046875,4528.89990234375,4526.60009765625,4527.89990234375,100
2026-09-03 22:04:00-04:00,4526.89990234375,4527.10009765625,4526.2001953125,4526.60009765625,58
2026-09-03 22:05:00-04:00,4524.7001953125,4527.0,4523.89990234375,4527.0,71
2026-09-03 22:06:00-04:00,4525.60009765625,4526.10009765625,4523.7001953125,4524.2998046875,27
2026-09-03 22:07:00-04:00,4525.7001953125,4526.2998046875,4525.39990234375,4525.60009765625,43
2026-09-03 22:08:00-04:00,4524.7998046875,4525.2998046875,4524.2998046875,4525.2001953125,19
2026-09-03 22:09:00-04:00,4524.89990234375,4525.0,4524.39990234375,4525.0,9
2026-09-03 22:10:00-04:00,4525.89990234375,4526.0,4524.39990234375,4524.5,21
2026-09-03 22:11:00-04:00,4523.60009765625,4525.60009765625,4523.2998046875,4525.2998046875,44
2026-09-03 22:12:00-04:00,4525.2001953125,4526.39990234375,4523.10009765625,4523.60009765625,120
2026-09-03 22:13:00-04:00,4525.7998046875,4526.2001953125,4525.0,4525.0,48
2026-09-03 22:14:00-04:00,4525.39990234375,4525.5,4524.7001953125,4525.39990234375,31
2026-09-03 22:15:00-04:00,4525.2001953125,4525.60009765625,4524.89990234375,4525.5,15
2026-09-03 22:16:00-04:00,4525.89990234375,4526.60009765625,4524.60009765625,4524.89990234375,42
2026-09-03 22:17:00-04:00,4524.7001953125,4525.7998046875,4524.10009765625,4525.7998046875,10
2026-09-03 22:18:00-04:00,4523.60009765625,4524.2998046875,4523.39990234375,4524.2998046875,28
2026-09-03 22:19:00-04:00,4524.60009765625,4525.0,4523.60009765625,4523.60009765625,33
2026-09-03 22:20:00-04:00,4522.7001953125,4524.0,4522.5,4524.0,28
2026-09-03 22:21:00-04:00,4522.2001953125,4522.7998046875,4522.10009765625,4522.5,37
2026-09-03 22:22:00-04:00,4520.60009765625,4522.0,4520.60009765625,4522.0,33
2026-09-03 22:23:00-04:00,4522.2001953125,4522.2001953125,4519.89990234375,4520.60009765625,66
2026-09-03 22:24:00-04:00,4523.10009765625,4523.10009765625,4522.2001953125,4522.39990234375,54
2026-09-03 22:25:00-04:00,4523.0,4523.60009765625,4523.0,4523.2998046875,20
2026-09-03 22:26:00-04:00,4520.0,4522.60009765625,4518.0,4522.60009765625,365
2026-09-03 22:27:00-04:00,4519.2998046875,4520.2998046875,4518.89990234375,4519.7998046875,106
2026-09-03 22:28:00-04:00,4518.7998046875,4519.60009765625,4517.39990234375,4519.10009765625,121
2026-09-03 22:29:00-04:00,4520.0,4520.5,4518.0,4518.7998046875,97
2026-09-03 22:30:00-04:00,4520.5,4522.2001953125,4518.2998046875,4519.89990234375,311
2026-09-03 22:31:00-04:00,4518.7001953125,4520.39990234375,4517.7001953125,4520.2001953125,60
2026-09-03 22:32:00-04:00,4518.5,4519.2001953125,4517.89990234375,4518.5,42
2026-09-03 22:33:00-04:00,4519.60009765625,4519.60009765625,4518.39990234375,4519.0,19
2026-09-03 22:34:00-04:00,4517.0,4520.0,4516.7998046875,4519.7001953125,81
2026-09-03 22:35:00-04:00,4518.89990234375,4519.5,4516.5,4516.89990234375,96
2026-09-03 22:36:00-04:00,4519.39990234375,4519.5,4518.2998046875,4519.10009765625,21
2026-09-03 22:37:00-04:00,4519.2001953125,4520.5,4518.5,4519.10009765625,48
2026-09-03 22:38:00-04:00,4520.89990234375,4521.39990234375,4518.7998046875,4518.7998046875,50
2026-09-03 22:39:00-04:00,4522.7001953125,4523.39990234375,4520.7998046875,4520.7998046875,47
2026-09-03 22:40:00-04:00,4522.7001953125,4523.39990234375,4522.39990234375,4522.7001953125,36
2026-09-03 22:41:00-04:00,4522.39990234375,4523.10009765625,4521.7998046875,4522.7001953125,14
2026-09-03 22:42:00-04:00,4519.60009765625,4522.39990234375,4519.2998046875,4522.39990234375,61
2026-09-03 22:43:00-04:00,4518.89990234375,4519.7998046875,4518.0,4519.7998046875,42
2026-09-03 22:44:00-04:00,4516.89990234375,4518.7998046875,4516.89990234375,4518.7998046875,40
2026-09-03 22:45:00-04:00,4518.10009765625,4518.5,4516.2998046875,4516.7998046875,57
2026-09-03 22:46:00-04:00,4519.60009765625,4519.7001953125,4518.0,4518.2998046875,71
2026-09-03 22:47:00-04:00,4520.89990234375,4521.10009765625,4518.89990234375,4519.2998046875,49
2026-09-03 22:48:00-04:00,4521.2001953125,4522.0,4520.7001953125,4520.89990234375,23
2026-09-03 22:49:00-04:00,4522.0,4522.0,4521.0,4521.2001953125,45
2026-09-03 22:50:00-04:00,4523.2001953125,4523.2001953125,4521.5,4522.2001953125,26
2026-09-03 22:51:00-04:00,4523.39990234375,4524.10009765625,4522.7998046875,4523.2998046875,100
2026-09-03 22:52:00-04:00,4524.0,4524.39990234375,4522.2001953125,4523.39990234375,57
2026-09-03 22:53:00-04:00,4523.5,4524.7001953125,4523.2001953125,4524.10009765625,48
2026-09-03 22:54:00-04:00,4525.60009765625,4525.60009765625,4523.7998046875,4523.7998046875,45
2026-09-03 22:55:00-04:00,4526.60009765625,4526.89990234375,4525.39990234375,4525.5,97
2026-09-03 22:56:00-04:00,4523.7998046875,4527.0,4523.7998046875,4526.60009765625,55
2026-09-03 22:57:00-04:00,4522.89990234375,4523.7998046875,4522.39990234375,4523.7998046875,20
2026-09-03 22:58:00-04:00,4522.5,4522.7998046875,4522.2998046875,4522.7998046875,15
2026-09-03 22:59:00-04:00,4523.7998046875,4523.7998046875,4522.10009765625,4522.2998046875,29
2026-09-03 23:00:00-04:00,4523.39990234375,4523.89990234375,4523.0,4523.5,17
2026-09-03 23:01:00-04:00,4524.39990234375,4525.0,4523.2998046875,4523.60009765625,23
2026-09-03 23:02:00-04:00,4521.89990234375,4524.2998046875,4521.89990234375,4524.2998046875,46
2026-09-03 23:03:00-04:00,4522.39990234375,4522.7001953125,4522.0,4522.0,20
2026-09-03 23:04:00-04:00,4522.0,4522.5,4522.0,4522.2998046875,8
2026-09-03 23:05:00-04:00,4519.60009765625,4522.10009765625,4518.39990234375,4522.0,92
2026-09-03 23:06:00-04:00,4519.7001953125,4520.39990234375,4518.89990234375,4519.7998046875,92
2026-09-03 23:07:00-04:00,4520.2998046875,4520.7998046875,4519.2998046875,4519.7001953125,48
2026-09-03 23:08:00-04:00,4520.2001953125,4521.2998046875,4520.2001953125,4520.89990234375,20
2026-09-03 23:09:00-04:00,4518.10009765625,4520.39990234375,4517.7001953125,4520.2998046875,45
2026-09-03 23:10:00-04:00,4517.89990234375,4518.10009765625,4517.2001953125,4517.89990234375,100
2026-09-03 23:11:00-04:00,4517.39990234375,4518.7998046875,4517.2998046875,4518.10009765625,51
2026-09-03 23:12:00-04:00,4517.2001953125,4517.60009765625,4517.0,4517.2998046875,32
2026-09-03 23:13:00-04:00,4517.2001953125,4517.60009765625,4516.39990234375,4517.2001953125,35
2026-09-03 23:14:00-04:00,4519.60009765625,4519.7998046875,4517.2001953125,4517.2001953125,65
2026-09-03 23:15:00-04:00,4518.7001953125,4520.39990234375,4518.0,4519.60009765625,101
2026-09-03 23:16:00-04:00,4518.0,4518.89990234375,4517.60009765625,4518.89990234375,60
2026-09-03 23:17:00-04:00,4519.10009765625,4519.39990234375,4518.39990234375,4518.60009765625,13
2026-09-03 23:18:00-04:00,4518.89990234375,4519.39990234375,4518.89990234375,4519.2001953125,16
2026-09-03 23:19:00-04:00,4518.89990234375,4518.89990234375,4518.10009765625,4518.39990234375,5
2026-09-03 23:20:00-04:00,4520.2998046875,4520.60009765625,4518.2998046875,4518.7998046875,13
2026-09-03 23:21:00-04:00,4520.0,4520.39990234375,4519.5,4520.0,44
2026-09-03 23:22:00-04:00,4519.10009765625,4520.0,4518.7998046875,4519.7001953125,11
2026-09-03 23:23:00-04:00,4520.2998046875,4521.0,4519.7998046875,4519.7998046875,81
2026-09-03 23:24:00-04:00,4519.7998046875,4519.7998046875,4519.2998046875,4519.7998046875,5
2026-09-03 23:25:00-04:00,4520.2998046875,4520.2998046875,4519.10009765625,4519.60009765625,13
2026-09-03 23:26:00-04:00,4520.39990234375,4520.60009765625,4519.7001953125,4519.7001953125,13
2026-09-03 23:27:00-04:00,4519.7998046875,4520.5,4519.2998046875,4520.5,13
2026-09-03 23:28:00-04:00,4518.60009765625,4519.7001953125,4518.60009765625,4519.60009765625,9
2026-09-03 23:29:00-04:00,4518.60009765625,4518.89990234375,4518.0,4518.2998046875,27
2026-09-03 23:30:00-04:00,4519.2001953125,4520.5,4518.5,4518.7998046875,33
2026-09-03 23:31:00-04:00,4520.39990234375,4520.39990234375,4519.0,4519.2001953125,21
2026-09-03 23:32:00-04:00,4520.0,4520.10009765625,4519.7001953125,4520.10009765625,4
2026-09-03 23:33:00-04:00,4521.0,4521.60009765625,4520.0,4520.0,28
2026-09-03 23:34:00-04:00,4520.5,4521.10009765625,4520.2998046875,4521.0,11
2026-09-03 23:35:00-04:00,4520.7998046875,4520.89990234375,4520.7001953125,4520.89990234375,4
2026-09-03 23:36:00-04:00,4520.10009765625,4520.89990234375,4520.0,4520.7001953125,14
2026-09-03 23:37:00-04:00,4521.10009765625,4521.10009765625,4519.89990234375,4520.2998046875,14
2026-09-03 23:38:00-04:00,4520.2998046875,4521.0,4520.2998046875,4520.7998046875,9
2026-09-03 23:39:00-04:00,4518.89990234375,4519.7998046875,4518.7998046875,4519.7998046875,19
2026-09-03 23:40:00-04:00,4519.0,4519.39990234375,4518.89990234375,4519.2998046875,8
2026-09-03 23:41:00-04:00,4518.39990234375,4519.10009765625,4518.39990234375,4518.89990234375,19
2026-09-03 23:42:00-04:00,4517.2001953125,4518.7001953125,4516.7998046875,4518.2001953125,31
2026-09-03 23:43:00-04:00,4516.89990234375,4517.39990234375,4516.39990234375,4517.10009765625,36
2026-09-03 23:44:00-04:00,4515.60009765625,4517.10009765625,4515.2001953125,4516.89990234375,42
2026-09-03 23:45:00-04:00,4516.0,4516.0,4515.2998046875,4515.39990234375,12
2026-09-03 23:46:00-04:00,4515.7001953125,4516.2998046875,4515.5,4515.7998046875,17
2026-09-03 23:47:00-04:00,4515.2001953125,4516.0,4515.10009765625,4515.7998046875,38
2026-09-03 23:48:00-04:00,4515.2998046875,4515.60009765625,4515.2001953125,4515.39990234375,10
2026-09-03 23:49:00-04:00,4515.7001953125,4516.0,4515.39990234375,4515.39990234375,12
2026-09-03 23:50:00-04:00,4515.89990234375,4516.39990234375,4515.7998046875,4515.7998046875,17
2026-09-03 23:51:00-04:00,4515.7001953125,4516.0,4513.7998046875,4515.7998046875,103
2026-09-03 23:52:00-04:00,4514.89990234375,4515.89990234375,4514.7001953125,4515.5,30
2026-09-03 23:53:00-04:00,4515.60009765625,4515.60009765625,4514.60009765625,4514.89990234375,20
2026-09-03 23:54:00-04:00,4515.7001953125,4516.0,4515.39990234375,4515.7998046875,15
2026-09-03 23:55:00-04:00,4515.89990234375,4516.10009765625,4515.7001953125,4515.7001953125,35
2026-09-03 23:56:00-04:00,4515.7998046875,4516.10009765625,4515.60009765625,4516.0,11
2026-09-03 23:57:00-04:00,4515.2998046875,4516.0,4515.2998046875,4516.0,13
2026-09-03 23:58:00-04:00,4513.7998046875,4515.0,4513.60009765625,4515.0,37
2026-09-04 00:00:00-04:00,4512.2998046875,4513.39990234375,4511.60009765625,4513.10009765625,154
2026-09-04 00:01:00-04:00,4515.0,4515.10009765625,4511.60009765625,4512.10009765625,165
2026-09-04 00:02:00-04:00,4513.2001953125,4515.2998046875,4513.2001953125,4514.89990234375,71
2026-09-04 00:03:00-04:00,4513.5,4514.39990234375,4512.2001953125,4513.5,93
2026-09-04 00:04:00-04:00,4515.2998046875,4515.60009765625,4513.60009765625,4513.7998046875,81
2026-09-04 00:05:00-04:00,4515.10009765625,4516.7001953125,4514.7998046875,4515.2001953125,89
2026-09-04 00:06:00-04:00,4514.39990234375,4515.2001953125,4514.39990234375,4515.10009765625,25
2026-09-04 00:07:00-04:00,4514.0,4514.5,4513.60009765625,4514.39990234375,36
2026-09-04 00:08:00-04:00,4514.39990234375,4514.7001953125,4513.89990234375,4514.10009765625,29
2026-09-04 00:09:00-04:00,4514.2001953125,4515.2998046875,4514.2001953125,4514.5,15
2026-09-04 00:10:00-04:00,4514.5,4514.60009765625,4514.10009765625,4514.5,21
2026-09-04 00:11:00-04:00,4515.39990234375,4516.10009765625,4514.7001953125,4514.7001953125,50
2026-09-04 00:12:00-04:00,4514.2001953125,4515.2998046875,4513.89990234375,4515.2998046875,16
2026-09-04 00:13:00-04:00,4516.10009765625,4516.2001953125,4514.10009765625,4514.2001953125,27
2026-09-04 00:14:00-04:00,4515.39990234375,4516.39990234375,4515.39990234375,4516.2001953125,46
2026-09-04 00:15:00-04:00,4515.2001953125,4515.39990234375,4515.2001953125,4515.39990234375,5
2026-09-04 00:16:00-04:00,4515.5,4515.5,4514.60009765625,4515.10009765625,10
2026-09-04 00:17:00-04:00,4515.39990234375,4515.60009765625,4514.7001953125,4515.10009765625,25
2026-09-04 00:19:00-04:00,4515.7001953125,4516.0,4515.5,4515.89990234375,8
2026-09-04 00:20:00-04:00,4515.89990234375,4515.89990234375,4515.2001953125,4515.7001953125,20
2026-09-04 00:21:00-04:00,4516.0,4516.2001953125,4515.7001953125,4516.0,22
2026-09-04 00:22:00-04:00,4515.89990234375,4516.7001953125,4515.5,4516.2001953125,60
2026-09-04 00:23:00-04:00,4516.2001953125,4516.2001953125,4515.5,4515.7998046875,42
2026-09-04 00:24:00-04:00,4516.7001953125,4516.7001953125,4515.7998046875,4515.89990234375,25
2026-09-04 00:25:00-04:00,4516.2998046875,4516.60009765625,4515.39990234375,4516.39990234375,34
2026-09-04 00:26:00-04:00,4516.39990234375,4516.7998046875,4515.7998046875,4516.10009765625,42
2026-09-04 00:27:00-04:00,4516.0,4516.60009765625,4515.7001953125,4516.5,31
2026-09-04 00:28:00-04:00,4517.2001953125,4517.7998046875,4516.5,4516.5,23
2026-09-04 00:29:00-04:00,4518.10009765625,4518.7998046875,4517.10009765625,4517.39990234375,65
2026-09-04 00:30:00-04:00,4519.2001953125,4519.5,4518.0,4518.10009765625,64
2026-09-04 00:31:00-04:00,4519.89990234375,4521.0,4519.2998046875,4519.2998046875,88
2026-09-04 00:32:00-04:00,4519.2001953125,4519.7001953125,4519.0,4519.7001953125,18
2026-09-04 00:33:00-04:00,4519.0,4519.5,4518.7001953125,4519.2998046875,49
2026-09-04 00:34:00-04:00,4518.5,4518.89990234375,4518.39990234375,4518.7001953125,20
2026-09-04 00:35:00-04:00,4519.0,4519.39990234375,4518.10009765625,4518.60009765625,36
2026-09-04 00:36:00-04:00,4519.5,4520.39990234375,4519.2998046875,4519.2998046875,24
2026-09-04 00:37:00-04:00,4520.2001953125,4520.60009765625,4519.7001953125,4519.7001953125,18
2026-09-04 00:38:00-04:00,4520.0,4521.10009765625,4519.7998046875,4520.0,50
2026-09-04 00:39:00-04:00,4520.5,4520.5,4520.0,4520.0,4
2026-09-04 00:40:00-04:00,4519.7001953125,4521.0,4519.7001953125,4520.2998046875,38
2026-09-04 00:41:00-04:00,4521.0,4521.0,4519.7998046875,4520.10009765625,13
2026-09-04 00:42:00-04:00,4520.7001953125,4521.0,4520.7001953125,4521.0,4
2026-09-04 00:43:00-04:00,4520.89990234375,4521.0,4520.7998046875,4520.7998046875,8
2026-09-04 00:44:00-04:00,4520.2001953125,4520.7001953125,4519.89990234375,4520.5,28
2026-09-04 00:45:00-04:00,4519.7998046875,4520.7998046875,4519.39990234375,4520.2998046875,21
2026-09-04 00:46:00-04:00,4520.39990234375,4520.7998046875,4520.0,4520.0,13
2026-09-04 00:47:00-04:00,4519.2001953125,4520.10009765625,4519.2001953125,4520.0,17
2026-09-04 00:48:00-04:00,4519.2998046875,4519.60009765625,4519.10009765625,4519.39990234375,24
2026-09-04 00:49:00-04:00,4519.89990234375,4520.2001953125,4519.5,4519.5,23
2026-09-04 00:50:00-04:00,4520.7001953125,4521.5,4520.0,4520.10009765625,23
2026-09-04 00:51:00-04:00,4521.10009765625,4521.10009765625,4520.2001953125,4520.5,24
2026-09-04 00:52:00-04:00,4520.7001953125,4520.7998046875,4520.39990234375,4520.7998046875,8
2026-09-04 00:53:00-04:00,4520.39990234375,4520.7001953125,4519.89990234375,4520.7001953125,36
2026-09-04 00:54:00-04:00,4520.60009765625,4520.60009765625,4520.2998046875,4520.60009765625,17
2026-09-04 00:55:00-04:00,4520.7001953125,4520.89990234375,4520.5,4520.7998046875,11
2026-09-04 00:56:00-04:00,4520.7998046875,4520.7998046875,4520.5,4520.7998046875,10
2026-09-04 00:57:00-04:00,4521.2001953125,4521.2001953125,4520.39990234375,4520.89990234375,78
2026-09-04 00:58:00-04:00,4520.2998046875,4520.5,4520.2998046875,4520.5,6
2026-09-04 00:59:00-04:00,4520.39990234375,4520.60009765625,4520.2001953125,4520.60009765625,11
2026-09-04 01:00:00-04:00,4520.39990234375,4520.60009765625,4519.89990234375,4520.2998046875,71
2026-09-04 01:01:00-04:00,4518.5,4521.10009765625,4518.2998046875,4520.5,55
2026-09-04 01:02:00-04:00,4519.2001953125,4519.39990234375,4517.7998046875,4518.60009765625,89
2026-09-04 01:03:00-04:00,4518.2998046875,4519.2998046875,4518.0,4519.2998046875,28
2026-09-04 01:04:00-04:00,4517.2998046875,4518.7001953125,4517.2001953125,4518.39990234375,52
2026-09-04 01:05:00-04:00,4515.5,4517.2001953125,4515.5,4517.2001953125,62
2026-09-04 01:06:00-04:00,4515.39990234375,4515.7001953125,4514.7998046875,4515.39990234375,57
2026-09-04 01:07:00-04:00,4516.2998046875,4516.39990234375,4515.5,4515.5,36
2026-09-04 01:08:00-04:00,4518.39990234375,4518.39990234375,4516.5,4516.5,42
2026-09-04 01:09:00-04:00,4515.5,4518.0,4514.7998046875,4518.0,78
2026-09-04 01:10:00-04:00,4514.39990234375,4515.7998046875,4514.39990234375,4515.39990234375,62
2026-09-04 01:11:00-04:00,4514.39990234375,4514.89990234375,4513.7998046875,4514.7001953125,48
2026-09-04 01:12:00-04:00,4514.39990234375,4515.2001953125,4514.39990234375,4514.89990234375,26
2026-09-04 01:13:00-04:00,4514.2001953125,4514.7998046875,4514.10009765625,4514.10009765625,10
2026-09-04 01:14:00-04:00,4515.7001953125,4515.7001953125,4514.2001953125,4514.2998046875,14
2026-09-04 01:15:00-04:00,4515.60009765625,4516.2998046875,4515.10009765625,4515.60009765625,31
2026-09-04 01:16:00-04:00,4516.2998046875,4516.2998046875,4514.89990234375,4515.89990234375,35
2026-09-04 01:17:00-04:00,4519.5,4519.5,4516.10009765625,4516.2998046875,229
2026-09-04 01:18:00-04:00,4521.10009765625,4521.10009765625,4518.7001953125,4519.39990234375,79
2026-09-04 01:19:00-04:00,4520.2998046875,4521.60009765625,4519.89990234375,4521.2998046875,46
2026-09-04 01:20:00-04:00,4519.60009765625,4520.60009765625,4519.60009765625,4520.0,31
2026-09-04 01:21:00-04:00,4517.10009765625,4519.89990234375,4517.10009765625,4519.5,26
2026-09-04 01:22:00-04:00,4517.39990234375,4517.5,4516.60009765625,4517.2001953125,40
2026-09-04 01:23:00-04:00,4517.0,4517.60009765625,4516.60009765625,4517.2998046875,26
2026-09-04 01:24:00-04:00,4517.2001953125,4517.7001953125,4517.10009765625,4517.2001953125,18
2026-09-04 01:25:00-04:00,4516.2998046875,4517.60009765625,4516.2998046875,4517.39990234375,24
2026-09-04 01:26:00-04:00,4516.7998046875,4517.39990234375,4516.10009765625,4516.5,24
2026-09-04 01:27:00-04:00,4516.60009765625,4517.10009765625,4516.60009765625,4516.7998046875,14
2026-09-04 01:28:00-04:00,4514.60009765625,4516.39990234375,4514.2998046875,4516.39990234375,62
2026-09-04 01:29:00-04:00,4513.7998046875,4515.2998046875,4513.7001953125,4514.7998046875,44
2026-09-04 01:30:00-04:00,4517.39990234375,4518.10009765625,4512.7998046875,4513.60009765625,270
2026-09-04 01:31:00-04:00,4517.7998046875,4517.7998046875,4516.2001953125,4517.2998046875,64
2026-09-04 01:32:00-04:00,4520.7001953125,4521.2998046875,4517.39990234375,4518.0,103
2026-09-04 01:33:00-04:00,4518.89990234375,4521.39990234375,4518.0,4521.2001953125,97
2026-09-04 01:34:00-04:00,4519.5,4519.7001953125,4518.7001953125,4518.89990234375,24
2026-09-04 01:35:00-04:00,4516.2001953125,4519.7001953125,4515.89990234375,4519.39990234375,188
2026-09-04 01:36:00-04:00,4515.89990234375,4516.10009765625,4515.2998046875,4516.10009765625,26
2026-09-04 01:37:00-04:00,4516.5,4516.60009765625,4515.5,4516.0,49
2026-09-04 01:38:00-04:00,4518.7001953125,4519.10009765625,4516.39990234375,4516.39990234375,47
2026-09-04 01:39:00-04:00,4522.7001953125,4523.10009765625,4518.7998046875,4518.7998046875,308
2026-09-04 01:40:00-04:00,4523.0,4523.60009765625,4522.10009765625,4522.7001953125,211
2026-09-04 01:41:00-04:00,4521.2998046875,4523.89990234375,4521.2001953125,4523.60009765625,116
2026-09-04 01:42:00-04:00,4520.7001953125,4521.89990234375,4520.7001953125,4521.10009765625,49
2026-09-04 01:43:00-04:00,4518.2001953125,4520.7001953125,4518.10009765625,4520.7001953125,121
2026-09-04 01:44:00-04:00,4517.2001953125,4518.2001953125,4516.39990234375,4518.2001953125,121
2026-09-04 01:45:00-04:00,4518.2001953125,4519.0,4517.10009765625,4517.10009765625,50
2026-09-04 01:46:00-04:00,4518.2001953125,4519.0,4517.7998046875,4518.2998046875,53
2026-09-04 01:47:00-04:00,4518.39990234375,4518.7001953125,4518.0,4518.0,50
2026-09-04 01:48:00-04:00,4518.10009765625,4518.7998046875,4518.10009765625,4518.39990234375,23
2026-09-04 01:49:00-04:00,4517.0,4518.2998046875,4517.0,4517.60009765625,45
2026-09-04 01:50:00-04:00,4515.10009765625,4516.7001953125,4514.0,4516.5,141
2026-09-04 01:51:00-04:00,4516.7001953125,4516.7001953125,4514.5,4515.0,45
2026-09-04 01:52:00-04:00,4514.89990234375,4516.60009765625,4514.89990234375,4516.60009765625,34
2026-09-04 01:53:00-04:00,4514.39990234375,4515.0,4514.0,4514.89990234375,67
2026-09-04 01:54:00-04:00,4513.39990234375,4514.7001953125,4513.39990234375,4514.2998046875,66
2026-09-04 01:55:00-04:00,4515.2998046875,4515.5,4513.39990234375,4513.39990234375,45
2026-09-04 01:56:00-04:00,4515.7998046875,4515.89990234375,4514.7998046875,4515.2001953125,47
2026-09-04 01:57:00-04:00,4515.39990234375,4515.89990234375,4514.7998046875,4515.7998046875,23
2026-09-04 01:58:00-04:00,4517.10009765625,4517.5,4515.39990234375,4515.39990234375,83
2026-09-04 01:59:00-04:00,4518.2001953125,4518.7001953125,4516.60009765625,4517.10009765625,236
2026-09-04 02:00:00-04:00,4516.89990234375,4518.60009765625,4516.39990234375,4518.10009765625,334
2026-09-04 02:01:00-04:00,4517.2998046875,4519.5,4516.39990234375,4516.60009765625,196
2026-09-04 02:02:00-04:00,4517.10009765625,4519.0,4517.10009765625,4517.39990234375,135
2026-09-04 02:03:00-04:00,4516.5,4517.60009765625,4515.2998046875,4517.0,203
2026-09-04 02:04:00-04:00,4517.0,4517.7998046875,4515.39990234375,4516.39990234375,163
2026-09-04 02:05:00-04:00,4517.10009765625,4517.60009765625,4516.39990234375,4516.7998046875,32
2026-09-04 02:06:00-04:00,4517.2998046875,4518.10009765625,4516.7998046875,4517.2998046875,63
2026-09-04 02:07:00-04:00,4515.7998046875,4517.7001953125,4515.7998046875,4517.39990234375,27
2026-09-04 02:08:00-04:00,4514.89990234375,4515.60009765625,4514.39990234375,4515.60009765625,40
2026-09-04 02:09:00-04:00,4515.7998046875,4516.0,4514.0,4515.0,68
2026-09-04 02:10:00-04:00,4517.0,4517.39990234375,4515.2998046875,4515.39990234375,47
2026-09-04 02:11:00-04:00,4513.7001953125,4516.89990234375,4513.60009765625,4516.89990234375,43
2026-09-04 02:12:00-04:00,4513.89990234375,4514.2998046875,4513.0,4513.7998046875,80
2026-09-04 02:13:00-04:00,4513.0,4514.5,4512.7998046875,4514.10009765625,45
2026-09-04 02:14:00-04:00,4515.0,4515.2001953125,4513.0,4513.0,42
2026-09-04 02:15:00-04:00,4514.60009765625,4515.2001953125,4514.2998046875,4514.89990234375,42
2026-09-04 02:16:00-04:00,4513.7998046875,4515.2998046875,4513.5,4515.2998046875,62
2026-09-04 02:17:00-04:00,4514.10009765625,4514.2998046875,4513.5,4513.7998046875,39
2026-09-04 02:18:00-04:00,4514.0,4514.5,4513.60009765625,4514.0,13
2026-09-04 02:19:00-04:00,4514.89990234375,4515.2001953125,4513.39990234375,4513.60009765625,62
2026-09-04 02:20:00-04:00,4517.39990234375,4517.5,4514.89990234375,4514.89990234375,72
2026-09-04 02:21:00-04:00,4517.60009765625,4517.60009765625,4516.89990234375,4517.2001953125,47
2026-09-04 02:22:00-04:00,4514.0,4517.7998046875,4513.89990234375,4517.5,61
2026-09-04 02:23:00-04:00,4515.5,4516.2001953125,4514.0,4514.0,78
2026-09-04 02:24:00-04:00,4514.10009765625,4514.39990234375,4512.89990234375,4514.39990234375,50
2026-09-04 02:25:00-04:00,4516.2001953125,4516.2001953125,4514.60009765625,4514.60009765625,24
2026-09-04 02:26:00-04:00,4516.7998046875,4516.7998046875,4515.7001953125,4516.2998046875,34
2026-09-04 02:27:00-04:00,4518.10009765625,4518.10009765625,4516.39990234375,4516.7001953125,66
2026-09-04 02:28:00-04:00,4516.0,4518.10009765625,4515.7001953125,4518.0,45
2026-09-04 02:29:00-04:00,4515.2001953125,4516.89990234375,4514.60009765625,4516.0,34
2026-09-04 02:30:00-04:00,4514.89990234375,4515.89990234375,4514.39990234375,4515.2001953125,53
2026-09-04 02:31:00-04:00,4514.5,4515.0,4512.89990234375,4515.0,66
2026-09-04 02:32:00-04:00,4515.5,4515.7998046875,4514.60009765625,4514.7001953125,44
2026-09-04 02:33:00-04:00,4514.39990234375,4516.10009765625,4514.2001953125,4515.60009765625,60
2026-09-04 02:34:00-04:00,4511.0,4513.7998046875,4510.60009765625,4513.7998046875,97
2026-09-04 02:35:00-04:00,4511.7998046875,4512.7998046875,4510.60009765625,4511.2001953125,89
2026-09-04 02:36:00-04:00,4512.0,4512.2998046875,4511.5,4511.7001953125,45
2026-09-04 02:37:00-04:00,4510.10009765625,4511.2998046875,4509.2998046875,4511.2998046875,191
2026-09-04 02:38:00-04:00,4512.10009765625,4512.39990234375,4510.2001953125,4510.2001953125,127
2026-09-04 02:39:00-04:00,4512.39990234375,4512.89990234375,4511.39990234375,4512.5,67
2026-09-04 02:40:00-04:00,4512.7001953125,4512.7998046875,4511.0,4512.2998046875,58
2026-09-04 02:41:00-04:00,4514.5,4514.89990234375,4512.60009765625,4512.60009765625,65
2026-09-04 02:42:00-04:00,4512.0,4514.7998046875,4511.60009765625,4514.7998046875,156
2026-09-04 02:43:00-04:00,4513.39990234375,4513.39990234375,4512.10009765625,4512.10009765625,71
2026-09-04 02:44:00-04:00,4510.60009765625,4513.2998046875,4510.5,4513.2998046875,54
2026-09-04 02:45:00-04:00,4508.7998046875,4510.7998046875,4508.7998046875,4510.60009765625,120
2026-09-04 02:46:00-04:00,4508.7998046875,4509.2998046875,4508.5,4509.10009765625,96
2026-09-04 02:47:00-04:00,4509.7998046875,4510.10009765625,4508.2001953125,4508.7001953125,152
2026-09-04 02:48:00-04:00,4508.60009765625,4510.60009765625,4508.5,4509.89990234375,76
2026-09-04 02:49:00-04:00,4508.10009765625,4509.10009765625,4507.7998046875,4508.5,85
2026-09-04 02:50:00-04:00,4510.5,4510.7998046875,4507.60009765625,4508.2001953125,122
2026-09-04 02:51:00-04:00,4510.0,4510.5,4509.7001953125,4510.2998046875,42
2026-09-04 02:52:00-04:00,4509.5,4510.2001953125,4509.10009765625,4509.89990234375,27
2026-09-04 02:53:00-04:00,4509.5,4509.5,4508.5,4509.0,33
2026-09-04 02:54:00-04:00,4509.0,4509.7001953125,4508.7001953125,4509.2001953125,54
2026-09-04 02:55:00-04:00,4508.7998046875,4510.0,4508.5,4509.10009765625,54
2026-09-04 02:56:00-04:00,4507.7001953125,4509.10009765625,4507.2998046875,4508.89990234375,92
2026-09-04 02:57:00-04:00,4507.2998046875,4507.7998046875,4506.60009765625,4507.7001953125,82
2026-09-04 02:58:00-04:00,4509.10009765625,4509.2998046875,4507.39990234375,4507.39990234375,73
2026-09-04 02:59:00-04:00,4509.5,4509.89990234375,4509.0,4509.0,49
2026-09-04 03:00:00-04:00,4509.89990234375,4510.7001953125,4508.0,4509.2998046875,137
2026-09-04 03:01:00-04:00,4509.7001953125,4510.2998046875,4508.7998046875,4509.5,48
2026-09-04 03:02:00-04:00,4510.5,4510.7998046875,4509.39990234375,4509.89990234375,51
2026-09-04 03:03:00-04:00,4512.60009765625,4512.60009765625,4510.2001953125,4510.39990234375,122
2026-09-04 03:04:00-04:00,4512.89990234375,4514.2001953125,4512.60009765625,4512.60009765625,117
2026-09-04 03:05:00-04:00,4513.0,4513.10009765625,4511.60009765625,4512.89990234375,75
2026-09-04 03:06:00-04:00,4512.5,4513.10009765625,4512.2998046875,4512.7998046875,42
2026-09-04 03:07:00-04:00,4514.60009765625,4515.10009765625,4512.60009765625,4512.7001953125,107
2026-09-04 03:08:00-04:00,4515.0,4515.10009765625,4514.2998046875,4514.5,98
2026-09-04 03:09:00-04:00,4515.39990234375,4515.89990234375,4514.2998046875,4515.2001953125,123
2026-09-04 03:10:00-04:00,4517.2001953125,4517.2998046875,4515.39990234375,4515.39990234375,81
2026-09-04 03:11:00-04:00,4516.89990234375,4517.5,4516.2998046875,4517.39990234375,87
2026-09-04 03:12:00-04:00,4515.5,4516.89990234375,4515.2001953125,4516.89990234375,83
2026-09-04 03:13:00-04:00,4517.2001953125,4518.2998046875,4515.0,4515.5,148
2026-09-04 03:14:00-04:00,4514.7001953125,4517.89990234375,4514.7001953125,4517.10009765625,109
2026-09-04 03:15:00-04:00,4514.39990234375,4514.89990234375,4513.5,4514.39990234375,38
2026-09-04 03:16:00-04:00,4514.39990234375,4514.89990234375,4513.89990234375,4514.60009765625,26
2026-09-04 03:17:00-04:00,4514.2001953125,4514.7001953125,4513.60009765625,4514.7001953125,58
2026-09-04 03:18:00-04:00,4514.39990234375,4515.0,4513.7001953125,4514.2998046875,82
2026-09-04 03:19:00-04:00,4515.7001953125,4515.7998046875,4514.0,4514.5,61
2026-09-04 03:20:00-04:00,4514.5,4516.2001953125,4514.10009765625,4515.89990234375,58
2026-09-04 03:21:00-04:00,4513.7001953125,4514.7001953125,4513.7001953125,4514.60009765625,37
2026-09-04 03:22:00-04:00,4514.7998046875,4515.0,4513.60009765625,4513.7998046875,33
2026-09-04 03:23:00-04:00,4514.7001953125,4515.2001953125,4514.5,4514.7998046875,28
2026-09-04 03:24:00-04:00,4516.39990234375,4516.7998046875,4514.7998046875,4514.7998046875,57
2026-09-04 03:25:00-04:00,4516.39990234375,4517.0,4515.60009765625,4516.2001953125,133
2026-09-04 03:26:00-04:00,4515.39990234375,4516.60009765625,4515.2998046875,4516.5,75
2026-09-04 03:27:00-04:00,4516.7001953125,4516.89990234375,4514.89990234375,4515.2998046875,38
2026-09-04 03:28:00-04:00,4517.7001953125,4518.5,4516.39990234375,4517.0,56
2026-09-04 03:29:00-04:00,4519.60009765625,4520.0,4516.89990234375,4517.5,238
2026-09-04 03:30:00-04:00,4521.0,4521.10009765625,4519.60009765625,4519.60009765625,80
2026-09-04 03:31:00-04:00,4520.60009765625,4522.10009765625,4519.89990234375,4521.0,185
2026-09-04 03:32:00-04:00,4520.39990234375,4521.10009765625,4520.0,4520.5,51
2026-09-04 03:33:00-04:00,4520.5,4520.7998046875,4519.89990234375,4520.2998046875,123
2026-09-04 03:34:00-04:00,4521.7998046875,4522.10009765625,4520.5,4520.7001953125,63
2026-09-04 03:35:00-04:00,4522.2998046875,4522.2998046875,4521.2001953125,4521.60009765625,52
2026-09-04 03:36:00-04:00,4522.7001953125,4522.89990234375,4521.7998046875,4521.89990234375,47
2026-09-04 03:37:00-04:00,4522.5,4523.2998046875,4521.89990234375,4522.7998046875,47
2026-09-04 03:38:00-04:00,4522.10009765625,4522.60009765625,4521.2001953125,4522.2998046875,56
2026-09-04 03:39:00-04:00,4521.7998046875,4522.39990234375,4521.39990234375,4521.7998046875,41
2026-09-04 03:40:00-04:00,4522.10009765625,4522.7998046875,4521.7998046875,4521.89990234375,63
2026-09-04 03:41:00-04:00,4524.89990234375,4525.0,4522.2001953125,4522.2001953125,130
2026-09-04 03:42:00-04:00,4529.2001953125,4529.2001953125,4524.39990234375,4525.0,199
2026-09-04 03:43:00-04:00,4531.0,4531.7998046875,4528.60009765625,4529.0,608
2026-09-04 03:44:00-04:00,4532.5,4534.39990234375,4531.0,4531.0,452
2026-09-04 03:45:00-04:00,4533.7998046875,4534.2001953125,4531.5,4532.7001953125,177
2026-09-04 03:46:00-04:00,4533.60009765625,4535.39990234375,4532.7998046875,4533.7998046875,195
2026-09-04 03:47:00-04:00,4535.39990234375,4535.7998046875,4533.7998046875,4533.89990234375,90
2026-09-04 03:48:00-04:00,4536.2998046875,4537.7998046875,4535.39990234375,4535.39990234375,381
2026-09-04 03:49:00-04:00,4534.7998046875,4536.7001953125,4534.39990234375,4536.5,211
2026-09-04 03:50:00-04:00,4532.0,4534.89990234375,4531.7998046875,4534.89990234375,110
2026-09-04 03:51:00-04:00,4531.60009765625,4532.10009765625,4530.60009765625,4531.7998046875,97
2026-09-04 03:52:00-04:00,4529.7998046875,4531.89990234375,4529.39990234375,4531.5,84
2026-09-04 03:53:00-04:00,4530.2998046875,4530.7998046875,4529.7001953125,4529.7001953125,37
2026-09-04 03:54:00-04:00,4531.5,4532.60009765625,4529.7001953125,4530.0,253
2026-09-04 03:55:00-04:00,4531.2001953125,4533.10009765625,4531.10009765625,4531.39990234375,215
2026-09-04 03:56:00-04:00,4532.39990234375,4533.60009765625,4529.89990234375,4531.2001953125,202
2026-09-04 03:57:00-04:00,4529.2001953125,4533.10009765625,4528.2001953125,4532.5,251
2026-09-04 03:58:00-04:00,4529.7998046875,4530.2001953125,4529.2001953125,4529.2001953125,51
2026-09-04 03:59:00-04:00,4530.2998046875,4530.39990234375,4529.2001953125,4529.5,48
2026-09-04 04:00:00-04:00,4533.60009765625,4533.60009765625,4530.2001953125,4530.39990234375,170
2026-09-04 04:01:00-04:00,4532.39990234375,4533.5,4531.7998046875,4533.2998046875,104
2026-09-04 04:02:00-04:00,4531.7998046875,4533.0,4530.10009765625,4532.7998046875,242
2026-09-04 04:03:00-04:00,4531.0,4532.10009765625,4530.39990234375,4531.39990234375,26
2026-09-04 04:04:00-04:00,4530.60009765625,4532.2998046875,4530.39990234375,4530.7998046875,159
2026-09-04 04:05:00-04:00,4529.10009765625,4530.89990234375,4528.5,4530.7001953125,53
2026-09-04 04:06:00-04:00,4530.39990234375,4530.39990234375,4528.7001953125,4529.10009765625,43
2026-09-04 04:07:00-04:00,4529.10009765625,4531.10009765625,4529.10009765625,4530.60009765625,54
2026-09-04 04:08:00-04:00,4529.39990234375,4530.0,4529.0,4529.60009765625,35
2026-09-04 04:09:00-04:00,4527.89990234375,4529.7998046875,4526.7998046875,4529.2998046875,165
2026-09-04 04:10:00-04:00,4526.39990234375,4528.7998046875,4526.39990234375,4528.0,186
2026-09-04 04:11:00-04:00,4527.5,4528.0,4525.7001953125,4526.5,236
2026-09-04 04:12:00-04:00,4528.7001953125,4528.89990234375,4525.7998046875,4527.2998046875,152
2026-09-04 04:13:00-04:00,4530.10009765625,4530.89990234375,4529.0,4529.0,60
2026-09-04 04:14:00-04:00,4528.89990234375,4530.60009765625,4528.89990234375,4530.0,59
2026-09-04 04:15:00-04:00,4530.5,4530.5,4528.5,4528.60009765625,51
2026-09-04 04:16:00-04:00,4529.5,4530.7001953125,4529.2998046875,4530.10009765625,33
2026-09-04 04:17:00-04:00,4530.89990234375,4530.89990234375,4529.2998046875,4530.0,50
2026-09-04 04:18:00-04:00,4529.10009765625,4530.7001953125,4528.10009765625,4530.60009765625,54
2026-09-04 04:19:00-04:00,4529.2998046875,4530.0,4529.0,4529.39990234375,38
2026-09-04 04:20:00-04:00,4530.89990234375,4531.0,4529.39990234375,4529.5,60
2026-09-04 04:21:00-04:00,4529.39990234375,4530.7998046875,4527.89990234375,4530.5,43
2026-09-04 04:22:00-04:00,4528.10009765625,4529.39990234375,4527.89990234375,4529.0,80
2026-09-04 04:23:00-04:00,4528.2001953125,4529.10009765625,4528.10009765625,4528.2001953125,20
2026-09-04 04:24:00-04:00,4527.10009765625,4528.0,4526.7998046875,4528.0,34
2026-09-04 04:25:00-04:00,4526.60009765625,4527.39990234375,4526.39990234375,4527.10009765625,31
2026-09-04 04:26:00-04:00,4528.5,4528.7001953125,4527.2001953125,4527.2001953125,53
2026-09-04 04:27:00-04:00,4528.0,4528.60009765625,4527.60009765625,4528.10009765625,59
2026-09-04 04:28:00-04:00,4528.5,4528.7001953125,4528.0,4528.10009765625,24
2026-09-04 04:29:00-04:00,4527.7998046875,4528.89990234375,4527.7998046875,4528.39990234375,42
2026-09-04 04:30:00-04:00,4528.60009765625,4529.2001953125,4527.60009765625,4528.10009765625,50
2026-09-04 04:31:00-04:00,4526.7998046875,4529.2998046875,4526.10009765625,4528.60009765625,86
2026-09-04 04:32:00-04:00,4526.2998046875,4526.2998046875,4524.89990234375,4526.2998046875,92
2026-09-04 04:33:00-04:00,4527.7001953125,4527.89990234375,4526.2998046875,4526.5,65
2026-09-04 04:34:00-04:00,4527.39990234375,4528.39990234375,4527.2998046875,4527.5,37
2026-09-04 04:35:00-04:00,4527.39990234375,4528.10009765625,4527.0,4527.60009765625,33
2026-09-04 04:36:00-04:00,4526.60009765625,4528.10009765625,4526.5,4527.2998046875,39
2026-09-04 04:37:00-04:00,4525.0,4527.2001953125,4525.0,4526.89990234375,35
2026-09-04 04:38:00-04:00,4524.39990234375,4526.2001953125,4524.2998046875,4525.0,64
2026-09-04 04:39:00-04:00,4525.2001953125,4525.39990234375,4524.7001953125,4524.7001953125,52
2026-09-04 04:40:00-04:00,4524.7001953125,4525.0,4524.5,4525.0,22
2026-09-04 04:41:00-04:00,4525.0,4525.2001953125,4524.10009765625,4524.7998046875,79
2026-09-04 04:42:00-04:00,4525.2998046875,4525.7998046875,4524.7001953125,4524.7001953125,43
2026-09-04 04:43:00-04:00,4524.2998046875,4525.5,4524.10009765625,4524.7998046875,19
2026-09-04 04:44:00-04:00,4524.5,4524.89990234375,4524.2001953125,4524.2998046875,27
2026-09-04 04:45:00-04:00,4524.39990234375,4524.7001953125,4523.2998046875,4524.10009765625,52
2026-09-04 04:46:00-04:00,4524.39990234375,4524.60009765625,4523.7998046875,4524.39990234375,28
2026-09-04 04:47:00-04:00,4523.60009765625,4525.10009765625,4523.60009765625,4524.5,24
2026-09-04 04:48:00-04:00,4523.10009765625,4523.5,4522.89990234375,4523.5,32
2026-09-04 04:49:00-04:00,4521.5,4523.10009765625,4521.5,4523.10009765625,40
2026-09-04 04:50:00-04:00,4521.39990234375,4522.10009765625,4521.39990234375,4521.7998046875,25
2026-09-04 04:51:00-04:00,4521.7998046875,4521.7998046875,4521.2001953125,4521.39990234375,29
2026-09-04 04:52:00-04:00,4521.7998046875,4521.89990234375,4521.0,4521.7001953125,44
2026-09-04 04:53:00-04:00,4523.2998046875,4523.39990234375,4521.5,4521.60009765625,28
2026-09-04 04:54:00-04:00,4523.39990234375,4524.0,4522.60009765625,4523.2001953125,58
2026-09-04 04:55:00-04:00,4523.89990234375,4524.5,4523.39990234375,4523.5,53
2026-09-04 04:56:00-04:00,4525.60009765625,4526.39990234375,4524.0,4524.0,111
2026-09-04 04:57:00-04:00,4525.2998046875,4526.10009765625,4525.0,4525.5,56
2026-09-04 04:58:00-04:00,4524.0,4525.2001953125,4524.0,4525.0,16
2026-09-04 04:59:00-04:00,4524.2998046875,4525.10009765625,4524.0,4524.10009765625,32
2026-09-04 05:00:00-04:00,4524.2998046875,4525.2001953125,4524.2001953125,4524.5,41
2026-09-04 05:01:00-04:00,4524.5,4524.60009765625,4523.10009765625,4524.0,29
2026-09-04 05:02:00-04:00,4525.5,4525.7001953125,4524.39990234375,4524.39990234375,37
2026-09-04 05:03:00-04:00,4525.39990234375,4525.60009765625,4525.10009765625,4525.2998046875,26
2026-09-04 05:04:00-04:00,4524.7998046875,4525.39990234375,4523.89990234375,4525.39990234375,31
2026-09-04 05:05:00-04:00,4523.2001953125,4524.5,4522.5,4524.39990234375,25
2026-09-04 05:06:00-04:00,4521.10009765625,4522.7998046875,4520.7998046875,4522.7998046875,228
2026-09-04 05:07:00-04:00,4520.7001953125,4521.10009765625,4520.2998046875,4521.0,32
2026-09-04 05:08:00-04:00,4521.10009765625,4521.10009765625,4520.2998046875,4520.7998046875,28
2026-09-04 05:09:00-04:00,4521.60009765625,4521.7998046875,4520.7998046875,4520.7998046875,26
2026-09-04 05:10:00-04:00,4520.7001953125,4521.39990234375,4520.2001953125,4521.39990234375,39
2026-09-04 05:11:00-04:00,4518.0,4520.7001953125,4518.0,4520.60009765625,97
2026-09-04 05:12:00-04:00,4517.7998046875,4518.60009765625,4517.2001953125,4517.89990234375,103
2026-09-04 05:13:00-04:00,4516.10009765625,4517.39990234375,4515.5,4517.39990234375,72
2026-09-04 05:14:00-04:00,4516.60009765625,4516.60009765625,4515.60009765625,4516.5,61
2026-09-04 05:15:00-04:00,4516.2998046875,4517.39990234375,4514.39990234375,4516.39990234375,211
2026-09-04 05:16:00-04:00,4515.89990234375,4516.2001953125,4514.5,4516.2001953125,72
2026-09-04 05:17:00-04:00,4515.10009765625,4516.10009765625,4514.7001953125,4515.60009765625,50
2026-09-04 05:18:00-04:00,4515.10009765625,4515.2001953125,4514.10009765625,4515.2001953125,58
2026-09-04 05:19:00-04:00,4513.2998046875,4515.2001953125,4513.10009765625,4515.10009765625,102
2026-09-04 05:20:00-04:00,4513.10009765625,4513.2998046875,4511.10009765625,4513.2001953125,196
2026-09-04 05:21:00-04:00,4510.60009765625,4513.7998046875,4510.0,4513.2001953125,116
2026-09-04 05:22:00-04:00,4513.10009765625,4513.10009765625,4510.60009765625,4510.60009765625,104
2026-09-04 05:23:00-04:00,4512.7998046875,4513.5,4512.2998046875,4513.10009765625,96
2026-09-04 05:24:00-04:00,4511.10009765625,4513.2998046875,4511.10009765625,4513.10009765625,58
2026-09-04 05:25:00-04:00,4510.7001953125,4511.2998046875,4510.0,4510.7001953125,86
2026-09-04 05:26:00-04:00,4511.2998046875,4511.5,4510.2001953125,4510.7998046875,57
2026-09-04 05:27:00-04:00,4510.7998046875,4511.60009765625,4510.10009765625,4511.60009765625,120
2026-09-04 05:28:00-04:00,4510.89990234375,4510.89990234375,4510.10009765625,4510.89990234375,56
2026-09-04 05:29:00-04:00,4512.7998046875,4512.7998046875,4510.5,4510.60009765625,136
2026-09-04 05:30:00-04:00,4514.0,4514.10009765625,4512.0,4512.7998046875,161
2026-09-04 05:31:00-04:00,4513.60009765625,4514.2998046875,4513.2001953125,4514.0,161
2026-09-04 05:32:00-04:00,4516.2001953125,4516.2001953125,4510.7998046875,4513.5,361
2026-09-04 05:33:00-04:00,4515.0,4516.5,4514.60009765625,4516.10009765625,157
2026-09-04 05:34:00-04:00,4513.39990234375,4515.10009765625,4512.5,4515.0,174
2026-09-04 05:35:00-04:00,4514.2998046875,4514.7998046875,4512.5,4512.89990234375,78
2026-09-04 05:36:00-04:00,4515.2998046875,4515.7998046875,4514.2998046875,4514.2998046875,69
2026-09-04 05:37:00-04:00,4515.0,4515.89990234375,4515.0,4515.7001953125,45
2026-09-04 05:38:00-04:00,4514.89990234375,4515.5,4514.7001953125,4515.10009765625,45
2026-09-04 05:39:00-04:00,4514.0,4514.89990234375,4514.0,4514.7001953125,30
2026-09-04 05:40:00-04:00,4514.2998046875,4514.7998046875,4513.39990234375,4514.0,53
2026-09-04 05:41:00-04:00,4513.60009765625,4514.0,4513.60009765625,4513.89990234375,14
2026-09-04 05:42:00-04:00,4513.89990234375,4513.89990234375,4512.7001953125,4513.7001953125,108
2026-09-04 05:43:00-04:00,4512.5,4513.89990234375,4512.2001953125,4513.7001953125,59
2026-09-04 05:44:00-04:00,4513.39990234375,4513.7998046875,4511.7998046875,4512.7001953125,355
2026-09-04 05:45:00-04:00,4514.39990234375,4514.60009765625,4513.5,4513.5,48
2026-09-04 05:46:00-04:00,4515.60009765625,4515.60009765625,4514.60009765625,4514.7001953125,24
2026-09-04 05:47:00-04:00,4515.2001953125,4515.7998046875,4514.89990234375,4515.5,26
2026-09-04 05:48:00-04:00,4515.2001953125,4515.7001953125,4514.5,4515.2001953125,27
2026-09-04 05:49:00-04:00,4515.2001953125,4516.10009765625,4515.10009765625,4515.2001953125,43
2026-09-04 05:50:00-04:00,4515.5,4515.7998046875,4514.89990234375,4515.60009765625,35
2026-09-04 05:51:00-04:00,4515.0,4515.7001953125,4515.0,4515.5,29
2026-09-04 05:52:00-04:00,4514.2998046875,4515.2001953125,4514.2998046875,4514.7001953125,61
2026-09-04 05:53:00-04:00,4515.2998046875,4515.2998046875,4514.2998046875,4514.2998046875,35
2026-09-04 05:54:00-04:00,4513.5,4515.2001953125,4513.5,4515.10009765625,22
2026-09-04 05:55:00-04:00,4514.0,4514.0,4512.60009765625,4513.10009765625,55
2026-09-04 05:56:00-04:00,4514.5,4514.7001953125,4513.60009765625,4513.89990234375,21
2026-09-04 05:57:00-04:00,4514.89990234375,4515.89990234375,4514.89990234375,4515.2998046875,18
2026-09-04 05:58:00-04:00,4513.7001953125,4514.60009765625,4513.0,4514.60009765625,29
2026-09-04 05:59:00-04:00,4511.7998046875,4514.39990234375,4511.60009765625,4514.0,100
2026-09-04 06:00:00-04:00,4513.2998046875,4513.7001953125,4511.60009765625,4511.7001953125,40
2026-09-04 06:01:00-04:00,4513.10009765625,4513.7998046875,4512.7998046875,4513.0,25
2026-09-04 06:02:00-04:00,4512.7001953125,4513.2001953125,4512.5,4512.89990234375,12
2026-09-04 06:03:00-04:00,4514.0,4514.0,4512.7001953125,4512.7001953125,20
2026-09-04 06:04:00-04:00,4515.60009765625,4516.39990234375,4514.10009765625,4514.10009765625,58
2026-09-04 06:05:00-04:00,4515.7998046875,4515.7998046875,4515.10009765625,4515.7001953125,35
2026-09-04 06:06:00-04:00,4515.7998046875,4516.0,4515.39990234375,4515.7998046875,16
2026-09-04 06:07:00-04:00,4516.7998046875,4517.2001953125,4515.7001953125,4515.89990234375,39
2026-09-04 06:08:00-04:00,4516.89990234375,4516.89990234375,4516.2001953125,4516.7001953125,11
2026-09-04 06:09:00-04:00,4516.89990234375,4516.89990234375,4516.39990234375,4516.7998046875,15
2026-09-04 06:10:00-04:00,4516.2001953125,4516.7998046875,4515.2001953125,4516.7998046875,30
2026-09-04 06:11:00-04:00,4515.89990234375,4516.39990234375,4515.89990234375,4516.0,19
2026-09-04 06:12:00-04:00,4517.39990234375,4517.39990234375,4516.10009765625,4516.10009765625,25
2026-09-04 06:13:00-04:00,4517.7998046875,4518.10009765625,4517.2001953125,4517.39990234375,41
2026-09-04 06:14:00-04:00,4519.0,4519.39990234375,4517.7998046875,4517.7998046875,96
2026-09-04 06:15:00-04:00,4518.10009765625,4519.60009765625,4518.0,4518.89990234375,77
2026-09-04 06:16:00-04:00,4519.2998046875,4519.2998046875,4517.39990234375,4518.0,106
2026-09-04 06:17:00-04:00,4518.10009765625,4519.0,4517.89990234375,4518.7001953125,24
2026-09-04 06:18:00-04:00,4518.2001953125,4518.2001953125,4518.0,4518.10009765625,26
2026-09-04 06:19:00-04:00,4518.2001953125,4518.5,4518.10009765625,4518.2001953125,15
2026-09-04 06:20:00-04:00,4517.7998046875,4518.2998046875,4517.7998046875,4518.2998046875,12
2026-09-04 06:21:00-04:00,4517.0,4518.0,4516.89990234375,4517.7998046875,18
2026-09-04 06:22:00-04:00,4516.2998046875,4516.89990234375,4515.60009765625,4516.89990234375,45
2026-09-04 06:23:00-04:00,4515.60009765625,4516.5,4515.0,4516.2998046875,100
2026-09-04 06:24:00-04:00,4514.7998046875,4515.2998046875,4514.39990234375,4515.2998046875,37
2026-09-04 06:25:00-04:00,4518.0,4520.0,4514.7001953125,4514.7998046875,350
2026-09-04 06:26:00-04:00,4515.5,4518.0,4515.2001953125,4517.89990234375,41
2026-09-04 06:27:00-04:00,4516.10009765625,4516.7001953125,4515.39990234375,4515.5,23
2026-09-04 06:28:00-04:00,4517.0,4517.10009765625,4516.5,4516.5,14
2026-09-04 06:29:00-04:00,4517.5,4517.5,4516.89990234375,4517.10009765625,29
2026-09-04 06:30:00-04:00,4517.60009765625,4517.7001953125,4517.2001953125,4517.60009765625,19
2026-09-04 06:31:00-04:00,4519.0,4519.2998046875,4517.7998046875,4517.89990234375,34
2026-09-04 06:32:00-04:00,4520.7001953125,4520.89990234375,4518.7998046875,4518.7998046875,69
2026-09-04 06:33:00-04:00,4521.10009765625,4521.5,4520.2998046875,4520.60009765625,96
2026-09-04 06:34:00-04:00,4519.2998046875,4521.39990234375,4519.2998046875,4521.0,43
2026-09-04 06:35:00-04:00,4518.60009765625,4519.7001953125,4518.5,4519.7001953125,27
2026-09-04 06:36:00-04:00,4517.89990234375,4518.39990234375,4517.7001953125,4518.2001953125,33
2026-09-04 06:37:00-04:00,4517.60009765625,4518.2998046875,4517.2998046875,4518.10009765625,36
2026-09-04 06:38:00-04:00,4517.2001953125,4517.2998046875,4516.2998046875,4517.2998046875,44
2026-09-04 06:39:00-04:00,4519.5,4519.5,4517.2001953125,4517.2001953125,26
2026-09-04 06:40:00-04:00,4519.5,4519.89990234375,4519.2998046875,4519.7001953125,32
2026-09-04 06:41:00-04:00,4519.7001953125,4520.2001953125,4518.89990234375,4519.10009765625,27
2026-09-04 06:42:00-04:00,4519.7998046875,4520.2001953125,4519.7001953125,4519.7001953125,23
2026-09-04 06:43:00-04:00,4519.7001953125,4519.7998046875,4519.5,4519.7998046875,16
2026-09-04 06:44:00-04:00,4519.7001953125,4519.89990234375,4519.10009765625,4519.2001953125,26
2026-09-04 06:45:00-04:00,4520.10009765625,4520.39990234375,4519.7998046875,4519.89990234375,21
2026-09-04 06:46:00-04:00,4522.2001953125,4522.2001953125,4520.0,4520.0,50
2026-09-04 06:47:00-04:00,4522.2001953125,4523.10009765625,4521.60009765625,4521.89990234375,66
2026-09-04 06:48:00-04:00,4521.7001953125,4522.2998046875,4521.7001953125,4522.2998046875,27
2026-09-04 06:49:00-04:00,4521.10009765625,4521.60009765625,4520.2998046875,4521.60009765625,48
2026-09-04 06:50:00-04:00,4521.7001953125,4522.0,4521.0,4521.2001953125,27
2026-09-04 06:51:00-04:00,4521.0,4521.7001953125,4520.89990234375,4521.0,22
2026-09-04 06:52:00-04:00,4520.7001953125,4521.2998046875,4520.7001953125,4521.2998046875,11
2026-09-04 06:53:00-04:00,4519.89990234375,4520.89990234375,4519.7001953125,4520.89990234375,23
2026-09-04 06:54:00-04:00,4521.10009765625,4521.2001953125,4520.0,4520.10009765625,22
2026-09-04 06:55:00-04:00,4520.39990234375,4521.2998046875,4520.2001953125,4520.89990234375,20
2026-09-04 06:56:00-04:00,4520.89990234375,4521.0,4520.10009765625,4520.7001953125,8
2026-09-04 06:57:00-04:00,4520.60009765625,4520.7998046875,4520.5,4520.5,12
2026-09-04 06:58:00-04:00,4520.60009765625,4521.2998046875,4520.5,4520.7998046875,30
2026-09-04 06:59:00-04:00,4518.89990234375,4521.2001953125,4518.89990234375,4520.7001953125,87
2026-09-04 07:00:00-04:00,4517.89990234375,4519.2001953125,4517.5,4519.2001953125,89
2026-09-04 07:01:00-04:00,4518.7001953125,4518.7001953125,4516.7001953125,4517.7998046875,73
2026-09-04 07:02:00-04:00,4518.5,4519.2998046875,4518.39990234375,4519.0,31
2026-09-04 07:03:00-04:00,4517.39990234375,4518.39990234375,4517.2998046875,4518.2001953125,65
2026-09-04 07:04:00-04:00,4517.89990234375,4518.60009765625,4517.60009765625,4517.60009765625,31
2026-09-04 07:05:00-04:00,4518.2001953125,4518.2001953125,4517.7998046875,4517.7998046875,8
2026-09-04 07:06:00-04:00,4517.0,4518.0,4517.0,4518.0,21
2026-09-04 07:07:00-04:00,4516.89990234375,4517.2001953125,4516.60009765625,4517.0,45
2026-09-04 07:08:00-04:00,4516.2001953125,4517.10009765625,4515.7001953125,4516.89990234375,42
2026-09-04 07:09:00-04:00,4517.2001953125,4517.2998046875,4516.2998046875,4516.2998046875,25
2026-09-04 07:10:00-04:00,4517.10009765625,4517.10009765625,4516.2998046875,4516.89990234375,9
2026-09-04 07:11:00-04:00,4516.39990234375,4517.5,4516.10009765625,4517.5,19
2026-09-04 07:12:00-04:00,4516.89990234375,4517.10009765625,4516.39990234375,4516.5,48
2026-09-04 07:13:00-04:00,4516.0,4517.10009765625,4515.7998046875,4517.10009765625,64
2026-09-04 07:14:00-04:00,4516.5,4516.5,4515.7998046875,4516.2001953125,29
2026-09-04 07:15:00-04:00,4516.0,4516.89990234375,4516.0,4516.7998046875,22
2026-09-04 07:16:00-04:00,4516.60009765625,4516.7001953125,4515.7998046875,4516.0,39
2026-09-04 07:17:00-04:00,4514.60009765625,4516.7001953125,4514.10009765625,4516.7001953125,66
2026-09-04 07:18:00-04:00,4514.0,4514.60009765625,4513.89990234375,4514.39990234375,56
2026-09-04 07:19:00-04:00,4513.0,4514.0,4512.7001953125,4514.0,149
2026-09-04 07:20:00-04:00,4514.2998046875,4514.39990234375,4512.89990234375,4513.10009765625,95
2026-09-04 07:21:00-04:00,4514.89990234375,4514.89990234375,4513.60009765625,4514.5,63
2026-09-04 07:22:00-04:00,4516.7001953125,4516.7001953125,4514.39990234375,4514.89990234375,102
2026-09-04 07:23:00-04:00,4516.10009765625,4516.89990234375,4515.7001953125,4516.2001953125,36
2026-09-04 07:24:00-04:00,4514.89990234375,4516.0,4514.89990234375,4516.0,29
2026-09-04 07:25:00-04:00,4513.0,4514.7001953125,4512.60009765625,4514.7001953125,52
2026-09-04 07:26:00-04:00,4513.2998046875,4513.7998046875,4512.39990234375,4513.10009765625,77
2026-09-04 07:27:00-04:00,4512.7998046875,4513.7001953125,4512.7001953125,4513.7001953125,19
2026-09-04 07:28:00-04:00,4512.60009765625,4513.39990234375,4512.0,4512.7998046875,95
2026-09-04 07:29:00-04:00,4511.7998046875,4512.7998046875,4511.5,4512.60009765625,88
2026-09-04 07:30:00-04:00,4512.5,4512.5,4511.2998046875,4511.89990234375,85
2026-09-04 07:31:00-04:00,4514.10009765625,4514.2001953125,4512.60009765625,4512.60009765625,62
2026-09-04 07:32:00-04:00,4514.2001953125,4514.2998046875,4513.7998046875,4514.0,35
2026-09-04 07:33:00-04:00,4513.5,4514.2001953125,4512.89990234375,4514.2001953125,46
2026-09-04 07:34:00-04:00,4512.10009765625,4513.7998046875,4512.10009765625,4513.2998046875,58
2026-09-04 07:35:00-04:00,4513.60009765625,4513.7001953125,4512.2001953125,4512.2001953125,30
2026-09-04 07:36:00-04:00,4514.0,4514.0,4513.2001953125,4513.5,23
2026-09-04 07:37:00-04:00,4514.0,4514.39990234375,4513.60009765625,4514.0,22
2026-09-04 07:38:00-04:00,4515.5,4515.60009765625,4513.60009765625,4514.0,49
2026-09-04 07:39:00-04:00,4514.39990234375,4515.2998046875,4513.39990234375,4515.2998046875,86
2026-09-04 07:40:00-04:00,4515.5,4516.5,4514.5,4514.60009765625,65
2026-09-04 07:41:00-04:00,4515.39990234375,4515.89990234375,4515.10009765625,4515.5,29
2026-09-04 07:42:00-04:00,4512.39990234375,4515.2998046875,4512.2001953125,4515.2998046875,69
2026-09-04 07:43:00-04:00,4513.5,4513.5,4512.2001953125,4512.7001953125,25
2026-09-04 07:44:00-04:00,4514.39990234375,4514.39990234375,4512.7998046875,4513.5,44
2026-09-04 07:45:00-04:00,4515.60009765625,4515.7998046875,4514.2001953125,4514.2001953125,69
2026-09-04 07:46:00-04:00,4516.5,4516.60009765625,4515.7001953125,4515.7998046875,42
2026-09-04 07:47:00-04:00,4516.2998046875,4516.5,4515.5,4516.5,37
2026-09-04 07:48:00-04:00,4515.2001953125,4516.39990234375,4515.2001953125,4516.39990234375,35
2026-09-04 07:49:00-04:00,4513.5,4515.10009765625,4513.39990234375,4515.10009765625,52
2026-09-04 07:50:00-04:00,4514.7001953125,4515.10009765625,4513.60009765625,4513.7001953125,110
2026-09-04 07:51:00-04:00,4516.7998046875,4516.7998046875,4515.2998046875,4515.2998046875,109
2026-09-04 07:52:00-04:00,4514.0,4516.7001953125,4513.89990234375,4516.7001953125,46
2026-09-04 07:53:00-04:00,4514.7998046875,4515.10009765625,4513.89990234375,4513.89990234375,46
2026-09-04 07:54:00-04:00,4515.10009765625,4515.2001953125,4514.60009765625,4515.0,35
2026-09-04 07:55:00-04:00,4515.7001953125,4516.0,4515.2001953125,4515.2001953125,34
2026-09-04 07:56:00-04:00,4515.0,4516.10009765625,4514.7001953125,4516.10009765625,41
2026-09-04 07:57:00-04:00,4515.0,4515.2001953125,4514.7998046875,4514.89990234375,27
2026-09-04 07:58:00-04:00,4513.5,4515.10009765625,4513.5,4515.10009765625,141
2026-09-04 07:59:00-04:00,4513.10009765625,4513.5,4510.89990234375,4513.5,331
2026-09-04 08:00:00-04:00,4513.7001953125,4515.39990234375,4513.2998046875,4513.2998046875,140
2026-09-04 08:01:00-04:00,4513.10009765625,4514.7998046875,4512.60009765625,4514.10009765625,66
2026-09-04 08:02:00-04:00,4511.60009765625,4513.2998046875,4510.89990234375,4513.0,135
2026-09-04 08:03:00-04:00,4513.60009765625,4514.60009765625,4511.7998046875,4511.7998046875,163
2026-09-04 08:04:00-04:00,4514.89990234375,4515.2998046875,4513.7998046875,4513.7998046875,41
2026-09-04 08:05:00-04:00,4515.5,4516.7001953125,4514.89990234375,4514.89990234375,58
2026-09-04 08:06:00-04:00,4516.0,4516.0,4514.5,4515.5,70
2026-09-04 08:07:00-04:00,4515.60009765625,4516.60009765625,4514.89990234375,4516.0,97
2026-09-04 08:08:00-04:00,4515.2998046875,4516.5,4515.2001953125,4515.5,59
2026-09-04 08:09:00-04:00,4513.60009765625,4516.0,4513.2001953125,4515.2001953125,115
2026-09-04 08:10:00-04:00,4513.0,4515.60009765625,4512.89990234375,4513.60009765625,158
2026-09-04 08:11:00-04:00,4513.89990234375,4514.10009765625,4512.60009765625,4513.10009765625,63
2026-09-04 08:12:00-04:00,4511.7001953125,4514.5,4511.5,4514.0,70
2026-09-04 08:13:00-04:00,4511.7001953125,4512.7998046875,4511.39990234375,4511.39990234375,102
2026-09-04 08:14:00-04:00,4510.89990234375,4512.0,4510.5,4511.60009765625,164
2026-09-04 08:15:00-04:00,4512.7001953125,4512.7998046875,4510.89990234375,4510.89990234375,138
2026-09-04 08:16:00-04:00,4513.60009765625,4513.7998046875,4512.0,4512.7001953125,66
2026-09-04 08:17:00-04:00,4512.0,4513.5,4511.5,4513.2998046875,144
2026-09-04 08:18:00-04:00,4512.7001953125,4513.5,4511.7998046875,4512.10009765625,157
2026-09-04 08:19:00-04:00,4514.39990234375,4514.60009765625,4510.89990234375,4512.5,186
2026-09-04 08:20:00-04:00,4511.7998046875,4514.60009765625,4510.7001953125,4514.2998046875,305
2026-09-04 08:21:00-04:00,4515.39990234375,4515.39990234375,4510.89990234375,4511.7998046875,252
2026-09-04 08:22:00-04:00,4512.2998046875,4515.89990234375,4511.7998046875,4515.5,134
2026-09-04 08:23:00-04:00,4513.2001953125,4513.5,4510.89990234375,4512.2998046875,146
2026-09-04 08:24:00-04:00,4514.10009765625,4516.39990234375,4513.2001953125,4513.2998046875,141
2026-09-04 08:25:00-04:00,4515.7001953125,4516.10009765625,4513.7001953125,4514.2998046875,137
2026-09-04 08:26:00-04:00,4515.7001953125,4516.60009765625,4514.2001953125,4515.7998046875,108
2026-09-04 08:27:00-04:00,4516.7001953125,4518.10009765625,4515.7001953125,4515.7001953125,249
2026-09-04 08:28:00-04:00,4518.89990234375,4518.89990234375,4515.39990234375,4516.0,193
2026-09-04 08:29:00-04:00,4517.7001953125,4523.2998046875,4516.60009765625,4518.39990234375,443
2026-09-04 08:30:00-04:00,4448.60009765625,4523.5,4430.0,4520.89990234375,7492
2026-09-04 08:31:00-04:00,4450.2998046875,4454.2998046875,4444.2001953125,4448.39990234375,2413
2026-09-04 08:32:00-04:00,4430.7001953125,4453.39990234375,4419.0,4450.39990234375,4029
2026-09-04 08:33:00-04:00,4455.5,4460.5,4426.5,4429.60009765625,4449
2026-09-04 08:34:00-04:00,4441.89990234375,4462.0,4441.2001953125,4455.39990234375,3066
2026-09-04 08:35:00-04:00,4436.39990234375,4442.7998046875,4432.7001953125,4441.7998046875,2011
2026-09-04 08:36:00-04:00,4433.2998046875,4437.5,4430.0,4436.7998046875,1266
2026-09-04 08:37:00-04:00,4438.7001953125,4440.2998046875,4431.10009765625,4433.39990234375,1081
2026-09-04 08:38:00-04:00,4439.10009765625,4446.39990234375,4438.2001953125,4438.60009765625,997
2026-09-04 08:39:00-04:00,4438.0,4445.0,4436.7998046875,4439.2998046875,505
2026-09-04 08:40:00-04:00,4440.7001953125,4441.5,4433.89990234375,4438.2998046875,496
2026-09-04 08:41:00-04:00,4448.39990234375,4448.7001953125,4441.10009765625,4441.10009765625,838
2026-09-04 08:42:00-04:00,4450.2001953125,4453.5,4447.7001953125,4448.7001953125,1039
2026-09-04 08:43:00-04:00,4447.60009765625,4451.10009765625,4446.5,4450.0,393
2026-09-04 08:44:00-04:00,4440.89990234375,4451.0,4440.2998046875,4448.2998046875,611
2026-09-04 08:45:00-04:00,4438.39990234375,4440.60009765625,4435.0,4440.60009765625,967
2026-09-04 08:46:00-04:00,4428.2001953125,4438.60009765625,4427.2998046875,4438.2001953125,737
2026-09-04 08:47:00-04:00,4429.5,4431.2001953125,4426.7998046875,4428.39990234375,500
2026-09-04 08:48:00-04:00,4436.7001953125,4437.2001953125,4429.0,4429.60009765625,920
2026-09-04 08:49:00-04:00,4444.0,4444.60009765625,4435.60009765625,4436.2001953125,634
2026-09-04 08:50:00-04:00,4444.60009765625,4446.89990234375,4442.2998046875,4443.2001953125,608
2026-09-04 08:51:00-04:00,4448.60009765625,4449.7998046875,4442.2998046875,4444.60009765625,494
2026-09-04 08:52:00-04:00,4450.5,4452.5,4448.2001953125,4448.2998046875,866
2026-09-04 08:53:00-04:00,4455.10009765625,4455.2998046875,4447.89990234375,4450.7998046875,803
2026-09-04 08:54:00-04:00,4453.0,4456.89990234375,4451.5,4455.2001953125,531
2026-09-04 08:55:00-04:00,4453.7998046875,4456.0,4452.5,4452.7998046875,568
2026-09-04 08:56:00-04:00,4451.7001953125,4454.10009765625,4450.2001953125,4453.7001953125,430
2026-09-04 08:57:00-04:00,4447.7001953125,4452.2001953125,4446.10009765625,4452.2001953125,613
2026-09-04 08:58:00-04:00,4450.10009765625,4452.39990234375,4447.7998046875,4447.7998046875,493
2026-09-04 08:59:00-04:00,4440.60009765625,4450.60009765625,4439.39990234375,4450.60009765625,868
2026-09-04 09:00:00-04:00,4413.5,4441.7998046875,4413.39990234375,4440.89990234375,3279
2026-09-04 09:01:00-04:00,4423.60009765625,4424.5,4412.0,4413.7001953125,1484
2026-09-04 09:02:00-04:00,4432.39990234375,4432.39990234375,4423.2998046875,4423.60009765625,1205
2026-09-04 09:03:00-04:00,4433.7998046875,4433.7998046875,4428.39990234375,4431.7998046875,537
2026-09-04 09:04:00-04:00,4425.7998046875,4434.2998046875,4425.39990234375,4433.39990234375,429
2026-09-04 09:05:00-04:00,4425.7001953125,4429.2998046875,4422.5,4426.0,398
2026-09-04 09:06:00-04:00,4427.89990234375,4429.39990234375,4424.60009765625,4425.89990234375,356
2026-09-04 09:07:00-04:00,4432.39990234375,4432.39990234375,4427.89990234375,4427.89990234375,403
2026-09-04 09:08:00-04:00,4432.39990234375,4433.2001953125,4429.2001953125,4432.10009765625,365
2026-09-04 09:09:00-04:00,4434.5,4436.7001953125,4432.0,4432.2001953125,471
2026-09-04 09:10:00-04:00,4430.89990234375,4436.5,4428.7998046875,4434.60009765625,317
2026-09-04 09:11:00-04:00,4435.5,4435.5,4430.89990234375,4431.2998046875,202
2026-09-04 09:12:00-04:00,4435.89990234375,4437.2001953125,4434.0,4435.60009765625,262
2026-09-04 09:13:00-04:00,4437.39990234375,4440.2001953125,4436.2001953125,4436.2001953125,493
2026-09-04 09:14:00-04:00,4440.7001953125,4440.7001953125,4433.5,4437.10009765625,348
2026-09-04 09:15:00-04:00,4441.10009765625,4441.89990234375,4439.10009765625,4440.60009765625,362
2026-09-04 09:16:00-04:00,4445.39990234375,4446.60009765625,4441.10009765625,4441.10009765625,610
2026-09-04 09:17:00-04:00,4438.7998046875,4445.7998046875,4438.7998046875,4445.2001953125,343
2026-09-04 09:18:00-04:00,4441.2001953125,4442.7998046875,4438.10009765625,4438.5,187
2026-09-04 09:19:00-04:00,4445.2001953125,4445.60009765625,4440.7998046875,4441.10009765625,231
2026-09-04 09:20:00-04:00,4447.2001953125,4447.60009765625,4444.10009765625,4445.39990234375,304
2026-09-04 09:21:00-04:00,4445.2001953125,4447.2998046875,4444.2998046875,4447.10009765625,187
2026-09-04 09:22:00-04:00,4443.60009765625,4447.7998046875,4443.60009765625,4445.2998046875,440
2026-09-04 09:23:00-04:00,4450.10009765625,4450.7998046875,4443.5,4443.7998046875,269
2026-09-04 09:24:00-04:00,4451.60009765625,4453.7998046875,4448.7998046875,4450.0,870
2026-09-04 09:25:00-04:00,4453.60009765625,4454.0,4450.7001953125,4451.5,280
2026-09-04 09:26:00-04:00,4453.10009765625,4454.60009765625,4452.10009765625,4454.0,321
2026-09-04 09:27:00-04:00,4454.10009765625,4455.7998046875,4453.2998046875,4453.60009765625,512
2026-09-04 09:28:00-04:00,4457.7001953125,4458.2001953125,4453.10009765625,4454.60009765625,456
2026-09-04 09:29:00-04:00,4459.5,4461.5,4456.5,4457.60009765625,1145
2026-09-04 09:30:00-04:00,4464.10009765625,4465.89990234375,4458.89990234375,4459.7001953125,1325
2026-09-04 09:31:00-04:00,4462.7998046875,4466.5,4461.10009765625,4464.2001953125,998
2026-09-04 09:32:00-04:00,4465.10009765625,4467.7998046875,4461.7001953125,4462.89990234375,516
2026-09-04 09:33:00-04:00,4464.2998046875,4467.60009765625,4463.0,4465.2998046875,502
2026-09-04 09:34:00-04:00,4461.0,4467.7998046875,4460.60009765625,4464.60009765625,651
2026-09-04 09:35:00-04:00,4459.10009765625,4465.10009765625,4458.5,4460.89990234375,572
2026-09-04 09:36:00-04:00,4456.2998046875,4459.5,4455.2001953125,4459.10009765625,556
2026-09-04 09:37:00-04:00,4461.2001953125,4463.60009765625,4456.0,4456.10009765625,406
2026-09-04 09:38:00-04:00,4459.2001953125,4461.60009765625,4457.2998046875,4460.89990234375,218
2026-09-04 09:39:00-04:00,4454.7001953125,4460.0,4452.2998046875,4459.60009765625,381
2026-09-04 09:40:00-04:00,4455.10009765625,4459.0,4454.0,4454.5,281
2026-09-04 09:41:00-04:00,4458.10009765625,4460.60009765625,4454.2001953125,4455.0,270
2026-09-04 09:42:00-04:00,4462.60009765625,4463.89990234375,4456.7998046875,4457.2998046875,310
2026-09-04 09:43:00-04:00,4465.10009765625,4469.39990234375,4463.10009765625,4463.10009765625,822
2026-09-04 09:44:00-04:00,4470.7998046875,4471.10009765625,4464.89990234375,4465.5,801
2026-09-04 09:45:00-04:00,4466.60009765625,4471.5,4465.10009765625,4470.60009765625,473
2026-09-04 09:46:00-04:00,4474.60009765625,4475.0,4466.7001953125,4466.7998046875,632
2026-09-04 09:47:00-04:00,4479.2001953125,4479.39990234375,4474.2998046875,4474.60009765625,804
2026-09-04 09:48:00-04:00,4478.7998046875,4481.7998046875,4476.2998046875,4479.2998046875,731
2026-09-04 09:49:00-04:00,4476.89990234375,4478.7001953125,4475.10009765625,4478.7001953125,268
2026-09-04 09:50:00-04:00,4476.39990234375,4478.2998046875,4474.10009765625,4477.2998046875,315
2026-09-04 09:51:00-04:00,4476.39990234375,4476.7001953125,4472.5,4475.89990234375,386
2026-09-04 09:52:00-04:00,4472.7001953125,4478.5,4470.5,4476.7001953125,323
2026-09-04 09:53:00-04:00,4468.89990234375,4472.89990234375,4468.7001953125,4472.60009765625,371
2026-09-04 09:54:00-04:00,4469.60009765625,4473.2998046875,4468.0,4469.0,255
2026-09-04 09:55:00-04:00,4471.60009765625,4471.7998046875,4469.2001953125,4469.7001953125,243
2026-09-04 09:56:00-04:00,4471.7001953125,4473.7998046875,4470.7998046875,4471.7998046875,202
2026-09-04 09:57:00-04:00,4467.2001953125,4472.5,4466.60009765625,4472.0,501
2026-09-04 09:58:00-04:00,4461.2001953125,4466.89990234375,4460.39990234375,4466.89990234375,824
2026-09-04 09:59:00-04:00,4459.89990234375,4463.0,4459.7998046875,4461.10009765625,309
2026-09-04 10:00:00-04:00,4463.89990234375,4464.2001953125,4459.2001953125,4460.0,396
2026-09-04 10:01:00-04:00,4464.89990234375,4465.2001953125,4461.0,4464.2998046875,369
2026-09-04 10:02:00-04:00,4461.39990234375,4466.89990234375,4461.2998046875,4464.7998046875,383
2026-09-04 10:03:00-04:00,4463.60009765625,4464.7998046875,4458.7998046875,4461.89990234375,192
2026-09-04 10:04:00-04:00,4467.7998046875,4467.7998046875,4461.7001953125,4462.89990234375,245
2026-09-04 10:05:00-04:00,4468.10009765625,4470.0,4467.2998046875,4467.89990234375,320
2026-09-04 10:06:00-04:00,4466.7001953125,4470.2001953125,4462.5,4468.39990234375,363
2026-09-04 10:07:00-04:00,4469.7998046875,4471.89990234375,4465.7998046875,4466.2998046875,367
2026-09-04 10:08:00-04:00,4473.89990234375,4473.89990234375,4470.2998046875,4470.2998046875,201
2026-09-04 10:09:00-04:00,4471.0,4474.5,4469.10009765625,4473.89990234375,260
2026-09-04 10:10:00-04:00,4470.10009765625,4471.39990234375,4467.2001953125,4470.89990234375,217
2026-09-04 10:11:00-04:00,4466.7998046875,4470.7001953125,4466.2998046875,4470.2998046875,275
2026-09-04 10:12:00-04:00,4468.89990234375,4470.89990234375,4466.39990234375,4466.7001953125,167
2026-09-04 10:13:00-04:00,4479.10009765625,4479.10009765625,4469.10009765625,4469.2998046875,454
2026-09-04 10:14:00-04:00,4481.89990234375,4482.7001953125,4478.60009765625,4479.60009765625,533
2026-09-04 10:15:00-04:00,4481.2998046875,4484.60009765625,4480.89990234375,4481.39990234375,419
2026-09-04 10:16:00-04:00,4480.60009765625,4482.0,4478.2998046875,4481.5,259
2026-09-04 10:17:00-04:00,4477.5,4482.7998046875,4477.2001953125,4481.2001953125,193
2026-09-04 10:18:00-04:00,4481.0,4481.0,4476.5,4477.2998046875,218
2026-09-04 10:19:00-04:00,4480.2998046875,4482.5,4480.0,4481.0,220
2026-09-04 10:20:00-04:00,4478.7001953125,4480.39990234375,4478.0,4479.7998046875,265
2026-09-04 10:21:00-04:00,4482.39990234375,4482.39990234375,4477.60009765625,4479.0,315
2026-09-04 10:22:00-04:00,4479.39990234375,4483.2001953125,4476.39990234375,4482.60009765625,338
2026-09-04 10:23:00-04:00,4477.0,4480.39990234375,4476.39990234375,4479.2001953125,184
2026-09-04 10:24:00-04:00,4478.10009765625,4478.39990234375,4474.10009765625,4476.7998046875,330
2026-09-04 10:25:00-04:00,4484.0,4484.7998046875,4477.89990234375,4478.2998046875,392
2026-09-04 10:26:00-04:00,4479.5,4484.7001953125,4477.2001953125,4484.0,400
2026-09-04 10:27:00-04:00,4479.0,4480.7001953125,4478.89990234375,4479.5,133
2026-09-04 10:28:00-04:00,4478.7001953125,4480.2998046875,4478.0,4479.2998046875,142
2026-09-04 10:29:00-04:00,4476.5,4480.10009765625,4476.2998046875,4478.7001953125,260
2026-09-04 10:30:00-04:00,4479.0,4480.39990234375,4476.39990234375,4476.60009765625,518
2026-09-04 10:31:00-04:00,4483.7001953125,4483.7998046875,4478.7998046875,4479.39990234375,214
2026-09-04 10:32:00-04:00,4481.7001953125,4486.7998046875,4481.10009765625,4483.7998046875,474
2026-09-04 10:33:00-04:00,4485.39990234375,4485.7998046875,4480.89990234375,4481.89990234375,179
2026-09-04 10:34:00-04:00,4486.7998046875,4487.2001953125,4484.7998046875,4485.89990234375,610
2026-09-04 10:35:00-04:00,4488.39990234375,4489.39990234375,4486.2998046875,4486.39990234375,418
2026-09-04 10:36:00-04:00,4479.5,4488.39990234375,4479.2001953125,4488.39990234375,391
2026-09-04 10:37:00-04:00,4477.60009765625,4480.2001953125,4477.60009765625,4479.39990234375,258
2026-09-04 10:38:00-04:00,4478.7001953125,4479.10009765625,4476.2001953125,4477.89990234375,203
2026-09-04 10:39:00-04:00,4476.5,4478.7001953125,4475.39990234375,4478.5,148
2026-09-04 10:40:00-04:00,4475.60009765625,4478.5,4475.39990234375,4476.5,197
2026-09-04 10:41:00-04:00,4477.2001953125,4477.60009765625,4474.7998046875,4476.10009765625,211
2026-09-04 10:42:00-04:00,4473.7998046875,4479.5,4473.2001953125,4477.5,214
2026-09-04 10:43:00-04:00,4474.7998046875,4474.7998046875,4472.2998046875,4473.5,279
2026-09-04 10:44:00-04:00,4476.0,4476.7998046875,4474.39990234375,4474.7998046875,201
2026-09-04 10:45:00-04:00,4476.60009765625,4478.2998046875,4475.7001953125,4476.10009765625,234
2026-09-04 10:46:00-04:00,4474.60009765625,4479.2001953125,4474.39990234375,4476.7001953125,228
2026-09-04 10:47:00-04:00,4472.10009765625,4474.5,4469.39990234375,4474.5,590
2026-09-04 10:48:00-04:00,4475.2001953125,4475.60009765625,4471.7998046875,4472.2998046875,270
2026-09-04 10:49:00-04:00,4475.2001953125,4476.7998046875,4474.2001953125,4474.7998046875,137
2026-09-04 10:50:00-04:00,4474.7001953125,4475.60009765625,4472.60009765625,4474.7998046875,152
2026-09-04 10:51:00-04:00,4471.7001953125,4475.5,4471.10009765625,4475.0,356
2026-09-04 10:52:00-04:00,4469.39990234375,4471.60009765625,4467.60009765625,4471.60009765625,467
2026-09-04 10:53:00-04:00,4469.2998046875,4470.5,4468.89990234375,4469.39990234375,129
2026-09-04 10:54:00-04:00,4464.39990234375,4469.5,4464.10009765625,4469.2998046875,396
2026-09-04 10:55:00-04:00,4469.0,4469.5,4464.0,4464.7001953125,444
2026-09-04 10:56:00-04:00,4469.60009765625,4470.7001953125,4468.7001953125,4469.60009765625,152
2026-09-04 10:57:00-04:00,4471.5,4472.2998046875,4469.39990234375,4469.7998046875,257
2026-09-04 10:58:00-04:00,4475.39990234375,4475.39990234375,4470.5,4471.7998046875,181
2026-09-04 10:59:00-04:00,4474.2998046875,4476.7998046875,4473.7001953125,4475.39990234375,229
2026-09-04 11:00:00-04:00,4473.0,4475.0,4472.5,4474.39990234375,204
2026-09-04 11:01:00-04:00,4471.7998046875,4473.2001953125,4470.10009765625,4472.89990234375,173
2026-09-04 11:02:00-04:00,4471.0,4473.10009765625,4469.5,4471.5,132
2026-09-04 11:03:00-04:00,4470.39990234375,4472.0,4470.2001953125,4471.5,77
2026-09-04 11:04:00-04:00,4476.89990234375,4477.7001953125,4470.60009765625,4470.60009765625,170
2026-09-04 11:05:00-04:00,4480.10009765625,4480.7998046875,4476.7001953125,4477.0,207
2026-09-04 11:06:00-04:00,4480.7998046875,4482.0,4478.2998046875,4480.5,371
2026-09-04 11:07:00-04:00,4485.60009765625,4486.60009765625,4481.0,4481.2001953125,698
2026-09-04 11:08:00-04:00,4481.10009765625,4486.0,4481.10009765625,4485.89990234375,255
2026-09-04 11:09:00-04:00,4483.39990234375,4483.7998046875,4481.0,4481.60009765625,79
2026-09-04 11:10:00-04:00,4482.7001953125,4484.0,4481.60009765625,4483.60009765625,212
2026-09-04 11:11:00-04:00,4483.5,4485.2001953125,4482.7001953125,4482.7001953125,117
2026-09-04 11:12:00-04:00,4484.89990234375,4485.10009765625,4482.89990234375,4483.2001953125,176
2026-09-04 11:13:00-04:00,4484.7001953125,4486.10009765625,4484.10009765625,4485.10009765625,117
2026-09-04 11:14:00-04:00,4490.2998046875,4490.7998046875,4484.89990234375,4484.89990234375,515
2026-09-04 11:15:00-04:00,4492.2998046875,4492.7001953125,4488.10009765625,4490.2998046875,366
2026-09-04 11:16:00-04:00,4492.39990234375,4492.39990234375,4489.7001953125,4492.2998046875,159
2026-09-04 11:17:00-04:00,4492.5,4493.2001953125,4490.39990234375,4492.2001953125,195
2026-09-04 11:18:00-04:00,4493.5,4493.7001953125,4491.89990234375,4492.5,195
2026-09-04 11:19:00-04:00,4495.2998046875,4495.89990234375,4493.39990234375,4493.7001953125,284
2026-09-04 11:20:00-04:00,4494.60009765625,4496.10009765625,4493.2001953125,4495.10009765625,283
2026-09-04 11:21:00-04:00,4494.39990234375,4496.0,4493.10009765625,4494.60009765625,220
2026-09-04 11:22:00-04:00,4492.7001953125,4496.2001953125,4491.89990234375,4494.5,417
2026-09-04 11:23:00-04:00,4488.2998046875,4492.7998046875,4488.2998046875,4492.7001953125,307
2026-09-04 11:24:00-04:00,4490.5,4491.10009765625,4487.2998046875,4488.7998046875,297
2026-09-04 11:25:00-04:00,4492.5,4493.5,4490.2998046875,4490.2998046875,500
2026-09-04 11:26:00-04:00,4489.89990234375,4492.60009765625,4489.89990234375,4492.60009765625,66
2026-09-04 11:27:00-04:00,4487.60009765625,4490.39990234375,4486.7998046875,4490.10009765625,219
2026-09-04 11:28:00-04:00,4487.89990234375,4488.60009765625,4487.2001953125,4487.39990234375,161
2026-09-04 11:29:00-04:00,4487.0,4489.2998046875,4486.89990234375,4488.0,203
2026-09-04 11:30:00-04:00,4490.0,4490.0,4486.2998046875,4487.10009765625,209
2026-09-04 11:31:00-04:00,4489.2001953125,4491.5,4488.2998046875,4490.2998046875,165
2026-09-04 11:32:00-04:00,4486.7998046875,4489.7001953125,4486.5,4489.2001953125,127
2026-09-04 11:33:00-04:00,4489.5,4489.7998046875,4485.60009765625,4487.0,296
2026-09-04 11:34:00-04:00,4486.7998046875,4489.5,4485.7998046875,4489.39990234375,139
2026-09-04 11:35:00-04:00,4485.89990234375,4487.2001953125,4485.89990234375,4486.7998046875,116
2026-09-04 11:36:00-04:00,4486.10009765625,4486.5,4484.5,4485.89990234375,365
2026-09-04 11:37:00-04:00,4485.7001953125,4487.60009765625,4484.7998046875,4486.10009765625,199
2026-09-04 11:38:00-04:00,4486.7001953125,4487.0,4485.89990234375,4486.0,83
2026-09-04 11:39:00-04:00,4485.2998046875,4488.2001953125,4485.2998046875,4487.0,178
2026-09-04 11:40:00-04:00,4485.2001953125,4486.10009765625,4483.5,4485.2998046875,128
2026-09-04 11:41:00-04:00,4491.10009765625,4491.2001953125,4485.10009765625,4485.39990234375,229
2026-09-04 11:42:00-04:00,4490.2001953125,4493.7001953125,4490.2001953125,4491.10009765625,293
2026-09-04 11:43:00-04:00,4489.60009765625,4490.60009765625,4489.39990234375,4490.2998046875,253
2026-09-04 11:44:00-04:00,4490.10009765625,4490.10009765625,4488.7001953125,4489.2998046875,84
2026-09-04 11:45:00-04:00,4490.7001953125,4491.0,4489.5,4490.10009765625,63
2026-09-04 11:46:00-04:00,4490.5,4491.2998046875,4489.2001953125,4491.10009765625,202
2026-09-04 11:47:00-04:00,4490.2001953125,4490.7001953125,4490.0,4490.39990234375,64
2026-09-04 11:48:00-04:00,4491.5,4492.10009765625,4489.10009765625,4490.2998046875,115
2026-09-04 11:49:00-04:00,4490.7001953125,4492.0,4489.0,4492.0,76
2026-09-04 11:50:00-04:00,4492.39990234375,4492.60009765625,4490.7001953125,4490.89990234375,92
2026-09-04 11:51:00-04:00,4492.2998046875,4493.2998046875,4491.5,4492.10009765625,85
2026-09-04 11:52:00-04:00,4490.39990234375,4492.5,4489.39990234375,4492.10009765625,115
2026-09-04 11:53:00-04:00,4488.5,4490.7998046875,4486.60009765625,4490.39990234375,282
2026-09-04 11:54:00-04:00,4486.60009765625,4488.7998046875,4486.5,4488.7998046875,112
2026-09-04 11:55:00-04:00,4487.89990234375,4488.0,4486.89990234375,4487.10009765625,55
2026-09-04 11:56:00-04:00,4484.7001953125,4488.0,4484.2998046875,4488.0,222
2026-09-04 11:57:00-04:00,4483.5,4485.0,4483.10009765625,4484.7001953125,139
2026-09-04 11:58:00-04:00,4483.60009765625,4484.60009765625,4482.7998046875,4483.60009765625,62
2026-09-04 11:59:00-04:00,4483.2998046875,4484.7001953125,4483.2001953125,4483.5,63
2026-09-04 12:00:00-04:00,4487.10009765625,4487.7998046875,4483.60009765625,4483.7998046875,164
2026-09-04 12:01:00-04:00,4485.89990234375,4487.60009765625,4484.60009765625,4487.39990234375,100
2026-09-04 12:02:00-04:00,4485.5,4486.2001953125,4484.89990234375,4485.5,61
2026-09-04 12:03:00-04:00,4485.7998046875,4486.2001953125,4484.5,4485.60009765625,85
2026-09-04 12:04:00-04:00,4486.89990234375,4487.2998046875,4485.5,4485.5,58
2026-09-04 12:05:00-04:00,4487.39990234375,4487.89990234375,4486.10009765625,4487.10009765625,81
2026-09-04 12:06:00-04:00,4483.2001953125,4487.10009765625,4480.7998046875,4487.10009765625,403
2026-09-04 12:07:00-04:00,4482.7998046875,4484.2001953125,4482.2001953125,4483.10009765625,142
2026-09-04 12:08:00-04:00,4483.0,4484.10009765625,4482.60009765625,4483.0,91
2026-09-04 12:09:00-04:00,4480.89990234375,4483.39990234375,4480.89990234375,4483.2001953125,93
2026-09-04 12:10:00-04:00,4482.7001953125,4483.0,4479.5,4481.10009765625,295
2026-09-04 12:11:00-04:00,4481.60009765625,4483.10009765625,4481.39990234375,4482.7998046875,77
2026-09-04 12:12:00-04:00,4480.60009765625,4482.0,4479.7998046875,4482.0,138
2026-09-04 12:13:00-04:00,4485.2998046875,4485.39990234375,4480.60009765625,4480.60009765625,119
2026-09-04 12:14:00-04:00,4486.2001953125,4486.7001953125,4485.10009765625,4485.2001953125,148
2026-09-04 12:15:00-04:00,4486.2001953125,4486.39990234375,4485.2998046875,4486.2001953125,79
2026-09-04 12:16:00-04:00,4485.89990234375,4486.5,4484.89990234375,4486.5,89
2026-09-04 12:17:00-04:00,4488.10009765625,4488.39990234375,4485.39990234375,4486.10009765625,150
2026-09-04 12:18:00-04:00,4488.39990234375,4491.0,4488.0,4488.10009765625,246
2026-09-04 12:19:00-04:00,4489.0,4489.89990234375,4488.0,4488.7998046875,129
2026-09-04 12:20:00-04:00,4488.2998046875,4490.0,4488.10009765625,4489.0,99
2026-09-04 12:21:00-04:00,4486.60009765625,4489.5,4486.60009765625,4488.2001953125,190
2026-09-04 12:22:00-04:00,4485.2001953125,4486.2998046875,4484.5,4486.10009765625,108
2026-09-04 12:23:00-04:00,4484.39990234375,4485.10009765625,4483.2998046875,4485.10009765625,85
2026-09-04 12:24:00-04:00,4485.5,4485.60009765625,4483.39990234375,4484.5,49
2026-09-04 12:25:00-04:00,4483.89990234375,4486.10009765625,4482.7998046875,4485.60009765625,72
2026-09-04 12:26:00-04:00,4481.60009765625,4483.5,4481.2998046875,4483.5,216
2026-09-04 12:27:00-04:00,4482.5,4482.7001953125,4480.89990234375,4481.5,98
2026-09-04 12:28:00-04:00,4481.5,4482.7001953125,4481.5,4482.7001953125,32
2026-09-04 12:29:00-04:00,4481.60009765625,4482.2998046875,4480.7001953125,4481.5,50
2026-09-04 12:30:00-04:00,4482.7998046875,4483.39990234375,4481.10009765625,4481.7001953125,138
2026-09-04 12:31:00-04:00,4482.7998046875,4483.7998046875,4482.5,4482.60009765625,78
2026-09-04 12:32:00-04:00,4483.89990234375,4484.7001953125,4482.7001953125,4482.7001953125,45
2026-09-04 12:33:00-04:00,4485.2001953125,4486.2998046875,4483.7001953125,4484.2001953125,78
2026-09-04 12:34:00-04:00,4484.7001953125,4485.39990234375,4484.2001953125,4485.39990234375,82
2026-09-04 12:35:00-04:00,4484.89990234375,4485.7001953125,4484.7001953125,4484.7001953125,59
2026-09-04 12:36:00-04:00,4484.0,4484.7001953125,4483.5,4484.7001953125,39
2026-09-04 12:37:00-04:00,4484.5,4484.7998046875,4483.89990234375,4484.39990234375,60
2026-09-04 12:38:00-04:00,4484.2998046875,4484.7001953125,4483.7998046875,4484.60009765625,141
2026-09-04 12:39:00-04:00,4484.60009765625,4485.39990234375,4484.39990234375,4484.39990234375,53
2026-09-04 12:40:00-04:00,4484.7001953125,4485.2001953125,4483.7998046875,4485.10009765625,62
2026-09-04 12:41:00-04:00,4484.89990234375,4485.60009765625,4484.2001953125,4484.60009765625,42
2026-09-04 12:42:00-04:00,4483.7998046875,4484.89990234375,4482.89990234375,4484.89990234375,52
2026-09-04 12:43:00-04:00,4485.2001953125,4485.39990234375,4483.7001953125,4484.0,39
2026-09-04 12:44:00-04:00,4485.39990234375,4487.2001953125,4485.10009765625,4485.5,96
2026-09-04 12:45:00-04:00,4486.7001953125,4487.39990234375,4485.39990234375,4485.60009765625,88
2026-09-04 12:46:00-04:00,4485.5,4486.7001953125,4484.89990234375,4486.7001953125,62
2026-09-04 12:47:00-04:00,4486.2001953125,4487.10009765625,4485.0,4485.2998046875,54
2026-09-04 12:48:00-04:00,4486.60009765625,4486.60009765625,4485.0,4486.0,45
2026-09-04 12:49:00-04:00,4487.2001953125,4487.7998046875,4486.7001953125,4486.7998046875,51
2026-09-04 12:50:00-04:00,4487.10009765625,4487.7001953125,4486.7998046875,4487.5,34
2026-09-04 12:51:00-04:00,4484.7998046875,4486.7001953125,4484.7001953125,4486.7001953125,48
2026-09-04 12:52:00-04:00,4484.5,4484.89990234375,4484.10009765625,4484.7998046875,37
2026-09-04 12:53:00-04:00,4483.89990234375,4484.7001953125,4483.89990234375,4484.5,71
2026-09-04 12:54:00-04:00,4483.2001953125,4484.89990234375,4483.2001953125,4483.7998046875,57
2026-09-04 12:55:00-04:00,4483.7998046875,4484.10009765625,4483.0,4483.10009765625,24
2026-09-04 12:56:00-04:00,4483.10009765625,4484.2998046875,4482.5,4483.60009765625,79
2026-09-04 12:57:00-04:00,4484.2998046875,4485.7001953125,4483.10009765625,4483.10009765625,421
2026-09-04 12:58:00-04:00,4483.39990234375,4484.5,4483.2998046875,4484.5,61
2026-09-04 12:59:00-04:00,4483.60009765625,4484.60009765625,4482.0,4483.2001953125,146
2026-09-04 13:00:00-04:00,4480.7001953125,4483.89990234375,4480.10009765625,4483.5,260
2026-09-04 13:01:00-04:00,4480.39990234375,4480.7998046875,4479.2998046875,4480.60009765625,168
2026-09-04 13:02:00-04:00,4478.60009765625,4481.10009765625,4477.10009765625,4480.5,291
2026-09-04 13:03:00-04:00,4478.39990234375,4478.89990234375,4477.5,4478.7001953125,92
2026-09-04 13:04:00-04:00,4478.60009765625,4480.10009765625,4478.0,4478.39990234375,130
2026-09-04 13:05:00-04:00,4479.2998046875,4480.10009765625,4477.60009765625,4478.60009765625,176
2026-09-04 13:06:00-04:00,4478.2998046875,4479.2001953125,4478.2998046875,4478.89990234375,71
2026-09-04 13:07:00-04:00,4480.89990234375,4481.0,4478.2998046875,4478.39990234375,136
2026-09-04 13:08:00-04:00,4479.39990234375,4481.0,4479.39990234375,4480.7001953125,45
2026-09-04 13:09:00-04:00,4479.60009765625,4480.2001953125,4479.10009765625,4479.5,66
2026-09-04 13:10:00-04:00,4479.7998046875,4480.7001953125,4479.39990234375,4479.89990234375,65
2026-09-04 13:11:00-04:00,4479.89990234375,4480.89990234375,4479.60009765625,4479.89990234375,79
2026-09-04 13:12:00-04:00,4480.60009765625,4480.60009765625,4479.2001953125,4479.7998046875,36
2026-09-04 13:13:00-04:00,4480.2001953125,4480.7998046875,4479.7001953125,4480.39990234375,56
2026-09-04 13:14:00-04:00,4481.2001953125,4482.2001953125,4479.89990234375,4480.2998046875,140
2026-09-04 13:15:00-04:00,4481.2998046875,4481.89990234375,4481.0,4481.5,56
2026-09-04 13:16:00-04:00,4481.0,4481.60009765625,4480.10009765625,4481.60009765625,119
2026-09-04 13:17:00-04:00,4482.7998046875,4483.0,4481.2001953125,4481.2998046875,74
2026-09-04 13:18:00-04:00,4486.0,4486.2001953125,4482.60009765625,4483.0,170
2026-09-04 13:19:00-04:00,4485.7998046875,4486.2998046875,4485.10009765625,4486.0,86
2026-09-04 13:20:00-04:00,4486.39990234375,4488.0,4485.7998046875,4486.0,206
2026-09-04 13:21:00-04:00,4483.5,4487.2998046875,4483.0,4486.5,167
2026-09-04 13:22:00-04:00,4483.10009765625,4483.89990234375,4482.60009765625,4483.5,70
2026-09-04 13:23:00-04:00,4480.7998046875,4483.60009765625,4480.60009765625,4483.39990234375,81
2026-09-04 13:24:00-04:00,4480.60009765625,4481.39990234375,4478.7001953125,4480.2001953125,121
2026-09-04 13:25:00-04:00,4478.2998046875,4480.7998046875,4477.7998046875,4480.7998046875,234
2026-09-04 13:26:00-04:00,4477.60009765625,4478.5,4477.2998046875,4478.39990234375,158
2026-09-04 13:27:00-04:00,4477.89990234375,4478.60009765625,4476.7001953125,4477.39990234375,196
2026-09-04 13:28:00-04:00,4478.2001953125,4479.89990234375,4478.0,4478.2001953125,237
2026-09-04 13:29:00-04:00,4476.0,4478.39990234375,4475.0,4478.10009765625,1299
2026-09-04 13:30:00-04:00,4475.5,4477.2998046875,4474.89990234375,4475.89990234375,264
2026-09-04 13:31:00-04:00,4477.0,4477.0,4475.0,4475.7001953125,85
2026-09-04 13:32:00-04:00,4473.0,4477.0,4472.5,4476.89990234375,236
2026-09-04 13:33:00-04:00,4471.10009765625,4473.10009765625,4471.10009765625,4472.7998046875,231
2026-09-04 13:34:00-04:00,4471.5,4472.0,4470.39990234375,4471.0,158
2026-09-04 13:35:00-04:00,4472.60009765625,4473.0,4470.2001953125,4471.60009765625,146
2026-09-04 13:36:00-04:00,4471.39990234375,4472.2998046875,4471.2001953125,4472.2998046875,71
2026-09-04 13:37:00-04:00,4472.0,4472.60009765625,4470.5,4471.2998046875,184
2026-09-04 13:38:00-04:00,4472.0,4472.39990234375,4471.10009765625,4472.0,71
2026-09-04 13:39:00-04:00,4469.7001953125,4471.89990234375,4469.2998046875,4471.7998046875,209
2026-09-04 13:40:00-04:00,4469.0,4469.89990234375,4468.2001953125,4469.7001953125,117
2026-09-04 13:41:00-04:00,4467.39990234375,4468.7001953125,4467.0,4468.7001953125,82
2026-09-04 13:42:00-04:00,4465.7998046875,4467.39990234375,4465.7001953125,4467.2998046875,186
2026-09-04 13:43:00-04:00,4467.0,4467.2001953125,4465.60009765625,4466.0,211
2026-09-04 13:44:00-04:00,4464.5,4466.7998046875,4461.10009765625,4466.7001953125,455
2026-09-04 13:45:00-04:00,4465.7001953125,4465.7998046875,4462.7998046875,4464.5,211
2026-09-04 13:46:00-04:00,4466.0,4467.39990234375,4465.60009765625,4465.60009765625,134
2026-09-04 13:47:00-04:00,4466.60009765625,4467.10009765625,4464.7998046875,4466.2001953125,143
2026-09-04 13:48:00-04:00,4467.0,4467.7001953125,4466.39990234375,4466.5,42
2026-09-04 13:49:00-04:00,4467.0,4468.0,4466.5,4467.2001953125,99
2026-09-04 13:50:00-04:00,4467.89990234375,4468.2001953125,4466.7998046875,4466.7998046875,60
2026-09-04 13:51:00-04:00,4467.2998046875,4467.89990234375,4466.39990234375,4467.60009765625,85
2026-09-04 13:52:00-04:00,4467.89990234375,4468.7001953125,4467.2998046875,4467.39990234375,93
2026-09-04 13:53:00-04:00,4468.0,4468.89990234375,4467.39990234375,4467.7001953125,73
2026-09-04 13:54:00-04:00,4466.39990234375,4467.89990234375,4465.89990234375,4467.60009765625,113
2026-09-04 13:55:00-04:00,4465.7998046875,4466.7998046875,4465.2001953125,4466.60009765625,157
2026-09-04 13:56:00-04:00,4464.60009765625,4466.0,4464.2998046875,4466.0,51
2026-09-04 13:57:00-04:00,4464.60009765625,4464.7001953125,4463.7001953125,4464.5,74
2026-09-04 13:58:00-04:00,4464.7998046875,4465.0,4464.10009765625,4464.2998046875,40
2026-09-04 13:59:00-04:00,4464.0,4465.60009765625,4464.0,4464.89990234375,88
2026-09-04 14:00:00-04:00,4464.2998046875,4465.0,4463.7998046875,4464.7001953125,141
2026-09-04 14:01:00-04:00,4460.10009765625,4464.5,4460.10009765625,4464.5,208
2026-09-04 14:02:00-04:00,4461.2998046875,4462.2001953125,4459.0,4460.39990234375,306
2026-09-04 14:03:00-04:00,4461.10009765625,4461.7001953125,4460.2001953125,4461.10009765625,59
2026-09-04 14:04:00-04:00,4460.39990234375,4461.2001953125,4459.7001953125,4461.0,77
2026-09-04 14:05:00-04:00,4461.2998046875,4461.89990234375,4460.10009765625,4460.39990234375,73
2026-09-04 14:06:00-04:00,4462.60009765625,4462.7998046875,4461.2001953125,4461.39990234375,77
2026-09-04 14:07:00-04:00,4461.60009765625,4462.7001953125,4461.2001953125,4462.2998046875,79
2026-09-04 14:08:00-04:00,4463.2998046875,4463.60009765625,4461.60009765625,4461.60009765625,104
2026-09-04 14:09:00-04:00,4465.7001953125,4465.89990234375,4463.2998046875,4463.2998046875,151
2026-09-04 14:10:00-04:00,4465.5,4466.7998046875,4465.10009765625,4465.39990234375,568
2026-09-04 14:11:00-04:00,4464.2001953125,4466.5,4464.2001953125,4465.39990234375,127
2026-09-04 14:12:00-04:00,4464.7998046875,4465.2998046875,4464.10009765625,4464.5,110
2026-09-04 14:13:00-04:00,4465.5,4465.7001953125,4464.39990234375,4464.7001953125,53
2026-09-04 14:14:00-04:00,4467.10009765625,4467.39990234375,4465.5,4465.5,54
2026-09-04 14:15:00-04:00,4468.5,4468.7998046875,4467.2998046875,4467.2998046875,176
2026-09-04 14:16:00-04:00,4469.2001953125,4470.10009765625,4468.2001953125,4468.2998046875,180
2026-09-04 14:17:00-04:00,4468.89990234375,4469.5,4468.7001953125,4469.2998046875,38
2026-09-04 14:18:00-04:00,4468.7001953125,4468.7998046875,4468.10009765625,4468.7998046875,53
2026-09-04 14:19:00-04:00,4467.2001953125,4468.60009765625,4467.0,4468.60009765625,69
2026-09-04 14:20:00-04:00,4467.7998046875,4467.89990234375,4466.89990234375,4467.5,27
2026-09-04 14:21:00-04:00,4470.7998046875,4471.0,4467.5,4467.60009765625,95
2026-09-04 14:22:00-04:00,4472.2001953125,4472.2001953125,4470.89990234375,4471.0,105
2026-09-04 14:23:00-04:00,4471.5,4472.39990234375,4471.2998046875,4472.2998046875,70
2026-09-04 14:24:00-04:00,4472.10009765625,4472.5,4471.39990234375,4471.60009765625,41
2026-09-04 14:25:00-04:00,4473.7998046875,4474.0,4472.5,4472.5,92
2026-09-04 14:26:00-04:00,4473.2001953125,4474.5,4473.10009765625,4473.89990234375,100
2026-09-04 14:27:00-04:00,4473.7001953125,4474.10009765625,4472.89990234375,4473.39990234375,103
2026-09-04 14:28:00-04:00,4471.89990234375,4473.60009765625,4471.89990234375,4473.60009765625,88
2026-09-04 14:29:00-04:00,4472.60009765625,4472.7001953125,4471.2001953125,4472.0,80
2026-09-04 14:30:00-04:00,4471.2001953125,4472.7001953125,4470.7998046875,4472.60009765625,87
2026-09-04 14:31:00-04:00,4471.0,4471.39990234375,4470.7998046875,4471.2001953125,69
2026-09-04 14:32:00-04:00,4470.60009765625,4471.39990234375,4470.60009765625,4471.2998046875,24
2026-09-04 14:33:00-04:00,4472.0,4472.0,4471.2998046875,4471.2998046875,12
2026-09-04 14:34:00-04:00,4472.7001953125,4472.7998046875,4471.89990234375,4472.0,48
2026-09-04 14:35:00-04:00,4471.2001953125,4472.7001953125,4471.2001953125,4472.5,49
2026-09-04 14:36:00-04:00,4470.5,4471.39990234375,4470.2998046875,4471.39990234375,59
2026-09-04 14:37:00-04:00,4469.89990234375,4470.39990234375,4468.89990234375,4470.39990234375,76
2026-09-04 14:38:00-04:00,4470.10009765625,4470.7001953125,4469.7998046875,4469.7998046875,53
2026-09-04 14:39:00-04:00,4470.2001953125,4470.5,4469.89990234375,4470.10009765625,40
2026-09-04 14:40:00-04:00,4470.89990234375,4473.89990234375,4469.60009765625,4470.0,155
2026-09-04 14:41:00-04:00,4469.89990234375,4471.39990234375,4469.39990234375,4470.5,112
2026-09-04 14:42:00-04:00,4469.89990234375,4470.60009765625,4469.7001953125,4470.0,26
2026-09-04 14:43:00-04:00,4469.89990234375,4471.0,4469.89990234375,4470.0,56
2026-09-04 14:44:00-04:00,4470.5,4470.5,4469.60009765625,4469.7998046875,62
2026-09-04 14:45:00-04:00,4470.2998046875,4470.5,4469.7001953125,4470.2998046875,19
2026-09-04 14:46:00-04:00,4471.7998046875,4471.89990234375,4469.5,4469.89990234375,80
2026-09-04 14:47:00-04:00,4471.5,4472.0,4471.0,4472.0,67
2026-09-04 14:48:00-04:00,4471.39990234375,4471.60009765625,4471.10009765625,4471.5,18
2026-09-04 14:49:00-04:00,4471.5,4472.0,4471.2998046875,4471.60009765625,41
2026-09-04 14:50:00-04:00,4472.2998046875,4472.2998046875,4471.10009765625,4471.2998046875,33
2026-09-04 14:51:00-04:00,4472.2001953125,4472.39990234375,4471.5,4472.39990234375,28
2026-09-04 14:52:00-04:00,4472.5,4473.0,4472.10009765625,4472.10009765625,27
2026-09-04 14:53:00-04:00,4472.7001953125,4472.89990234375,4472.10009765625,4472.5,106
2026-09-04 14:54:00-04:00,4472.2998046875,4472.89990234375,4472.2998046875,4472.5,25
2026-09-04 14:55:00-04:00,4472.2998046875,4473.2998046875,4472.10009765625,4472.39990234375,79
2026-09-04 14:56:00-04:00,4471.7001953125,4472.2998046875,4471.39990234375,4472.10009765625,30
2026-09-04 14:57:00-04:00,4472.2998046875,4472.2998046875,4471.2998046875,4472.10009765625,63
2026-09-04 14:58:00-04:00,4470.7998046875,4472.0,4470.39990234375,4472.0,143
2026-09-04 14:59:00-04:00,4471.2998046875,4472.2998046875,4470.60009765625,4470.7998046875,63
2026-09-04 15:00:00-04:00,4470.89990234375,4473.0,4470.0,4471.60009765625,103
2026-09-04 15:01:00-04:00,4471.0,4471.60009765625,4470.60009765625,4471.0,21
2026-09-04 15:02:00-04:00,4471.39990234375,4471.89990234375,4470.39990234375,4470.60009765625,14
2026-09-04 15:03:00-04:00,4471.10009765625,4471.7001953125,4471.0,4471.7001953125,4
2026-09-04 15:04:00-04:00,4471.10009765625,4471.60009765625,4471.10009765625,4471.2001953125,10
2026-09-04 15:05:00-04:00,4471.0,4471.0,4470.2998046875,4470.7998046875,9
2026-09-04 15:06:00-04:00,4471.10009765625,4471.2001953125,4470.7001953125,4471.2001953125,14
2026-09-04 15:07:00-04:00,4470.7998046875,4471.7001953125,4470.7998046875,4471.2001953125,19
2026-09-04 15:08:00-04:00,4472.5,4473.0,4470.89990234375,4471.2001953125,77
2026-09-04 15:09:00-04:00,4472.5,4472.60009765625,4472.0,4472.60009765625,22
2026-09-04 15:10:00-04:00,4472.2998046875,4472.89990234375,4472.2998046875,4472.2998046875,23
2026-09-04 15:11:00-04:00,4474.7001953125,4474.7998046875,4472.2001953125,4472.2001953125,149
2026-09-04 15:12:00-04:00,4475.5,4476.0,4475.0,4475.0,163
2026-09-04 15:13:00-04:00,4475.2001953125,4475.5,4474.60009765625,4475.5,52
2026-09-04 15:14:00-04:00,4476.5,4477.2998046875,4475.2001953125,4475.7998046875,180
2026-09-04 15:15:00-04:00,4476.60009765625,4477.10009765625,4476.10009765625,4476.5,65
2026-09-04 15:16:00-04:00,4478.2001953125,4479.2998046875,4476.89990234375,4477.0,179
2026-09-04 15:17:00-04:00,4477.5,4478.5,4477.10009765625,4478.10009765625,96
2026-09-04 15:18:00-04:00,4476.7998046875,4477.2998046875,4476.7998046875,4477.2998046875,44
2026-09-04 15:19:00-04:00,4476.0,4477.10009765625,4476.0,4476.7001953125,40
2026-09-04 15:20:00-04:00,4474.7998046875,4476.2001953125,4474.10009765625,4476.2001953125,57
2026-09-04 15:21:00-04:00,4475.89990234375,4475.89990234375,4474.7001953125,4474.7001953125,79
2026-09-04 15:22:00-04:00,4475.60009765625,4476.10009765625,4475.39990234375,4476.10009765625,32
2026-09-04 15:23:00-04:00,4477.39990234375,4478.10009765625,4475.60009765625,4475.7001953125,116
2026-09-04 15:24:00-04:00,4478.2001953125,4478.5,4477.39990234375,4477.39990234375,30
2026-09-04 15:25:00-04:00,4477.5,4478.89990234375,4477.5,4478.2001953125,43
2026-09-04 15:26:00-04:00,4479.2998046875,4479.39990234375,4477.7998046875,4477.7998046875,25
2026-09-04 15:27:00-04:00,4481.60009765625,4482.60009765625,4479.39990234375,4479.39990234375,154
2026-09-04 15:28:00-04:00,4482.60009765625,4483.0,4481.5,4481.5,83
2026-09-04 15:29:00-04:00,4482.7998046875,4483.0,4481.60009765625,4482.39990234375,63
2026-09-04 15:30:00-04:00,4482.2001953125,4482.89990234375,4481.89990234375,4482.7998046875,29
2026-09-04 15:31:00-04:00,4482.10009765625,4483.7998046875,4482.10009765625,4482.2998046875,84
2026-09-04 15:32:00-04:00,4481.7001953125,4482.7998046875,4481.7001953125,4482.39990234375,55
2026-09-04 15:33:00-04:00,4484.60009765625,4484.89990234375,4481.2998046875,4481.60009765625,135
2026-09-04 15:34:00-04:00,4484.89990234375,4485.60009765625,4484.2998046875,4484.7998046875,112
2026-09-04 15:35:00-04:00,4483.2001953125,4485.0,4483.0,4484.7998046875,45
2026-09-04 15:36:00-04:00,4483.89990234375,4484.60009765625,4483.2998046875,4483.2998046875,39
2026-09-04 15:37:00-04:00,4484.0,4484.39990234375,4483.89990234375,4484.0,20
2026-09-04 15:38:00-04:00,4482.60009765625,4484.5,4482.2001953125,4484.2001953125,117
2026-09-04 15:39:00-04:00,4483.7001953125,4483.7001953125,4482.60009765625,4482.7001953125,23
2026-09-04 15:40:00-04:00,4483.10009765625,4484.7998046875,4482.89990234375,4483.7998046875,274
2026-09-04 15:41:00-04:00,4483.60009765625,4483.7001953125,4482.7998046875,4483.0,47
2026-09-04 15:42:00-04:00,4483.2998046875,4483.7998046875,4483.2998046875,4483.60009765625,26
2026-09-04 15:43:00-04:00,4483.5,4483.7998046875,4482.2998046875,4483.60009765625,61
2026-09-04 15:44:00-04:00,4483.89990234375,4484.0,4483.39990234375,4483.60009765625,16
2026-09-04 15:45:00-04:00,4483.2001953125,4484.7998046875,4483.2001953125,4484.2001953125,149
2026-09-04 15:46:00-04:00,4481.89990234375,4483.2998046875,4481.5,4483.2998046875,36
2026-09-04 15:47:00-04:00,4481.5,4482.0,4480.89990234375,4481.7001953125,71
2026-09-04 15:48:00-04:00,4481.0,4482.0,4480.89990234375,4481.7998046875,54
2026-09-04 15:49:00-04:00,4482.5,4482.5,4480.60009765625,4480.89990234375,91
2026-09-04 15:50:00-04:00,4482.2998046875,4483.60009765625,4482.2001953125,4482.7001953125,95
2026-09-04 15:51:00-04:00,4482.2998046875,4482.7998046875,4481.7001953125,4482.39990234375,100
2026-09-04 15:52:00-04:00,4482.2001953125,4482.89990234375,4481.89990234375,4482.5,209
2026-09-04 15:53:00-04:00,4482.2998046875,4482.7998046875,4481.2998046875,4482.10009765625,67
2026-09-04 15:54:00-04:00,4483.2998046875,4483.5,4481.7998046875,4482.39990234375,107
2026-09-04 15:55:00-04:00,4481.60009765625,4483.39990234375,4481.10009765625,4483.39990234375,80
2026-09-04 15:56:00-04:00,4480.60009765625,4481.7001953125,4480.2001953125,4481.60009765625,63
2026-09-04 15:57:00-04:00,4481.5,4481.5,4479.7998046875,4480.7001953125,264
2026-09-04 15:58:00-04:00,4481.89990234375,4482.0,4481.10009765625,4481.5,95
2026-09-04 15:59:00-04:00,4482.0,4482.7998046875,4481.7001953125,4481.7998046875,221
2026-09-04 16:00:00-04:00,4480.89990234375,4482.2998046875,4480.60009765625,4481.7998046875,102
2026-09-04 16:01:00-04:00,4480.39990234375,4481.5,4480.10009765625,4481.10009765625,177
2026-09-04 16:02:00-04:00,4481.60009765625,4482.10009765625,4480.60009765625,4480.60009765625,50
2026-09-04 16:03:00-04:00,4481.10009765625,4481.7001953125,4480.89990234375,4481.39990234375,31
2026-09-04 16:04:00-04:00,4479.89990234375,4481.2998046875,4479.10009765625,4481.2998046875,109
2026-09-04 16:05:00-04:00,4479.7001953125,4480.0,4479.60009765625,4479.89990234375,13
2026-09-04 16:06:00-04:00,4479.2998046875,4479.7998046875,4478.7998046875,4479.5,31
2026-09-04 16:07:00-04:00,4479.0,4479.2001953125,4478.7998046875,4479.0,11
2026-09-04 16:08:00-04:00,4478.7001953125,4479.39990234375,4478.2998046875,4479.39990234375,27
2026-09-04 16:09:00-04:00,4479.0,4479.0,4478.2998046875,4478.7998046875,56
2026-09-04 16:10:00-04:00,4479.0,4479.2998046875,4479.0,4479.0,18
2026-09-04 16:11:00-04:00,4478.2998046875,4478.60009765625,4478.2001953125,4478.60009765625,24
2026-09-04 16:12:00-04:00,4478.2998046875,4478.7001953125,4477.89990234375,4478.39990234375,17
2026-09-04 16:13:00-04:00,4479.2998046875,4479.89990234375,4478.2998046875,4478.2998046875,71
2026-09-04 16:14:00-04:00,4478.7998046875,4479.2001953125,4478.7001953125,4479.2001953125,61
2026-09-04 16:15:00-04:00,4477.7001953125,4479.0,4477.7001953125,4478.7998046875,37
2026-09-04 16:16:00-04:00,4477.5,4477.7001953125,4476.89990234375,4477.60009765625,28
2026-09-04 16:17:00-04:00,4477.7001953125,4477.7001953125,4477.5,4477.5,12
2026-09-04 16:18:00-04:00,4477.7001953125,4477.89990234375,4477.5,4477.5,13
2026-09-04 16:19:00-04:00,4477.89990234375,4477.89990234375,4477.89990234375,4477.89990234375,2
2026-09-04 16:20:00-04:00,4478.0,4478.39990234375,4478.0,4478.2001953125,12
2026-09-04 16:21:00-04:00,4478.0,4478.2001953125,4477.39990234375,4478.2001953125,23
2026-09-04 16:22:00-04:00,4478.2001953125,4478.2998046875,4477.7001953125,4477.7998046875,31
2026-09-04 16:23:00-04:00,4477.5,4478.39990234375,4477.5,4478.2998046875,43
2026-09-04 16:24:00-04:00,4477.2998046875,4477.7001953125,4477.2001953125,4477.7001953125,11
2026-09-04 16:25:00-04:00,4477.89990234375,4478.10009765625,4477.2998046875,4477.2998046875,13
2026-09-04 16:26:00-04:00,4477.2001953125,4477.89990234375,4477.0,4477.7998046875,17
2026-09-04 16:27:00-04:00,4476.60009765625,4477.39990234375,4476.60009765625,4477.2001953125,34
2026-09-04 16:28:00-04:00,4477.0,4477.10009765625,4476.60009765625,4476.60009765625,14
2026-09-04 16:29:00-04:00,4477.2998046875,4477.5,4476.7001953125,4477.0,35
2026-09-04 16:30:00-04:00,4476.7998046875,4476.7998046875,4476.10009765625,4476.60009765625,30
2026-09-04 16:31:00-04:00,4476.2998046875,4476.7998046875,4476.10009765625,4476.7998046875,17
2026-09-04 16:32:00-04:00,4476.2001953125,4476.5,4476.0,4476.2998046875,15
2026-09-04 16:33:00-04:00,4476.39990234375,4476.7001953125,4476.39990234375,4476.39990234375,3
2026-09-04 16:34:00-04:00,4476.60009765625,4476.60009765625,4476.2001953125,4476.39990234375,15
2026-09-04 16:35:00-04:00,4477.7001953125,4477.7001953125,4476.60009765625,4476.60009765625,21
2026-09-04 16:36:00-04:00,4477.7001953125,4478.0,4477.60009765625,4477.89990234375,26
2026-09-04 16:37:00-04:00,4477.2001953125,4477.7001953125,4476.89990234375,4477.7001953125,31
2026-09-04 16:38:00-04:00,4477.60009765625,4477.7998046875,4477.60009765625,4477.7001953125,6
2026-09-04 16:39:00-04:00,4477.60009765625,4477.7001953125,4477.2998046875,4477.2998046875,9
2026-09-04 16:40:00-04:00,4476.5,4477.60009765625,4476.2001953125,4477.60009765625,41
2026-09-04 16:41:00-04:00,4476.60009765625,4476.89990234375,4476.39990234375,4476.7998046875,19
2026-09-04 16:42:00-04:00,4476.89990234375,4477.2001953125,4476.39990234375,4476.39990234375,18
2026-09-04 16:43:00-04:00,4477.2001953125,4477.5,4476.7998046875,4476.7998046875,10
2026-09-04 16:44:00-04:00,4477.39990234375,4477.89990234375,4477.39990234375,4477.60009765625,15
2026-09-04 16:45:00-04:00,4477.2998046875,4477.7998046875,4477.2001953125,4477.60009765625,27
2026-09-04 16:46:00-04:00,4476.7998046875,4477.2001953125,4476.60009765625,4477.2001953125,22
2026-09-04 16:47:00-04:00,4476.0,4476.7001953125,4475.7001953125,4476.7001953125,44
2026-09-04 16:48:00-04:00,4475.7001953125,4476.2998046875,4475.7001953125,4476.0,24
2026-09-04 16:49:00-04:00,4475.89990234375,4476.10009765625,4475.60009765625,4475.89990234375,27
2026-09-04 16:50:00-04:00,4475.89990234375,4476.10009765625,4475.89990234375,4476.0,34
2026-09-04 16:51:00-04:00,4476.10009765625,4476.2998046875,4476.0,4476.0,10
2026-09-04 16:52:00-04:00,4476.7001953125,4476.7001953125,4476.10009765625,4476.2998046875,14
2026-09-04 16:53:00-04:00,4477.60009765625,4477.60009765625,4476.89990234375,4476.89990234375,21
2026-09-04 16:54:00-04:00,4478.2998046875,4478.5,4476.89990234375,4477.39990234375,38
2026-09-04 16:55:00-04:00,4478.0,4478.5,4477.89990234375,4478.10009765625,12
2026-09-04 16:56:00-04:00,4478.2998046875,4478.2998046875,4477.89990234375,4478.10009765625,10
2026-09-04 16:57:00-04:00,4477.10009765625,4478.10009765625,4476.7001953125,4478.10009765625,39
2026-09-04 16:58:00-04:00,4476.89990234375,4477.10009765625,4476.7001953125,4476.89990234375,28
2026-09-04 16:59:00-04:00,4476.60009765625,4477.2001953125,4476.5,4477.0,50
2026-09-08 00:00:00-04:00,4486.39990234375,4487.2001953125,4483.39990234375,4483.5,309
2026-09-08 00:01:00-04:00,4484.0,4486.2998046875,4483.2998046875,4486.2998046875,63
2026-09-08 00:02:00-04:00,4484.7001953125,4485.7998046875,4483.89990234375,4484.39990234375,37
2026-09-08 00:03:00-04:00,4487.10009765625,4487.60009765625,4484.89990234375,4484.89990234375,55
2026-09-08 00:04:00-04:00,4487.2001953125,4487.7998046875,4487.10009765625,4487.10009765625,240
2026-09-08 00:05:00-04:00,4488.2001953125,4488.7998046875,4487.10009765625,4487.10009765625,108
2026-09-08 00:06:00-04:00,4487.2998046875,4488.39990234375,4486.7998046875,4488.2001953125,63
2026-09-08 00:07:00-04:00,4487.7001953125,4487.7001953125,4486.5,4487.2998046875,56
2026-09-08 00:08:00-04:00,4485.5,4487.10009765625,4485.39990234375,4487.10009765625,30
2026-09-08 00:09:00-04:00,4486.10009765625,4486.39990234375,4484.60009765625,4485.7001953125,106
2026-09-08 00:10:00-04:00,4486.7998046875,4488.2998046875,4485.89990234375,4486.10009765625,92
2026-09-08 00:11:00-04:00,4486.39990234375,4486.7998046875,4486.0,4486.7998046875,8
2026-09-08 00:12:00-04:00,4486.5,4487.60009765625,4486.10009765625,4486.7001953125,31
2026-09-08 00:13:00-04:00,4484.89990234375,4486.39990234375,4484.7998046875,4486.10009765625,57
2026-09-08 00:14:00-04:00,4484.7001953125,4485.89990234375,4484.5,4484.89990234375,34
2026-09-08 00:15:00-04:00,4484.7998046875,4484.89990234375,4483.60009765625,4484.89990234375,30
2026-09-08 00:16:00-04:00,4485.39990234375,4486.39990234375,4484.7001953125,4484.7001953125,48
2026-09-08 00:17:00-04:00,4485.0,4485.39990234375,4484.89990234375,4485.39990234375,13
2026-09-08 00:18:00-04:00,4484.60009765625,4485.10009765625,4484.60009765625,4485.0,8
2026-09-08 00:19:00-04:00,4484.2001953125,4484.60009765625,4483.60009765625,4484.5,32
2026-09-08 00:20:00-04:00,4482.7001953125,4484.60009765625,4482.0,4484.2001953125,53
2026-09-08 00:21:00-04:00,4481.39990234375,4483.89990234375,4481.2998046875,4483.2001953125,70
2026-09-08 00:22:00-04:00,4479.7998046875,4481.7998046875,4479.7998046875,4481.60009765625,112
2026-09-08 00:23:00-04:00,4479.0,4480.5,4479.0,4479.7998046875,81
2026-09-08 00:24:00-04:00,4479.0,4479.5,4478.39990234375,4479.2001953125,41
2026-09-08 00:25:00-04:00,4478.7998046875,4479.60009765625,4478.5,4478.89990234375,19
2026-09-08 00:26:00-04:00,4478.89990234375,4479.39990234375,4478.39990234375,4478.60009765625,21
2026-09-08 00:27:00-04:00,4478.2998046875,4478.7001953125,4477.0,4478.5,68
2026-09-08 00:28:00-04:00,4477.7998046875,4478.2001953125,4477.7998046875,4477.7998046875,12
2026-09-08 00:29:00-04:00,4477.89990234375,4478.60009765625,4477.39990234375,4477.5,31
2026-09-08 00:30:00-04:00,4478.60009765625,4478.60009765625,4478.0,4478.2998046875,14
2026-09-08 00:31:00-04:00,4478.39990234375,4478.7998046875,4478.10009765625,4478.7001953125,31
2026-09-08 00:32:00-04:00,4479.0,4479.0,4477.89990234375,4478.7998046875,20
2026-09-08 00:33:00-04:00,4478.7998046875,4479.2998046875,4478.60009765625,4479.10009765625,32
2026-09-08 00:34:00-04:00,4479.39990234375,4480.10009765625,4479.10009765625,4479.10009765625,19
2026-09-08 00:35:00-04:00,4479.2001953125,4479.89990234375,4479.2001953125,4479.2998046875,19
2026-09-08 00:36:00-04:00,4480.2998046875,4480.39990234375,4479.39990234375,4479.5,21
2026-09-08 00:37:00-04:00,4479.2998046875,4480.2998046875,4478.7001953125,4480.2998046875,42
2026-09-08 00:38:00-04:00,4478.60009765625,4479.5,4478.60009765625,4479.5,63
2026-09-08 00:39:00-04:00,4479.89990234375,4480.2001953125,4478.7998046875,4478.7998046875,33
2026-09-08 00:40:00-04:00,4480.89990234375,4480.89990234375,4479.7998046875,4480.0,50
2026-09-08 00:41:00-04:00,4480.60009765625,4481.39990234375,4480.2998046875,4480.5,55
2026-09-08 00:42:00-04:00,4480.2998046875,4480.7998046875,4479.89990234375,4480.2998046875,16
2026-09-08 00:43:00-04:00,4481.2998046875,4482.10009765625,4480.2998046875,4480.2998046875,34
2026-09-08 00:44:00-04:00,4481.89990234375,4481.89990234375,4480.89990234375,4481.2001953125,19
2026-09-08 00:45:00-04:00,4480.89990234375,4481.7001953125,4480.7998046875,4481.7001953125,11
2026-09-08 00:46:00-04:00,4480.7001953125,4481.2998046875,4480.7001953125,4481.0,14
2026-09-08 00:47:00-04:00,4480.7998046875,4481.2001953125,4480.39990234375,4481.0,22
2026-09-08 00:48:00-04:00,4480.60009765625,4480.89990234375,4480.2998046875,4480.60009765625,20
2026-09-08 00:49:00-04:00,4480.2001953125,4480.7001953125,4480.0,4480.7001953125,18
2026-09-08 00:50:00-04:00,4480.5,4481.39990234375,4480.10009765625,4480.2998046875,23
2026-09-08 00:51:00-04:00,4480.89990234375,4480.89990234375,4480.2001953125,4480.39990234375,8
2026-09-08 00:52:00-04:00,4480.10009765625,4480.7998046875,4480.10009765625,4480.7998046875,17
2026-09-08 00:53:00-04:00,4479.89990234375,4480.0,4479.7001953125,4479.89990234375,9
2026-09-08 00:54:00-04:00,4480.39990234375,4480.39990234375,4480.2001953125,4480.2001953125,2
2026-09-08 00:55:00-04:00,4480.0,4480.7001953125,4479.60009765625,4480.7001953125,11
2026-09-08 00:56:00-04:00,4480.60009765625,4480.60009765625,4480.10009765625,4480.10009765625,2
2026-09-08 00:57:00-04:00,4482.7001953125,4482.7998046875,4480.39990234375,4480.5,32
2026-09-08 00:58:00-04:00,4485.0,4485.5,4482.89990234375,4482.89990234375,60
2026-09-08 00:59:00-04:00,4481.60009765625,4485.10009765625,4480.2001953125,4484.7998046875,167
2026-09-08 01:00:00-04:00,4482.5,4482.5,4481.39990234375,4481.7001953125,28
2026-09-08 01:01:00-04:00,4482.7998046875,4482.7998046875,4482.10009765625,4482.5,20
2026-09-08 01:02:00-04:00,4483.10009765625,4483.39990234375,4482.7001953125,4482.7001953125,23
2026-09-08 01:03:00-04:00,4481.5,4483.0,4481.5,4483.0,18
2026-09-08 01:04:00-04:00,4480.0,4480.7998046875,4479.7998046875,4480.7001953125,24
2026-09-08 01:05:00-04:00,4479.5,4479.7998046875,4478.60009765625,4479.7998046875,68
2026-09-08 01:06:00-04:00,4479.10009765625,4480.0,4478.39990234375,4479.39990234375,36
2026-09-08 01:07:00-04:00,4477.7998046875,4479.0,4477.7998046875,4479.0,68
2026-09-08 01:08:00-04:00,4477.2998046875,4478.39990234375,4476.7001953125,4478.10009765625,78
2026-09-08 01:09:00-04:00,4476.39990234375,4477.2998046875,4475.60009765625,4477.2998046875,103
2026-09-08 01:10:00-04:00,4476.0,4476.89990234375,4476.0,4476.7001953125,22
2026-09-08 01:11:00-04:00,4474.7998046875,4476.10009765625,4474.10009765625,4476.0,59
2026-09-08 01:12:00-04:00,4474.2998046875,4474.7998046875,4472.89990234375,4474.60009765625,134
2026-09-08 01:13:00-04:00,4473.5,4474.5,4473.2998046875,4474.0,37
2026-09-08 01:14:00-04:00,4472.89990234375,4474.7001953125,4472.39990234375,4474.0,52
2026-09-08 01:15:00-04:00,4473.10009765625,4473.2998046875,4471.60009765625,4472.60009765625,118
2026-09-08 01:16:00-04:00,4474.10009765625,4474.10009765625,4472.5,4473.0,52
2026-09-08 01:17:00-04:00,4473.89990234375,4474.89990234375,4473.39990234375,4473.5,74
2026-09-08 01:18:00-04:00,4474.0,4474.39990234375,4473.39990234375,4474.2001953125,29
2026-09-08 01:19:00-04:00,4474.5,4474.7001953125,4474.10009765625,4474.2001953125,11
2026-09-08 01:20:00-04:00,4476.0,4476.0,4474.2998046875,4474.7001953125,44
2026-09-08 01:21:00-04:00,4476.2001953125,4476.2001953125,4475.10009765625,4475.7998046875,49
2026-09-08 01:22:00-04:00,4474.39990234375,4477.2001953125,4474.2998046875,4476.39990234375,72
2026-09-08 01:23:00-04:00,4471.89990234375,4475.10009765625,4471.89990234375,4474.2998046875,77
2026-09-08 01:24:00-04:00,4470.2001953125,4472.2001953125,4470.2001953125,4471.39990234375,150
2026-09-08 01:25:00-04:00,4469.7001953125,4470.7998046875,4469.39990234375,4470.2998046875,91
2026-09-08 01:26:00-04:00,4468.39990234375,4469.89990234375,4468.10009765625,4469.2998046875,84
2026-09-08 01:27:00-04:00,4467.89990234375,4469.2001953125,4467.7001953125,4468.7001953125,113
2026-09-08 01:28:00-04:00,4466.7001953125,4468.10009765625,4466.5,4467.7998046875,66
2026-09-08 01:29:00-04:00,4465.5,4467.60009765625,4465.2998046875,4466.7998046875,71
2026-09-08 01:30:00-04:00,4469.5,4470.7998046875,4462.89990234375,4465.60009765625,494
2026-09-08 01:31:00-04:00,4466.60009765625,4469.39990234375,4466.2998046875,4469.39990234375,97
2026-09-08 01:32:00-04:00,4466.0,4466.7001953125,4464.89990234375,4466.10009765625,39
2026-09-08 01:33:00-04:00,4465.7001953125,4466.2998046875,4464.60009765625,4466.10009765625,44
2026-09-08 01:34:00-04:00,4467.7001953125,4468.5,4465.10009765625,4465.60009765625,96
2026-09-08 01:35:00-04:00,4467.7998046875,4468.7001953125,4466.60009765625,4467.7001953125,55
2026-09-08 01:36:00-04:00,4467.7998046875,4468.2001953125,4466.7998046875,4467.60009765625,52
2026-09-08 01:37:00-04:00,4468.10009765625,4469.2001953125,4467.7998046875,4468.0,77
2026-09-08 01:38:00-04:00,4470.39990234375,4470.39990234375,4467.7001953125,4468.10009765625,40
2026-09-08 01:39:00-04:00,4472.10009765625,4472.10009765625,4470.10009765625,4470.60009765625,108
2026-09-08 01:40:00-04:00,4471.2998046875,4472.10009765625,4470.60009765625,4472.0,31
2026-09-08 01:41:00-04:00,4471.2998046875,4471.7998046875,4470.7001953125,4471.10009765625,23
2026-09-08 01:42:00-04:00,4471.60009765625,4472.10009765625,4470.7998046875,4471.2998046875,38
2026-09-08 01:43:00-04:00,4470.7001953125,4471.39990234375,4470.39990234375,4471.39990234375,15
2026-09-08 01:44:00-04:00,4471.0,4471.0,4470.0,4470.2998046875,13
2026-09-08 01:45:00-04:00,4473.0,4473.2998046875,4470.5,4470.7001953125,38
2026-09-08 01:46:00-04:00,4470.7998046875,4473.89990234375,4470.5,4473.60009765625,85
2026-09-08 01:47:00-04:00,4469.89990234375,4471.39990234375,4469.60009765625,4470.7998046875,63
2026-09-08 01:48:00-04:00,4468.2001953125,4471.5,4468.2001953125,4469.60009765625,91
2026-09-08 01:49:00-04:00,4470.10009765625,4470.5,4468.5,4468.5,65
2026-09-08 01:50:00-04:00,4466.89990234375,4469.89990234375,4466.7998046875,4469.89990234375,98
2026-09-08 01:51:00-04:00,4467.7001953125,4468.0,4467.0,4467.2998046875,31
2026-09-08 01:52:00-04:00,4467.89990234375,4468.2998046875,4467.0,4467.5,42
2026-09-08 01:53:00-04:00,4465.2001953125,4467.5,4464.7001953125,4467.10009765625,82
2026-09-08 01:54:00-04:00,4464.2998046875,4467.39990234375,4464.2001953125,4465.7001953125,73
2026-09-08 01:55:00-04:00,4462.7998046875,4465.0,4462.60009765625,4464.89990234375,105
2026-09-08 01:56:00-04:00,4464.5,4464.7998046875,4462.10009765625,4462.7998046875,90
2026-09-08 01:57:00-04:00,4464.5,4465.5,4463.5,4464.60009765625,77
2026-09-08 01:58:00-04:00,4464.89990234375,4464.89990234375,4463.7998046875,4464.2001953125,36
2026-09-08 01:59:00-04:00,4464.39990234375,4465.7001953125,4463.60009765625,4465.10009765625,91
2026-09-08 02:00:00-04:00,4463.7001953125,4465.10009765625,4462.39990234375,4464.39990234375,169
2026-09-08 02:01:00-04:00,4459.60009765625,4463.5,4459.60009765625,4463.5,183
2026-09-08 02:02:00-04:00,4459.60009765625,4460.39990234375,4457.7998046875,4459.60009765625,113
2026-09-08 02:03:00-04:00,4458.60009765625,4460.2998046875,4458.60009765625,4460.0,60
2026-09-08 02:04:00-04:00,4460.2998046875,4460.2998046875,4457.89990234375,4459.39990234375,80
2026-09-08 02:05:00-04:00,4458.2998046875,4459.39990234375,4455.89990234375,4459.39990234375,186
2026-09-08 02:06:00-04:00,4459.0,4460.60009765625,4458.0,4458.39990234375,110
2026-09-08 02:07:00-04:00,4459.10009765625,4459.7998046875,4458.10009765625,4458.60009765625,33
2026-09-08 02:08:00-04:00,4458.60009765625,4460.60009765625,4458.60009765625,4459.39990234375,83
2026-09-08 02:09:00-04:00,4458.39990234375,4458.7001953125,4457.60009765625,4458.60009765625,87
2026-09-08 02:10:00-04:00,4457.2998046875,4458.0,4456.0,4457.89990234375,69
2026-09-08 02:11:00-04:00,4456.2001953125,4457.39990234375,4455.2998046875,4457.39990234375,57
2026-09-08 02:12:00-04:00,4453.7001953125,4456.89990234375,4453.10009765625,4456.5,354
2026-09-08 02:13:00-04:00,4456.7001953125,4456.89990234375,4453.60009765625,4453.7001953125,172
2026-09-08 02:14:00-04:00,4456.39990234375,4457.2998046875,4456.10009765625,4456.7001953125,82
2026-09-08 02:15:00-04:00,4453.10009765625,4456.2001953125,4453.0,4456.10009765625,170
2026-09-08 02:16:00-04:00,4452.39990234375,4454.2001953125,4452.0,4453.2001953125,106
2026-09-08 02:17:00-04:00,4453.2998046875,4453.7001953125,4452.0,4452.7998046875,118
2026-09-08 02:18:00-04:00,4450.2001953125,4453.0,4450.2001953125,4453.0,88
2026-09-08 02:19:00-04:00,4446.2998046875,4450.10009765625,4446.2001953125,4450.10009765625,482
2026-09-08 02:20:00-04:00,4450.0,4450.10009765625,4445.2001953125,4446.2001953125,252
2026-09-08 02:21:00-04:00,4450.2001953125,4450.7998046875,4448.60009765625,4449.7998046875,99
2026-09-08 02:22:00-04:00,4449.89990234375,4450.39990234375,4447.7998046875,4450.39990234375,124
2026-09-08 02:23:00-04:00,4447.60009765625,4450.7001953125,4446.7998046875,4450.2001953125,124
2026-09-08 02:24:00-04:00,4448.5,4448.5,4446.10009765625,4447.2998046875,127
2026-09-08 02:25:00-04:00,4447.39990234375,4448.5,4446.60009765625,4447.60009765625,96
2026-09-08 02:26:00-04:00,4446.0,4448.2001953125,4446.0,4447.2998046875,78
2026-09-08 02:27:00-04:00,4445.10009765625,4446.89990234375,4444.7998046875,4446.0,100
2026-09-08 02:28:00-04:00,4445.89990234375,4446.39990234375,4443.7001953125,4444.7001953125,89
2026-09-08 02:29:00-04:00,4444.7998046875,4447.2001953125,4444.7998046875,4445.2998046875,48
2026-09-08 02:30:00-04:00,4444.89990234375,4446.39990234375,4444.39990234375,4444.7998046875,59
2026-09-08 02:31:00-04:00,4446.10009765625,4446.5,4443.10009765625,4444.5,138
2026-09-08 02:32:00-04:00,4446.89990234375,4447.7998046875,4445.7998046875,4446.2998046875,79
2026-09-08 02:33:00-04:00,4446.2001953125,4447.2001953125,4445.60009765625,4446.5,41
2026-09-08 02:34:00-04:00,4446.7998046875,4447.39990234375,4445.7001953125,4446.39990234375,92
2026-09-08 02:35:00-04:00,4445.2001953125,4447.39990234375,4444.2001953125,4447.0,190
2026-09-08 02:36:00-04:00,4443.89990234375,4446.2998046875,4443.10009765625,4445.10009765625,104
2026-09-08 02:37:00-04:00,4445.2998046875,4445.60009765625,4442.60009765625,4443.89990234375,133
2026-09-08 02:38:00-04:00,4448.0,4448.60009765625,4445.39990234375,4445.39990234375,226
2026-09-08 02:39:00-04:00,4448.60009765625,4448.7998046875,4447.5,4447.7001953125,103
2026-09-08 02:40:00-04:00,4450.5,4451.0,4448.60009765625,4448.60009765625,235
2026-09-08 02:41:00-04:00,4450.2001953125,4450.7001953125,4449.39990234375,4450.39990234375,118
2026-09-08 02:42:00-04:00,4450.2998046875,4451.0,4449.89990234375,4450.2998046875,74
2026-09-08 02:43:00-04:00,4451.89990234375,4451.89990234375,4450.10009765625,4450.60009765625,60
2026-09-08 02:44:00-04:00,4451.89990234375,4453.5,4451.39990234375,4451.7001953125,168
2026-09-08 02:45:00-04:00,4451.0,4452.7998046875,4450.60009765625,4452.10009765625,101
2026-09-08 02:46:00-04:00,4452.5,4452.5,4450.7001953125,4450.7998046875,60
2026-09-08 02:47:00-04:00,4451.60009765625,4453.2998046875,4450.7998046875,4453.0,71
2026-09-08 02:48:00-04:00,4451.89990234375,4452.5,4451.5,4451.5,28
2026-09-08 02:49:00-04:00,4452.7001953125,4453.0,4451.7998046875,4452.10009765625,30
2026-09-08 02:50:00-04:00,4453.39990234375,4453.60009765625,4451.89990234375,4452.89990234375,37
2026-09-08 02:51:00-04:00,4451.5,4454.0,4451.2998046875,4453.7998046875,72
2026-09-08 02:52:00-04:00,4451.7998046875,4451.7998046875,4451.0,4451.39990234375,36
2026-09-08 02:53:00-04:00,4448.7998046875,4451.7001953125,4448.39990234375,4451.7001953125,133
2026-09-08 02:54:00-04:00,4449.5,4450.5,4448.60009765625,4448.60009765625,117
2026-09-08 02:55:00-04:00,4449.5,4450.0,4449.10009765625,4449.60009765625,49
2026-09-08 02:56:00-04:00,4448.2998046875,4449.5,4448.2001953125,4449.5,41
2026-09-08 02:57:00-04:00,4449.0,4449.2001953125,4448.10009765625,4448.2998046875,55
2026-09-08 02:58:00-04:00,4448.60009765625,4449.5,4448.10009765625,4448.89990234375,51
2026-09-08 02:59:00-04:00,4448.2998046875,4449.5,4448.0,4448.7998046875,90
2026-09-08 03:00:00-04:00,4447.39990234375,4448.7001953125,4447.10009765625,4448.60009765625,117
2026-09-08 03:01:00-04:00,4450.0,4450.0,4447.10009765625,4447.2998046875,58
2026-09-08 03:02:00-04:00,4449.2998046875,4451.0,4449.2998046875,4450.0,75
2026-09-08 03:03:00-04:00,4451.0,4451.0,4449.0,4449.0,82
2026-09-08 03:04:00-04:00,4452.60009765625,4453.0,4450.60009765625,4450.89990234375,75
2026-09-08 03:05:00-04:00,4453.5,4453.60009765625,4452.39990234375,4452.7001953125,58
2026-09-08 03:06:00-04:00,4453.10009765625,4454.0,4452.60009765625,4453.5,73
2026-09-08 03:07:00-04:00,4452.5,4453.39990234375,4451.2998046875,4453.0,57
2026-09-08 03:08:00-04:00,4452.7001953125,4452.7001953125,4451.2001953125,4452.39990234375,43
2026-09-08 03:09:00-04:00,4451.60009765625,4453.0,4451.60009765625,4452.2998046875,57
2026-09-08 03:10:00-04:00,4451.2001953125,4452.39990234375,4450.89990234375,4451.7998046875,18
2026-09-08 03:11:00-04:00,4451.2001953125,4451.60009765625,4451.2001953125,4451.2998046875,22
2026-09-08 03:12:00-04:00,4450.2998046875,4451.2001953125,4449.60009765625,4451.2001953125,74
2026-09-08 03:13:00-04:00,4449.5,4451.2001953125,4449.2998046875,4450.39990234375,118
2026-09-08 03:14:00-04:00,4447.89990234375,4449.7001953125,4447.10009765625,4449.39990234375,109
2026-09-08 03:15:00-04:00,4446.7998046875,4448.10009765625,4446.2998046875,4447.89990234375,88
2026-09-08 03:16:00-04:00,4447.10009765625,4447.2001953125,4446.0,4447.0,97
2026-09-08 03:17:00-04:00,4446.7998046875,4447.89990234375,4446.2001953125,4446.7998046875,45
2026-09-08 03:18:00-04:00,4446.10009765625,4447.0,4446.0,4446.5,51
2026-09-08 03:19:00-04:00,4448.39990234375,4448.39990234375,4445.7001953125,4446.0,88
2026-09-08 03:20:00-04:00,4448.60009765625,4448.7001953125,4447.39990234375,4448.2998046875,90
2026-09-08 03:21:00-04:00,4447.0,4448.7998046875,4446.7998046875,4448.7998046875,47
2026-09-08 03:22:00-04:00,4447.0,4448.5,4446.5,4447.2001953125,81
2026-09-08 03:23:00-04:00,4446.39990234375,4446.60009765625,4445.0,4446.60009765625,74
2026-09-08 03:24:00-04:00,4447.0,4447.7001953125,4445.89990234375,4446.0,73
2026-09-08 03:25:00-04:00,4446.60009765625,4447.2001953125,4445.60009765625,4447.2001953125,77
2026-09-08 03:26:00-04:00,4447.10009765625,4447.10009765625,4446.0,4446.2998046875,52
2026-09-08 03:27:00-04:00,4448.2998046875,4449.2001953125,4447.10009765625,4447.10009765625,66
2026-09-08 03:28:00-04:00,4447.10009765625,4447.89990234375,4446.89990234375,4447.89990234375,32
2026-09-08 03:29:00-04:00,4446.5,4447.7001953125,4446.39990234375,4447.5,48
2026-09-08 03:30:00-04:00,4447.2001953125,4447.7998046875,4446.2001953125,4446.60009765625,86
2026-09-08 03:31:00-04:00,4449.2998046875,4449.2998046875,4447.2001953125,4447.2001953125,84
2026-09-08 03:32:00-04:00,4449.39990234375,4450.2001953125,4448.60009765625,4448.7998046875,78
2026-09-08 03:33:00-04:00,4445.2998046875,4449.5,4445.0,4449.5,57
2026-09-08 03:34:00-04:00,4442.5,4445.5,4442.5,4445.5,196
2026-09-08 03:35:00-04:00,4443.10009765625,4443.7001953125,4441.7998046875,4443.0,139
2026-09-08 03:36:00-04:00,4443.0,4443.5,4442.5,4442.89990234375,53
2026-09-08 03:37:00-04:00,4441.2001953125,4443.5,4440.10009765625,4442.60009765625,152
2026-09-08 03:38:00-04:00,4439.2998046875,4442.10009765625,4438.7998046875,4441.60009765625,156
2026-09-08 03:39:00-04:00,4438.10009765625,4439.7001953125,4436.39990234375,4439.39990234375,360
2026-09-08 03:40:00-04:00,4440.5,4441.0,4438.0,4438.5,171
2026-09-08 03:41:00-04:00,4439.0,4441.7998046875,4439.0,4440.7001953125,56
2026-09-08 03:42:00-04:00,4437.2001953125,4439.0,4435.5,4438.7001953125,138
2026-09-08 03:43:00-04:00,4439.5,4439.89990234375,4436.7001953125,4436.7001953125,50
2026-09-08 03:44:00-04:00,4440.2001953125,4440.60009765625,4438.7001953125,4439.10009765625,75
2026-09-08 03:45:00-04:00,4441.0,4441.0,4439.2001953125,4440.10009765625,92
2026-09-08 03:46:00-04:00,4440.60009765625,4441.7998046875,4440.0,4441.10009765625,166
2026-09-08 03:47:00-04:00,4440.39990234375,4441.10009765625,4439.39990234375,4440.7001953125,96
2026-09-08 03:48:00-04:00,4440.2001953125,4440.7001953125,4439.2001953125,4440.2998046875,49
2026-09-08 03:49:00-04:00,4438.5,4440.39990234375,4437.89990234375,4440.10009765625,84
2026-09-08 03:50:00-04:00,4436.7998046875,4438.0,4436.10009765625,4437.7001953125,102
2026-09-08 03:51:00-04:00,4435.89990234375,4437.0,4435.2998046875,4436.60009765625,176
2026-09-08 03:52:00-04:00,4437.0,4437.0,4435.5,4435.89990234375,157
2026-09-08 03:53:00-04:00,4436.89990234375,4437.39990234375,4436.39990234375,4437.0,102
2026-09-08 03:54:00-04:00,4435.5,4437.39990234375,4434.60009765625,4436.89990234375,111
2026-09-08 03:55:00-04:00,4438.2998046875,4438.5,4435.60009765625,4435.7998046875,161
2026-09-08 03:56:00-04:00,4437.10009765625,4438.2998046875,4437.0,4438.2001953125,52
2026-09-08 03:57:00-04:00,4435.2001953125,4437.7001953125,4434.2998046875,4437.39990234375,138
2026-09-08 03:58:00-04:00,4436.2001953125,4436.2001953125,4434.89990234375,4435.2001953125,41
2026-09-08 03:59:00-04:00,4436.7001953125,4436.89990234375,4436.2001953125,4436.5,58
2026-09-08 04:00:00-04:00,4436.10009765625,4437.2001953125,4434.7998046875,4436.60009765625,118
2026-09-08 04:01:00-04:00,4434.5,4435.7998046875,4434.0,4435.7998046875,144
2026-09-08 04:02:00-04:00,4434.0,4435.10009765625,4433.2001953125,4434.89990234375,145
2026-09-08 04:03:00-04:00,4434.89990234375,4436.0,4433.7001953125,4433.7998046875,128
2026-09-08 04:04:00-04:00,4435.89990234375,4436.2001953125,4433.2998046875,4434.7998046875,51
2026-09-08 04:05:00-04:00,4437.39990234375,4437.39990234375,4434.60009765625,4435.5,57
2026-09-08 04:06:00-04:00,4439.0,4439.2001953125,4436.7998046875,4437.10009765625,78
2026-09-08 04:07:00-04:00,4438.2998046875,4440.2001953125,4437.5,4439.7998046875,134
2026-09-08 04:08:00-04:00,4435.2998046875,4438.60009765625,4434.10009765625,4438.2001953125,110
2026-09-08 04:09:00-04:00,4432.2998046875,4435.2998046875,4432.0,4435.2001953125,119
2026-09-08 04:10:00-04:00,4433.7001953125,4434.0,4432.5,4432.60009765625,71
2026-09-08 04:11:00-04:00,4433.89990234375,4434.7998046875,4433.10009765625,4433.5,27
2026-09-08 04:12:00-04:00,4436.2998046875,4437.10009765625,4433.89990234375,4434.2001953125,122
2026-09-08 04:13:00-04:00,4434.5,4437.2998046875,4434.39990234375,4436.2998046875,57
2026-09-08 04:14:00-04:00,4434.7001953125,4434.89990234375,4434.0,4434.5,40
2026-09-08 04:15:00-04:00,4436.0,4436.10009765625,4434.7998046875,4434.89990234375,31
2026-09-08 04:16:00-04:00,4434.7001953125,4436.60009765625,4434.60009765625,4435.60009765625,56
2026-09-08 04:17:00-04:00,4436.39990234375,4436.5,4434.2998046875,4434.5,70
2026-09-08 04:18:00-04:00,4435.5,4437.0,4435.0,4436.7001953125,58
2026-09-08 04:19:00-04:00,4438.2001953125,4438.2998046875,4435.39990234375,4435.39990234375,131
2026-09-08 04:20:00-04:00,4435.89990234375,4437.89990234375,4435.60009765625,4437.89990234375,49
2026-09-08 04:21:00-04:00,4434.7001953125,4436.2001953125,4434.0,4435.7998046875,79
2026-09-08 04:22:00-04:00,4435.7001953125,4435.7998046875,4434.7998046875,4434.89990234375,31
2026-09-08 04:23:00-04:00,4436.10009765625,4436.10009765625,4435.2001953125,4436.10009765625,15
2026-09-08 04:24:00-04:00,4438.89990234375,4438.89990234375,4436.2998046875,4436.5,98
2026-09-08 04:25:00-04:00,4440.2001953125,4440.89990234375,4438.7998046875,4438.7998046875,98
2026-09-08 04:26:00-04:00,4440.10009765625,4440.7001953125,4439.10009765625,4440.5,46
2026-09-08 04:27:00-04:00,4440.10009765625,4440.2998046875,4439.5,4439.89990234375,79
2026-09-08 04:28:00-04:00,4439.7001953125,4440.2998046875,4438.7998046875,4439.2001953125,47
2026-09-08 04:29:00-04:00,4438.89990234375,4440.0,4438.5,4440.0,84
2026-09-08 04:30:00-04:00,4438.60009765625,4439.5,4437.5,4439.0,116
2026-09-08 04:31:00-04:00,4440.2001953125,4440.2998046875,4437.2998046875,4439.0,113
2026-09-08 04:32:00-04:00,4440.60009765625,4440.7998046875,4439.10009765625,4439.60009765625,65
2026-09-08 04:33:00-04:00,4440.89990234375,4442.0,4439.7001953125,4440.2998046875,159
2026-09-08 04:34:00-04:00,4442.2998046875,4442.5,4440.60009765625,4440.7998046875,64
2026-09-08 04:35:00-04:00,4440.2001953125,4443.0,4440.2001953125,4442.60009765625,52
2026-09-08 04:36:00-04:00,4440.0,4440.7001953125,4438.7998046875,4440.39990234375,105
2026-09-08 04:37:00-04:00,4439.2998046875,4440.5,4438.10009765625,4440.39990234375,88
2026-09-08 04:38:00-04:00,4440.10009765625,4440.5,4439.2998046875,4439.5,21
2026-09-08 04:39:00-04:00,4440.0,4440.39990234375,4439.89990234375,4440.0,16
2026-09-08 04:40:00-04:00,4439.2998046875,4439.60009765625,4439.10009765625,4439.60009765625,6
2026-09-08 04:41:00-04:00,4438.39990234375,4439.2001953125,4438.10009765625,4439.10009765625,11
2026-09-08 04:42:00-04:00,4438.10009765625,4439.2998046875,4438.10009765625,4438.39990234375,43
2026-09-08 04:43:00-04:00,4436.7001953125,4438.89990234375,4436.5,4437.89990234375,239
2026-09-08 04:44:00-04:00,4437.2998046875,4437.5,4436.5,4436.89990234375,50
2026-09-08 04:45:00-04:00,4440.60009765625,4442.60009765625,4435.5,4436.7998046875,461
2026-09-08 04:46:00-04:00,4440.5,4442.2998046875,4440.10009765625,4440.60009765625,112
2026-09-08 04:47:00-04:00,4438.7998046875,4440.5,4437.60009765625,4440.5,47
2026-09-08 04:48:00-04:00,4436.0,4438.60009765625,4436.0,4438.60009765625,53
2026-09-08 04:49:00-04:00,4438.2001953125,4438.2001953125,4435.5,4435.7998046875,46
2026-09-08 04:50:00-04:00,4437.0,4439.2998046875,4437.0,4438.2998046875,35
2026-09-08 04:51:00-04:00,4437.10009765625,4437.5,4436.2001953125,4437.2998046875,20
2026-09-08 04:52:00-04:00,4436.7998046875,4437.2001953125,4435.89990234375,4437.2001953125,50
2026-09-08 04:53:00-04:00,4436.89990234375,4436.89990234375,4436.2998046875,4436.7998046875,10
2026-09-08 04:54:00-04:00,4437.2001953125,4437.7998046875,4435.7998046875,4436.5,83
2026-09-08 04:55:00-04:00,4436.2998046875,4437.2998046875,4436.0,4437.2998046875,15
2026-09-08 04:56:00-04:00,4437.89990234375,4438.10009765625,4436.39990234375,4436.39990234375,35
2026-09-08 04:57:00-04:00,4438.2998046875,4438.7998046875,4437.2998046875,4438.2001953125,59
2026-09-08 04:58:00-04:00,4437.89990234375,4438.60009765625,4437.5,4438.10009765625,28
2026-09-08 04:59:00-04:00,4438.5,4438.5,4437.39990234375,4437.60009765625,21
2026-09-08 05:00:00-04:00,4436.7998046875,4438.0,4435.5,4438.0,50
2026-09-08 05:01:00-04:00,4437.89990234375,4438.2998046875,4436.7998046875,4437.0,54
2026-09-08 05:02:00-04:00,4438.89990234375,4438.89990234375,4436.89990234375,4437.7001953125,55
2026-09-08 05:03:00-04:00,4439.60009765625,4439.60009765625,4437.5,4438.7001953125,71
2026-09-08 05:04:00-04:00,4440.5,4440.5,4438.7998046875,4439.2998046875,47
2026-09-08 05:05:00-04:00,4440.7001953125,4440.89990234375,4440.0,4440.2001953125,33
2026-09-08 05:06:00-04:00,4440.7001953125,4442.39990234375,4440.60009765625,4441.5,50
2026-09-08 05:07:00-04:00,4440.39990234375,4440.39990234375,4438.7998046875,4440.39990234375,43
2026-09-08 05:08:00-04:00,4439.60009765625,4440.60009765625,4439.2001953125,4440.2001953125,21
2026-09-08 05:09:00-04:00,4438.89990234375,4439.60009765625,4438.7001953125,4439.39990234375,21
2026-09-08 05:10:00-04:00,4440.5,4440.5,4439.60009765625,4439.60009765625,22
2026-09-08 05:11:00-04:00,4440.89990234375,4441.2998046875,4440.5,4440.5,20
2026-09-08 05:12:00-04:00,4442.0,4442.2001953125,4441.10009765625,4441.10009765625,42
2026-09-08 05:13:00-04:00,4440.89990234375,4441.89990234375,4440.5,4441.89990234375,39
2026-09-08 05:14:00-04:00,4441.89990234375,4441.89990234375,4440.7001953125,4440.7998046875,34
2026-09-08 05:15:00-04:00,4441.7998046875,4442.0,4441.2001953125,4441.5,34
2026-09-08 05:16:00-04:00,4442.2001953125,4442.7001953125,4441.5,4441.7001953125,36
2026-09-08 05:17:00-04:00,4443.2998046875,4443.60009765625,4442.60009765625,4442.7001953125,70
2026-09-08 05:18:00-04:00,4441.5,4443.10009765625,4441.5,4443.10009765625,80
2026-09-08 05:19:00-04:00,4441.0,4442.2998046875,4441.0,4441.5,73
2026-09-08 05:20:00-04:00,4440.39990234375,4441.2001953125,4440.39990234375,4440.7998046875,24
2026-09-08 05:21:00-04:00,4439.7001953125,4440.2998046875,4438.7001953125,4440.2998046875,73
2026-09-08 05:22:00-04:00,4440.10009765625,4440.2998046875,4439.60009765625,4440.0,50
2026-09-08 05:23:00-04:00,4438.60009765625,4439.89990234375,4437.89990234375,4439.89990234375,81
2026-09-08 05:24:00-04:00,4439.0,4439.10009765625,4438.2998046875,4438.39990234375,61
2026-09-08 05:25:00-04:00,4439.60009765625,4439.7998046875,4438.2001953125,4438.7998046875,128
2026-09-08 05:26:00-04:00,4437.60009765625,4440.7001953125,4437.60009765625,4439.7998046875,90
2026-09-08 05:27:00-04:00,4438.7001953125,4438.89990234375,4437.39990234375,4437.60009765625,105
2026-09-08 05:28:00-04:00,4438.7001953125,4439.39990234375,4438.0,4438.7001953125,77
2026-09-08 05:29:00-04:00,4437.2998046875,4438.39990234375,4436.7001953125,4438.2998046875,100
2026-09-08 05:30:00-04:00,4436.7001953125,4437.7001953125,4435.0,4437.2001953125,194
2026-09-08 05:31:00-04:00,4439.2998046875,4439.89990234375,4436.2001953125,4436.7001953125,178
2026-09-08 05:32:00-04:00,4440.10009765625,4442.0,4439.5,4439.7001953125,171
2026-09-08 05:33:00-04:00,4439.60009765625,4441.2998046875,4439.2998046875,4439.7998046875,92
2026-09-08 05:34:00-04:00,4440.0,4440.5,4439.5,4439.60009765625,40
2026-09-08 05:35:00-04:00,4440.7998046875,4441.0,4440.0,4440.10009765625,56
2026-09-08 05:36:00-04:00,4440.5,4440.7998046875,4439.89990234375,4440.5,41
2026-09-08 05:37:00-04:00,4440.5,4441.10009765625,4440.2001953125,4440.7001953125,28
2026-09-08 05:38:00-04:00,4440.89990234375,4441.0,4440.5,4440.60009765625,29
2026-09-08 05:39:00-04:00,4441.60009765625,4441.89990234375,4440.2001953125,4440.2001953125,49
2026-09-08 05:40:00-04:00,4444.10009765625,4446.0,4441.60009765625,4441.7001953125,397
2026-09-08 05:41:00-04:00,4446.89990234375,4448.0,4443.2001953125,4443.89990234375,286
2026-09-08 05:42:00-04:00,4446.60009765625,4448.0,4446.2001953125,4446.7001953125,135
2026-09-08 05:43:00-04:00,4445.2998046875,4447.2001953125,4445.2998046875,4446.10009765625,121
2026-09-08 05:44:00-04:00,4445.60009765625,4445.60009765625,4443.89990234375,4445.60009765625,62
2026-09-08 05:45:00-04:00,4446.2998046875,4446.5,4445.60009765625,4446.0,22
2026-09-08 05:46:00-04:00,4446.7001953125,4447.60009765625,4446.39990234375,4446.5,43
2026-09-08 05:47:00-04:00,4447.10009765625,4447.39990234375,4446.60009765625,4446.7001953125,35
2026-09-08 05:48:00-04:00,4446.7001953125,4446.7001953125,4445.7001953125,4446.39990234375,25
2026-09-08 05:49:00-04:00,4447.60009765625,4447.7998046875,4446.2998046875,4446.60009765625,46
2026-09-08 05:50:00-04:00,4448.7001953125,4448.7998046875,4447.39990234375,4448.0,50
2026-09-08 05:51:00-04:00,4449.5,4449.7001953125,4448.60009765625,4448.7001953125,127
2026-09-08 05:52:00-04:00,4448.7001953125,4450.10009765625,4448.7001953125,4449.5,142
2026-09-08 05:53:00-04:00,4448.60009765625,4449.2998046875,4448.2998046875,4448.60009765625,68
2026-09-08 05:54:00-04:00,4448.89990234375,4449.10009765625,4448.0,4448.5,49
2026-09-08 05:55:00-04:00,4449.5,4449.60009765625,4448.2998046875,4449.0,53
2026-09-08 05:56:00-04:00,4448.60009765625,4449.2001953125,4448.39990234375,4449.2001953125,51
2026-09-08 05:57:00-04:00,4447.39990234375,4448.60009765625,4447.0,4448.5,79
2026-09-08 05:58:00-04:00,4448.7001953125,4448.7001953125,4447.2001953125,4447.7001953125,101
2026-09-08 05:59:00-04:00,4447.2001953125,4449.2001953125,4447.10009765625,4448.7998046875,59
2026-09-08 06:00:00-04:00,4446.2998046875,4447.2998046875,4446.0,4447.2998046875,79
2026-09-08 06:01:00-04:00,4445.7998046875,4447.0,4445.7998046875,4446.7998046875,34
2026-09-08 06:02:00-04:00,4443.7998046875,4446.2001953125,4443.7998046875,4446.0,72
2026-09-08 06:03:00-04:00,4444.39990234375,4445.2001953125,4443.89990234375,4444.2001953125,78
2026-09-08 06:04:00-04:00,4442.7001953125,4444.89990234375,4442.5,4444.39990234375,101
2026-09-08 06:05:00-04:00,4441.60009765625,4443.2001953125,4441.39990234375,4443.0,45
2026-09-08 06:06:00-04:00,4441.60009765625,4442.7998046875,4441.2998046875,4441.7001953125,53
2026-09-08 06:07:00-04:00,4441.7998046875,4442.10009765625,4440.39990234375,4441.2998046875,93
2026-09-08 06:08:00-04:00,4441.39990234375,4442.0,4440.7001953125,4441.60009765625,55
2026-09-08 06:09:00-04:00,4440.89990234375,4441.2998046875,4440.7998046875,4441.2001953125,10
2026-09-08 06:10:00-04:00,4439.89990234375,4440.89990234375,4439.0,4440.89990234375,87
2026-09-08 06:11:00-04:00,4438.39990234375,4440.0,4438.39990234375,4439.60009765625,84
2026-09-08 06:12:00-04:00,4439.0,4439.7001953125,4438.0,4438.60009765625,103
2026-09-08 06:13:00-04:00,4439.7998046875,4440.2001953125,4438.2998046875,4439.10009765625,48
2026-09-08 06:14:00-04:00,4440.7998046875,4441.2001953125,4439.7998046875,4439.7998046875,129
2026-09-08 06:15:00-04:00,4442.2001953125,4442.2001953125,4440.39990234375,4440.60009765625,48
2026-09-08 06:16:00-04:00,4442.0,4442.5,4441.7001953125,4442.2998046875,14
2026-09-08 06:17:00-04:00,4442.39990234375,4442.60009765625,4441.60009765625,4441.60009765625,15
2026-09-08 06:18:00-04:00,4442.5,4442.89990234375,4442.0,4442.10009765625,37
2026-09-08 06:19:00-04:00,4442.5,4443.10009765625,4442.39990234375,4442.39990234375,28
2026-09-08 06:20:00-04:00,4449.60009765625,4451.60009765625,4441.7001953125,4442.5,965
2026-09-08 06:21:00-04:00,4448.39990234375,4450.2001953125,4446.5,4449.7001953125,123
2026-09-08 06:22:00-04:00,4445.7998046875,4448.7998046875,4445.5,4448.2001953125,68
2026-09-08 06:23:00-04:00,4446.2998046875,4446.7998046875,4445.5,4445.60009765625,29
2026-09-08 06:24:00-04:00,4444.89990234375,4446.39990234375,4444.10009765625,4446.39990234375,98
2026-09-08 06:25:00-04:00,4444.5,4445.60009765625,4444.5,4445.2998046875,24
2026-09-08 06:26:00-04:00,4444.2001953125,4445.7001953125,4444.10009765625,4444.7001953125,88
2026-09-08 06:27:00-04:00,4444.39990234375,4445.0,4444.2998046875,4444.60009765625,39
2026-09-08 06:28:00-04:00,4444.39990234375,4445.5,4444.39990234375,4444.39990234375,26
2026-09-08 06:29:00-04:00,4443.7998046875,4444.2001953125,4442.89990234375,4444.2001953125,65
2026-09-08 06:30:00-04:00,4442.89990234375,4443.89990234375,4442.7998046875,4443.7001953125,36
2026-09-08 06:31:00-04:00,4443.0,4443.60009765625,4442.89990234375,4443.0,39
2026-09-08 06:32:00-04:00,4442.89990234375,4442.89990234375,4442.2001953125,4442.7001953125,32
2026-09-08 06:33:00-04:00,4442.10009765625,4442.89990234375,4441.7001953125,4442.7001953125,112
2026-09-08 06:34:00-04:00,4441.2998046875,4442.5,4441.10009765625,4442.10009765625,46
2026-09-08 06:35:00-04:00,4441.39990234375,4441.7001953125,4440.7998046875,4441.2998046875,64
2026-09-08 06:36:00-04:00,4440.5,4441.60009765625,4440.10009765625,4441.5,31
2026-09-08 06:37:00-04:00,4439.89990234375,4440.60009765625,4439.89990234375,4440.2998046875,20
2026-09-08 06:38:00-04:00,4439.7001953125,4440.39990234375,4439.7001953125,4440.0,15
2026-09-08 06:39:00-04:00,4439.10009765625,4439.5,4438.2998046875,4439.5,47
2026-09-08 06:40:00-04:00,4438.7998046875,4439.60009765625,4438.2998046875,4439.10009765625,98
2026-09-08 06:41:00-04:00,4440.60009765625,4440.60009765625,4438.7998046875,4438.89990234375,65
2026-09-08 06:42:00-04:00,4442.10009765625,4442.39990234375,4440.2001953125,4440.60009765625,146
2026-09-08 06:43:00-04:00,4441.2001953125,4442.2998046875,4441.0,4442.10009765625,48
2026-09-08 06:44:00-04:00,4441.2998046875,4442.5,4441.0,4441.0,39
2026-09-08 06:45:00-04:00,4442.10009765625,4442.2001953125,4441.10009765625,4441.2998046875,40
2026-09-08 06:46:00-04:00,4442.60009765625,4442.60009765625,4441.7998046875,4442.0,10
2026-09-08 06:47:00-04:00,4442.89990234375,4443.10009765625,4442.10009765625,4442.7001953125,33
2026-09-08 06:48:00-04:00,4444.39990234375,4444.7001953125,4442.7998046875,4443.2001953125,132
2026-09-08 06:49:00-04:00,4443.10009765625,4444.89990234375,4443.0,4444.7001953125,54
2026-09-08 06:50:00-04:00,4444.2001953125,4444.39990234375,4443.0,4443.2001953125,65
2026-09-08 06:51:00-04:00,4443.0,4444.60009765625,4443.0,4444.39990234375,47
2026-09-08 06:52:00-04:00,4442.2001953125,4443.2001953125,4442.10009765625,4443.2001953125,32
2026-09-08 06:53:00-04:00,4443.2998046875,4443.2998046875,4441.10009765625,4441.89990234375,93
2026-09-08 06:54:00-04:00,4443.2001953125,4443.7998046875,4443.2001953125,4443.5,53
2026-09-08 06:55:00-04:00,4441.7998046875,4443.2998046875,4441.39990234375,4443.2998046875,82
2026-09-08 06:56:00-04:00,4443.7998046875,4443.89990234375,4441.5,4441.7001953125,83
2026-09-08 06:57:00-04:00,4444.10009765625,4444.2001953125,4443.2998046875,4443.2998046875,23
2026-09-08 06:58:00-04:00,4441.60009765625,4443.89990234375,4441.60009765625,4443.89990234375,49
2026-09-08 06:59:00-04:00,4439.89990234375,4441.7001953125,4439.60009765625,4441.60009765625,64
2026-09-08 07:00:00-04:00,4439.60009765625,4441.0,4439.5,4440.2001953125,71
2026-09-08 07:01:00-04:00,4441.10009765625,4441.89990234375,4440.0,4440.0,40
2026-09-08 07:02:00-04:00,4441.5,4441.5,4441.2001953125,4441.2998046875,3
2026-09-08 07:03:00-04:00,4441.0,4441.60009765625,4440.7998046875,4441.60009765625,14
2026-09-08 07:04:00-04:00,4440.2998046875,4441.2001953125,4439.7001953125,4441.2001953125,52
2026-09-08 07:05:00-04:00,4441.10009765625,4441.7001953125,4440.5,4440.5,43
2026-09-08 07:06:00-04:00,4439.5,4441.2001953125,4439.39990234375,4441.2001953125,28
2026-09-08 07:07:00-04:00,4439.39990234375,4440.0,4438.7998046875,4439.39990234375,55
2026-09-08 07:08:00-04:00,4438.0,4439.39990234375,4437.5,4439.10009765625,105
2026-09-08 07:09:00-04:00,4440.89990234375,4444.2998046875,4437.7998046875,4438.10009765625,432
2026-09-08 07:10:00-04:00,4438.2001953125,4441.39990234375,4437.89990234375,4440.7998046875,58
2026-09-08 07:11:00-04:00,4437.60009765625,4438.7998046875,4437.5,4438.39990234375,95
2026-09-08 07:12:00-04:00,4435.89990234375,4437.60009765625,4435.7998046875,4437.39990234375,121
2026-09-08 07:13:00-04:00,4437.2998046875,4437.2998046875,4435.5,4435.89990234375,75
2026-09-08 07:14:00-04:00,4439.5,4439.60009765625,4437.2001953125,4437.2998046875,39
2026-09-08 07:15:00-04:00,4440.89990234375,4441.0,4439.2998046875,4439.39990234375,101
2026-09-08 07:16:00-04:00,4445.0,4445.0,4441.10009765625,4441.10009765625,201
2026-09-08 07:17:00-04:00,4444.0,4445.2998046875,4443.5,4445.0,76
2026-09-08 07:18:00-04:00,4445.0,4445.2998046875,4443.7998046875,4444.7001953125,27
2026-09-08 07:19:00-04:00,4446.0,4446.10009765625,4445.2998046875,4445.39990234375,33
2026-09-08 07:20:00-04:00,4444.89990234375,4445.89990234375,4444.2001953125,4445.7998046875,39
2026-09-08 07:21:00-04:00,4443.7001953125,4444.7998046875,4442.7998046875,4444.7998046875,90
2026-09-08 07:22:00-04:00,4444.2001953125,4444.2998046875,4444.0,4444.0,16
2026-09-08 07:23:00-04:00,4444.10009765625,4444.60009765625,4443.5,4444.0,17
2026-09-08 07:24:00-04:00,4445.7001953125,4445.7001953125,4444.2001953125,4444.39990234375,19
2026-09-08 07:25:00-04:00,4446.5,4446.7998046875,4444.89990234375,4445.39990234375,76
2026-09-08 07:26:00-04:00,4446.2001953125,4446.39990234375,4445.60009765625,4446.39990234375,28
2026-09-08 07:27:00-04:00,4445.7998046875,4446.60009765625,4445.7998046875,4446.0,26
2026-09-08 07:28:00-04:00,4447.0,4447.2001953125,4446.10009765625,4446.10009765625,65
2026-09-08 07:29:00-04:00,4446.0,4446.60009765625,4445.60009765625,4446.60009765625,15
2026-09-08 07:30:00-04:00,4445.2998046875,4446.5,4445.2001953125,4446.5,60
2026-09-08 07:31:00-04:00,4446.0,4446.2001953125,4445.60009765625,4445.7998046875,14
2026-09-08 07:32:00-04:00,4446.39990234375,4446.60009765625,4445.0,4445.7001953125,45
2026-09-08 07:33:00-04:00,4449.2998046875,4449.60009765625,4446.60009765625,4446.60009765625,168
2026-09-08 07:34:00-04:00,4449.39990234375,4449.39990234375,4448.39990234375,4449.0,20
2026-09-08 07:35:00-04:00,4449.2998046875,4450.10009765625,4449.0,4449.2998046875,95
2026-09-08 07:36:00-04:00,4450.39990234375,4451.0,4448.60009765625,4449.60009765625,185
2026-09-08 07:37:00-04:00,4452.39990234375,4452.39990234375,4450.39990234375,4450.39990234375,175
2026-09-08 07:38:00-04:00,4450.39990234375,4452.2001953125,4450.2998046875,4451.89990234375,61
2026-09-08 07:39:00-04:00,4449.2998046875,4450.60009765625,4449.2998046875,4450.60009765625,67
2026-09-08 07:40:00-04:00,4450.7001953125,4450.7998046875,4449.10009765625,4449.7001953125,26
2026-09-08 07:41:00-04:00,4449.89990234375,4451.0,4449.7001953125,4450.7998046875,27
2026-09-08 07:42:00-04:00,4449.2001953125,4450.2998046875,4449.0,4449.7998046875,51
2026-09-08 07:43:00-04:00,4451.0,4451.2998046875,4449.2001953125,4449.39990234375,49
2026-09-08 07:44:00-04:00,4447.7998046875,4451.2998046875,4447.7998046875,4450.60009765625,71
2026-09-08 07:45:00-04:00,4448.2998046875,4448.89990234375,4448.10009765625,4448.2001953125,30
2026-09-08 07:46:00-04:00,4447.5,4448.89990234375,4446.7998046875,4448.60009765625,99
2026-09-08 07:47:00-04:00,4445.2001953125,4447.7001953125,4445.0,4447.5,77
2026-09-08 07:48:00-04:00,4444.10009765625,4445.39990234375,4443.39990234375,4445.39990234375,140
2026-09-08 07:49:00-04:00,4444.5,4445.2001953125,4443.7998046875,4443.89990234375,31
2026-09-08 07:50:00-04:00,4446.7998046875,4446.89990234375,4444.2001953125,4444.2998046875,153
2026-09-08 07:51:00-04:00,4443.89990234375,4447.2998046875,4443.89990234375,4447.10009765625,64
2026-09-08 07:52:00-04:00,4443.2998046875,4443.60009765625,4442.2998046875,4443.2998046875,67
2026-09-08 07:53:00-04:00,4444.2001953125,4444.2001953125,4442.5,4444.0,28
2026-09-08 07:54:00-04:00,4445.10009765625,4445.10009765625,4443.7998046875,4443.89990234375,36
2026-09-08 07:55:00-04:00,4446.7998046875,4447.2998046875,4445.0,4445.2998046875,93
2026-09-08 07:56:00-04:00,4446.89990234375,4447.7001953125,4446.7998046875,4446.7998046875,66
2026-09-08 07:57:00-04:00,4447.2998046875,4447.5,4446.89990234375,4446.89990234375,12
2026-09-08 07:58:00-04:00,4449.7998046875,4450.0,4447.10009765625,4447.2001953125,48
2026-09-08 07:59:00-04:00,4450.89990234375,4451.60009765625,4449.5,4449.7998046875,102
2026-09-08 08:00:00-04:00,4448.7001953125,4451.39990234375,4447.7998046875,4450.89990234375,104
2026-09-08 08:01:00-04:00,4449.5,4450.2998046875,4448.5,4448.7001953125,62
2026-09-08 08:02:00-04:00,4448.39990234375,4449.5,4447.2001953125,4449.10009765625,83
2026-09-08 08:03:00-04:00,4447.2998046875,4448.2998046875,4447.10009765625,4448.2001953125,26
2026-09-08 08:04:00-04:00,4447.5,4448.0,4447.2001953125,4447.60009765625,41
2026-09-08 08:05:00-04:00,4448.2001953125,4448.60009765625,4446.10009765625,4447.5,297
2026-09-08 08:06:00-04:00,4447.39990234375,4448.2001953125,4446.7998046875,4448.2001953125,73
2026-09-08 08:07:00-04:00,4448.60009765625,4448.7998046875,4447.39990234375,4448.39990234375,98
2026-09-08 08:08:00-04:00,4447.89990234375,4448.7998046875,4447.2001953125,4448.60009765625,51
2026-09-08 08:09:00-04:00,4448.7001953125,4448.7001953125,4447.10009765625,4447.5,24
2026-09-08 08:10:00-04:00,4445.2998046875,4448.39990234375,4445.2001953125,4447.89990234375,419
2026-09-08 08:11:00-04:00,4443.0,4445.2998046875,4442.60009765625,4445.2998046875,276
2026-09-08 08:12:00-04:00,4438.0,4444.0,4438.0,4443.39990234375,328
2026-09-08 08:13:00-04:00,4436.7998046875,4439.60009765625,4436.2998046875,4437.89990234375,390
2026-09-08 08:14:00-04:00,4436.0,4437.60009765625,4434.7998046875,4436.2998046875,358
2026-09-08 08:15:00-04:00,4432.10009765625,4436.2001953125,4429.5,4435.89990234375,1217
2026-09-08 08:16:00-04:00,4433.7001953125,4434.7001953125,4432.10009765625,4432.2998046875,288
2026-09-08 08:17:00-04:00,4432.39990234375,4435.10009765625,4431.60009765625,4433.7998046875,293
2026-09-08 08:18:00-04:00,4433.7998046875,4435.2998046875,4431.2998046875,4432.10009765625,345
2026-09-08 08:19:00-04:00,4435.7998046875,4435.89990234375,4431.60009765625,4433.7998046875,215
2026-09-08 08:20:00-04:00,4438.60009765625,4438.7998046875,4431.5,4435.7001953125,598
2026-09-08 08:21:00-04:00,4438.2998046875,4440.89990234375,4437.7998046875,4438.7001953125,394
2026-09-08 08:22:00-04:00,4435.89990234375,4438.5,4435.2001953125,4438.0,180
2026-09-08 08:23:00-04:00,4438.10009765625,4438.39990234375,4434.60009765625,4435.7001953125,106
2026-09-08 08:24:00-04:00,4439.5,4439.89990234375,4437.0,4438.2001953125,84
2026-09-08 08:25:00-04:00,4440.89990234375,4441.2998046875,4438.39990234375,4439.2998046875,294
2026-09-08 08:26:00-04:00,4441.89990234375,4442.7001953125,4440.60009765625,4440.7001953125,620
2026-09-08 08:27:00-04:00,4442.89990234375,4443.60009765625,4440.7001953125,4441.89990234375,294
2026-09-08 08:28:00-04:00,4441.89990234375,4442.7001953125,4441.2001953125,4442.7001953125,92
2026-09-08 08:29:00-04:00,4446.2001953125,4446.2001953125,4442.0,4442.0,454
2026-09-08 08:30:00-04:00,4446.89990234375,4448.39990234375,4445.2998046875,4446.2998046875,262
2026-09-08 08:31:00-04:00,4445.2998046875,4447.0,4445.10009765625,4446.5,143
2026-09-08 08:32:00-04:00,4451.10009765625,4451.2998046875,4445.7998046875,4445.7998046875,213
2026-09-08 08:33:00-04:00,4452.5,4452.60009765625,4448.7001953125,4451.0,448
2026-09-08 08:34:00-04:00,4449.60009765625,4452.7001953125,4448.60009765625,4452.60009765625,158
2026-09-08 08:35:00-04:00,4446.7001953125,4449.89990234375,4445.7001953125,4449.7998046875,173
2026-09-08 08:36:00-04:00,4447.2998046875,4447.60009765625,4446.2001953125,4446.89990234375,100
2026-09-08 08:37:00-04:00,4446.0,4448.10009765625,4445.2998046875,4447.7001953125,82
2026-09-08 08:38:00-04:00,4444.0,4446.0,4442.60009765625,4446.0,73
2026-09-08 08:39:00-04:00,4445.39990234375,4446.39990234375,4443.7001953125,4443.7998046875,84
2026-09-08 08:40:00-04:00,4442.60009765625,4446.39990234375,4442.2001953125,4445.7998046875,154
2026-09-08 08:41:00-04:00,4444.0,4444.2001953125,4442.0,4442.5,84
2026-09-08 08:42:00-04:00,4442.5,4443.89990234375,4442.5,4443.7001953125,48
2026-09-08 08:43:00-04:00,4440.39990234375,4442.7998046875,4439.7998046875,4442.5,153
2026-09-08 08:44:00-04:00,4441.0,4441.2998046875,4439.7001953125,4440.7001953125,109
2026-09-08 08:45:00-04:00,4441.5,4441.60009765625,4440.0,4440.7998046875,72
2026-09-08 08:46:00-04:00,4441.39990234375,4443.39990234375,4440.7001953125,4441.10009765625,126
2026-09-08 08:47:00-04:00,4444.60009765625,4445.10009765625,4441.7001953125,4441.7001953125,137
2026-09-08 08:48:00-04:00,4443.7998046875,4445.10009765625,4442.7998046875,4444.5,49
2026-09-08 08:49:00-04:00,4446.7001953125,4446.89990234375,4443.2001953125,4443.2001953125,147
2026-09-08 08:50:00-04:00,4446.7001953125,4447.2998046875,4445.89990234375,4446.60009765625,113
2026-09-08 08:51:00-04:00,4446.89990234375,4447.5,4445.60009765625,4446.89990234375,85
2026-09-08 08:52:00-04:00,4448.0,4448.0,4446.2998046875,4446.89990234375,58
2026-09-08 08:53:00-04:00,4446.10009765625,4447.5,4444.89990234375,4447.5,73
2026-09-08 08:54:00-04:00,4448.0,4448.2001953125,4445.7998046875,4446.0,51
2026-09-08 08:55:00-04:00,4449.89990234375,4449.89990234375,4447.2998046875,4447.7998046875,67
2026-09-08 08:56:00-04:00,4448.89990234375,4451.10009765625,4448.5,4449.89990234375,477
2026-09-08 08:57:00-04:00,4451.2001953125,4451.60009765625,4449.10009765625,4449.2998046875,99
2026-09-08 08:58:00-04:00,4452.5,4452.5,4450.39990234375,4451.10009765625,201
2026-09-08 08:59:00-04:00,4456.10009765625,4456.2998046875,4452.5,4452.5,480
2026-09-08 09:00:00-04:00,4452.10009765625,4457.89990234375,4450.5,4456.2998046875,682
2026-09-08 09:01:00-04:00,4449.0,4452.60009765625,4448.7001953125,4451.60009765625,400
2026-09-08 09:02:00-04:00,4448.10009765625,4449.5,4447.2998046875,4449.2001953125,272
2026-09-08 09:03:00-04:00,4448.2998046875,4450.0,4447.5,4447.89990234375,206
2026-09-08 09:04:00-04:00,4450.7001953125,4450.7001953125,4446.60009765625,4447.60009765625,188
2026-09-08 09:05:00-04:00,4451.10009765625,4451.2998046875,4449.2001953125,4450.60009765625,186
2026-09-08 09:06:00-04:00,4448.39990234375,4450.7998046875,4448.39990234375,4450.7001953125,114
2026-09-08 09:07:00-04:00,4450.2001953125,4450.7998046875,4447.60009765625,4448.5,221
2026-09-08 09:08:00-04:00,4447.5,4450.7998046875,4447.5,4449.89990234375,130
2026-09-08 09:09:00-04:00,4449.2001953125,4449.2001953125,4447.0,4447.2998046875,94
2026-09-08 09:10:00-04:00,4450.2001953125,4450.5,4448.2998046875,4448.39990234375,40
2026-09-08 09:11:00-04:00,4449.5,4451.0,4449.5,4450.5,60
2026-09-08 09:12:00-04:00,4451.0,4452.2001953125,4449.89990234375,4449.89990234375,101
2026-09-08 09:13:00-04:00,4451.2001953125,4451.89990234375,4450.60009765625,4450.7001953125,55
2026-09-08 09:14:00-04:00,4453.0,4453.2998046875,4450.89990234375,4451.60009765625,109
2026-09-08 09:15:00-04:00,4451.7001953125,4453.10009765625,4450.7001953125,4453.10009765625,69
2026-09-08 09:16:00-04:00,4451.0,4453.2998046875,4450.0,4451.7001953125,94
2026-09-08 09:17:00-04:00,4453.2001953125,4454.10009765625,4451.0,4451.0,85
2026-09-08 09:18:00-04:00,4454.10009765625,4454.39990234375,4452.60009765625,4452.60009765625,70
2026-09-08 09:19:00-04:00,4452.39990234375,4455.5,4451.89990234375,4454.5,90
2026-09-08 09:20:00-04:00,4451.10009765625,4453.2998046875,4450.2998046875,4452.2998046875,148
2026-09-08 09:21:00-04:00,4449.5,4451.0,4448.60009765625,4451.0,89
2026-09-08 09:22:00-04:00,4449.5,4450.39990234375,4448.89990234375,4449.89990234375,73
2026-09-08 09:23:00-04:00,4451.89990234375,4452.10009765625,4449.7998046875,4449.7998046875,78
2026-09-08 09:24:00-04:00,4447.60009765625,4452.60009765625,4447.60009765625,4451.89990234375,68
2026-09-08 09:25:00-04:00,4447.2001953125,4448.89990234375,4446.7998046875,4447.7998046875,93
2026-09-08 09:26:00-04:00,4447.5,4447.5,4445.0,4447.2998046875,156
2026-09-08 09:27:00-04:00,4444.89990234375,4448.0,4444.5,4447.39990234375,95
2026-09-08 09:28:00-04:00,4444.7001953125,4445.2998046875,4444.10009765625,4444.89990234375,72
2026-09-08 09:29:00-04:00,4444.7998046875,4445.7001953125,4443.5,4444.39990234375,110
2026-09-08 09:30:00-04:00,4449.7001953125,4450.2998046875,4444.2998046875,4444.89990234375,316
2026-09-08 09:31:00-04:00,4447.5,4450.0,4447.5,4449.60009765625,121
2026-09-08 09:32:00-04:00,4444.60009765625,4447.5,4442.7998046875,4447.5,212
2026-09-08 09:33:00-04:00,4447.7998046875,4448.7998046875,4443.5,4444.39990234375,82
2026-09-08 09:34:00-04:00,4442.89990234375,4447.60009765625,4442.39990234375,4447.10009765625,160
2026-09-08 09:35:00-04:00,4442.0,4443.0,4440.39990234375,4442.5,340
2026-09-08 09:36:00-04:00,4441.7998046875,4444.0,4441.10009765625,4442.39990234375,224
2026-09-08 09:37:00-04:00,4445.0,4445.0,4441.10009765625,4442.10009765625,104
2026-09-08 09:38:00-04:00,4444.10009765625,4447.2998046875,4443.5,4445.10009765625,152
2026-09-08 09:39:00-04:00,4444.89990234375,4446.5,4443.2998046875,4445.0,64
2026-09-08 09:40:00-04:00,4440.10009765625,4444.2998046875,4440.0,4444.2998046875,395
2026-09-08 09:41:00-04:00,4440.39990234375,4441.2998046875,4438.7001953125,4440.39990234375,203
2026-09-08 09:42:00-04:00,4437.0,4440.0,4434.7001953125,4440.0,781
2026-09-08 09:43:00-04:00,4439.2998046875,4439.60009765625,4436.2001953125,4437.0,185
2026-09-08 09:44:00-04:00,4441.10009765625,4442.5,4439.5,4439.5,146
2026-09-08 09:45:00-04:00,4439.2001953125,4444.39990234375,4438.89990234375,4440.89990234375,181
2026-09-08 09:46:00-04:00,4443.39990234375,4443.5,4439.10009765625,4439.10009765625,130
2026-09-08 09:47:00-04:00,4442.2998046875,4445.5,4442.0,4443.60009765625,239
2026-09-08 09:48:00-04:00,4443.7998046875,4446.7998046875,4442.60009765625,4442.7001953125,140
2026-09-08 09:49:00-04:00,4447.2998046875,4447.5,4443.0,4443.7998046875,142
2026-09-08 09:50:00-04:00,4446.89990234375,4447.7998046875,4445.60009765625,4447.2998046875,130
2026-09-08 09:51:00-04:00,4444.89990234375,4446.89990234375,4443.2001953125,4446.89990234375,111
2026-09-08 09:52:00-04:00,4442.7998046875,4444.89990234375,4441.89990234375,4444.89990234375,206
2026-09-08 09:53:00-04:00,4443.0,4443.7001953125,4442.0,4442.89990234375,94
2026-09-08 09:54:00-04:00,4449.2998046875,4449.2998046875,4442.89990234375,4442.89990234375,195
2026-09-08 09:55:00-04:00,4451.39990234375,4451.7001953125,4448.2998046875,4448.7001953125,514
2026-09-08 09:56:00-04:00,4449.7001953125,4452.0,4448.0,4451.60009765625,242
2026-09-08 09:57:00-04:00,4448.89990234375,4450.7001953125,4448.5,4449.60009765625,141
2026-09-08 09:58:00-04:00,4445.7001953125,4449.2001953125,4445.39990234375,4448.7998046875,151
2026-09-08 09:59:00-04:00,4440.2998046875,4446.10009765625,4440.10009765625,4445.7998046875,651
2026-09-08 10:00:00-04:00,4443.60009765625,4444.2001953125,4439.2998046875,4440.2998046875,241
2026-09-08 10:01:00-04:00,4445.0,4446.39990234375,4443.2998046875,4443.5,301
2026-09-08 10:02:00-04:00,4443.2001953125,4445.89990234375,4441.39990234375,4445.10009765625,282
2026-09-08 10:03:00-04:00,4444.39990234375,4444.60009765625,4441.39990234375,4442.7998046875,131
2026-09-08 10:04:00-04:00,4446.7001953125,4447.0,4442.60009765625,4444.39990234375,211
2026-09-08 10:05:00-04:00,4445.2998046875,4447.7001953125,4444.5,4446.7998046875,168
2026-09-08 10:06:00-04:00,4445.2001953125,4445.60009765625,4443.10009765625,4445.39990234375,298
2026-09-08 10:07:00-04:00,4444.2001953125,4447.60009765625,4444.2001953125,4445.5,112
2026-09-08 10:08:00-04:00,4446.0,4446.2998046875,4443.2998046875,4444.2998046875,80
2026-09-08 10:09:00-04:00,4444.0,4447.39990234375,4444.0,4445.89990234375,110
2026-09-08 10:10:00-04:00,4443.0,4443.7001953125,4441.0,4443.60009765625,116
2026-09-08 10:11:00-04:00,4442.2001953125,4443.5,4441.0,4442.2998046875,105
2026-09-08 10:12:00-04:00,4443.60009765625,4443.7001953125,4441.7998046875,4442.10009765625,56
2026-09-08 10:13:00-04:00,4440.39990234375,4443.60009765625,4440.0,4443.60009765625,209
2026-09-08 10:14:00-04:00,4439.2998046875,4441.5,4436.2001953125,4440.60009765625,211
2026-09-08 10:15:00-04:00,4440.5,4440.89990234375,4438.89990234375,4439.2001953125,111
2026-09-08 10:16:00-04:00,4441.10009765625,4441.39990234375,4438.7998046875,4440.7998046875,216
2026-09-08 10:17:00-04:00,4441.60009765625,4443.2001953125,4440.5,4441.2998046875,133
2026-09-08 10:18:00-04:00,4445.10009765625,4445.2001953125,4441.60009765625,4442.0,174
2026-09-08 10:19:00-04:00,4444.60009765625,4445.2998046875,4443.7001953125,4444.89990234375,136
2026-09-08 10:20:00-04:00,4442.2998046875,4445.5,4440.60009765625,4444.7998046875,201
2026-09-08 10:21:00-04:00,4442.7998046875,4443.7998046875,4442.0,4442.7001953125,64
2026-09-08 10:22:00-04:00,4442.39990234375,4443.7001953125,4442.39990234375,4442.39990234375,79
2026-09-08 10:23:00-04:00,4445.2998046875,4445.5,4441.7001953125,4442.2998046875,109
2026-09-08 10:24:00-04:00,4447.0,4447.2001953125,4445.2001953125,4445.7998046875,195
2026-09-08 10:25:00-04:00,4448.39990234375,4448.39990234375,4446.60009765625,4447.0,178
2026-09-08 10:26:00-04:00,4447.5,4448.7998046875,4447.2001953125,4448.2998046875,139
2026-09-08 10:27:00-04:00,4448.0,4448.39990234375,4446.5,4447.2998046875,129
2026-09-08 10:28:00-04:00,4444.39990234375,4449.0,4444.0,4448.10009765625,140
2026-09-08 10:29:00-04:00,4441.5,4445.2998046875,4441.2998046875,4444.5,171
2026-09-08 10:30:00-04:00,4442.60009765625,4442.60009765625,4440.2001953125,4442.0,155
2026-09-08 10:31:00-04:00,4441.10009765625,4442.60009765625,4440.89990234375,4442.2998046875,99
2026-09-08 10:32:00-04:00,4442.89990234375,4443.89990234375,4440.7001953125,4441.2001953125,118
2026-09-08 10:33:00-04:00,4441.5,4444.60009765625,4441.39990234375,4442.7998046875,161
2026-09-08 10:34:00-04:00,4443.7001953125,4443.7001953125,4441.2001953125,4441.5,63
2026-09-08 10:35:00-04:00,4444.0,4444.10009765625,4442.7998046875,4443.39990234375,100
2026-09-08 10:36:00-04:00,4443.39990234375,4444.5,4442.60009765625,4443.7998046875,143
2026-09-08 10:37:00-04:00,4445.5,4446.0,4442.2998046875,4443.10009765625,205
2026-09-08 10:38:00-04:00,4445.2998046875,4445.7998046875,4443.2998046875,4445.2998046875,107
2026-09-08 10:39:00-04:00,4440.7998046875,4445.7998046875,4440.5,4445.2001953125,150
2026-09-08 10:40:00-04:00,4438.7998046875,4441.0,4438.60009765625,4440.5,194
2026-09-08 10:41:00-04:00,4438.10009765625,4440.10009765625,4437.7001953125,4439.2998046875,129
2026-09-08 10:42:00-04:00,4438.39990234375,4439.2998046875,4437.7001953125,4438.2998046875,219
2026-09-08 10:43:00-04:00,4438.5,4439.39990234375,4438.2001953125,4438.2001953125,113
2026-09-08 10:44:00-04:00,4442.10009765625,4442.89990234375,4438.7001953125,4438.7001953125,223
2026-09-08 10:45:00-04:00,4440.60009765625,4442.60009765625,4440.60009765625,4442.60009765625,97
2026-09-08 10:46:00-04:00,4443.5,4444.10009765625,4440.60009765625,4440.7001953125,223
2026-09-08 10:47:00-04:00,4442.0,4443.7998046875,4440.2001953125,4443.7001953125,440
2026-09-08 10:48:00-04:00,4438.0,4442.2001953125,4436.89990234375,4442.10009765625,177
2026-09-08 10:49:00-04:00,4438.39990234375,4438.7001953125,4437.7998046875,4438.0,180
2026-09-08 10:50:00-04:00,4438.0,4439.5,4435.7998046875,4438.2998046875,330
2026-09-08 10:51:00-04:00,4436.0,4439.39990234375,4435.5,4438.0,370
2026-09-08 10:52:00-04:00,4436.10009765625,4436.7001953125,4433.7001953125,4435.89990234375,425
2026-09-08 10:53:00-04:00,4438.7001953125,4438.7001953125,4435.5,4436.0,242
2026-09-08 10:54:00-04:00,4438.60009765625,4440.7001953125,4438.2998046875,4438.7001953125,183
2026-09-08 10:55:00-04:00,4439.7998046875,4440.60009765625,4437.2001953125,4438.39990234375,247
2026-09-08 10:56:00-04:00,4439.89990234375,4440.10009765625,4438.5,4439.89990234375,63
2026-09-08 10:57:00-04:00,4440.39990234375,4440.60009765625,4439.7001953125,4440.0,84
2026-09-08 10:58:00-04:00,4438.5,4440.5,4438.2001953125,4440.2001953125,103
2026-09-08 10:59:00-04:00,4443.39990234375,4443.5,4438.39990234375,4438.60009765625,181
2026-09-08 11:00:00-04:00,4444.39990234375,4444.89990234375,4442.5,4443.7998046875,249
2026-09-08 11:01:00-04:00,4446.2001953125,4446.7001953125,4444.5,4444.5,376
2026-09-08 11:02:00-04:00,4448.2001953125,4448.5,4445.2998046875,4446.0,198
2026-09-08 11:03:00-04:00,4451.2001953125,4452.10009765625,4447.5,4448.2998046875,387
2026-09-08 11:04:00-04:00,4448.2998046875,4451.39990234375,4447.7001953125,4451.2001953125,232
2026-09-08 11:05:00-04:00,4448.2998046875,4448.7001953125,4446.89990234375,4448.39990234375,156
2026-09-08 11:06:00-04:00,4447.60009765625,4448.60009765625,4447.5,4448.39990234375,50
2026-09-08 11:07:00-04:00,4446.2001953125,4447.39990234375,4445.7998046875,4447.39990234375,106
2026-09-08 11:08:00-04:00,4447.7998046875,4448.0,4446.10009765625,4446.39990234375,101
2026-09-08 11:09:00-04:00,4448.7001953125,4449.2001953125,4447.2998046875,4448.0,108
2026-09-08 11:10:00-04:00,4450.39990234375,4451.60009765625,4448.7998046875,4448.7998046875,139
2026-09-08 11:11:00-04:00,4453.10009765625,4453.2001953125,4450.39990234375,4450.5,262
2026-09-08 11:12:00-04:00,4451.0,4453.7001953125,4450.10009765625,4453.0,185
2026-09-08 11:13:00-04:00,4450.60009765625,4451.7001953125,4450.0,4451.10009765625,72
2026-09-08 11:14:00-04:00,4450.0,4451.10009765625,4449.0,4451.10009765625,109
2026-09-08 11:15:00-04:00,4452.89990234375,4453.60009765625,4449.7998046875,4450.0,85
2026-09-08 11:16:00-04:00,4453.2998046875,4453.5,4452.10009765625,4453.10009765625,107
2026-09-08 11:17:00-04:00,4454.5,4454.5,4452.2001953125,4453.39990234375,82
2026-09-08 11:18:00-04:00,4452.5,4454.39990234375,4451.39990234375,4454.2001953125,143
2026-09-08 11:19:00-04:00,4450.89990234375,4452.60009765625,4450.7001953125,4452.5,140
2026-09-08 11:20:00-04:00,4448.60009765625,4451.10009765625,4448.2998046875,4450.7001953125,198
2026-09-08 11:21:00-04:00,4445.39990234375,4448.39990234375,4445.39990234375,4448.39990234375,200
2026-09-08 11:22:00-04:00,4443.10009765625,4445.60009765625,4442.0,4445.60009765625,422
2026-09-08 11:23:00-04:00,4442.2998046875,4443.10009765625,4441.60009765625,4442.5,126
2026-09-08 11:24:00-04:00,4443.39990234375,4444.0,4442.10009765625,4442.2001953125,77
2026-09-08 11:25:00-04:00,4447.2001953125,4450.5,4443.2001953125,4443.5,1000
2026-09-08 11:26:00-04:00,4448.89990234375,4448.89990234375,4445.7001953125,4447.39990234375,158
2026-09-08 11:27:00-04:00,4444.2998046875,4448.5,4444.10009765625,4448.5,268
2026-09-08 11:28:00-04:00,4445.2001953125,4446.2001953125,4444.39990234375,4444.39990234375,68
2026-09-08 11:29:00-04:00,4444.39990234375,4445.2998046875,4443.60009765625,4445.2001953125,44
2026-09-08 11:30:00-04:00,4445.5,4446.60009765625,4444.2998046875,4444.39990234375,79
2026-09-08 11:31:00-04:00,4447.39990234375,4447.7001953125,4445.5,4445.60009765625,145
2026-09-08 11:32:00-04:00,4448.10009765625,4448.7998046875,4446.7998046875,4447.39990234375,97
2026-09-08 11:33:00-04:00,4447.7998046875,4448.5,4447.2998046875,4448.2001953125,54
2026-09-08 11:34:00-04:00,4449.2001953125,4449.2998046875,4446.89990234375,4447.7001953125,171
2026-09-08 11:35:00-04:00,4447.7998046875,4449.2998046875,4447.39990234375,4449.2001953125,133
2026-09-08 11:36:00-04:00,4444.39990234375,4447.7001953125,4444.10009765625,4447.60009765625,125
2026-09-08 11:37:00-04:00,4444.5,4445.10009765625,4443.60009765625,4444.39990234375,44
2026-09-08 11:38:00-04:00,4445.7998046875,4446.0,4444.39990234375,4444.60009765625,63
2026-09-08 11:39:00-04:00,4445.0,4445.60009765625,4444.2001953125,4445.2998046875,47
2026-09-08 11:40:00-04:00,4443.0,4444.2998046875,4443.0,4444.2998046875,35
2026-09-08 11:41:00-04:00,4443.60009765625,4444.2998046875,4443.10009765625,4443.2001953125,44
2026-09-08 11:42:00-04:00,4443.7001953125,4444.7001953125,4443.60009765625,4443.7998046875,61
2026-09-08 11:43:00-04:00,4444.60009765625,4444.7001953125,4442.39990234375,4443.7001953125,84
2026-09-08 11:44:00-04:00,4445.2001953125,4446.2001953125,4444.7001953125,4444.7001953125,110
2026-09-08 11:45:00-04:00,4443.89990234375,4445.5,4442.7998046875,4445.5,137
2026-09-08 11:46:00-04:00,4442.7998046875,4443.7998046875,4442.5,4443.7998046875,63
2026-09-08 11:47:00-04:00,4441.7998046875,4442.89990234375,4440.89990234375,4442.89990234375,245
2026-09-08 11:48:00-04:00,4441.7998046875,4444.10009765625,4441.5,4442.0,83
2026-09-08 11:49:00-04:00,4442.0,4442.7998046875,4441.5,4441.5,30
2026-09-08 11:50:00-04:00,4443.2998046875,4445.7998046875,4441.5,4441.5,341
2026-09-08 11:51:00-04:00,4443.7998046875,4443.89990234375,4442.5,4443.39990234375,41
2026-09-08 11:52:00-04:00,4443.39990234375,4444.2001953125,4443.2998046875,4444.10009765625,22
2026-09-08 11:53:00-04:00,4443.89990234375,4445.39990234375,4443.60009765625,4443.7001953125,86
2026-09-08 11:54:00-04:00,4442.7998046875,4444.7001953125,4442.2001953125,4444.10009765625,127
2026-09-08 11:55:00-04:00,4444.0,4444.10009765625,4442.5,4442.7001953125,66
2026-09-08 11:56:00-04:00,4443.5,4444.0,4443.2998046875,4443.89990234375,57
2026-09-08 11:57:00-04:00,4441.60009765625,4443.39990234375,4441.60009765625,4443.0,60
2026-09-08 11:58:00-04:00,4441.89990234375,4442.5,4441.60009765625,4441.60009765625,77
2026-09-08 11:59:00-04:00,4439.7998046875,4442.39990234375,4439.7998046875,4441.7998046875,152
2026-09-08 12:00:00-04:00,4439.2998046875,4440.39990234375,4438.60009765625,4440.0,200
2026-09-08 12:01:00-04:00,4437.89990234375,4439.10009765625,4437.2998046875,4439.0,294
2026-09-08 12:02:00-04:00,4437.60009765625,4438.2001953125,4436.39990234375,4438.0,161
2026-09-08 12:03:00-04:00,4437.0,4438.2998046875,4436.89990234375,4437.60009765625,96
2026-09-08 12:04:00-04:00,4439.89990234375,4440.0,4436.60009765625,4436.7998046875,64
2026-09-08 12:05:00-04:00,4439.7998046875,4439.7998046875,4438.7998046875,4439.7001953125,41
2026-09-08 12:06:00-04:00,4438.7998046875,4440.0,4438.60009765625,4440.0,48
2026-09-08 12:07:00-04:00,4437.2001953125,4438.7001953125,4436.60009765625,4438.60009765625,89
2026-09-08 12:08:00-04:00,4435.2001953125,4437.60009765625,4434.89990234375,4437.10009765625,160
2026-09-08 12:09:00-04:00,4426.10009765625,4435.7001953125,4425.10009765625,4435.10009765625,1571
2026-09-08 12:10:00-04:00,4428.2998046875,4430.7998046875,4426.0,4426.2001953125,1225
2026-09-08 12:11:00-04:00,4427.7998046875,4429.60009765625,4425.60009765625,4427.89990234375,407
2026-09-08 12:12:00-04:00,4426.2001953125,4428.89990234375,4426.10009765625,4427.89990234375,277
2026-09-08 12:13:00-04:00,4430.39990234375,4430.39990234375,4425.89990234375,4425.89990234375,192
2026-09-08 12:14:00-04:00,4431.5,4431.5,4430.2998046875,4430.60009765625,157
2026-09-08 12:15:00-04:00,4431.2001953125,4432.60009765625,4429.5,4431.39990234375,216
2026-09-08 12:16:00-04:00,4431.7998046875,4431.7998046875,4429.89990234375,4431.10009765625,151
2026-09-08 12:17:00-04:00,4430.60009765625,4432.2001953125,4430.2001953125,4431.7998046875,90
2026-09-08 12:18:00-04:00,4429.7998046875,4431.39990234375,4429.7998046875,4430.5,100
2026-09-08 12:19:00-04:00,4430.2998046875,4430.7998046875,4428.7998046875,4430.10009765625,144
2026-09-08 12:20:00-04:00,4433.5,4434.10009765625,4430.2001953125,4430.5,177
2026-09-08 12:21:00-04:00,4434.89990234375,4435.0,4431.89990234375,4433.60009765625,119
2026-09-08 12:22:00-04:00,4437.10009765625,4437.39990234375,4434.5,4435.0,272
2026-09-08 12:23:00-04:00,4436.60009765625,4437.5,4436.5,4437.10009765625,89
2026-09-08 12:24:00-04:00,4437.7001953125,4437.89990234375,4436.0,4436.7998046875,77
2026-09-08 12:25:00-04:00,4438.2998046875,4440.5,4435.7998046875,4437.5,511
2026-09-08 12:26:00-04:00,4437.5,4439.0,4437.10009765625,4438.2998046875,107
2026-09-08 12:27:00-04:00,4436.89990234375,4437.89990234375,4436.5,4437.5,125
2026-09-08 12:28:00-04:00,4438.39990234375,4438.60009765625,4436.7998046875,4436.7998046875,46
2026-09-08 12:29:00-04:00,4438.89990234375,4439.2998046875,4438.0,4438.2998046875,94
2026-09-08 12:30:00-04:00,4440.2998046875,4440.89990234375,4437.60009765625,4438.89990234375,207
2026-09-08 12:31:00-04:00,4440.0,4441.39990234375,4439.60009765625,4440.39990234375,122
2026-09-08 12:32:00-04:00,4439.89990234375,4440.2001953125,4439.60009765625,4440.10009765625,51
2026-09-08 12:33:00-04:00,4439.60009765625,4439.7001953125,4438.10009765625,4439.7001953125,114
2026-09-08 12:34:00-04:00,4439.7998046875,4440.39990234375,4439.39990234375,4439.7001953125,35
2026-09-08 12:35:00-04:00,4440.2001953125,4441.10009765625,4439.5,4439.60009765625,81
2026-09-08 12:36:00-04:00,4439.7001953125,4440.89990234375,4439.5,4440.0,57
2026-09-08 12:37:00-04:00,4439.2998046875,4440.0,4438.7998046875,4439.7998046875,54
2026-09-08 12:38:00-04:00,4439.7001953125,4439.7001953125,4438.5,4439.10009765625,46
2026-09-08 12:39:00-04:00,4439.2998046875,4439.7001953125,4439.0,4439.60009765625,60
2026-09-08 12:40:00-04:00,4438.89990234375,4440.2998046875,4438.39990234375,4439.5,84
2026-09-08 12:41:00-04:00,4440.0,4440.0,4438.2998046875,4438.7998046875,53
2026-09-08 12:42:00-04:00,4440.10009765625,4440.2998046875,4439.39990234375,4440.0,80
2026-09-08 12:43:00-04:00,4438.7001953125,4440.39990234375,4438.2998046875,4440.2001953125,92
2026-09-08 12:44:00-04:00,4438.7998046875,4439.0,4438.2998046875,4438.5,24
2026-09-08 12:45:00-04:00,4437.7001953125,4439.39990234375,4437.39990234375,4438.89990234375,189
2026-09-08 12:46:00-04:00,4437.7998046875,4438.39990234375,4437.5,4437.60009765625,38
2026-09-08 12:47:00-04:00,4437.39990234375,4438.39990234375,4437.39990234375,4438.0,60
2026-09-08 12:48:00-04:00,4437.7001953125,4438.60009765625,4436.7001953125,4437.2998046875,62
2026-09-08 12:49:00-04:00,4438.60009765625,4438.89990234375,4437.39990234375,4437.7001953125,40
2026-09-08 12:50:00-04:00,4441.10009765625,4443.39990234375,4438.10009765625,4438.7001953125,619
2026-09-08 12:51:00-04:00,4437.60009765625,4440.7998046875,4437.60009765625,4440.7998046875,130
2026-09-08 12:52:00-04:00,4438.7001953125,4439.5,4437.7998046875,4437.89990234375,62
2026-09-08 12:53:00-04:00,4439.2998046875,4439.60009765625,4437.7998046875,4438.39990234375,75
2026-09-08 12:54:00-04:00,4439.10009765625,4439.5,4438.60009765625,4439.10009765625,29
2026-09-08 12:55:00-04:00,4439.7998046875,4440.2001953125,4438.7998046875,4438.7998046875,55
2026-09-08 12:56:00-04:00,4437.39990234375,4439.5,4434.89990234375,4439.5,374
2026-09-08 12:57:00-04:00,4439.7998046875,4439.7998046875,4437.2001953125,4437.60009765625,187
2026-09-08 12:58:00-04:00,4439.10009765625,4440.0,4439.0,4439.89990234375,47
2026-09-08 12:59:00-04:00,4438.2998046875,4439.2998046875,4435.39990234375,4439.10009765625,385
2026-09-08 13:00:00-04:00,4440.60009765625,4440.7001953125,4438.39990234375,4438.39990234375,169
2026-09-08 13:01:00-04:00,4441.7001953125,4441.7001953125,4440.10009765625,4440.5,110
2026-09-08 13:02:00-04:00,4443.39990234375,4443.89990234375,4441.2998046875,4441.5,224
2026-09-08 13:03:00-04:00,4444.60009765625,4444.60009765625,4443.0,4443.39990234375,105
2026-09-08 13:04:00-04:00,4446.10009765625,4446.60009765625,4444.2001953125,4444.60009765625,376
2026-09-08 13:05:00-04:00,4445.7998046875,4448.60009765625,4445.7001953125,4446.60009765625,311
2026-09-08 13:06:00-04:00,4445.7001953125,4446.2001953125,4444.7998046875,4445.7998046875,160
2026-09-08 13:07:00-04:00,4444.0,4445.7998046875,4444.0,4445.7001953125,74
2026-09-08 13:08:00-04:00,4443.39990234375,4443.89990234375,4442.60009765625,4443.7998046875,93
2026-09-08 13:09:00-04:00,4442.7001953125,4443.89990234375,4442.2998046875,4443.5,68
2026-09-08 13:10:00-04:00,4443.10009765625,4444.10009765625,4442.60009765625,4443.0,74
2026-09-08 13:11:00-04:00,4441.89990234375,4442.89990234375,4441.5,4442.89990234375,67
2026-09-08 13:12:00-04:00,4440.39990234375,4441.7001953125,4440.2998046875,4441.60009765625,88
2026-09-08 13:13:00-04:00,4440.0,4441.0,4440.0,4440.2998046875,68
2026-09-08 13:14:00-04:00,4440.2998046875,4440.89990234375,4439.39990234375,4440.2001953125,56
2026-09-08 13:15:00-04:00,4441.2998046875,4441.2998046875,4440.39990234375,4440.39990234375,75
2026-09-08 13:16:00-04:00,4441.60009765625,4442.0,4441.2001953125,4441.5,53
2026-09-08 13:17:00-04:00,4440.89990234375,4442.2998046875,4440.89990234375,4441.2998046875,93
2026-09-08 13:18:00-04:00,4441.2001953125,4441.7001953125,4440.7001953125,4440.7001953125,31
2026-09-08 13:19:00-04:00,4441.2998046875,4442.2998046875,4441.2998046875,4441.7998046875,42
2026-09-08 13:20:00-04:00,4439.2998046875,4441.39990234375,4439.2001953125,4441.39990234375,307
2026-09-08 13:21:00-04:00,4439.5,4439.89990234375,4438.5,4439.2001953125,81
2026-09-08 13:22:00-04:00,4438.5,4439.5,4437.89990234375,4439.5,184
2026-09-08 13:23:00-04:00,4438.2001953125,4439.0,4438.2001953125,4438.5,63
2026-09-08 13:24:00-04:00,4439.39990234375,4439.7001953125,4437.89990234375,4438.0,71
2026-09-08 13:25:00-04:00,4437.7001953125,4439.2001953125,4437.10009765625,4439.10009765625,94
2026-09-08 13:26:00-04:00,4437.7001953125,4438.2001953125,4436.7998046875,4437.5,75
2026-09-08 13:27:00-04:00,4437.2001953125,4437.89990234375,4437.2001953125,4437.60009765625,96
2026-09-08 13:28:00-04:00,4439.7001953125,4439.7001953125,4437.39990234375,4437.39990234375,198
2026-09-08 13:29:00-04:00,4438.89990234375,4439.89990234375,4438.5,4439.7998046875,1124
2026-09-08 13:30:00-04:00,4439.60009765625,4439.7001953125,4438.5,4438.89990234375,126
2026-09-08 13:31:00-04:00,4439.2998046875,4439.7998046875,4438.2001953125,4439.5,59
2026-09-08 13:32:00-04:00,4439.60009765625,4439.60009765625,4438.7001953125,4439.2001953125,46
2026-09-08 13:33:00-04:00,4438.2998046875,4439.7998046875,4438.2998046875,4439.7001953125,75
2026-09-08 13:34:00-04:00,4436.10009765625,4438.7001953125,4436.10009765625,4438.2998046875,134
2026-09-08 13:35:00-04:00,4436.2998046875,4436.60009765625,4435.60009765625,4436.0,150
2026-09-08 13:36:00-04:00,4435.60009765625,4436.7001953125,4434.89990234375,4436.10009765625,113
2026-09-08 13:37:00-04:00,4436.5,4436.5,4434.2001953125,4435.2998046875,142
2026-09-08 13:38:00-04:00,4436.2998046875,4437.5,4436.2998046875,4436.39990234375,88
2026-09-08 13:39:00-04:00,4433.89990234375,4436.7001953125,4433.89990234375,4436.39990234375,92
2026-09-08 13:40:00-04:00,4432.10009765625,4434.0,4432.0,4433.89990234375,312
2026-09-08 13:41:00-04:00,4431.2001953125,4432.0,4430.89990234375,4432.0,142
2026-09-08 13:42:00-04:00,4432.2001953125,4432.60009765625,4431.2001953125,4431.2001953125,78
2026-09-08 13:43:00-04:00,4431.2001953125,4432.2001953125,4430.60009765625,4432.2001953125,54
2026-09-08 13:44:00-04:00,4429.7001953125,4431.2998046875,4429.7001953125,4431.2001953125,121
2026-09-08 13:45:00-04:00,4430.0,4430.7001953125,4429.5,4429.89990234375,151
2026-09-08 13:46:00-04:00,4431.2998046875,4431.7998046875,4429.60009765625,4430.10009765625,189
2026-09-08 13:47:00-04:00,4431.5,4432.0,4430.89990234375,4431.2998046875,70
2026-09-08 13:48:00-04:00,4432.2001953125,4432.5,4431.7001953125,4431.7001953125,54
2026-09-08 13:49:00-04:00,4431.39990234375,4432.2998046875,4431.2998046875,4432.2998046875,51
2026-09-08 13:50:00-04:00,4432.7998046875,4433.5,4431.7001953125,4431.89990234375,54
2026-09-08 13:51:00-04:00,4432.10009765625,4432.7998046875,4431.39990234375,4432.7998046875,52
2026-09-08 13:52:00-04:00,4433.60009765625,4433.89990234375,4432.2998046875,4432.2998046875,25
2026-09-08 13:53:00-04:00,4433.7998046875,4433.7998046875,4433.0,4433.2998046875,27
2026-09-08 13:54:00-04:00,4433.39990234375,4433.7998046875,4433.2001953125,4433.60009765625,51
2026-09-08 13:55:00-04:00,4433.0,4433.5,4432.2998046875,4433.2998046875,78
2026-09-08 13:56:00-04:00,4433.0,4433.5,4432.39990234375,4433.2998046875,38
2026-09-08 13:57:00-04:00,4433.7001953125,4433.7001953125,4432.7998046875,4433.0,29
2026-09-08 13:58:00-04:00,4434.10009765625,4434.7001953125,4433.5,4433.7998046875,140
2026-09-08 13:59:00-04:00,4434.2998046875,4434.60009765625,4433.7001953125,4434.10009765625,42
2026-09-08 14:00:00-04:00,4432.5,4434.7001953125,4432.5,4434.5,95
2026-09-08 14:01:00-04:00,4433.2001953125,4433.7001953125,4432.2001953125,4432.39990234375,104
2026-09-08 14:02:00-04:00,4431.7001953125,4433.2001953125,4431.7001953125,4433.0,70
2026-09-08 14:03:00-04:00,4432.89990234375,4432.89990234375,4431.7001953125,4431.7998046875,105
2026-09-08 14:04:00-04:00,4431.60009765625,4433.2001953125,4431.60009765625,4433.10009765625,104
2026-09-08 14:05:00-04:00,4431.89990234375,4431.89990234375,4430.60009765625,4431.39990234375,122
2026-09-08 14:06:00-04:00,4430.60009765625,4432.7998046875,4430.60009765625,4431.89990234375,100
2026-09-08 14:07:00-04:00,4430.60009765625,4431.2998046875,4430.2001953125,4430.7001953125,204
2026-09-08 14:08:00-04:00,4429.89990234375,4430.7001953125,4429.2998046875,4430.7001953125,144
2026-09-08 14:09:00-04:00,4429.2998046875,4430.10009765625,4429.2001953125,4430.0,52
2026-09-08 14:10:00-04:00,4430.60009765625,4430.7998046875,4428.39990234375,4429.2998046875,169
2026-09-08 14:11:00-04:00,4430.5,4431.2998046875,4430.39990234375,4430.7001953125,49
2026-09-08 14:12:00-04:00,4430.39990234375,4431.10009765625,4430.2001953125,4430.39990234375,34
2026-09-08 14:13:00-04:00,4431.0,4431.2001953125,4429.39990234375,4430.39990234375,107
2026-09-08 14:14:00-04:00,4432.10009765625,4432.10009765625,4431.2001953125,4431.2001953125,31
2026-09-08 14:15:00-04:00,4430.89990234375,4432.10009765625,4430.0,4432.0,154
2026-09-08 14:16:00-04:00,4430.89990234375,4431.10009765625,4430.39990234375,4430.5,50
2026-09-08 14:17:00-04:00,4430.89990234375,4431.7001953125,4430.89990234375,4431.0,66
2026-09-08 14:18:00-04:00,4429.2998046875,4430.7001953125,4429.10009765625,4430.7001953125,72
2026-09-08 14:19:00-04:00,4430.10009765625,4431.2998046875,4429.2998046875,4429.2998046875,196
2026-09-08 14:20:00-04:00,4430.2001953125,4430.7998046875,4430.2001953125,4430.39990234375,50
2026-09-08 14:21:00-04:00,4429.10009765625,4430.2998046875,4429.10009765625,4430.10009765625,38
2026-09-08 14:22:00-04:00,4429.89990234375,4430.39990234375,4429.5,4429.5,46
2026-09-08 14:23:00-04:00,4429.7998046875,4430.5,4429.39990234375,4430.0,87
2026-09-08 14:24:00-04:00,4429.7998046875,4431.39990234375,4429.7998046875,4429.89990234375,123
2026-09-08 14:25:00-04:00,4429.7001953125,4430.7001953125,4429.10009765625,4429.89990234375,167
2026-09-08 14:26:00-04:00,4429.60009765625,4430.2001953125,4428.89990234375,4430.0,98
2026-09-08 14:27:00-04:00,4428.60009765625,4430.0,4428.60009765625,4429.39990234375,97
2026-09-08 14:28:00-04:00,4429.39990234375,4429.60009765625,4428.7001953125,4429.0,67
2026-09-08 14:29:00-04:00,4430.10009765625,4430.2998046875,4429.2998046875,4429.5,56
2026-09-08 14:30:00-04:00,4427.7001953125,4430.10009765625,4427.2998046875,4430.10009765625,90
2026-09-08 14:31:00-04:00,4426.5,4427.7001953125,4425.89990234375,4427.5,213
2026-09-08 14:32:00-04:00,4427.7001953125,4428.0,4425.7998046875,4426.7001953125,79
2026-09-08 14:33:00-04:00,4427.60009765625,4428.2001953125,4426.89990234375,4427.89990234375,48
2026-09-08 14:34:00-04:00,4428.60009765625,4429.2001953125,4427.5,4427.5,45
2026-09-08 14:35:00-04:00,4428.2001953125,4428.5,4427.7998046875,4428.5,33
2026-09-08 14:36:00-04:00,4427.7998046875,4427.89990234375,4427.10009765625,4427.89990234375,52
2026-09-08 14:37:00-04:00,4429.0,4429.0,4427.60009765625,4427.60009765625,60
2026-09-08 14:38:00-04:00,4428.7001953125,4429.2001953125,4428.7001953125,4428.89990234375,26
2026-09-08 14:39:00-04:00,4428.7001953125,4429.39990234375,4428.0,4429.10009765625,68
2026-09-08 14:40:00-04:00,4428.89990234375,4429.0,4428.39990234375,4428.7998046875,17
2026-09-08 14:41:00-04:00,4428.2998046875,4429.0,4428.10009765625,4428.7001953125,60
2026-09-08 14:42:00-04:00,4428.7001953125,4429.0,4428.10009765625,4428.2001953125,12
2026-09-08 14:43:00-04:00,4428.5,4428.89990234375,4428.5,4428.7998046875,46
2026-09-08 14:44:00-04:00,4430.2001953125,4430.39990234375,4428.0,4428.5,53
2026-09-08 14:45:00-04:00,4429.0,4430.2001953125,4429.0,4430.10009765625,76
2026-09-08 14:46:00-04:00,4429.7998046875,4429.7998046875,4428.89990234375,4429.0,50
2026-09-08 14:47:00-04:00,4427.2998046875,4431.2998046875,4426.5,4429.89990234375,500
2026-09-08 14:48:00-04:00,4414.7998046875,4427.7001953125,4408.0,4427.60009765625,2196
2026-09-08 14:49:00-04:00,4408.10009765625,4415.7001953125,4406.5,4414.7998046875,1591
2026-09-08 14:50:00-04:00,4411.0,4414.2998046875,4407.89990234375,4407.89990234375,371
2026-09-08 14:51:00-04:00,4405.5,4414.7998046875,4404.60009765625,4411.39990234375,710
2026-09-08 14:52:00-04:00,4404.7001953125,4407.0,4402.39990234375,4405.39990234375,482
2026-09-08 14:53:00-04:00,4416.10009765625,4416.5,4404.7998046875,4404.7998046875,416
2026-09-08 14:54:00-04:00,4420.2001953125,4420.2001953125,4416.2998046875,4416.5,398
2026-09-08 14:55:00-04:00,4421.60009765625,4422.5,4419.39990234375,4420.0,445
2026-09-08 14:56:00-04:00,4419.7998046875,4422.60009765625,4417.39990234375,4421.7998046875,256
2026-09-08 14:57:00-04:00,4418.7998046875,4419.7998046875,4417.7998046875,4419.7998046875,235
2026-09-08 14:58:00-04:00,4418.2998046875,4418.5,4417.2001953125,4418.5,147
2026-09-08 14:59:00-04:00,4420.10009765625,4421.2001953125,4417.0,4419.5,262
2026-09-08 15:00:00-04:00,4416.7998046875,4420.2998046875,4416.39990234375,4420.2001953125,207
2026-09-08 15:01:00-04:00,4417.2998046875,4417.89990234375,4415.7998046875,4417.7001953125,88
2026-09-08 15:02:00-04:00,4419.7001953125,4419.7001953125,4416.39990234375,4417.10009765625,125
2026-09-08 15:03:00-04:00,4419.89990234375,4420.7998046875,4418.7998046875,4419.89990234375,122
2026-09-08 15:04:00-04:00,4419.2001953125,4421.7998046875,4418.5,4420.0,105
2026-09-08 15:05:00-04:00,4416.89990234375,4420.0,4416.2001953125,4419.39990234375,256
2026-09-08 15:06:00-04:00,4417.2001953125,4419.39990234375,4416.2998046875,4416.7001953125,230
2026-09-08 15:07:00-04:00,4416.39990234375,4417.60009765625,4413.89990234375,4417.39990234375,206
2026-09-08 15:08:00-04:00,4416.7001953125,4417.10009765625,4415.5,4416.0,58
2026-09-08 15:09:00-04:00,4416.2001953125,4417.7001953125,4415.7001953125,4416.39990234375,34
2026-09-08 15:10:00-04:00,4417.2998046875,4417.60009765625,4415.2998046875,4416.0,57
2026-09-08 15:11:00-04:00,4418.60009765625,4418.7998046875,4416.60009765625,4417.2001953125,90
2026-09-08 15:12:00-04:00,4418.39990234375,4418.7998046875,4417.39990234375,4418.7001953125,28
2026-09-08 15:13:00-04:00,4416.60009765625,4419.10009765625,4416.60009765625,4418.89990234375,62
2026-09-08 15:14:00-04:00,4415.0,4416.60009765625,4415.0,4416.5,67
2026-09-08 15:15:00-04:00,4414.2001953125,4417.89990234375,4414.2001953125,4415.2998046875,167
2026-09-08 15:16:00-04:00,4415.39990234375,4415.60009765625,4413.39990234375,4414.0,153
2026-09-08 15:17:00-04:00,4413.10009765625,4415.60009765625,4412.7998046875,4415.39990234375,51
2026-09-08 15:18:00-04:00,4413.2001953125,4413.89990234375,4412.60009765625,4413.10009765625,64
2026-09-08 15:19:00-04:00,4412.5,4413.2998046875,4412.39990234375,4413.2001953125,65
2026-09-08 15:20:00-04:00,4413.5,4414.2001953125,4412.0,4412.2998046875,121
2026-09-08 15:21:00-04:00,4413.60009765625,4415.2998046875,4413.2001953125,4413.60009765625,118
2026-09-08 15:22:00-04:00,4412.89990234375,4413.89990234375,4412.2001953125,4413.60009765625,90
2026-09-08 15:23:00-04:00,4414.0,4414.0,4412.0,4413.10009765625,119
2026-09-08 15:24:00-04:00,4411.5,4414.5,4411.10009765625,4414.10009765625,65
2026-09-08 15:25:00-04:00,4413.0,4413.2998046875,4411.7001953125,4411.89990234375,46
2026-09-08 15:26:00-04:00,4412.7001953125,4413.10009765625,4411.0,4412.7998046875,34
2026-09-08 15:27:00-04:00,4414.2001953125,4414.2998046875,4412.2998046875,4412.39990234375,41
2026-09-08 15:28:00-04:00,4413.5,4414.0,4412.7998046875,4414.0,53
2026-09-08 15:29:00-04:00,4413.60009765625,4415.0,4413.2001953125,4413.2001953125,52
2026-09-08 15:30:00-04:00,4411.2998046875,4413.89990234375,4410.7001953125,4413.39990234375,109
2026-09-08 15:31:00-04:00,4410.7001953125,4411.2001953125,4410.5,4411.10009765625,50
2026-09-08 15:32:00-04:00,4409.39990234375,4411.2001953125,4409.2001953125,4410.7001953125,120
2026-09-08 15:33:00-04:00,4406.39990234375,4409.2998046875,4406.39990234375,4409.10009765625,138
2026-09-08 15:34:00-04:00,4409.2998046875,4409.39990234375,4406.2998046875,4406.5,162
2026-09-08 15:35:00-04:00,4411.0,4411.5,4409.2001953125,4409.2998046875,108
2026-09-08 15:36:00-04:00,4411.5,4413.0,4411.0,4411.2001953125,60
2026-09-08 15:37:00-04:00,4412.2998046875,4412.89990234375,4411.0,4411.5,74
2026-09-08 15:38:00-04:00,4414.39990234375,4414.7998046875,4412.0,4412.2998046875,216
2026-09-08 15:39:00-04:00,4412.2998046875,4414.5,4412.2001953125,4414.5,133
2026-09-08 15:40:00-04:00,4413.2998046875,4413.39990234375,4411.5,4412.39990234375,40
2026-09-08 15:41:00-04:00,4412.60009765625,4412.89990234375,4412.2998046875,4412.5,42
2026-09-08 15:42:00-04:00,4414.2001953125,4414.2001953125,4411.2998046875,4412.7001953125,172
2026-09-08 15:43:00-04:00,4413.0,4414.2001953125,4412.7001953125,4414.0,69
2026-09-08 15:44:00-04:00,4413.7001953125,4413.7001953125,4412.7001953125,4413.0,31
2026-09-08 15:45:00-04:00,4411.89990234375,4413.89990234375,4411.2998046875,4413.7001953125,96
2026-09-08 15:46:00-04:00,4410.2998046875,4411.7998046875,4410.2998046875,4411.7998046875,56
2026-09-08 15:47:00-04:00,4411.60009765625,4411.60009765625,4410.2001953125,4410.2998046875,55
2026-09-08 15:48:00-04:00,4410.39990234375,4411.5,4409.89990234375,4411.39990234375,80
2026-09-08 15:49:00-04:00,4410.7001953125,4411.2001953125,4410.0,4410.5,35
2026-09-08 15:50:00-04:00,4407.39990234375,4411.2998046875,4406.2001953125,4411.2998046875,741
2026-09-08 15:51:00-04:00,4408.39990234375,4409.39990234375,4407.5,4407.7001953125,319
2026-09-08 15:52:00-04:00,4407.10009765625,4408.7001953125,4406.10009765625,4408.2001953125,100
2026-09-08 15:53:00-04:00,4406.7001953125,4408.2001953125,4406.39990234375,4406.89990234375,93
2026-09-08 15:54:00-04:00,4408.5,4409.0,4406.10009765625,4406.60009765625,156
2026-09-08 15:55:00-04:00,4406.39990234375,4409.5,4406.10009765625,4408.7998046875,173
2026-09-08 15:56:00-04:00,4405.60009765625,4408.10009765625,4405.10009765625,4406.5,150
2026-09-08 15:57:00-04:00,4407.39990234375,4408.10009765625,4405.60009765625,4405.7998046875,135
2026-09-08 15:58:00-04:00,4403.2998046875,4408.10009765625,4402.7001953125,4407.5,480
2026-09-08 15:59:00-04:00,4404.5,4404.7998046875,4401.10009765625,4403.5,623
2026-09-08 16:00:00-04:00,4407.2998046875,4407.5,4403.0,4404.10009765625,338
2026-09-08 16:01:00-04:00,4405.60009765625,4409.5,4405.60009765625,4407.10009765625,471
2026-09-08 16:02:00-04:00,4405.7998046875,4407.10009765625,4405.2001953125,4405.2998046875,125
2026-09-08 16:03:00-04:00,4404.39990234375,4406.60009765625,4404.2001953125,4406.0,58
2026-09-08 16:04:00-04:00,4402.2998046875,4404.10009765625,4402.2998046875,4403.89990234375,84
2026-09-08 16:05:00-04:00,4403.0,4403.2001953125,4402.2998046875,4402.2998046875,102
2026-09-08 16:06:00-04:00,4402.2001953125,4403.39990234375,4401.0,4402.60009765625,142
2026-09-08 16:07:00-04:00,4402.7998046875,4403.7998046875,4402.5,4402.7001953125,223
2026-09-08 16:08:00-04:00,4401.39990234375,4403.2998046875,4401.2001953125,4403.10009765625,142
2026-09-08 16:09:00-04:00,4403.0,4403.0,4400.7001953125,4401.39990234375,74
2026-09-08 16:10:00-04:00,4403.2998046875,4403.60009765625,4401.7998046875,4402.7998046875,49
2026-09-08 16:11:00-04:00,4404.5,4404.5,4403.2998046875,4403.2998046875,94
2026-09-08 16:12:00-04:00,4405.10009765625,4405.10009765625,4403.7001953125,4404.7998046875,100
2026-09-08 16:13:00-04:00,4406.0,4406.2998046875,4405.0,4405.2998046875,54
2026-09-08 16:14:00-04:00,4405.0,4406.7001953125,4404.5,4405.7998046875,80
2026-09-08 16:15:00-04:00,4404.7001953125,4405.2998046875,4404.7001953125,4405.2998046875,11
2026-09-08 16:16:00-04:00,4404.7001953125,4404.7001953125,4404.10009765625,4404.60009765625,28
2026-09-08 16:17:00-04:00,4405.5,4405.5,4404.7001953125,4404.89990234375,21
2026-09-08 16:18:00-04:00,4405.0,4405.2998046875,4404.60009765625,4405.2998046875,58
2026-09-08 16:19:00-04:00,4405.7998046875,4405.7998046875,4405.10009765625,4405.2001953125,12
2026-09-08 16:20:00-04:00,4405.60009765625,4406.0,4405.39990234375,4405.89990234375,21
2026-09-08 16:21:00-04:00,4404.39990234375,4405.0,4404.2001953125,4405.0,37
2026-09-08 16:22:00-04:00,4405.7001953125,4405.7998046875,4404.89990234375,4404.89990234375,44
2026-09-08 16:23:00-04:00,4404.7001953125,4405.7001953125,4404.5,4405.7001953125,18
2026-09-08 16:24:00-04:00,4403.7998046875,4405.10009765625,4403.60009765625,4404.89990234375,61
2026-09-08 16:25:00-04:00,4403.2998046875,4404.39990234375,4403.10009765625,4404.2001953125,84
2026-09-08 16:26:00-04:00,4402.39990234375,4403.7001953125,4402.39990234375,4403.2998046875,73
2026-09-08 16:27:00-04:00,4403.39990234375,4403.39990234375,4402.5,4402.5,46
2026-09-08 16:28:00-04:00,4401.5,4403.7998046875,4400.2001953125,4403.39990234375,370
2026-09-08 16:29:00-04:00,4401.0,4401.7001953125,4400.10009765625,4401.7001953125,36
2026-09-08 16:30:00-04:00,4402.5,4402.7998046875,4401.39990234375,4401.60009765625,29
2026-09-08 16:31:00-04:00,4400.89990234375,4402.2998046875,4400.89990234375,4402.2998046875,44
2026-09-08 16:32:00-04:00,4401.7001953125,4401.89990234375,4401.10009765625,4401.10009765625,12
2026-09-08 16:33:00-04:00,4402.2998046875,4402.7998046875,4401.0,4401.5,40
2026-09-08 16:34:00-04:00,4402.7001953125,4402.89990234375,4402.39990234375,4402.39990234375,17
2026-09-08 16:35:00-04:00,4403.2001953125,4403.39990234375,4402.2998046875,4402.7998046875,55
2026-09-08 16:36:00-04:00,4402.2998046875,4403.2998046875,4402.2998046875,4403.2998046875,15
2026-09-08 16:37:00-04:00,4402.2998046875,4403.0,4402.2001953125,4402.2001953125,12
2026-09-08 16:38:00-04:00,4401.89990234375,4402.2001953125,4401.7001953125,4402.10009765625,17
2026-09-08 16:39:00-04:00,4402.60009765625,4402.60009765625,4402.0,4402.0,36
2026-09-08 16:40:00-04:00,4402.0,4403.10009765625,4402.0,4402.39990234375,30
2026-09-08 16:41:00-04:00,4402.10009765625,4402.2998046875,4401.60009765625,4402.10009765625,15
2026-09-08 16:42:00-04:00,4402.0,4402.2001953125,4401.7998046875,4402.10009765625,11
2026-09-08 16:43:00-04:00,4403.0,4403.0,4402.0,4402.0,9
2026-09-08 16:44:00-04:00,4402.5,4403.10009765625,4401.7998046875,4402.7998046875,28
2026-09-08 16:45:00-04:00,4401.89990234375,4402.7001953125,4401.89990234375,4402.7001953125,10
2026-09-08 16:46:00-04:00,4400.89990234375,4401.89990234375,4400.39990234375,4401.89990234375,52
2026-09-08 16:47:00-04:00,4400.89990234375,4401.60009765625,4400.60009765625,4401.2998046875,32
2026-09-08 16:48:00-04:00,4400.39990234375,4401.0,4400.2001953125,4400.89990234375,21
2026-09-08 16:49:00-04:00,4392.2998046875,4400.60009765625,4381.0,4400.2998046875,789
2026-09-08 16:50:00-04:00,4395.2998046875,4396.10009765625,4392.5,4392.5,352
2026-09-08 16:51:00-04:00,4397.10009765625,4397.5,4395.7001953125,4395.7998046875,197
2026-09-08 16:52:00-04:00,4397.89990234375,4398.10009765625,4396.2001953125,4396.7998046875,77
2026-09-08 16:53:00-04:00,4399.7998046875,4400.2001953125,4398.0,4398.0,137
2026-09-08 16:54:00-04:00,4398.0,4399.7001953125,4397.2998046875,4399.7001953125,70
2026-09-08 16:55:00-04:00,4399.10009765625,4399.5,4397.7001953125,4398.2998046875,53
2026-09-08 16:56:00-04:00,4399.89990234375,4400.10009765625,4398.2001953125,4398.89990234375,31
2026-09-08 16:57:00-04:00,4400.0,4400.0,4398.7998046875,4399.60009765625,66
2026-09-08 16:58:00-04:00,4400.10009765625,4401.0,4399.89990234375,4399.89990234375,60
2026-09-08 16:59:00-04:00,4400.0,4400.5,4399.7998046875,4400.10009765625,31
2026-09-08 18:00:00-04:00,4398.5,4401.0,4396.60009765625,4399.0,0
2026-09-08 18:01:00-04:00,4401.2001953125,4402.0,4398.7001953125,4398.7001953125,74
2026-09-08 18:02:00-04:00,4401.7998046875,4403.0,4401.60009765625,4402.10009765625,53
2026-09-08 18:03:00-04:00,4401.39990234375,4402.2998046875,4401.10009765625,4401.7001953125,34
2026-09-08 18:04:00-04:00,4401.2998046875,4401.60009765625,4400.89990234375,4401.5,31
2026-09-08 18:05:00-04:00,4401.10009765625,4401.60009765625,4400.7001953125,4401.2001953125,28
2026-09-08 18:06:00-04:00,4401.5,4401.89990234375,4400.7001953125,4401.10009765625,22
2026-09-08 18:07:00-04:00,4399.60009765625,4401.39990234375,4399.10009765625,4401.2998046875,36
2026-09-08 18:08:00-04:00,4396.89990234375,4399.7001953125,4396.89990234375,4399.7001953125,46
2026-09-08 18:09:00-04:00,4398.0,4398.89990234375,4397.0,4397.0,74
2026-09-08 18:10:00-04:00,4398.2001953125,4399.10009765625,4398.0,4398.10009765625,47
2026-09-08 18:11:00-04:00,4399.2998046875,4399.2998046875,4397.60009765625,4398.2001953125,65
2026-09-08 18:12:00-04:00,4400.39990234375,4400.5,4398.7001953125,4399.0,56
2026-09-08 18:13:00-04:00,4400.7001953125,4400.7001953125,4400.39990234375,4400.5,9
2026-09-08 18:14:00-04:00,4399.7998046875,4401.10009765625,4399.7001953125,4400.7001953125,52
2026-09-08 18:15:00-04:00,4400.89990234375,4401.2001953125,4399.2998046875,4399.7001953125,63
2026-09-08 18:16:00-04:00,4401.0,4401.39990234375,4400.7001953125,4401.2001953125,11
2026-09-08 18:17:00-04:00,4399.60009765625,4401.0,4399.60009765625,4401.0,22
2026-09-08 18:18:00-04:00,4399.60009765625,4399.60009765625,4398.39990234375,4399.5,58
2026-09-08 18:19:00-04:00,4399.5,4399.5,4399.2001953125,4399.2001953125,4
2026-09-08 18:20:00-04:00,4398.39990234375,4399.39990234375,4398.39990234375,4399.39990234375,5
2026-09-08 18:21:00-04:00,4397.7001953125,4398.39990234375,4397.2001953125,4398.39990234375,25
2026-09-08 18:22:00-04:00,4397.2001953125,4397.5,4397.2001953125,4397.5,7
2026-09-08 18:23:00-04:00,4397.39990234375,4397.7998046875,4397.0,4397.10009765625,20
2026-09-08 18:24:00-04:00,4397.7998046875,4397.89990234375,4397.5,4397.89990234375,12
2026-09-08 18:25:00-04:00,4397.7001953125,4397.7001953125,4396.7998046875,4397.5,14
2026-09-08 18:26:00-04:00,4398.2001953125,4398.2001953125,4397.89990234375,4397.89990234375,5
2026-09-08 18:27:00-04:00,4398.7998046875,4399.2001953125,4397.89990234375,4398.10009765625,50
2026-09-08 18:28:00-04:00,4398.10009765625,4399.0,4397.89990234375,4399.0,26
2026-09-08 18:29:00-04:00,4398.2998046875,4398.60009765625,4398.0,4398.39990234375,13
2026-09-08 18:30:00-04:00,4398.7998046875,4398.89990234375,4397.89990234375,4398.2998046875,39
2026-09-08 18:31:00-04:00,4399.7001953125,4399.7001953125,4398.0,4398.2998046875,19
2026-09-08 18:32:00-04:00,4398.89990234375,4399.2001953125,4398.60009765625,4399.2001953125,9
2026-09-08 18:33:00-04:00,4398.2001953125,4399.2001953125,4397.7998046875,4399.10009765625,32
2026-09-08 18:34:00-04:00,4398.60009765625,4398.60009765625,4398.10009765625,4398.10009765625,12
2026-09-08 18:35:00-04:00,4398.5,4398.89990234375,4397.7998046875,4398.10009765625,18
2026-09-08 18:36:00-04:00,4398.39990234375,4399.0,4397.89990234375,4398.5,21
2026-09-08 18:37:00-04:00,4398.60009765625,4399.39990234375,4398.10009765625,4398.39990234375,30
2026-09-08 18:38:00-04:00,4396.60009765625,4398.2001953125,4396.60009765625,4398.10009765625,32
2026-09-08 18:39:00-04:00,4396.10009765625,4396.89990234375,4396.0,4396.89990234375,13
2026-09-08 18:40:00-04:00,4397.2001953125,4397.60009765625,4396.10009765625,4396.2998046875,38
2026-09-08 18:41:00-04:00,4395.2998046875,4397.0,4395.0,4396.7998046875,71
2026-09-08 18:42:00-04:00,4396.0,4396.0,4394.7998046875,4395.39990234375,51
2026-09-08 18:43:00-04:00,4395.7001953125,4396.10009765625,4395.60009765625,4396.10009765625,14
2026-09-08 18:44:00-04:00,4395.2998046875,4395.5,4393.7001953125,4395.5,71
2026-09-08 18:45:00-04:00,4395.0,4395.7001953125,4394.5,4395.5,54
2026-09-08 18:46:00-04:00,4394.39990234375,4395.7998046875,4394.39990234375,4395.5,22
2026-09-08 18:47:00-04:00,4395.2998046875,4395.39990234375,4394.60009765625,4394.7001953125,17
2026-09-08 18:48:00-04:00,4395.0,4395.2001953125,4394.2001953125,4395.10009765625,50
2026-09-08 18:49:00-04:00,4395.89990234375,4396.0,4394.89990234375,4394.89990234375,9
2026-09-08 18:50:00-04:00,4396.5,4396.5,4395.89990234375,4395.89990234375,10
2026-09-08 18:51:00-04:00,4396.60009765625,4397.0,4396.39990234375,4396.7001953125,11
2026-09-08 18:52:00-04:00,4396.89990234375,4396.89990234375,4396.2001953125,4396.39990234375,19
2026-09-08 18:53:00-04:00,4396.89990234375,4397.0,4396.7001953125,4397.0,31
2026-09-08 18:54:00-04:00,4396.7998046875,4397.0,4396.60009765625,4396.89990234375,9
2026-09-08 18:55:00-04:00,4396.7001953125,4397.2998046875,4396.60009765625,4396.7001953125,14
2026-09-08 18:56:00-04:00,4396.7998046875,4396.7998046875,4396.39990234375,4396.39990234375,2
2026-09-08 18:57:00-04:00,4396.39990234375,4397.10009765625,4396.2998046875,4396.7001953125,13
2026-09-08 18:58:00-04:00,4396.60009765625,4396.60009765625,4395.89990234375,4396.39990234375,19
2026-09-08 18:59:00-04:00,4397.39990234375,4397.7998046875,4396.89990234375,4397.0,16
2026-09-08 19:00:00-04:00,4397.5,4397.5,4396.2001953125,4397.39990234375,37
2026-09-08 19:01:00-04:00,4398.2001953125,4398.39990234375,4397.39990234375,4397.5,31
2026-09-08 19:02:00-04:00,4397.39990234375,4398.39990234375,4397.2998046875,4398.39990234375,11
2026-09-08 19:03:00-04:00,4396.7998046875,4397.7998046875,4396.7001953125,4397.2998046875,33
2026-09-08 19:04:00-04:00,4396.5,4396.89990234375,4396.39990234375,4396.39990234375,22
2026-09-08 19:05:00-04:00,4396.39990234375,4397.10009765625,4396.0,4396.2001953125,28
2026-09-08 19:06:00-04:00,4397.0,4397.60009765625,4396.7001953125,4396.7001953125,27
2026-09-08 19:07:00-04:00,4397.2998046875,4397.2998046875,4396.39990234375,4396.7998046875,7
2026-09-08 19:08:00-04:00,4397.2001953125,4397.39990234375,4396.39990234375,4397.10009765625,42
2026-09-08 19:09:00-04:00,4397.5,4398.0,4396.5,4397.0,48
2026-09-08 19:10:00-04:00,4397.39990234375,4397.39990234375,4397.39990234375,4397.39990234375,1
2026-09-08 19:11:00-04:00,4396.0,4397.10009765625,4395.7998046875,4397.10009765625,30
2026-09-08 19:12:00-04:00,4396.10009765625,4396.39990234375,4395.10009765625,4396.39990234375,25
2026-09-08 19:13:00-04:00,4396.39990234375,4396.7998046875,4395.0,4395.10009765625,44
2026-09-08 19:14:00-04:00,4395.60009765625,4396.5,4395.60009765625,4396.39990234375,16
2026-09-08 19:15:00-04:00,4395.5,4396.5,4395.10009765625,4395.89990234375,68
2026-09-08 19:16:00-04:00,4396.2998046875,4396.2998046875,4395.39990234375,4395.60009765625,27
2026-09-08 19:17:00-04:00,4396.7001953125,4396.7001953125,4396.10009765625,4396.39990234375,13
2026-09-08 19:18:00-04:00,4396.0,4397.10009765625,4395.7998046875,4397.0,31
2026-09-08 19:19:00-04:00,4396.7001953125,4396.7001953125,4396.2001953125,4396.2998046875,13
2026-09-08 19:20:00-04:00,4396.7998046875,4396.7998046875,4396.2998046875,4396.2998046875,12
2026-09-08 19:21:00-04:00,4397.2001953125,4397.2998046875,4396.60009765625,4397.0,8
2026-09-08 19:22:00-04:00,4397.60009765625,4397.89990234375,4396.7001953125,4396.7001953125,59
2026-09-08 19:23:00-04:00,4397.39990234375,4397.5,4396.10009765625,4397.10009765625,33
2026-09-08 19:24:00-04:00,4397.7998046875,4397.7998046875,4397.2001953125,4397.39990234375,8
2026-09-08 19:25:00-04:00,4398.0,4398.0,4397.2001953125,4397.2001953125,10
2026-09-08 19:26:00-04:00,4399.2001953125,4399.5,4397.5,4397.5,93
2026-09-08 19:27:00-04:00,4399.7998046875,4400.2001953125,4399.2001953125,4399.2001953125,88
2026-09-08 19:28:00-04:00,4400.7998046875,4401.0,4399.7001953125,4399.7998046875,51
2026-09-08 19:29:00-04:00,4401.0,4401.2998046875,4400.39990234375,4401.0,79
2026-09-08 19:30:00-04:00,4401.5,4401.5,4400.39990234375,4401.10009765625,48
2026-09-08 19:31:00-04:00,4403.10009765625,4403.2001953125,4400.60009765625,4401.60009765625,78
2026-09-08 19:32:00-04:00,4403.2001953125,4403.39990234375,4402.60009765625,4403.10009765625,45
2026-09-08 19:33:00-04:00,4403.10009765625,4403.2998046875,4402.89990234375,4403.10009765625,42
2026-09-08 19:34:00-04:00,4402.60009765625,4403.0,4402.2998046875,4403.0,16
2026-09-08 19:35:00-04:00,4401.5,4402.39990234375,4401.5,4401.89990234375,41
2026-09-08 19:36:00-04:00,4400.7998046875,4401.39990234375,4400.7001953125,4401.39990234375,16
2026-09-08 19:37:00-04:00,4400.5,4400.7001953125,4400.39990234375,4400.7001953125,13
2026-09-08 19:38:00-04:00,4400.5,4400.89990234375,4400.39990234375,4400.7998046875,10
2026-09-08 19:39:00-04:00,4400.5,4400.89990234375,4400.2001953125,4400.7001953125,17
2026-09-08 19:40:00-04:00,4401.60009765625,4401.60009765625,4400.39990234375,4400.60009765625,23
2026-09-08 19:41:00-04:00,4402.10009765625,4402.39990234375,4401.7001953125,4401.7001953125,25
2026-09-08 19:42:00-04:00,4402.2001953125,4402.5,4401.7001953125,4401.7998046875,18
2026-09-08 19:43:00-04:00,4401.7998046875,4402.7001953125,4401.7998046875,4401.89990234375,23
2026-09-08 19:44:00-04:00,4402.5,4402.7001953125,4402.10009765625,4402.10009765625,11
2026-09-08 19:45:00-04:00,4400.89990234375,4402.0,4400.89990234375,4401.7001953125,22
2026-09-08 19:46:00-04:00,4399.0,4400.7998046875,4398.7001953125,4400.7998046875,56
2026-09-08 19:47:00-04:00,4400.2001953125,4401.10009765625,4399.39990234375,4399.60009765625,17
2026-09-08 19:48:00-04:00,4400.10009765625,4400.7001953125,4399.89990234375,4400.10009765625,47
2026-09-08 19:49:00-04:00,4397.2998046875,4400.5,4396.5,4400.39990234375,153
2026-09-08 19:50:00-04:00,4395.89990234375,4397.39990234375,4395.89990234375,4397.39990234375,44
2026-09-08 19:51:00-04:00,4395.89990234375,4396.39990234375,4395.5,4396.2998046875,24
2026-09-08 19:52:00-04:00,4395.7001953125,4396.60009765625,4393.7998046875,4395.7998046875,159
2026-09-08 19:53:00-04:00,4394.2001953125,4396.2998046875,4393.5,4395.60009765625,109
2026-09-08 19:54:00-04:00,4393.89990234375,4394.89990234375,4393.89990234375,4394.10009765625,25
2026-09-08 19:55:00-04:00,4395.39990234375,4395.7001953125,4393.60009765625,4393.89990234375,60
2026-09-08 19:56:00-04:00,4394.7998046875,4396.39990234375,4394.5,4395.5,37
2026-09-08 19:57:00-04:00,4394.39990234375,4395.10009765625,4393.89990234375,4395.0,31
2026-09-08 19:58:00-04:00,4393.10009765625,4394.5,4392.39990234375,4394.2001953125,78
2026-09-08 19:59:00-04:00,4393.10009765625,4393.7998046875,4393.0,4393.0,16
2026-09-08 20:00:00-04:00,4390.5,4393.5,4390.0,4393.2998046875,167
2026-09-08 20:01:00-04:00,4392.5,4392.5,4390.5,4390.89990234375,94
2026-09-08 20:02:00-04:00,4393.5,4394.39990234375,4392.39990234375,4392.60009765625,82
2026-09-08 20:03:00-04:00,4394.7998046875,4396.60009765625,4393.2998046875,4394.0,106
2026-09-08 20:04:00-04:00,4393.7001953125,4395.89990234375,4393.10009765625,4394.7001953125,76
2026-09-08 20:05:00-04:00,4391.39990234375,4394.0,4391.10009765625,4393.5,61
2026-09-08 20:06:00-04:00,4388.89990234375,4391.39990234375,4388.0,4391.39990234375,278
2026-09-08 20:07:00-04:00,4390.0,4390.2998046875,4388.5,4389.10009765625,131
2026-09-08 20:08:00-04:00,4392.2998046875,4392.7001953125,4388.2998046875,4390.39990234375,147
2026-09-08 20:09:00-04:00,4392.60009765625,4392.7998046875,4391.5,4392.2001953125,29
2026-09-08 20:10:00-04:00,4393.7001953125,4394.7001953125,4392.0,4392.60009765625,62
2026-09-08 20:11:00-04:00,4395.7998046875,4396.2998046875,4390.7998046875,4393.39990234375,76
2026-09-08 20:12:00-04:00,4395.39990234375,4396.10009765625,4393.7001953125,4395.60009765625,44
2026-09-08 20:13:00-04:00,4395.5,4396.2001953125,4395.2001953125,4395.60009765625,50
2026-09-08 20:14:00-04:00,4393.5,4395.7998046875,4393.5,4394.89990234375,62
2026-09-08 20:15:00-04:00,4393.10009765625,4393.7998046875,4393.0,4393.60009765625,25
2026-09-08 20:16:00-04:00,4390.7998046875,4393.7998046875,4390.7998046875,4393.7998046875,65
2026-09-08 20:17:00-04:00,4389.2001953125,4390.39990234375,4388.10009765625,4390.2998046875,69
2026-09-08 20:18:00-04:00,4390.89990234375,4391.5,4389.5,4389.7998046875,64
2026-09-08 20:19:00-04:00,4391.60009765625,4392.60009765625,4390.2998046875,4391.2001953125,61
2026-09-08 20:20:00-04:00,4390.2998046875,4392.2001953125,4390.2998046875,4391.39990234375,27
2026-09-08 20:21:00-04:00,4389.5,4390.7998046875,4389.2001953125,4390.39990234375,26
2026-09-08 20:22:00-04:00,4387.10009765625,4388.60009765625,4386.2998046875,4388.60009765625,81
2026-09-08 20:23:00-04:00,4387.39990234375,4388.39990234375,4386.89990234375,4387.5,53
2026-09-08 20:24:00-04:00,4386.7998046875,4388.2998046875,4386.5,4386.89990234375,52
2026-09-08 20:25:00-04:00,4387.39990234375,4388.2001953125,4384.10009765625,4386.5,220
2026-09-08 20:26:00-04:00,4386.60009765625,4388.39990234375,4386.5,4387.60009765625,54
2026-09-08 20:27:00-04:00,4386.39990234375,4386.60009765625,4385.7998046875,4386.5,33
2026-09-08 20:28:00-04:00,4390.2998046875,4390.5,4386.60009765625,4386.7001953125,98
2026-09-08 20:29:00-04:00,4390.60009765625,4391.39990234375,4390.10009765625,4390.5,81
2026-09-08 20:30:00-04:00,4389.60009765625,4391.2001953125,4389.60009765625,4390.2998046875,45
2026-09-08 20:31:00-04:00,4390.2998046875,4391.2998046875,4389.7998046875,4389.7998046875,124
2026-09-08 20:32:00-04:00,4390.10009765625,4391.39990234375,4390.10009765625,4390.2998046875,29
2026-09-08 20:33:00-04:00,4389.60009765625,4391.39990234375,4389.5,4389.89990234375,21
2026-09-08 20:34:00-04:00,4390.5,4390.5,4389.39990234375,4389.89990234375,11
2026-09-08 20:35:00-04:00,4389.2998046875,4391.60009765625,4389.10009765625,4390.39990234375,92
2026-09-08 20:36:00-04:00,4388.7001953125,4389.2998046875,4388.39990234375,4389.2998046875,12
2026-09-08 20:37:00-04:00,4387.89990234375,4390.89990234375,4387.89990234375,4388.39990234375,45
2026-09-08 20:38:00-04:00,4390.2001953125,4390.2001953125,4387.5,4387.5,24
2026-09-08 20:39:00-04:00,4393.0,4393.10009765625,4390.2998046875,4390.2998046875,37
2026-09-08 20:40:00-04:00,4391.60009765625,4394.10009765625,4391.2001953125,4393.0,51
2026-09-08 20:41:00-04:00,4392.2998046875,4392.7998046875,4391.5,4391.7001953125,22
2026-09-08 20:42:00-04:00,4392.5,4393.0,4391.89990234375,4392.39990234375,17
2026-09-08 20:43:00-04:00,4395.0,4395.5,4392.89990234375,4392.89990234375,148
2026-09-08 20:44:00-04:00,4398.5,4398.5,4395.39990234375,4395.39990234375,171
2026-09-08 20:45:00-04:00,4399.2001953125,4399.5,4398.10009765625,4398.2998046875,144
2026-09-08 20:46:00-04:00,4396.7998046875,4399.5,4396.60009765625,4399.10009765625,175
2026-09-08 20:47:00-04:00,4399.2001953125,4400.5,4397.7001953125,4397.7001953125,90
2026-09-08 20:48:00-04:00,4398.60009765625,4399.7001953125,4397.7998046875,4399.2001953125,92
2026-09-08 20:49:00-04:00,4399.5,4399.5,4398.60009765625,4398.89990234375,19
2026-09-08 20:50:00-04:00,4399.39990234375,4401.5,4399.39990234375,4399.7998046875,96
2026-09-08 20:51:00-04:00,4401.0,4401.2001953125,4398.7001953125,4399.2001953125,60
2026-09-08 20:52:00-04:00,4402.2998046875,4402.60009765625,4400.60009765625,4400.89990234375,116
2026-09-08 20:53:00-04:00,4404.60009765625,4404.89990234375,4402.60009765625,4402.60009765625,164
2026-09-08 20:54:00-04:00,4403.7001953125,4404.89990234375,4402.60009765625,4404.5,76
2026-09-08 20:55:00-04:00,4403.2001953125,4403.89990234375,4402.7998046875,4403.39990234375,36
2026-09-08 20:56:00-04:00,4403.5,4403.89990234375,4402.7998046875,4403.5,43
2026-09-08 20:57:00-04:00,4404.89990234375,4405.10009765625,4402.89990234375,4403.2001953125,65
2026-09-08 20:58:00-04:00,4406.0,4406.0,4404.7001953125,4405.10009765625,90
2026-09-08 20:59:00-04:00,4408.7998046875,4409.5,4406.0,4406.0,332
2026-09-08 21:00:00-04:00,4403.5,4408.7998046875,4403.0,4408.60009765625,395
2026-09-08 21:01:00-04:00,4400.10009765625,4403.89990234375,4397.7998046875,4403.89990234375,266
2026-09-08 21:02:00-04:00,4400.7998046875,4402.0,4399.7001953125,4399.7998046875,155
2026-09-08 21:03:00-04:00,4399.0,4402.5,4398.10009765625,4400.5,86
2026-09-08 21:04:00-04:00,4401.39990234375,4401.39990234375,4397.89990234375,4399.2998046875,81
2026-09-08 21:05:00-04:00,4401.89990234375,4403.0,4401.39990234375,4401.39990234375,84
2026-09-08 21:06:00-04:00,4406.89990234375,4407.89990234375,4401.89990234375,4401.89990234375,150
2026-09-08 21:07:00-04:00,4409.2998046875,4409.7998046875,4404.89990234375,4406.2998046875,123
2026-09-08 21:08:00-04:00,4408.10009765625,4411.0,4408.10009765625,4409.2001953125,157
2026-09-08 21:09:00-04:00,4411.2001953125,4411.2001953125,4407.60009765625,4408.60009765625,162
2026-09-08 21:10:00-04:00,4410.60009765625,4411.60009765625,4410.39990234375,4411.0,88
2026-09-08 21:11:00-04:00,4409.89990234375,4410.7001953125,4409.2001953125,4410.60009765625,120
2026-09-08 21:12:00-04:00,4411.10009765625,4412.10009765625,4409.89990234375,4409.89990234375,117
2026-09-08 21:13:00-04:00,4410.89990234375,4411.10009765625,4410.2001953125,4411.0,50
2026-09-08 21:14:00-04:00,4412.2998046875,4412.7001953125,4410.89990234375,4410.89990234375,70
2026-09-08 21:15:00-04:00,4410.39990234375,4413.10009765625,4410.10009765625,4411.7001953125,311
2026-09-08 21:16:00-04:00,4409.2001953125,4412.0,4409.0,4410.0,174
2026-09-08 21:17:00-04:00,4408.2998046875,4409.60009765625,4406.60009765625,4409.0,134
2026-09-08 21:18:00-04:00,4410.5,4410.5,4407.7001953125,4408.0,178
2026-09-08 21:19:00-04:00,4410.2001953125,4410.7001953125,4409.0,4410.2001953125,35
2026-09-08 21:20:00-04:00,4409.7001953125,4410.7001953125,4408.89990234375,4410.10009765625,68
2026-09-08 21:21:00-04:00,4410.2001953125,4410.60009765625,4409.2998046875,4409.60009765625,33
2026-09-08 21:22:00-04:00,4410.0,4411.5,4409.0,4410.10009765625,121
2026-09-08 21:23:00-04:00,4411.2998046875,4411.7001953125,4410.0,4410.0,79
2026-09-08 21:24:00-04:00,4413.39990234375,4413.60009765625,4410.7998046875,4410.7998046875,88
2026-09-08 21:25:00-04:00,4412.89990234375,4414.2001953125,4412.2998046875,4413.7001953125,227
2026-09-08 21:26:00-04:00,4412.60009765625,4413.39990234375,4412.2001953125,4412.7998046875,98
2026-09-08 21:27:00-04:00,4415.2001953125,4415.5,4412.10009765625,4412.60009765625,102
2026-09-08 21:28:00-04:00,4414.7998046875,4416.0,4414.7001953125,4415.2001953125,123
2026-09-08 21:29:00-04:00,4415.7998046875,4417.0,4414.7001953125,4415.0,145
2026-09-08 21:30:00-04:00,4416.7998046875,4417.2998046875,4414.60009765625,4415.7998046875,226
2026-09-08 21:31:00-04:00,4416.39990234375,4417.7998046875,4416.10009765625,4417.10009765625,105
2026-09-08 21:32:00-04:00,4417.5,4417.5,4415.5,4416.10009765625,160
2026-09-08 21:33:00-04:00,4419.39990234375,4419.60009765625,4417.5,4417.7998046875,129
2026-09-08 21:34:00-04:00,4420.7998046875,4420.7998046875,4419.0,4419.2998046875,142
2026-09-08 21:35:00-04:00,4420.5,4421.10009765625,4419.89990234375,4420.7998046875,87
2026-09-08 21:36:00-04:00,4420.5,4421.7998046875,4420.10009765625,4420.5,129
2026-09-08 21:37:00-04:00,4421.5,4421.7998046875,4420.0,4420.39990234375,131
2026-09-08 21:38:00-04:00,4418.5,4421.2001953125,4417.89990234375,4420.7001953125,148
2026-09-08 21:39:00-04:00,4418.7998046875,4419.7001953125,4418.39990234375,4418.89990234375,65
2026-09-08 21:40:00-04:00,4420.0,4420.2001953125,4418.7001953125,4418.89990234375,86
2026-09-08 21:41:00-04:00,4420.0,4420.2998046875,4419.60009765625,4420.2001953125,45
2026-09-08 21:42:00-04:00,4420.39990234375,4420.5,4418.39990234375,4420.0,129
2026-09-08 21:43:00-04:00,4421.0,4421.2998046875,4419.7001953125,4420.7998046875,50
2026-09-08 21:44:00-04:00,4420.2001953125,4422.0,4419.89990234375,4421.2998046875,64
2026-09-08 21:45:00-04:00,4421.60009765625,4421.7001953125,4420.2001953125,4420.2998046875,12
2026-09-08 21:46:00-04:00,4420.60009765625,4422.0,4419.7998046875,4422.0,107
2026-09-08 21:47:00-04:00,4419.7998046875,4420.39990234375,4418.60009765625,4420.2001953125,143
2026-09-08 21:48:00-04:00,4418.0,4419.2001953125,4417.10009765625,4419.2001953125,67
2026-09-08 21:49:00-04:00,4418.89990234375,4419.10009765625,4417.39990234375,4418.10009765625,32
2026-09-08 21:50:00-04:00,4418.7001953125,4419.89990234375,4418.2998046875,4419.2001953125,52
2026-09-08 21:51:00-04:00,4416.5,4418.7998046875,4416.5,4418.5,95
2026-09-08 21:52:00-04:00,4416.0,4416.89990234375,4415.89990234375,4416.5,95
2026-09-08 21:53:00-04:00,4417.5,4417.7998046875,4415.7001953125,4415.7001953125,23
2026-09-08 21:54:00-04:00,4417.60009765625,4418.0,4416.39990234375,4417.2998046875,55
2026-09-08 21:55:00-04:00,4417.60009765625,4418.10009765625,4417.0,4417.89990234375,43
2026-09-08 21:56:00-04:00,4419.89990234375,4419.89990234375,4417.2001953125,4417.2998046875,75
2026-09-08 21:57:00-04:00,4416.7001953125,4419.89990234375,4416.5,4419.89990234375,28
2026-09-08 21:58:00-04:00,4414.7998046875,4417.10009765625,4414.7001953125,4416.5,89
2026-09-08 21:59:00-04:00,4417.7001953125,4417.7001953125,4414.60009765625,4414.60009765625,48
2026-09-08 22:00:00-04:00,4416.5,4417.60009765625,4415.89990234375,4417.2998046875,32
2026-09-08 22:01:00-04:00,4416.2001953125,4416.2001953125,4415.5,4415.89990234375,14
2026-09-08 22:02:00-04:00,4415.10009765625,4416.2001953125,4414.89990234375,4415.7998046875,46
2026-09-08 22:03:00-04:00,4416.7001953125,4417.7001953125,4415.39990234375,4415.39990234375,39
2026-09-08 22:04:00-04:00,4417.2001953125,4417.2001953125,4416.10009765625,4416.39990234375,14
2026-09-08 22:05:00-04:00,4414.89990234375,4416.89990234375,4414.89990234375,4416.7998046875,30
2026-09-08 22:06:00-04:00,4417.0,4417.2998046875,4414.39990234375,4414.89990234375,92
2026-09-08 22:07:00-04:00,4416.7998046875,4417.89990234375,4416.60009765625,4416.7998046875,33
2026-09-08 22:08:00-04:00,4416.10009765625,4416.60009765625,4416.10009765625,4416.5,6
2026-09-08 22:09:00-04:00,4418.7001953125,4419.89990234375,4417.10009765625,4417.10009765625,66
2026-09-08 22:10:00-04:00,4418.7998046875,4419.39990234375,4418.7001953125,4418.7998046875,31
2026-09-08 22:11:00-04:00,4418.2001953125,4418.60009765625,4417.7001953125,4418.60009765625,21
2026-09-08 22:12:00-04:00,4418.5,4418.89990234375,4417.89990234375,4418.7001953125,17
2026-09-08 22:13:00-04:00,4416.5,4418.7001953125,4416.2001953125,4418.7001953125,25
2026-09-08 22:14:00-04:00,4417.39990234375,4417.39990234375,4416.5,4416.5,7
2026-09-08 22:15:00-04:00,4417.7998046875,4418.2001953125,4417.60009765625,4417.60009765625,14
2026-09-08 22:16:00-04:00,4418.0,4418.10009765625,4417.10009765625,4417.5,23
2026-09-08 22:17:00-04:00,4418.2998046875,4418.39990234375,4417.7001953125,4417.89990234375,38
2026-09-08 22:18:00-04:00,4419.39990234375,4420.89990234375,4418.2998046875,4418.2998046875,50
2026-09-08 22:19:00-04:00,4418.39990234375,4419.2001953125,4417.89990234375,4419.10009765625,41
2026-09-08 22:20:00-04:00,4417.89990234375,4418.7998046875,4417.7001953125,4418.7001953125,24
2026-09-08 22:21:00-04:00,4418.0,4418.10009765625,4417.89990234375,4418.10009765625,5
2026-09-08 22:22:00-04:00,4416.7998046875,4418.0,4416.7998046875,4417.7001953125,43
2026-09-08 22:23:00-04:00,4416.0,4416.7998046875,4416.0,4416.7998046875,23
2026-09-08 22:24:00-04:00,4415.60009765625,4416.60009765625,4415.60009765625,4416.2998046875,21
2026-09-08 22:25:00-04:00,4415.7001953125,4416.10009765625,4415.2998046875,4415.2998046875,19
2026-09-08 22:26:00-04:00,4416.60009765625,4416.60009765625,4415.89990234375,4415.89990234375,9
2026-09-08 22:27:00-04:00,4416.10009765625,4416.5,4415.60009765625,4416.2001953125,20
2026-09-08 22:28:00-04:00,4416.60009765625,4416.60009765625,4415.60009765625,4415.7998046875,13
2026-09-08 22:29:00-04:00,4416.60009765625,4417.0,4416.2998046875,4416.2998046875,7
2026-09-08 22:30:00-04:00,4417.2998046875,4417.60009765625,4415.7001953125,4416.60009765625,62
2026-09-08 22:31:00-04:00,4415.39990234375,4417.60009765625,4415.39990234375,4417.5,27
2026-09-08 22:32:00-04:00,4414.7001953125,4415.89990234375,4414.2998046875,4415.2998046875,76
2026-09-08 22:33:00-04:00,4413.5,4414.60009765625,4413.10009765625,4414.2998046875,67
2026-09-08 22:34:00-04:00,4413.10009765625,4413.7001953125,4413.0,4413.5,37
2026-09-08 22:35:00-04:00,4411.5,4413.2001953125,4411.2001953125,4413.0,122
2026-09-08 22:36:00-04:00,4412.10009765625,4412.2998046875,4411.0,4411.5,79
2026-09-08 22:37:00-04:00,4412.5,4413.10009765625,4411.5,4411.89990234375,38
2026-09-08 22:38:00-04:00,4414.39990234375,4414.7001953125,4412.7001953125,4412.7998046875,32
2026-09-08 22:39:00-04:00,4411.7001953125,4414.7001953125,4411.7001953125,4414.7001953125,61
2026-09-08 22:40:00-04:00,4412.7998046875,4413.0,4412.2001953125,4412.2001953125,8
2026-09-08 22:41:00-04:00,4414.2998046875,4414.2998046875,4412.60009765625,4412.60009765625,42
2026-09-08 22:42:00-04:00,4413.7998046875,4414.60009765625,4413.39990234375,4414.2998046875,30
2026-09-08 22:43:00-04:00,4414.7001953125,4415.0,4413.39990234375,4413.39990234375,46
2026-09-08 22:44:00-04:00,4418.10009765625,4418.2998046875,4414.5,4414.7001953125,53
2026-09-08 22:45:00-04:00,4417.39990234375,4419.39990234375,4416.7998046875,4417.7001953125,92
2026-09-08 22:46:00-04:00,4421.2998046875,4421.39990234375,4417.60009765625,4417.60009765625,87
2026-09-08 22:47:00-04:00,4420.7001953125,4421.7998046875,4420.10009765625,4421.2998046875,163
2026-09-08 22:48:00-04:00,4421.5,4421.60009765625,4419.2001953125,4420.7001953125,82
2026-09-08 22:49:00-04:00,4420.7001953125,4422.39990234375,4420.7001953125,4421.7998046875,45
2026-09-08 22:50:00-04:00,4420.7001953125,4421.89990234375,4420.5,4421.0,17
2026-09-08 22:51:00-04:00,4421.39990234375,4421.39990234375,4420.10009765625,4420.7001953125,32
2026-09-08 22:52:00-04:00,4426.2998046875,4427.0,4421.5,4421.5,257
2026-09-08 22:53:00-04:00,4425.5,4428.39990234375,4425.2998046875,4426.60009765625,172
2026-09-08 22:54:00-04:00,4424.2001953125,4425.89990234375,4424.2001953125,4425.7998046875,79
2026-09-08 22:55:00-04:00,4425.7001953125,4425.89990234375,4423.60009765625,4424.2998046875,66
2026-09-08 22:56:00-04:00,4426.2998046875,4426.5,4425.2001953125,4425.60009765625,75
2026-09-08 22:57:00-04:00,4424.60009765625,4426.60009765625,4424.2998046875,4426.39990234375,41
2026-09-08 22:58:00-04:00,4425.89990234375,4426.10009765625,4424.0,4424.39990234375,29
2026-09-08 22:59:00-04:00,4426.0,4426.2998046875,4425.5,4426.2998046875,22
2026-09-08 23:00:00-04:00,4425.60009765625,4426.60009765625,4425.0,4426.2001953125,50
2026-09-08 23:01:00-04:00,4423.89990234375,4425.39990234375,4423.89990234375,4425.2998046875,48
2026-09-08 23:02:00-04:00,4423.7998046875,4423.89990234375,4422.5,4423.89990234375,42
2026-09-08 23:03:00-04:00,4423.7001953125,4424.0,4422.89990234375,4423.2001953125,23
2026-09-08 23:04:00-04:00,4423.2001953125,4424.2001953125,4423.10009765625,4423.5,38
2026-09-08 23:05:00-04:00,4423.5,4424.0,4423.2998046875,4423.2998046875,38
2026-09-08 23:06:00-04:00,4425.39990234375,4426.0,4424.10009765625,4424.10009765625,42
2026-09-08 23:07:00-04:00,4423.39990234375,4425.5,4423.39990234375,4425.2001953125,27
2026-09-08 23:08:00-04:00,4423.0,4423.5,4423.0,4423.2998046875,22
2026-09-08 23:09:00-04:00,4422.39990234375,4423.2001953125,4421.7998046875,4423.0,31
2026-09-08 23:10:00-04:00,4422.7998046875,4423.60009765625,4422.2998046875,4422.5,34
2026-09-08 23:11:00-04:00,4423.7998046875,4424.2001953125,4423.2998046875,4423.2998046875,16
2026-09-08 23:12:00-04:00,4423.10009765625,4424.2998046875,4423.0,4424.2998046875,83
2026-09-08 23:13:00-04:00,4422.2998046875,4423.0,4422.2998046875,4422.7998046875,19
2026-09-08 23:14:00-04:00,4423.0,4423.2001953125,4423.0,4423.0,4
2026-09-08 23:15:00-04:00,4421.5,4422.5,4421.5,4422.5,35
2026-09-08 23:16:00-04:00,4421.7001953125,4421.89990234375,4421.2998046875,4421.5,47
2026-09-08 23:17:00-04:00,4420.60009765625,4421.5,4419.2001953125,4421.5,118
2026-09-08 23:18:00-04:00,4420.10009765625,4421.2001953125,4420.10009765625,4420.89990234375,12
2026-09-08 23:19:00-04:00,4420.89990234375,4420.89990234375,4420.2001953125,4420.2001953125,9
2026-09-08 23:20:00-04:00,4422.10009765625,4422.2998046875,4421.2998046875,4421.2998046875,28
2026-09-08 23:21:00-04:00,4422.2001953125,4422.2001953125,4421.10009765625,4422.10009765625,31
2026-09-08 23:22:00-04:00,4422.10009765625,4422.5,4422.0,4422.0,16
2026-09-08 23:23:00-04:00,4422.0,4422.39990234375,4421.7001953125,4421.7001953125,16
2026-09-08 23:24:00-04:00,4422.7998046875,4422.89990234375,4422.10009765625,4422.10009765625,8
2026-09-08 23:25:00-04:00,4422.0,4423.0,4422.0,4422.60009765625,25
2026-09-08 23:26:00-04:00,4420.39990234375,4421.10009765625,4419.2998046875,4420.60009765625,68
2026-09-08 23:27:00-04:00,4419.7001953125,4420.2001953125,4419.7001953125,4420.2001953125,22
2026-09-08 23:28:00-04:00,4420.60009765625,4420.60009765625,4420.2001953125,4420.2001953125,13
2026-09-08 23:29:00-04:00,4422.10009765625,4422.2998046875,4420.2001953125,4420.2001953125,27
2026-09-08 23:30:00-04:00,4421.10009765625,4422.2001953125,4420.7998046875,4421.89990234375,35
2026-09-08 23:31:00-04:00,4420.0,4420.7998046875,4419.39990234375,4420.7998046875,19
2026-09-08 23:32:00-04:00,4420.2001953125,4420.2998046875,4420.0,4420.0,5
2026-09-08 23:33:00-04:00,4419.5,4420.7998046875,4419.5,4420.7998046875,16
2026-09-08 23:34:00-04:00,4420.5,4420.5,4419.2001953125,4419.2001953125,16
2026-09-08 23:35:00-04:00,4420.2001953125,4420.5,4420.0,4420.2001953125,16
2026-09-08 23:36:00-04:00,4421.0,4421.0,4420.5,4420.7998046875,13
2026-09-08 23:37:00-04:00,4421.2998046875,4421.2998046875,4420.89990234375,4420.89990234375,2
2026-09-08 23:38:00-04:00,4420.7001953125,4421.5,4420.7001953125,4421.5,13
2026-09-08 23:39:00-04:00,4421.7998046875,4421.89990234375,4421.2001953125,4421.2001953125,6
2026-09-08 23:40:00-04:00,4422.2998046875,4422.39990234375,4422.0,4422.0,18
2026-09-08 23:41:00-04:00,4423.7998046875,4423.7998046875,4422.60009765625,4422.60009765625,29
2026-09-08 23:42:00-04:00,4422.7001953125,4423.89990234375,4421.2998046875,4423.7998046875,38
2026-09-08 23:43:00-04:00,4422.10009765625,4422.10009765625,4422.10009765625,4422.10009765625,1
2026-09-08 23:44:00-04:00,4422.7998046875,4422.89990234375,4422.2998046875,4422.2998046875,7
2026-09-08 23:45:00-04:00,4422.0,4422.7001953125,4421.7998046875,4422.2998046875,11
2026-09-08 23:46:00-04:00,4421.89990234375,4422.10009765625,4421.2998046875,4421.5,15
2026-09-08 23:47:00-04:00,4421.60009765625,4421.7998046875,4421.60009765625,4421.7001953125,11
2026-09-08 23:48:00-04:00,4421.7001953125,4421.7001953125,4420.89990234375,4421.39990234375,11
2026-09-08 23:49:00-04:00,4421.7001953125,4422.0,4421.5,4421.5,6
2026-09-08 23:50:00-04:00,4421.89990234375,4422.7998046875,4421.89990234375,4421.89990234375,21
2026-09-08 23:51:00-04:00,4421.2001953125,4421.39990234375,4420.60009765625,4421.39990234375,17
2026-09-08 23:52:00-04:00,4420.39990234375,4420.7001953125,4419.7998046875,4420.60009765625,80
2026-09-08 23:53:00-04:00,4421.2001953125,4421.39990234375,4420.10009765625,4420.7001953125,67
2026-09-08 23:54:00-04:00,4421.10009765625,4422.2001953125,4420.39990234375,4421.0,34
2026-09-08 23:55:00-04:00,4420.7001953125,4420.7001953125,4420.7001953125,4420.7001953125,1
2026-09-08 23:56:00-04:00,4420.60009765625,4420.60009765625,4420.5,4420.5,2
2026-09-08 23:57:00-04:00,4421.2001953125,4421.2001953125,4420.2001953125,4420.7998046875,17
2026-09-08 23:58:00-04:00,4420.39990234375,4420.89990234375,4420.2998046875,4420.7001953125,27
2026-09-09 00:00:00-04:00,4418.39990234375,4418.7001953125,4418.39990234375,4418.7001953125,19
2026-09-09 00:01:00-04:00,4418.5,4418.89990234375,4418.2001953125,4418.7998046875,27
2026-09-09 00:02:00-04:00,4419.0,4419.7001953125,4418.89990234375,4418.89990234375,15
2026-09-09 00:03:00-04:00,4418.2998046875,4418.89990234375,4418.2998046875,4418.89990234375,12
2026-09-09 00:04:00-04:00,4418.2998046875,4418.7001953125,4418.2001953125,4418.7001953125,11
2026-09-09 00:05:00-04:00,4417.60009765625,4418.2998046875,4417.2001953125,4418.2998046875,73
2026-09-09 00:06:00-04:00,4415.7001953125,4417.60009765625,4415.7001953125,4417.60009765625,84
2026-09-09 00:07:00-04:00,4416.2001953125,4416.2998046875,4415.39990234375,4415.7998046875,39
2026-09-09 00:08:00-04:00,4416.2001953125,4416.2998046875,4415.7001953125,4416.2998046875,8
2026-09-09 00:09:00-04:00,4416.10009765625,4416.7001953125,4415.60009765625,4416.2998046875,46
2026-09-09 00:10:00-04:00,4414.39990234375,4415.7001953125,4414.2998046875,4415.7001953125,40
2026-09-09 00:11:00-04:00,4416.10009765625,4416.39990234375,4414.2001953125,4414.5,42
2026-09-09 00:12:00-04:00,4416.7998046875,4416.7998046875,4415.89990234375,4416.39990234375,27
2026-09-09 00:13:00-04:00,4417.0,4417.0,4416.5,4416.7001953125,11
2026-09-09 00:14:00-04:00,4417.0,4417.2001953125,4416.89990234375,4417.2001953125,12
2026-09-09 00:15:00-04:00,4416.7998046875,4417.39990234375,4416.39990234375,4416.89990234375,26
2026-09-09 00:16:00-04:00,4416.2998046875,4418.0,4416.2998046875,4417.10009765625,38
2026-09-09 00:17:00-04:00,4416.89990234375,4416.89990234375,4416.0,4416.0,4
2026-09-09 00:18:00-04:00,4416.10009765625,4416.7001953125,4416.10009765625,4416.7001953125,26
2026-09-09 00:19:00-04:00,4417.2998046875,4417.2998046875,4416.2001953125,4416.2001953125,20
2026-09-09 00:20:00-04:00,4417.0,4417.7998046875,4417.0,4417.2998046875,24
2026-09-09 00:21:00-04:00,4418.0,4418.2998046875,4416.39990234375,4416.7001953125,38
2026-09-09 00:22:00-04:00,4418.39990234375,4418.7998046875,4417.5,4417.5,40
2026-09-09 00:23:00-04:00,4419.2998046875,4419.2998046875,4418.5,4418.5,16
2026-09-09 00:24:00-04:00,4420.7998046875,4421.0,4419.60009765625,4419.89990234375,68
2026-09-09 00:25:00-04:00,4421.60009765625,4421.7001953125,4420.5,4420.7998046875,91
2026-09-09 00:26:00-04:00,4421.2001953125,4421.2998046875,4420.7001953125,4421.2998046875,29
2026-09-09 00:27:00-04:00,4423.0,4423.2001953125,4421.2001953125,4421.2001953125,18
2026-09-09 00:28:00-04:00,4423.60009765625,4424.2001953125,4423.2998046875,4423.39990234375,130
2026-09-09 00:29:00-04:00,4423.7001953125,4424.2998046875,4423.10009765625,4423.39990234375,85
2026-09-09 00:30:00-04:00,4422.2001953125,4423.5,4421.7001953125,4423.5,131
2026-09-09 00:31:00-04:00,4422.89990234375,4423.10009765625,4422.10009765625,4422.10009765625,20
2026-09-09 00:32:00-04:00,4423.60009765625,4423.60009765625,4423.0,4423.0,26
2026-09-09 00:33:00-04:00,4423.0,4423.7001953125,4423.0,4423.60009765625,20
2026-09-09 00:34:00-04:00,4422.5,4423.0,4421.7001953125,4423.0,74
2026-09-09 00:35:00-04:00,4422.39990234375,4422.39990234375,4422.2998046875,4422.2998046875,3
2026-09-09 00:36:00-04:00,4423.2998046875,4423.2998046875,4422.60009765625,4422.7001953125,21
2026-09-09 00:37:00-04:00,4423.5,4423.7001953125,4423.2001953125,4423.2001953125,12
2026-09-09 00:38:00-04:00,4422.2998046875,4423.2998046875,4422.2998046875,4423.2998046875,62
2026-09-09 00:39:00-04:00,4422.10009765625,4422.89990234375,4421.60009765625,4422.60009765625,40
2026-09-09 00:40:00-04:00,4420.89990234375,4421.89990234375,4420.60009765625,4421.89990234375,42
2026-09-09 00:41:00-04:00,4419.89990234375,4421.0,4419.89990234375,4421.0,29
2026-09-09 00:42:00-04:00,4421.10009765625,4421.39990234375,4420.0,4420.0,14
2026-09-09 00:43:00-04:00,4422.10009765625,4422.10009765625,4421.2001953125,4421.2001953125,4
2026-09-09 00:44:00-04:00,4421.7998046875,4422.2998046875,4421.7001953125,4422.2998046875,9
2026-09-09 00:45:00-04:00,4422.2998046875,4422.39990234375,4421.89990234375,4421.89990234375,37
2026-09-09 00:46:00-04:00,4422.7001953125,4422.7001953125,4421.89990234375,4422.2998046875,8
2026-09-09 00:47:00-04:00,4423.10009765625,4423.39990234375,4422.7998046875,4422.7998046875,10
2026-09-09 00:48:00-04:00,4423.39990234375,4423.7998046875,4423.10009765625,4423.2001953125,27
2026-09-09 00:49:00-04:00,4422.7001953125,4423.39990234375,4422.2998046875,4423.39990234375,45
2026-09-09 00:50:00-04:00,4421.7998046875,4423.2998046875,4421.7998046875,4422.7998046875,22
2026-09-09 00:51:00-04:00,4422.89990234375,4423.0,4421.2998046875,4421.5,33
2026-09-09 00:52:00-04:00,4422.7998046875,4422.7998046875,4422.39990234375,4422.7001953125,12
2026-09-09 00:53:00-04:00,4424.7998046875,4424.7998046875,4422.89990234375,4422.89990234375,32
2026-09-09 00:54:00-04:00,4424.7998046875,4425.2998046875,4424.5,4424.89990234375,22
2026-09-09 00:55:00-04:00,4424.39990234375,4425.2001953125,4424.2998046875,4424.7998046875,31
2026-09-09 00:56:00-04:00,4425.7998046875,4425.7998046875,4423.89990234375,4424.60009765625,29
2026-09-09 00:57:00-04:00,4426.10009765625,4426.10009765625,4424.2001953125,4425.7998046875,89
2026-09-09 00:58:00-04:00,4426.10009765625,4426.2001953125,4425.5,4425.89990234375,69
2026-09-09 00:59:00-04:00,4425.2998046875,4425.89990234375,4424.7998046875,4425.89990234375,40
2026-09-09 01:00:00-04:00,4424.5,4425.7001953125,4424.2998046875,4425.39990234375,31
2026-09-09 01:01:00-04:00,4427.2998046875,4427.2998046875,4424.89990234375,4425.0,109
2026-09-09 01:02:00-04:00,4426.5,4427.7998046875,4426.5,4427.10009765625,183
2026-09-09 01:03:00-04:00,4425.5,4426.60009765625,4425.0,4426.5,126
2026-09-09 01:04:00-04:00,4425.2001953125,4426.7998046875,4423.89990234375,4426.0,134
2026-09-09 01:05:00-04:00,4425.5,4426.39990234375,4425.2001953125,4425.39990234375,39
2026-09-09 01:06:00-04:00,4426.7998046875,4427.7998046875,4425.89990234375,4426.2001953125,123
2026-09-09 01:07:00-04:00,4427.39990234375,4428.7998046875,4426.60009765625,4427.10009765625,234
2026-09-09 01:08:00-04:00,4428.2001953125,4428.5,4427.0,4427.10009765625,130
2026-09-09 01:09:00-04:00,4428.2001953125,4428.39990234375,4427.5,4427.5,88
2026-09-09 01:10:00-04:00,4429.39990234375,4429.89990234375,4427.89990234375,4428.39990234375,266
2026-09-09 01:11:00-04:00,4429.39990234375,4429.5,4428.7001953125,4429.2998046875,54
2026-09-09 01:12:00-04:00,4430.2998046875,4430.60009765625,4428.7001953125,4429.5,141
2026-09-09 01:13:00-04:00,4431.2998046875,4431.2998046875,4430.0,4430.0,138
2026-09-09 01:14:00-04:00,4431.10009765625,4431.2001953125,4430.39990234375,4431.2001953125,106
2026-09-09 01:15:00-04:00,4430.60009765625,4431.7998046875,4430.2998046875,4431.2001953125,115
2026-09-09 01:16:00-04:00,4431.10009765625,4431.2001953125,4430.39990234375,4430.7998046875,54
2026-09-09 01:17:00-04:00,4431.10009765625,4431.7001953125,4430.39990234375,4431.0,126
2026-09-09 01:18:00-04:00,4432.2998046875,4432.2998046875,4431.2998046875,4431.5,82
2026-09-09 01:19:00-04:00,4431.7998046875,4432.0,4430.89990234375,4432.0,111
2026-09-09 01:20:00-04:00,4430.39990234375,4431.89990234375,4430.0,4431.5,78
2026-09-09 01:21:00-04:00,4427.7001953125,4430.2001953125,4427.60009765625,4430.10009765625,237
2026-09-09 01:22:00-04:00,4427.60009765625,4427.89990234375,4426.7998046875,4427.5,59
2026-09-09 01:23:00-04:00,4427.5,4427.60009765625,4426.7001953125,4427.5,33
2026-09-09 01:24:00-04:00,4430.10009765625,4430.10009765625,4427.5,4427.5,65
2026-09-09 01:25:00-04:00,4430.2998046875,4430.2998046875,4429.7998046875,4430.2001953125,26
2026-09-09 01:26:00-04:00,4430.89990234375,4431.39990234375,4429.7998046875,4430.39990234375,114
2026-09-09 01:27:00-04:00,4431.10009765625,4431.89990234375,4430.5,4431.10009765625,117
2026-09-09 01:28:00-04:00,4430.10009765625,4431.89990234375,4429.89990234375,4431.2998046875,95
2026-09-09 01:29:00-04:00,4428.7998046875,4430.10009765625,4428.7001953125,4430.0,35
2026-09-09 01:30:00-04:00,4428.7001953125,4432.7001953125,4428.60009765625,4428.7001953125,287
2026-09-09 01:31:00-04:00,4429.5,4430.2998046875,4428.10009765625,4428.60009765625,152
2026-09-09 01:32:00-04:00,4429.89990234375,4431.2998046875,4428.89990234375,4429.7001953125,63
2026-09-09 01:33:00-04:00,4428.89990234375,4430.2001953125,4428.0,4430.2001953125,26
2026-09-09 01:34:00-04:00,4431.5,4431.5,4428.60009765625,4428.7001953125,91
2026-09-09 01:35:00-04:00,4431.7998046875,4432.0,4429.7001953125,4430.7998046875,36
2026-09-09 01:36:00-04:00,4433.7001953125,4433.7001953125,4431.5,4431.7001953125,59
2026-09-09 01:37:00-04:00,4434.89990234375,4436.0,4433.5,4433.7998046875,163
2026-09-09 01:38:00-04:00,4434.89990234375,4435.10009765625,4433.5,4434.7998046875,130
2026-09-09 01:39:00-04:00,4435.89990234375,4436.2001953125,4435.0,4435.10009765625,107
2026-09-09 01:40:00-04:00,4436.10009765625,4436.7001953125,4435.39990234375,4435.7001953125,96
2026-09-09 01:41:00-04:00,4436.7001953125,4437.2001953125,4435.60009765625,4435.89990234375,99
2026-09-09 01:42:00-04:00,4437.0,4437.2001953125,4435.10009765625,4436.60009765625,159
2026-09-09 01:43:00-04:00,4437.7001953125,4438.10009765625,4436.89990234375,4437.10009765625,148
2026-09-09 01:44:00-04:00,4439.0,4439.0,4437.7001953125,4437.7001953125,78
2026-09-09 01:45:00-04:00,4439.0,4439.2998046875,4438.5,4438.89990234375,86
2026-09-09 01:46:00-04:00,4436.2998046875,4438.60009765625,4435.7998046875,4438.60009765625,95
2026-09-09 01:47:00-04:00,4439.2001953125,4439.2001953125,4436.5,4436.5,49
2026-09-09 01:48:00-04:00,4439.89990234375,4440.7001953125,4439.0,4439.2998046875,145
2026-09-09 01:49:00-04:00,4439.2001953125,4440.10009765625,4439.2001953125,4439.89990234375,61
2026-09-09 01:50:00-04:00,4440.89990234375,4441.0,4439.2998046875,4439.2998046875,37
2026-09-09 01:51:00-04:00,4441.39990234375,4442.5,4440.39990234375,4440.89990234375,231
2026-09-09 01:52:00-04:00,4442.7998046875,4443.10009765625,4441.0,4441.39990234375,123
2026-09-09 01:53:00-04:00,4441.89990234375,4444.0,4441.5,4442.89990234375,201
2026-09-09 01:54:00-04:00,4443.2998046875,4443.7998046875,4441.7998046875,4441.7998046875,182
2026-09-09 01:55:00-04:00,4443.2001953125,4444.60009765625,4443.0,4443.39990234375,270
2026-09-09 01:56:00-04:00,4443.39990234375,4444.10009765625,4442.60009765625,4443.0,187
2026-09-09 01:57:00-04:00,4442.7998046875,4444.0,4442.10009765625,4443.5,318
2026-09-09 01:58:00-04:00,4442.7998046875,4443.60009765625,4442.39990234375,4442.60009765625,280
2026-09-09 01:59:00-04:00,4442.2998046875,4443.0,4442.0,4443.0,62
2026-09-09 02:00:00-04:00,4441.89990234375,4443.89990234375,4441.7001953125,4442.39990234375,256
2026-09-09 02:01:00-04:00,4442.2001953125,4443.10009765625,4441.89990234375,4441.89990234375,262
2026-09-09 02:02:00-04:00,4442.2001953125,4442.7998046875,4441.89990234375,4442.39990234375,108
2026-09-09 02:03:00-04:00,4445.89990234375,4445.89990234375,4441.7998046875,4442.2001953125,272
2026-09-09 02:04:00-04:00,4446.39990234375,4447.7998046875,4445.39990234375,4445.89990234375,210
2026-09-09 02:05:00-04:00,4448.39990234375,4448.7998046875,4446.60009765625,4446.60009765625,147
2026-09-09 02:06:00-04:00,4446.2998046875,4448.2998046875,4445.39990234375,4448.2001953125,114
2026-09-09 02:07:00-04:00,4443.89990234375,4446.7001953125,4443.60009765625,4446.60009765625,149
2026-09-09 02:08:00-04:00,4444.10009765625,4445.0,4443.2001953125,4444.0,83
2026-09-09 02:09:00-04:00,4443.89990234375,4444.39990234375,4443.7001953125,4443.7001953125,45
2026-09-09 02:10:00-04:00,4442.89990234375,4443.89990234375,4442.5,4443.7001953125,61
2026-09-09 02:11:00-04:00,4443.5,4444.0,4442.0,4442.7998046875,79
2026-09-09 02:12:00-04:00,4443.5,4443.7998046875,4442.7998046875,4443.2998046875,35
2026-09-09 02:13:00-04:00,4444.5,4445.2998046875,4443.60009765625,4443.60009765625,108
2026-09-09 02:14:00-04:00,4445.0,4445.60009765625,4444.39990234375,4444.39990234375,46
2026-09-09 02:15:00-04:00,4446.0,4446.2998046875,4444.60009765625,4444.60009765625,59
2026-09-09 02:16:00-04:00,4444.5,4446.7001953125,4443.7998046875,4446.10009765625,127
2026-09-09 02:17:00-04:00,4443.60009765625,4444.7001953125,4443.10009765625,4444.60009765625,100
2026-09-09 02:18:00-04:00,4444.2998046875,4444.2998046875,4443.10009765625,4443.2998046875,100
2026-09-09 02:19:00-04:00,4443.2998046875,4445.0,4443.2998046875,4444.2001953125,112
2026-09-09 02:20:00-04:00,4443.2001953125,4443.7998046875,4442.39990234375,4443.10009765625,122
2026-09-09 02:21:00-04:00,4441.0,4443.2001953125,4440.7998046875,4443.2001953125,142
2026-09-09 02:22:00-04:00,4442.0,4442.60009765625,4440.5,4441.0,80
2026-09-09 02:23:00-04:00,4443.5,4444.0,4441.5,4441.7998046875,92
2026-09-09 02:24:00-04:00,4442.2998046875,4443.89990234375,4442.2001953125,4443.89990234375,61
2026-09-09 02:25:00-04:00,4442.2998046875,4442.89990234375,4440.5,4442.2998046875,133
2026-09-09 02:26:00-04:00,4440.10009765625,4442.2001953125,4440.0,4442.2001953125,73
2026-09-09 02:27:00-04:00,4440.7001953125,4440.7001953125,4440.0,4440.39990234375,47
2026-09-09 02:28:00-04:00,4438.60009765625,4440.2001953125,4438.60009765625,4440.2001953125,117
2026-09-09 02:29:00-04:00,4441.60009765625,4442.39990234375,4438.7001953125,4438.7001953125,318
2026-09-09 02:30:00-04:00,4441.60009765625,4443.2001953125,4440.5,4441.7001953125,652
2026-09-09 02:31:00-04:00,4443.10009765625,4443.2001953125,4441.7001953125,4441.7001953125,221
2026-09-09 02:32:00-04:00,4443.60009765625,4444.7001953125,4443.2998046875,4443.39990234375,127
2026-09-09 02:33:00-04:00,4445.39990234375,4445.39990234375,4443.2001953125,4443.7998046875,76
2026-09-09 02:34:00-04:00,4446.60009765625,4447.0,4445.39990234375,4445.60009765625,107
2026-09-09 02:35:00-04:00,4446.10009765625,4447.10009765625,4445.5,4446.7001953125,60
2026-09-09 02:36:00-04:00,4446.2998046875,4447.5,4446.2001953125,4446.2001953125,47
2026-09-09 02:37:00-04:00,4448.7998046875,4449.2998046875,4446.2001953125,4446.2001953125,248
2026-09-09 02:38:00-04:00,4449.5,4449.89990234375,4448.39990234375,4448.39990234375,289
2026-09-09 02:39:00-04:00,4448.7001953125,4449.7001953125,4448.10009765625,4449.7001953125,67
2026-09-09 02:40:00-04:00,4446.2001953125,4448.7998046875,4446.10009765625,4448.7998046875,132
2026-09-09 02:41:00-04:00,4446.2001953125,4446.89990234375,4445.7998046875,4446.0,38
2026-09-09 02:42:00-04:00,4444.5,4446.2998046875,4444.2001953125,4446.10009765625,90
2026-09-09 02:43:00-04:00,4443.60009765625,4444.5,4443.5,4444.2998046875,56
2026-09-09 02:44:00-04:00,4444.10009765625,4444.2001953125,4443.2001953125,4443.7001953125,41
2026-09-09 02:45:00-04:00,4443.2998046875,4444.10009765625,4442.7001953125,4444.10009765625,66
2026-09-09 02:46:00-04:00,4442.7001953125,4443.39990234375,4442.39990234375,4443.39990234375,27
2026-09-09 02:47:00-04:00,4442.7998046875,4443.2998046875,4442.39990234375,4442.7998046875,57
2026-09-09 02:48:00-04:00,4442.60009765625,4443.5,4442.60009765625,4442.89990234375,45
2026-09-09 02:49:00-04:00,4444.89990234375,4445.0,4442.5,4442.5,41
2026-09-09 02:50:00-04:00,4444.10009765625,4445.39990234375,4443.7998046875,4445.0,116
2026-09-09 02:51:00-04:00,4444.5,4444.7998046875,4443.7998046875,4443.89990234375,36
2026-09-09 02:52:00-04:00,4443.89990234375,4445.10009765625,4443.7998046875,4444.7998046875,36
2026-09-09 02:53:00-04:00,4443.7001953125,4444.39990234375,4443.5,4443.89990234375,78
2026-09-09 02:54:00-04:00,4444.39990234375,4444.7001953125,4443.7998046875,4443.89990234375,27
2026-09-09 02:55:00-04:00,4444.89990234375,4445.2001953125,4443.60009765625,4444.2998046875,79
2026-09-09 02:56:00-04:00,4444.89990234375,4445.10009765625,4444.2998046875,4445.0,18
2026-09-09 02:57:00-04:00,4443.5,4444.39990234375,4443.5,4444.39990234375,29
2026-09-09 02:58:00-04:00,4443.7998046875,4444.10009765625,4443.7998046875,4444.0,8
2026-09-09 02:59:00-04:00,4444.7001953125,4444.7001953125,4443.2998046875,4443.7001953125,47
2026-09-09 03:00:00-04:00,4444.0,4445.39990234375,4443.60009765625,4444.39990234375,113
2026-09-09 03:01:00-04:00,4444.2001953125,4444.5,4443.0,4444.2001953125,30
2026-09-09 03:02:00-04:00,4445.2001953125,4445.5,4443.89990234375,4443.89990234375,40
2026-09-09 03:03:00-04:00,4445.2998046875,4445.5,4444.7998046875,4445.2001953125,22
2026-09-09 03:04:00-04:00,4445.39990234375,4446.2998046875,4445.10009765625,4445.2001953125,46
2026-09-09 03:05:00-04:00,4447.5,4447.60009765625,4445.2001953125,4445.2001953125,64
2026-09-09 03:06:00-04:00,4446.7998046875,4447.2998046875,4446.10009765625,4447.10009765625,53
2026-09-09 03:07:00-04:00,4447.7998046875,4447.89990234375,4446.39990234375,4446.60009765625,36
2026-09-09 03:08:00-04:00,4447.2998046875,4448.10009765625,4446.5,4447.7001953125,49
2026-09-09 03:09:00-04:00,4447.2998046875,4447.5,4447.0,4447.0,21
2026-09-09 03:10:00-04:00,4447.7001953125,4448.2998046875,4447.5,4447.60009765625,81
2026-09-09 03:11:00-04:00,4447.2998046875,4448.0,4447.0,4447.89990234375,94
2026-09-09 03:12:00-04:00,4449.60009765625,4449.7998046875,4447.10009765625,4447.2001953125,151
2026-09-09 03:13:00-04:00,4450.0,4450.5,4448.10009765625,4449.5,307
2026-09-09 03:14:00-04:00,4450.10009765625,4451.7001953125,4449.60009765625,4450.10009765625,220
2026-09-09 03:15:00-04:00,4450.10009765625,4450.5,4448.7001953125,4450.10009765625,165
2026-09-09 03:16:00-04:00,4448.89990234375,4450.2998046875,4448.5,4449.7998046875,82
2026-09-09 03:17:00-04:00,4448.2001953125,4449.10009765625,4448.0,4448.7001953125,80
2026-09-09 03:18:00-04:00,4447.89990234375,4449.10009765625,4447.7001953125,4448.2998046875,57
2026-09-09 03:19:00-04:00,4447.5,4448.2998046875,4446.5,4447.7001953125,63
2026-09-09 03:20:00-04:00,4448.89990234375,4449.0,4447.39990234375,4447.39990234375,30
2026-09-09 03:21:00-04:00,4450.0,4450.0,4448.7001953125,4449.0,47
2026-09-09 03:22:00-04:00,4450.7001953125,4451.2998046875,4449.5,4449.89990234375,130
2026-09-09 03:23:00-04:00,4449.5,4451.5,4449.0,4450.7001953125,80
2026-09-09 03:24:00-04:00,4448.89990234375,4449.7001953125,4448.7998046875,4449.5,39
2026-09-09 03:25:00-04:00,4449.39990234375,4449.5,4448.5,4448.7001953125,44
2026-09-09 03:26:00-04:00,4449.5,4449.89990234375,4449.2001953125,4449.60009765625,24
2026-09-09 03:27:00-04:00,4451.0,4451.7001953125,4449.89990234375,4450.0,128
2026-09-09 03:28:00-04:00,4450.7001953125,4451.5,4450.5,4451.2001953125,29
2026-09-09 03:29:00-04:00,4451.39990234375,4452.60009765625,4450.7001953125,4451.10009765625,181
2026-09-09 03:30:00-04:00,4451.7998046875,4452.39990234375,4451.0,4451.5,76
2026-09-09 03:31:00-04:00,4450.39990234375,4452.2001953125,4450.2998046875,4451.7998046875,74
2026-09-09 03:32:00-04:00,4450.89990234375,4451.2001953125,4450.0,4450.7001953125,45
2026-09-09 03:33:00-04:00,4450.2998046875,4450.89990234375,4449.89990234375,4450.7998046875,52
2026-09-09 03:34:00-04:00,4450.89990234375,4451.2001953125,4450.39990234375,4450.39990234375,32
2026-09-09 03:35:00-04:00,4451.2001953125,4451.5,4450.39990234375,4451.10009765625,41
2026-09-09 03:36:00-04:00,4453.2001953125,4453.2001953125,4451.60009765625,4451.60009765625,86
2026-09-09 03:37:00-04:00,4452.2998046875,4453.39990234375,4452.2998046875,4453.10009765625,72
2026-09-09 03:38:00-04:00,4452.0,4452.60009765625,4451.7001953125,4452.2998046875,51
2026-09-09 03:39:00-04:00,4453.7001953125,4453.7998046875,4451.89990234375,4452.0,58
2026-09-09 03:40:00-04:00,4452.60009765625,4453.7001953125,4451.7998046875,4453.60009765625,82
2026-09-09 03:41:00-04:00,4453.2001953125,4453.2001953125,4452.10009765625,4452.2001953125,43
2026-09-09 03:42:00-04:00,4452.2998046875,4454.2001953125,4452.2998046875,4453.2001953125,122
2026-09-09 03:43:00-04:00,4452.7998046875,4453.39990234375,4452.2998046875,4452.2998046875,103
2026-09-09 03:44:00-04:00,4454.0,4454.0,4452.7998046875,4453.0,45
2026-09-09 03:45:00-04:00,4454.39990234375,4454.5,4453.10009765625,4454.0,94
2026-09-09 03:46:00-04:00,4455.0,4456.2998046875,4454.60009765625,4454.60009765625,279
2026-09-09 03:47:00-04:00,4454.89990234375,4455.2998046875,4454.2998046875,4455.0,121
2026-09-09 03:48:00-04:00,4455.39990234375,4455.60009765625,4454.89990234375,4455.0,94
2026-09-09 03:49:00-04:00,4455.2001953125,4455.60009765625,4454.60009765625,4455.39990234375,197
2026-09-09 03:50:00-04:00,4452.89990234375,4455.10009765625,4452.89990234375,4455.10009765625,180
2026-09-09 03:51:00-04:00,4453.2001953125,4453.60009765625,4452.39990234375,4453.2998046875,403
2026-09-09 03:52:00-04:00,4454.89990234375,4455.0,4452.5,4452.89990234375,455
2026-09-09 03:53:00-04:00,4453.10009765625,4455.0,4453.10009765625,4454.7001953125,226
2026-09-09 03:54:00-04:00,4452.10009765625,4453.60009765625,4451.89990234375,4453.10009765625,171
2026-09-09 03:55:00-04:00,4452.89990234375,4453.60009765625,4452.5,4452.7001953125,59
2026-09-09 03:56:00-04:00,4453.39990234375,4453.60009765625,4452.60009765625,4452.7001953125,43
2026-09-09 03:57:00-04:00,4453.0,4453.7001953125,4452.7998046875,4453.2001953125,59
2026-09-09 03:58:00-04:00,4452.5,4452.7998046875,4452.2998046875,4452.7998046875,27
2026-09-09 03:59:00-04:00,4452.89990234375,4453.2001953125,4452.39990234375,4452.5,93
2026-09-09 04:00:00-04:00,4451.89990234375,4453.0,4451.2998046875,4452.7998046875,146
2026-09-09 04:01:00-04:00,4452.5,4453.2001953125,4451.5,4452.10009765625,81
2026-09-09 04:02:00-04:00,4451.60009765625,4452.60009765625,4451.2998046875,4452.2998046875,60
2026-09-09 04:03:00-04:00,4451.10009765625,4451.60009765625,4450.39990234375,4451.60009765625,151
2026-09-09 04:04:00-04:00,4452.0,4452.2998046875,4450.39990234375,4451.2998046875,102
2026-09-09 04:05:00-04:00,4454.10009765625,4454.7998046875,4451.7001953125,4451.89990234375,150
2026-09-09 04:06:00-04:00,4454.39990234375,4455.39990234375,4453.89990234375,4454.2001953125,266
2026-09-09 04:07:00-04:00,4453.7998046875,4454.89990234375,4452.89990234375,4454.2998046875,162
2026-09-09 04:08:00-04:00,4453.2001953125,4454.2998046875,4453.2001953125,4453.89990234375,62
2026-09-09 04:09:00-04:00,4450.2998046875,4453.10009765625,4450.2998046875,4453.10009765625,97
2026-09-09 04:10:00-04:00,4448.89990234375,4450.89990234375,4448.2998046875,4450.7001953125,327
2026-09-09 04:11:00-04:00,4450.10009765625,4450.10009765625,4447.89990234375,4449.10009765625,146
2026-09-09 04:12:00-04:00,4449.60009765625,4450.2001953125,4448.7001953125,4449.7998046875,112
2026-09-09 04:13:00-04:00,4448.0,4450.0,4447.89990234375,4449.7001953125,71
2026-09-09 04:14:00-04:00,4447.5,4448.2998046875,4447.39990234375,4448.2001953125,111
2026-09-09 04:15:00-04:00,4448.0,4448.5,4447.5,4447.5,62
2026-09-09 04:16:00-04:00,4447.0,4448.10009765625,4446.7001953125,4447.89990234375,74
2026-09-09 04:17:00-04:00,4446.2998046875,4447.7001953125,4445.7998046875,4447.10009765625,107
2026-09-09 04:18:00-04:00,4447.2001953125,4447.60009765625,4445.89990234375,4446.39990234375,84
2026-09-09 04:19:00-04:00,4447.60009765625,4447.89990234375,4447.2001953125,4447.2001953125,49
2026-09-09 04:20:00-04:00,4447.2001953125,4447.2998046875,4446.7998046875,4447.2998046875,65
2026-09-09 04:21:00-04:00,4446.2001953125,4447.10009765625,4446.2001953125,4447.0,40
2026-09-09 04:22:00-04:00,4446.2998046875,4447.2001953125,4445.89990234375,4446.2001953125,117
2026-09-09 04:23:00-04:00,4444.89990234375,4446.2998046875,4444.89990234375,4446.2998046875,90
2026-09-09 04:24:00-04:00,4444.89990234375,4445.2998046875,4444.60009765625,4445.0,69
2026-09-09 04:25:00-04:00,4445.7001953125,4446.0,4444.5,4445.0,58
2026-09-09 04:26:00-04:00,4445.5,4446.10009765625,4445.2998046875,4445.7001953125,43
2026-09-09 04:27:00-04:00,4444.39990234375,4446.10009765625,4444.39990234375,4445.5,86
2026-09-09 04:28:00-04:00,4443.60009765625,4444.60009765625,4442.60009765625,4444.2998046875,220
2026-09-09 04:29:00-04:00,4443.7001953125,4445.10009765625,4443.60009765625,4444.10009765625,131
2026-09-09 04:30:00-04:00,4444.2998046875,4445.0,4443.60009765625,4443.60009765625,110
2026-09-09 04:31:00-04:00,4445.2998046875,4445.39990234375,4444.5,4444.5,35
2026-09-09 04:32:00-04:00,4446.39990234375,4446.5,4445.0,4445.39990234375,74
2026-09-09 04:33:00-04:00,4446.60009765625,4447.0,4446.2001953125,4446.2001953125,48
2026-09-09 04:34:00-04:00,4446.0,4447.60009765625,4446.0,4446.7001953125,45
2026-09-09 04:35:00-04:00,4446.0,4446.39990234375,4445.7998046875,4445.7998046875,24
2026-09-09 04:36:00-04:00,4446.0,4446.39990234375,4445.89990234375,4446.2001953125,17
2026-09-09 04:37:00-04:00,4446.10009765625,4446.10009765625,4444.7998046875,4445.89990234375,27
2026-09-09 04:38:00-04:00,4444.5,4446.2001953125,4444.5,4446.10009765625,28
2026-09-09 04:39:00-04:00,4443.60009765625,4445.0,4443.60009765625,4444.7001953125,26
2026-09-09 04:40:00-04:00,4445.0,4445.0,4442.89990234375,4443.60009765625,64
2026-09-09 04:41:00-04:00,4445.2998046875,4445.7998046875,4445.0,4445.2001953125,44
2026-09-09 04:42:00-04:00,4444.60009765625,4445.7998046875,4444.2998046875,4445.2998046875,58
2026-09-09 04:43:00-04:00,4444.10009765625,4446.2998046875,4443.89990234375,4444.60009765625,138
2026-09-09 04:44:00-04:00,4443.89990234375,4444.60009765625,4443.89990234375,4444.10009765625,18
2026-09-09 04:45:00-04:00,4444.2998046875,4444.5,4442.7998046875,4443.7998046875,24
2026-09-09 04:46:00-04:00,4444.39990234375,4444.7001953125,4443.7001953125,4444.10009765625,30
2026-09-09 04:47:00-04:00,4446.0,4446.0,4444.39990234375,4444.39990234375,49
2026-09-09 04:48:00-04:00,4445.89990234375,4446.10009765625,4445.2998046875,4445.5,43
2026-09-09 04:49:00-04:00,4444.2998046875,4446.0,4444.2998046875,4445.89990234375,40
2026-09-09 04:50:00-04:00,4443.7998046875,4444.5,4443.7001953125,4444.2001953125,59
2026-09-09 04:51:00-04:00,4444.60009765625,4444.7998046875,4443.7998046875,4444.5,153
2026-09-09 04:52:00-04:00,4445.7001953125,4445.7001953125,4444.2001953125,4444.7001953125,158
2026-09-09 04:53:00-04:00,4445.60009765625,4445.89990234375,4445.2001953125,4445.5,38
2026-09-09 04:54:00-04:00,4446.2001953125,4446.2001953125,4445.39990234375,4445.7001953125,43
2026-09-09 04:55:00-04:00,4446.2001953125,4446.7998046875,4446.10009765625,4446.10009765625,34
2026-09-09 04:56:00-04:00,4446.89990234375,4447.39990234375,4446.39990234375,4446.39990234375,51
2026-09-09 04:57:00-04:00,4445.89990234375,4446.7998046875,4445.89990234375,4446.7001953125,21
2026-09-09 04:58:00-04:00,4445.39990234375,4445.60009765625,4444.7998046875,4445.0,14
2026-09-09 04:59:00-04:00,4444.60009765625,4445.10009765625,4444.39990234375,4445.10009765625,18
2026-09-09 05:00:00-04:00,4445.2998046875,4446.10009765625,4444.60009765625,4444.7998046875,36
2026-09-09 05:01:00-04:00,4444.39990234375,4445.60009765625,4444.2998046875,4445.10009765625,39
2026-09-09 05:02:00-04:00,4445.2001953125,4445.2998046875,4444.2001953125,4444.5,34
2026-09-09 05:03:00-04:00,4446.2998046875,4446.2998046875,4444.7001953125,4445.0,48
2026-09-09 05:04:00-04:00,4445.0,4446.2998046875,4444.7001953125,4446.10009765625,49
2026-09-09 05:05:00-04:00,4444.2001953125,4445.5,4443.7998046875,4445.10009765625,77
2026-09-09 05:06:00-04:00,4444.7001953125,4444.7001953125,4443.5,4444.2998046875,41
2026-09-09 05:07:00-04:00,4445.60009765625,4446.2001953125,4444.5,4444.60009765625,67
2026-09-09 05:08:00-04:00,4444.7998046875,4445.7998046875,4444.2001953125,4445.5,44
2026-09-09 05:09:00-04:00,4445.7998046875,4445.7998046875,4444.0,4444.7998046875,52
2026-09-09 05:10:00-04:00,4443.5,4445.7998046875,4443.39990234375,4445.7998046875,39
2026-09-09 05:11:00-04:00,4443.0,4443.7998046875,4442.2998046875,4443.7001953125,41
2026-09-09 05:12:00-04:00,4443.10009765625,4443.39990234375,4442.7001953125,4442.7998046875,40
2026-09-09 05:13:00-04:00,4442.39990234375,4442.89990234375,4442.10009765625,4442.7998046875,23
2026-09-09 05:14:00-04:00,4442.5,4442.7998046875,4442.2001953125,4442.2001953125,53
2026-09-09 05:15:00-04:00,4441.7998046875,4443.0,4441.5,4442.5,67
2026-09-09 05:16:00-04:00,4441.7998046875,4442.7001953125,4441.7998046875,4441.7998046875,47
2026-09-09 05:17:00-04:00,4442.0,4442.5,4441.60009765625,4441.7001953125,70
2026-09-09 05:18:00-04:00,4442.89990234375,4443.0,4441.89990234375,4442.0,46
2026-09-09 05:19:00-04:00,4443.89990234375,4444.2998046875,4442.7001953125,4442.7001953125,121
2026-09-09 05:20:00-04:00,4443.0,4444.0,4443.0,4444.0,69
2026-09-09 05:21:00-04:00,4443.60009765625,4444.2001953125,4443.10009765625,4443.2001953125,79
2026-09-09 05:22:00-04:00,4443.0,4444.2998046875,4443.0,4443.7001953125,37
2026-09-09 05:23:00-04:00,4442.60009765625,4443.39990234375,4442.2998046875,4443.10009765625,91
2026-09-09 05:24:00-04:00,4441.89990234375,4442.7001953125,4441.39990234375,4442.60009765625,65
2026-09-09 05:25:00-04:00,4442.2998046875,4442.2998046875,4441.39990234375,4442.10009765625,45
2026-09-09 05:26:00-04:00,4442.39990234375,4442.7001953125,4441.7998046875,4442.2998046875,77
2026-09-09 05:27:00-04:00,4442.5,4443.10009765625,4441.7998046875,4442.5,71
2026-09-09 05:28:00-04:00,4441.2001953125,4442.7001953125,4440.60009765625,4442.10009765625,66
2026-09-09 05:29:00-04:00,4442.5,4442.5,4441.2998046875,4441.39990234375,65
2026-09-09 05:30:00-04:00,4442.5,4443.0,4440.10009765625,4442.5,275
2026-09-09 05:31:00-04:00,4440.7998046875,4442.60009765625,4439.60009765625,4442.2998046875,279
2026-09-09 05:32:00-04:00,4441.89990234375,4442.2001953125,4440.39990234375,4440.60009765625,169
2026-09-09 05:33:00-04:00,4442.0,4442.2998046875,4441.5,4441.7998046875,32
2026-09-09 05:34:00-04:00,4442.10009765625,4442.60009765625,4441.60009765625,4441.89990234375,41
2026-09-09 05:35:00-04:00,4442.0,4442.60009765625,4441.5,4442.2998046875,27
2026-09-09 05:36:00-04:00,4442.2998046875,4442.89990234375,4441.7998046875,4441.7998046875,47
2026-09-09 05:37:00-04:00,4442.0,4442.7998046875,4441.5,4442.10009765625,67
2026-09-09 05:38:00-04:00,4442.5,4442.60009765625,4442.2001953125,4442.2001953125,8
2026-09-09 05:39:00-04:00,4442.0,4442.39990234375,4441.5,4442.39990234375,31
2026-09-09 05:40:00-04:00,4441.60009765625,4442.7001953125,4441.2001953125,4442.2998046875,38
2026-09-09 05:41:00-04:00,4440.5,4442.10009765625,4440.5,4442.10009765625,20
2026-09-09 05:42:00-04:00,4439.89990234375,4440.7998046875,4439.5,4440.7998046875,62
2026-09-09 05:43:00-04:00,4440.60009765625,4440.7998046875,4440.0,4440.10009765625,28
2026-09-09 05:44:00-04:00,4440.60009765625,4440.60009765625,4439.7001953125,4440.5,23
2026-09-09 05:45:00-04:00,4438.7001953125,4440.39990234375,4438.5,4440.39990234375,85
2026-09-09 05:46:00-04:00,4439.0,4439.2998046875,4438.2998046875,4439.0,89
2026-09-09 05:47:00-04:00,4439.39990234375,4440.39990234375,4438.39990234375,4438.7001953125,176
2026-09-09 05:48:00-04:00,4439.0,4439.5,4438.39990234375,4439.2998046875,53
2026-09-09 05:49:00-04:00,4439.2998046875,4439.7001953125,4438.60009765625,4439.2001953125,77
2026-09-09 05:50:00-04:00,4437.2998046875,4439.2001953125,4437.10009765625,4439.2001953125,57
2026-09-09 05:51:00-04:00,4437.0,4437.2998046875,4436.5,4437.2001953125,94
2026-09-09 05:52:00-04:00,4437.7998046875,4437.7998046875,4436.39990234375,4437.10009765625,138
2026-09-09 05:53:00-04:00,4437.2998046875,4438.39990234375,4436.7998046875,4437.60009765625,181
2026-09-09 05:54:00-04:00,4435.2998046875,4437.0,4435.0,4437.0,150
2026-09-09 05:55:00-04:00,4433.60009765625,4435.2998046875,4433.60009765625,4435.2001953125,158
2026-09-09 05:56:00-04:00,4433.89990234375,4434.2998046875,4433.0,4433.89990234375,158
2026-09-09 05:57:00-04:00,4433.0,4434.60009765625,4432.60009765625,4433.89990234375,94
2026-09-09 05:58:00-04:00,4433.5,4433.60009765625,4432.5,4432.7001953125,75
2026-09-09 05:59:00-04:00,4434.60009765625,4435.0,4433.2001953125,4433.2001953125,70
2026-09-09 06:00:00-04:00,4435.10009765625,4435.7001953125,4434.39990234375,4434.5,119
2026-09-09 06:01:00-04:00,4430.39990234375,4435.2998046875,4430.2001953125,4435.0,196
2026-09-09 06:02:00-04:00,4432.5,4433.7001953125,4430.0,4430.60009765625,191
2026-09-09 06:03:00-04:00,4434.5,4434.7001953125,4432.7998046875,4432.7998046875,75
2026-09-09 06:04:00-04:00,4433.7998046875,4435.2998046875,4433.2001953125,4434.60009765625,158
2026-09-09 06:05:00-04:00,4435.2998046875,4436.0,4434.2001953125,4434.2001953125,69
2026-09-09 06:06:00-04:00,4435.10009765625,4435.60009765625,4435.10009765625,4435.60009765625,18
2026-09-09 06:07:00-04:00,4436.7001953125,4437.0,4436.0,4436.0,81
2026-09-09 06:08:00-04:00,4436.7001953125,4437.10009765625,4435.89990234375,4436.7001953125,59
2026-09-09 06:09:00-04:00,4436.10009765625,4436.60009765625,4435.7001953125,4436.5,23
2026-09-09 06:10:00-04:00,4436.60009765625,4436.60009765625,4435.2998046875,4436.2998046875,79
2026-09-09 06:11:00-04:00,4436.2998046875,4436.7001953125,4435.39990234375,4436.39990234375,81
2026-09-09 06:12:00-04:00,4436.39990234375,4437.2001953125,4435.7998046875,4436.60009765625,67
2026-09-09 06:13:00-04:00,4435.2998046875,4436.5,4434.5,4436.5,106
2026-09-09 06:14:00-04:00,4434.7998046875,4435.60009765625,4433.5,4434.7998046875,196
2026-09-09 06:15:00-04:00,4433.89990234375,4435.39990234375,4433.89990234375,4434.7001953125,54
2026-09-09 06:16:00-04:00,4433.89990234375,4434.5,4432.7001953125,4433.89990234375,78
2026-09-09 06:17:00-04:00,4434.39990234375,4434.60009765625,4433.89990234375,4434.2001953125,12
2026-09-09 06:18:00-04:00,4435.39990234375,4436.10009765625,4434.2998046875,4434.39990234375,98
2026-09-09 06:19:00-04:00,4438.0,4438.2998046875,4435.7001953125,4435.7998046875,224
2026-09-09 06:20:00-04:00,4439.0,4439.7001953125,4437.89990234375,4437.89990234375,111
2026-09-09 06:21:00-04:00,4438.10009765625,4438.89990234375,4438.10009765625,4438.89990234375,39
2026-09-09 06:22:00-04:00,4438.0,4438.60009765625,4437.7998046875,4438.5,24
2026-09-09 06:23:00-04:00,4438.2001953125,4438.2001953125,4437.7998046875,4438.10009765625,20
2026-09-09 06:24:00-04:00,4438.2998046875,4438.5,4437.39990234375,4437.7998046875,69
2026-09-09 06:25:00-04:00,4438.5,4438.60009765625,4438.10009765625,4438.10009765625,35
2026-09-09 06:26:00-04:00,4439.10009765625,4439.10009765625,4438.10009765625,4438.39990234375,47
2026-09-09 06:27:00-04:00,4436.89990234375,4439.10009765625,4436.89990234375,4439.0,27
2026-09-09 06:28:00-04:00,4437.7998046875,4438.10009765625,4436.7998046875,4436.7998046875,90
2026-09-09 06:29:00-04:00,4438.2001953125,4438.2998046875,4437.39990234375,4437.89990234375,40
2026-09-09 06:30:00-04:00,4437.89990234375,4438.2998046875,4437.0,4438.10009765625,96
2026-09-09 06:31:00-04:00,4439.10009765625,4439.10009765625,4437.7998046875,4438.0,59
2026-09-09 06:32:00-04:00,4438.7998046875,4439.5,4438.2998046875,4439.2001953125,54
2026-09-09 06:33:00-04:00,4439.7998046875,4440.10009765625,4438.7998046875,4438.7998046875,70
2026-09-09 06:34:00-04:00,4439.7001953125,4440.5,4438.89990234375,4440.0,46
2026-09-09 06:35:00-04:00,4440.39990234375,4440.7998046875,4439.5,4439.60009765625,72
2026-09-09 06:36:00-04:00,4440.60009765625,4440.7001953125,4439.60009765625,4440.2001953125,54
2026-09-09 06:37:00-04:00,4441.7001953125,4442.5,4440.7998046875,4440.7998046875,76
2026-09-09 06:38:00-04:00,4442.0,4442.5,4441.7001953125,4441.7001953125,51
2026-09-09 06:39:00-04:00,4441.7998046875,4442.5,4441.60009765625,4441.89990234375,63
2026-09-09 06:40:00-04:00,4440.10009765625,4442.39990234375,4440.0,4441.7998046875,66
2026-09-09 06:41:00-04:00,4439.5,4440.60009765625,4439.39990234375,4440.2001953125,43
2026-09-09 06:42:00-04:00,4438.5,4439.60009765625,4438.2001953125,4439.5,62
2026-09-09 06:43:00-04:00,4438.2998046875,4438.89990234375,4437.89990234375,4438.7001953125,31
2026-09-09 06:44:00-04:00,4438.2001953125,4438.39990234375,4437.7001953125,4438.10009765625,33
2026-09-09 06:45:00-04:00,4438.2001953125,4438.89990234375,4438.10009765625,4438.39990234375,27
2026-09-09 06:46:00-04:00,4439.2998046875,4439.5,4438.10009765625,4438.2998046875,48
2026-09-09 06:47:00-04:00,4440.5,4440.5,4438.7998046875,4439.2998046875,159
2026-09-09 06:48:00-04:00,4442.5,4442.5,4440.2998046875,4440.2998046875,115
2026-09-09 06:49:00-04:00,4442.2998046875,4443.60009765625,4442.0,4442.39990234375,86
2026-09-09 06:50:00-04:00,4443.10009765625,4443.5,4441.7001953125,4442.2001953125,130
2026-09-09 06:51:00-04:00,4442.10009765625,4443.7998046875,4442.10009765625,4443.39990234375,144
2026-09-09 06:52:00-04:00,4442.60009765625,4443.10009765625,4441.89990234375,4441.89990234375,102
2026-09-09 06:53:00-04:00,4444.89990234375,4445.60009765625,4442.60009765625,4442.89990234375,138
2026-09-09 06:54:00-04:00,4445.5,4446.0,4444.2001953125,4444.89990234375,185
2026-09-09 06:55:00-04:00,4446.39990234375,4447.0,4444.7998046875,4445.60009765625,227
2026-09-09 06:56:00-04:00,4444.89990234375,4446.39990234375,4444.2001953125,4446.39990234375,159
2026-09-09 06:57:00-04:00,4444.5,4445.7001953125,4444.39990234375,4445.0,98
2026-09-09 06:58:00-04:00,4444.2001953125,4445.5,4444.2001953125,4444.7001953125,44
2026-09-09 06:59:00-04:00,4442.89990234375,4444.10009765625,4442.89990234375,4444.10009765625,54
2026-09-09 07:00:00-04:00,4446.10009765625,4446.39990234375,4443.2001953125,4443.2998046875,66
2026-09-09 07:01:00-04:00,4446.60009765625,4447.0,4445.2001953125,4446.10009765625,88
2026-09-09 07:02:00-04:00,4445.2998046875,4446.89990234375,4445.2001953125,4446.89990234375,46
2026-09-09 07:03:00-04:00,4446.2001953125,4446.39990234375,4444.89990234375,4445.2001953125,107
2026-09-09 07:04:00-04:00,4447.0,4447.0,4445.7998046875,4446.0,8
2026-09-09 07:05:00-04:00,4446.7998046875,4447.2998046875,4446.7001953125,4447.2001953125,53
2026-09-09 07:06:00-04:00,4446.5,4447.2998046875,4446.5,4446.7998046875,60
2026-09-09 07:07:00-04:00,4445.7998046875,4446.7998046875,4445.60009765625,4446.60009765625,56
2026-09-09 07:08:00-04:00,4446.5,4446.5,4446.2001953125,4446.2998046875,26
2026-09-09 07:09:00-04:00,4447.60009765625,4447.7998046875,4446.7001953125,4446.7001953125,68
2026-09-09 07:10:00-04:00,4447.7998046875,4448.10009765625,4447.39990234375,4447.60009765625,37
2026-09-09 07:11:00-04:00,4447.60009765625,4448.0,4447.2998046875,4447.7001953125,25
2026-09-09 07:12:00-04:00,4447.89990234375,4448.10009765625,4447.0,4447.5,58
2026-09-09 07:13:00-04:00,4446.60009765625,4447.89990234375,4446.60009765625,4447.7998046875,29
2026-09-09 07:14:00-04:00,4447.0,4447.10009765625,4446.2001953125,4446.7001953125,89
2026-09-09 07:15:00-04:00,4445.2998046875,4447.2998046875,4445.2998046875,4447.2998046875,59
2026-09-09 07:16:00-04:00,4446.5,4446.89990234375,4445.0,4445.2998046875,44
2026-09-09 07:17:00-04:00,4446.60009765625,4447.2001953125,4446.2998046875,4446.2998046875,81
2026-09-09 07:18:00-04:00,4447.39990234375,4447.60009765625,4446.5,4446.5,89
2026-09-09 07:19:00-04:00,4447.7001953125,4448.39990234375,4447.5,4447.5,152
2026-09-09 07:20:00-04:00,4446.89990234375,4448.2998046875,4446.89990234375,4447.7001953125,25
2026-09-09 07:21:00-04:00,4446.60009765625,4446.89990234375,4446.0,4446.7998046875,26
2026-09-09 07:22:00-04:00,4447.39990234375,4447.5,4446.2998046875,4446.39990234375,107
2026-09-09 07:23:00-04:00,4448.60009765625,4448.60009765625,4447.2998046875,4447.60009765625,52
2026-09-09 07:24:00-04:00,4450.0,4450.2001953125,4448.60009765625,4448.60009765625,142
2026-09-09 07:25:00-04:00,4450.7998046875,4450.89990234375,4449.7001953125,4450.10009765625,83
2026-09-09 07:26:00-04:00,4452.10009765625,4452.2001953125,4450.5,4450.7001953125,299
2026-09-09 07:27:00-04:00,4452.89990234375,4453.0,4451.60009765625,4451.60009765625,86
2026-09-09 07:28:00-04:00,4452.0,4453.2001953125,4451.2001953125,4453.10009765625,59
2026-09-09 07:29:00-04:00,4452.0,4452.60009765625,4451.2998046875,4452.10009765625,105
2026-09-09 07:30:00-04:00,4450.39990234375,4452.39990234375,4449.89990234375,4452.2998046875,192
2026-09-09 07:31:00-04:00,4450.60009765625,4451.2001953125,4449.60009765625,4450.0,96
2026-09-09 07:32:00-04:00,4451.0,4451.0,4449.7998046875,4450.39990234375,70
2026-09-09 07:33:00-04:00,4451.0,4451.7001953125,4451.0,4451.2001953125,32
2026-09-09 07:34:00-04:00,4448.5,4450.89990234375,4448.2998046875,4450.89990234375,72
2026-09-09 07:35:00-04:00,4448.39990234375,4448.60009765625,4447.7001953125,4448.5,246
2026-09-09 07:36:00-04:00,4448.10009765625,4448.5,4447.39990234375,4448.39990234375,57
2026-09-09 07:37:00-04:00,4447.39990234375,4448.10009765625,4447.39990234375,4448.0,28
2026-09-09 07:38:00-04:00,4448.7001953125,4449.5,4447.7001953125,4447.7001953125,157
2026-09-09 07:39:00-04:00,4448.89990234375,4448.89990234375,4447.7998046875,4448.7001953125,80
2026-09-09 07:40:00-04:00,4449.7998046875,4450.10009765625,4448.89990234375,4449.0,65
2026-09-09 07:41:00-04:00,4449.5,4450.10009765625,4449.0,4449.89990234375,62
2026-09-09 07:42:00-04:00,4450.7998046875,4451.2001953125,4449.0,4449.2998046875,147
2026-09-09 07:43:00-04:00,4450.39990234375,4451.2001953125,4449.39990234375,4451.0,77
2026-09-09 07:44:00-04:00,4449.60009765625,4450.39990234375,4449.5,4450.2001953125,55
2026-09-09 07:45:00-04:00,4449.5,4450.7998046875,4449.5,4450.0,107
2026-09-09 07:46:00-04:00,4448.10009765625,4449.5,4447.7998046875,4449.2998046875,69
2026-09-09 07:47:00-04:00,4448.2998046875,4448.5,4447.7001953125,4447.7998046875,35
2026-09-09 07:48:00-04:00,4449.2001953125,4449.39990234375,4448.2001953125,4448.2001953125,14
2026-09-09 07:49:00-04:00,4458.39990234375,4459.39990234375,4449.7998046875,4449.7998046875,1184
2026-09-09 07:50:00-04:00,4457.7001953125,4459.89990234375,4457.39990234375,4458.39990234375,494
2026-09-09 07:51:00-04:00,4453.60009765625,4457.7001953125,4453.60009765625,4457.60009765625,331
2026-09-09 07:52:00-04:00,4454.5,4456.7998046875,4453.7001953125,4453.7998046875,211
2026-09-09 07:53:00-04:00,4453.7001953125,4455.2998046875,4453.39990234375,4455.2998046875,68
2026-09-09 07:54:00-04:00,4451.5,4453.7001953125,4451.2998046875,4453.7001953125,80
2026-09-09 07:55:00-04:00,4451.2001953125,4451.60009765625,4450.2001953125,4451.5,70
2026-09-09 07:56:00-04:00,4451.39990234375,4451.89990234375,4451.10009765625,4451.5,33
2026-09-09 07:57:00-04:00,4451.7998046875,4452.7001953125,4451.60009765625,4451.7001953125,49
2026-09-09 07:58:00-04:00,4451.10009765625,4452.89990234375,4451.10009765625,4452.2998046875,93
2026-09-09 07:59:00-04:00,4451.60009765625,4452.0,4450.7998046875,4450.89990234375,113
2026-09-09 08:00:00-04:00,4453.10009765625,4453.60009765625,4451.5,4451.5,91
2026-09-09 08:01:00-04:00,4450.89990234375,4453.0,4450.7001953125,4452.7998046875,106
2026-09-09 08:02:00-04:00,4450.60009765625,4451.60009765625,4450.5,4450.7998046875,86
2026-09-09 08:03:00-04:00,4449.7001953125,4451.5,4449.5,4450.60009765625,87
2026-09-09 08:04:00-04:00,4448.60009765625,4449.39990234375,4447.60009765625,4449.39990234375,125
2026-09-09 08:05:00-04:00,4447.89990234375,4450.0,4447.89990234375,4449.0,79
2026-09-09 08:06:00-04:00,4445.5,4449.10009765625,4445.5,4448.2001953125,134
2026-09-09 08:07:00-04:00,4447.2001953125,4447.2001953125,4445.0,4445.89990234375,163
2026-09-09 08:08:00-04:00,4446.2001953125,4448.39990234375,4445.7998046875,4447.2001953125,88
2026-09-09 08:09:00-04:00,4447.60009765625,4447.60009765625,4445.2001953125,4446.10009765625,84
2026-09-09 08:10:00-04:00,4448.2998046875,4449.0,4447.7001953125,4447.7001953125,84
2026-09-09 08:11:00-04:00,4447.39990234375,4448.89990234375,4447.2998046875,4448.5,73
2026-09-09 08:12:00-04:00,4445.0,4447.5,4445.0,4447.39990234375,123
2026-09-09 08:13:00-04:00,4444.10009765625,4445.39990234375,4444.10009765625,4445.0,64
2026-09-09 08:14:00-04:00,4443.60009765625,4444.2998046875,4443.2998046875,4444.2998046875,95
2026-09-09 08:15:00-04:00,4442.7001953125,4443.7998046875,4442.39990234375,4443.7001953125,206
2026-09-09 08:16:00-04:00,4442.39990234375,4444.60009765625,4442.0,4443.2001953125,161
2026-09-09 08:17:00-04:00,4442.2001953125,4442.2998046875,4441.2001953125,4441.7998046875,70
2026-09-09 08:18:00-04:00,4441.7998046875,4443.2001953125,4441.2001953125,4442.2001953125,100
2026-09-09 08:19:00-04:00,4440.7998046875,4442.0,4440.2998046875,4442.0,104
2026-09-09 08:20:00-04:00,4444.60009765625,4444.7001953125,4439.10009765625,4440.7998046875,384
2026-09-09 08:21:00-04:00,4444.0,4444.60009765625,4442.5,4444.39990234375,153
2026-09-09 08:22:00-04:00,4442.5,4444.0,4442.5,4443.89990234375,103
2026-09-09 08:23:00-04:00,4440.89990234375,4442.7998046875,4440.2998046875,4442.39990234375,137
2026-09-09 08:24:00-04:00,4441.0,4441.2001953125,4439.2998046875,4440.7998046875,147
2026-09-09 08:25:00-04:00,4439.0,4441.39990234375,4438.7001953125,4441.2001953125,245
2026-09-09 08:26:00-04:00,4439.39990234375,4439.7001953125,4438.5,4439.2001953125,134
2026-09-09 08:27:00-04:00,4439.2998046875,4441.39990234375,4439.0,4439.5,124
2026-09-09 08:28:00-04:00,4439.0,4440.7998046875,4439.0,4439.5,44
2026-09-09 08:29:00-04:00,4438.5,4439.89990234375,4438.10009765625,4439.0,144
2026-09-09 08:30:00-04:00,4436.89990234375,4438.2998046875,4436.2001953125,4438.0,320
2026-09-09 08:31:00-04:00,4437.39990234375,4438.7001953125,4437.10009765625,4437.10009765625,120
2026-09-09 08:32:00-04:00,4439.5,4439.7001953125,4436.7998046875,4437.5,205
2026-09-09 08:33:00-04:00,4440.39990234375,4440.7001953125,4439.10009765625,4439.39990234375,150
2026-09-09 08:34:00-04:00,4440.60009765625,4441.89990234375,4439.89990234375,4440.39990234375,131
2026-09-09 08:35:00-04:00,4440.10009765625,4441.7998046875,4440.10009765625,4440.5,93
2026-09-09 08:36:00-04:00,4441.10009765625,4442.0,4438.7998046875,4440.0,144
2026-09-09 08:37:00-04:00,4439.10009765625,4441.2001953125,4438.2001953125,4441.2001953125,121
2026-09-09 08:38:00-04:00,4437.60009765625,4438.89990234375,4436.89990234375,4438.89990234375,175
2026-09-09 08:39:00-04:00,4435.39990234375,4437.7001953125,4435.2001953125,4437.7001953125,152
2026-09-09 08:40:00-04:00,4436.5,4437.2001953125,4435.2001953125,4435.60009765625,169
2026-09-09 08:41:00-04:00,4437.39990234375,4438.0,4436.0,4436.7998046875,191
2026-09-09 08:42:00-04:00,4436.5,4437.7001953125,4435.2998046875,4437.10009765625,168
2026-09-09 08:43:00-04:00,4438.0,4438.5,4436.10009765625,4436.5,109
2026-09-09 08:44:00-04:00,4439.10009765625,4439.89990234375,4437.60009765625,4438.10009765625,148
2026-09-09 08:45:00-04:00,4443.0,4444.0,4439.5,4439.5,458
2026-09-09 08:46:00-04:00,4442.7001953125,4443.7998046875,4442.0,4443.5,60
2026-09-09 08:47:00-04:00,4443.10009765625,4443.10009765625,4442.39990234375,4442.7998046875,35
2026-09-09 08:48:00-04:00,4443.0,4443.60009765625,4442.39990234375,4442.89990234375,45
2026-09-09 08:49:00-04:00,4441.5,4442.7998046875,4441.39990234375,4442.5,65
2026-09-09 08:50:00-04:00,4441.5,4441.5,4440.39990234375,4441.5,46
2026-09-09 08:51:00-04:00,4440.7998046875,4441.89990234375,4440.7998046875,4441.2998046875,42
2026-09-09 08:52:00-04:00,4442.2998046875,4442.2998046875,4440.5,4440.5,39
2026-09-09 08:53:00-04:00,4441.2998046875,4443.0,4441.0,4442.0,69
2026-09-09 08:54:00-04:00,4443.10009765625,4443.7001953125,4440.60009765625,4441.10009765625,80
2026-09-09 08:55:00-04:00,4443.2998046875,4443.2998046875,4442.60009765625,4443.10009765625,39
2026-09-09 08:56:00-04:00,4444.2998046875,4444.5,4443.39990234375,4443.39990234375,73
2026-09-09 08:57:00-04:00,4446.2998046875,4446.5,4444.60009765625,4444.60009765625,226
2026-09-09 08:58:00-04:00,4445.7001953125,4447.0,4445.7001953125,4446.2001953125,312
2026-09-09 08:59:00-04:00,4444.39990234375,4445.60009765625,4444.0,4445.60009765625,87
2026-09-09 09:00:00-04:00,4449.0,4449.0,4442.7998046875,4444.2001953125,295
2026-09-09 09:01:00-04:00,4448.2998046875,4449.0,4447.2998046875,4449.0,128
2026-09-09 09:02:00-04:00,4451.7001953125,4451.7001953125,4448.0,4448.60009765625,197
2026-09-09 09:03:00-04:00,4449.10009765625,4452.7001953125,4448.5,4451.5,556
2026-09-09 09:04:00-04:00,4451.39990234375,4452.10009765625,4449.0,4449.39990234375,144
2026-09-09 09:05:00-04:00,4452.60009765625,4453.10009765625,4451.2998046875,4451.39990234375,177
2026-09-09 09:06:00-04:00,4453.89990234375,4454.0,4452.7001953125,4452.7998046875,107
2026-09-09 09:07:00-04:00,4453.2001953125,4453.60009765625,4451.7001953125,4453.2998046875,128
2026-09-09 09:08:00-04:00,4452.7001953125,4454.89990234375,4452.60009765625,4453.2998046875,191
2026-09-09 09:09:00-04:00,4454.2001953125,4454.89990234375,4452.5,4452.60009765625,143
2026-09-09 09:10:00-04:00,4455.7001953125,4455.7001953125,4454.0,4454.2998046875,375
2026-09-09 09:11:00-04:00,4455.5,4458.0,4455.0,4455.5,232
2026-09-09 09:12:00-04:00,4456.2001953125,4456.5,4454.5,4455.2998046875,131
2026-09-09 09:13:00-04:00,4456.39990234375,4457.2001953125,4455.2998046875,4456.5,99
2026-09-09 09:14:00-04:00,4457.7998046875,4457.7998046875,4455.5,4456.7998046875,131
2026-09-09 09:15:00-04:00,4457.10009765625,4458.39990234375,4456.0,4457.7998046875,134
2026-09-09 09:16:00-04:00,4455.2998046875,4457.5,4455.10009765625,4457.10009765625,97
2026-09-09 09:17:00-04:00,4456.7998046875,4457.2001953125,4455.5,4455.5,114
2026-09-09 09:18:00-04:00,4457.5,4457.89990234375,4456.5,4456.7998046875,121
2026-09-09 09:19:00-04:00,4461.5,4462.60009765625,4457.5,4457.7001953125,852
2026-09-09 09:20:00-04:00,4461.89990234375,4462.39990234375,4458.89990234375,4461.60009765625,396
2026-09-09 09:21:00-04:00,4462.2001953125,4463.89990234375,4460.60009765625,4462.0,405
2026-09-09 09:22:00-04:00,4463.5,4464.7998046875,4461.2001953125,4462.2998046875,306
2026-09-09 09:23:00-04:00,4467.5,4467.7998046875,4463.39990234375,4463.60009765625,339
2026-09-09 09:24:00-04:00,4472.0,4472.7001953125,4467.2998046875,4467.60009765625,746
2026-09-09 09:25:00-04:00,4470.7998046875,4474.89990234375,4469.7998046875,4472.2001953125,861
2026-09-09 09:26:00-04:00,4471.10009765625,4472.39990234375,4470.10009765625,4471.0,339
2026-09-09 09:27:00-04:00,4472.7998046875,4474.0,4470.7998046875,4471.39990234375,211
2026-09-09 09:28:00-04:00,4472.89990234375,4474.7998046875,4472.5,4472.7001953125,324
2026-09-09 09:29:00-04:00,4474.2998046875,4475.10009765625,4472.2001953125,4472.7998046875,591
2026-09-09 09:30:00-04:00,4476.60009765625,4479.0,4473.60009765625,4474.10009765625,901
2026-09-09 09:31:00-04:00,4475.0,4476.7998046875,4472.60009765625,4476.39990234375,516
2026-09-09 09:32:00-04:00,4474.0,4478.7998046875,4474.0,4475.0,532
2026-09-09 09:33:00-04:00,4476.89990234375,4477.7001953125,4473.89990234375,4474.39990234375,302
2026-09-09 09:34:00-04:00,4475.5,4477.60009765625,4474.7001953125,4477.2001953125,276
2026-09-09 09:35:00-04:00,4472.2001953125,4475.2998046875,4471.89990234375,4475.10009765625,603
2026-09-09 09:36:00-04:00,4471.60009765625,4473.2001953125,4470.2998046875,4472.10009765625,311
2026-09-09 09:37:00-04:00,4470.2998046875,4472.7001953125,4468.5,4471.89990234375,261
2026-09-09 09:38:00-04:00,4470.7001953125,4471.0,4467.5,4470.39990234375,258
2026-09-09 09:39:00-04:00,4465.7998046875,4470.7998046875,4464.2998046875,4470.5,564
2026-09-09 09:40:00-04:00,4464.0,4466.5,4463.2001953125,4466.0,240
2026-09-09 09:41:00-04:00,4462.60009765625,4464.5,4462.2998046875,4464.2001953125,282
2026-09-09 09:42:00-04:00,4459.0,4462.7001953125,4458.39990234375,4462.7001953125,469
2026-09-09 09:43:00-04:00,4459.2998046875,4460.5,4456.7001953125,4459.0,585
2026-09-09 09:44:00-04:00,4461.39990234375,4463.10009765625,4458.7998046875,4458.89990234375,359
2026-09-09 09:45:00-04:00,4461.10009765625,4464.0,4460.7001953125,4461.60009765625,234
2026-09-09 09:46:00-04:00,4464.7001953125,4465.0,4460.2998046875,4460.7001953125,193
2026-09-09 09:47:00-04:00,4463.39990234375,4464.89990234375,4462.2998046875,4464.60009765625,214
2026-09-09 09:48:00-04:00,4462.89990234375,4464.0,4461.2001953125,4463.7001953125,134
2026-09-09 09:49:00-04:00,4465.7001953125,4465.7998046875,4462.89990234375,4463.2998046875,364
2026-09-09 09:50:00-04:00,4466.0,4468.2001953125,4464.0,4465.60009765625,305
2026-09-09 09:51:00-04:00,4464.60009765625,4467.5,4464.2001953125,4466.10009765625,182
2026-09-09 09:52:00-04:00,4462.39990234375,4465.2998046875,4462.2001953125,4465.10009765625,147
2026-09-09 09:53:00-04:00,4462.2998046875,4464.89990234375,4461.7998046875,4462.39990234375,133
2026-09-09 09:54:00-04:00,4460.7001953125,4463.10009765625,4459.39990234375,4462.5,243
2026-09-09 09:55:00-04:00,4457.60009765625,4461.2998046875,4455.7001953125,4460.89990234375,487
2026-09-09 09:56:00-04:00,4457.2998046875,4458.2998046875,4456.10009765625,4457.7998046875,254
2026-09-09 09:57:00-04:00,4457.10009765625,4457.5,4455.60009765625,4456.7001953125,140
2026-09-09 09:58:00-04:00,4456.89990234375,4457.5,4454.7001953125,4457.2998046875,596
2026-09-09 09:59:00-04:00,4459.2998046875,4459.7001953125,4456.89990234375,4457.0,155
2026-09-09 10:00:00-04:00,4460.89990234375,4461.2001953125,4458.60009765625,4459.2001953125,757
2026-09-09 10:01:00-04:00,4462.2001953125,4462.5,4458.60009765625,4460.60009765625,237
2026-09-09 10:02:00-04:00,4464.89990234375,4464.89990234375,4461.5,4462.39990234375,375
2026-09-09 10:03:00-04:00,4468.2001953125,4468.5,4463.89990234375,4464.89990234375,474
2026-09-09 10:04:00-04:00,4468.10009765625,4468.89990234375,4467.0,4468.2001953125,234
2026-09-09 10:05:00-04:00,4470.5,4473.0,4467.7998046875,4467.7998046875,462
2026-09-09 10:06:00-04:00,4468.60009765625,4470.2998046875,4467.10009765625,4470.2001953125,208
2026-09-09 10:07:00-04:00,4467.7001953125,4468.7001953125,4466.2001953125,4468.60009765625,129
2026-09-09 10:08:00-04:00,4466.7998046875,4468.2001953125,4466.0,4467.7001953125,117
2026-09-09 10:09:00-04:00,4466.39990234375,4467.39990234375,4465.2001953125,4467.0,124
2026-09-09 10:10:00-04:00,4466.2998046875,4467.10009765625,4465.0,4466.39990234375,167
2026-09-09 10:11:00-04:00,4465.2998046875,4466.7001953125,4464.39990234375,4466.7001953125,114
2026-09-09 10:12:00-04:00,4462.5,4465.7001953125,4462.0,4465.7001953125,228
2026-09-09 10:13:00-04:00,4463.5,4464.39990234375,4462.39990234375,4462.5,108
2026-09-09 10:14:00-04:00,4467.5,4467.89990234375,4463.60009765625,4463.60009765625,155
2026-09-09 10:15:00-04:00,4464.7001953125,4467.7001953125,4463.7001953125,4467.7001953125,222
2026-09-09 10:16:00-04:00,4460.7998046875,4464.5,4459.10009765625,4464.39990234375,463
2026-09-09 10:17:00-04:00,4462.89990234375,4463.7998046875,4460.0,4460.60009765625,149
2026-09-09 10:18:00-04:00,4461.0,4463.0,4460.5,4463.0,147
2026-09-09 10:19:00-04:00,4461.0,4461.60009765625,4457.89990234375,4461.10009765625,232
2026-09-09 10:20:00-04:00,4458.39990234375,4461.2998046875,4457.89990234375,4461.10009765625,208
2026-09-09 10:21:00-04:00,4457.60009765625,4459.5,4457.10009765625,4458.39990234375,165
2026-09-09 10:22:00-04:00,4457.5,4458.2001953125,4456.5,4457.2998046875,142
2026-09-09 10:23:00-04:00,4458.5,4459.7001953125,4457.2998046875,4457.39990234375,117
2026-09-09 10:24:00-04:00,4454.2001953125,4459.39990234375,4453.60009765625,4458.89990234375,389
2026-09-09 10:25:00-04:00,4460.39990234375,4460.7001953125,4453.89990234375,4454.39990234375,244
2026-09-09 10:26:00-04:00,4463.7001953125,4464.0,4460.2001953125,4460.2998046875,233
2026-09-09 10:27:00-04:00,4465.0,4466.7998046875,4463.60009765625,4463.89990234375,504
2026-09-09 10:28:00-04:00,4468.10009765625,4468.39990234375,4465.2001953125,4465.5,243
2026-09-09 10:29:00-04:00,4470.0,4470.2001953125,4467.39990234375,4468.0,364
2026-09-09 10:30:00-04:00,4468.0,4470.2001953125,4468.0,4470.2001953125,487
2026-09-09 10:31:00-04:00,4467.39990234375,4468.60009765625,4466.10009765625,4468.60009765625,204
2026-09-09 10:32:00-04:00,4466.89990234375,4467.89990234375,4465.2998046875,4467.5,101
2026-09-09 10:33:00-04:00,4466.7001953125,4467.10009765625,4464.7001953125,4466.60009765625,131
2026-09-09 10:34:00-04:00,4467.2001953125,4467.2001953125,4465.2001953125,4466.5,180
2026-09-09 10:35:00-04:00,4469.10009765625,4469.7998046875,4466.89990234375,4467.2001953125,297
2026-09-09 10:36:00-04:00,4469.39990234375,4469.60009765625,4468.7001953125,4468.7001953125,148
2026-09-09 10:37:00-04:00,4467.5,4469.60009765625,4467.5,4469.60009765625,106
2026-09-09 10:38:00-04:00,4468.2001953125,4469.60009765625,4467.2001953125,4467.39990234375,114
2026-09-09 10:39:00-04:00,4470.7001953125,4471.39990234375,4468.10009765625,4468.2998046875,280
2026-09-09 10:40:00-04:00,4468.5,4471.10009765625,4467.7001953125,4470.10009765625,227
2026-09-09 10:41:00-04:00,4468.60009765625,4469.60009765625,4467.89990234375,4468.7001953125,119
2026-09-09 10:42:00-04:00,4466.39990234375,4468.39990234375,4465.89990234375,4468.2001953125,109
2026-09-09 10:43:00-04:00,4464.7001953125,4466.39990234375,4464.2001953125,4466.39990234375,146
2026-09-09 10:44:00-04:00,4463.2001953125,4466.0,4463.0,4464.89990234375,115
2026-09-09 10:45:00-04:00,4465.0,4465.0,4462.39990234375,4463.39990234375,92
2026-09-09 10:46:00-04:00,4464.89990234375,4465.5,4463.10009765625,4465.2001953125,156
2026-09-09 10:47:00-04:00,4466.60009765625,4466.7001953125,4465.10009765625,4465.10009765625,71
2026-09-09 10:48:00-04:00,4465.39990234375,4466.7001953125,4465.2001953125,4466.5,109
2026-09-09 10:49:00-04:00,4465.60009765625,4466.2001953125,4464.2998046875,4465.5,35
2026-09-09 10:50:00-04:00,4466.2998046875,4467.2001953125,4464.2001953125,4464.89990234375,182
2026-09-09 10:51:00-04:00,4466.2998046875,4466.60009765625,4465.2998046875,4466.60009765625,89
2026-09-09 10:52:00-04:00,4464.5,4468.10009765625,4464.39990234375,4466.10009765625,242
2026-09-09 10:53:00-04:00,4464.5,4465.7998046875,4464.2001953125,4464.5,108
2026-09-09 10:54:00-04:00,4463.60009765625,4466.10009765625,4463.5,4464.5,250
2026-09-09 10:55:00-04:00,4460.89990234375,4464.7001953125,4460.7001953125,4464.0,293
2026-09-09 10:56:00-04:00,4460.7998046875,4462.39990234375,4460.0,4460.89990234375,329
2026-09-09 10:57:00-04:00,4461.60009765625,4462.60009765625,4460.5,4460.7001953125,65
2026-09-09 10:58:00-04:00,4461.7998046875,4462.39990234375,4459.2001953125,4461.7001953125,131
2026-09-09 10:59:00-04:00,4463.2001953125,4463.2998046875,4460.7998046875,4462.10009765625,135
2026-09-09 11:00:00-04:00,4472.89990234375,4477.0,4462.60009765625,4463.39990234375,1662
2026-09-09 11:01:00-04:00,4451.7001953125,4475.89990234375,4449.89990234375,4472.2001953125,3960
2026-09-09 11:02:00-04:00,4445.2998046875,4459.2998046875,4444.89990234375,4452.5,2268
2026-09-09 11:03:00-04:00,4446.5,4448.5,4442.5,4445.5,833
2026-09-09 11:04:00-04:00,4439.5,4447.2001953125,4439.2001953125,4447.10009765625,921
2026-09-09 11:05:00-04:00,4428.5,4443.2001953125,4426.60009765625,4439.60009765625,1455
2026-09-09 11:06:00-04:00,4430.7998046875,4435.2998046875,4424.60009765625,4428.2001953125,1318
2026-09-09 11:07:00-04:00,4438.7998046875,4439.5,4429.7001953125,4430.7998046875,1012
2026-09-09 11:08:00-04:00,4439.60009765625,4439.7998046875,4435.89990234375,4438.7998046875,494
2026-09-09 11:09:00-04:00,4436.0,4439.7001953125,4432.10009765625,4439.39990234375,651
2026-09-09 11:10:00-04:00,4434.5,4436.89990234375,4431.10009765625,4435.39990234375,595
2026-09-09 11:11:00-04:00,4427.7001953125,4434.7001953125,4427.7001953125,4434.5,874
2026-09-09 11:12:00-04:00,4427.2998046875,4433.60009765625,4426.10009765625,4427.60009765625,882
2026-09-09 11:13:00-04:00,4430.39990234375,4434.5,4427.5,4427.5,525
2026-09-09 11:14:00-04:00,4434.7998046875,4435.7998046875,4430.60009765625,4430.60009765625,448
2026-09-09 11:15:00-04:00,4434.10009765625,4435.89990234375,4429.7998046875,4434.5,600
2026-09-09 11:16:00-04:00,4436.0,4438.0,4432.60009765625,4434.10009765625,382
2026-09-09 11:17:00-04:00,4431.10009765625,4436.2998046875,4427.7001953125,4436.2998046875,406
2026-09-09 11:18:00-04:00,4428.5,4433.39990234375,4428.2001953125,4431.7001953125,217
2026-09-09 11:19:00-04:00,4429.10009765625,4429.60009765625,4423.89990234375,4428.60009765625,598
2026-09-09 11:20:00-04:00,4431.10009765625,4432.89990234375,4428.60009765625,4429.2001953125,408
2026-09-09 11:21:00-04:00,4426.39990234375,4431.60009765625,4425.2998046875,4431.5,455
2026-09-09 11:22:00-04:00,4420.39990234375,4428.10009765625,4419.39990234375,4426.39990234375,718
2026-09-09 11:23:00-04:00,4423.60009765625,4424.2001953125,4419.2998046875,4420.2001953125,492
2026-09-09 11:24:00-04:00,4427.7998046875,4427.7998046875,4421.7998046875,4423.60009765625,670
2026-09-09 11:25:00-04:00,4433.89990234375,4434.10009765625,4427.2001953125,4427.60009765625,595
2026-09-09 11:26:00-04:00,4434.2001953125,4434.60009765625,4431.10009765625,4433.7001953125,259
2026-09-09 11:27:00-04:00,4435.10009765625,4436.39990234375,4432.60009765625,4434.2001953125,322
2026-09-09 11:28:00-04:00,4437.39990234375,4437.7001953125,4434.89990234375,4435.2001953125,308
2026-09-09 11:29:00-04:00,4438.7001953125,4439.89990234375,4436.89990234375,4437.7998046875,513
2026-09-09 11:30:00-04:00,4441.10009765625,4442.0,4437.7001953125,4439.10009765625,446
2026-09-09 11:31:00-04:00,4437.10009765625,4441.2998046875,4437.10009765625,4441.2001953125,306
2026-09-09 11:32:00-04:00,4442.2998046875,4442.2998046875,4436.7998046875,4437.2001953125,160
2026-09-09 11:33:00-04:00,4442.39990234375,4442.7001953125,4440.89990234375,4441.7998046875,193
2026-09-09 11:34:00-04:00,4445.39990234375,4445.7998046875,4442.10009765625,4442.5,408
2026-09-09 11:35:00-04:00,4446.89990234375,4447.0,4444.7998046875,4445.10009765625,383
2026-09-09 11:36:00-04:00,4451.0,4451.39990234375,4446.39990234375,4446.60009765625,631
2026-09-09 11:37:00-04:00,4446.7998046875,4450.7998046875,4446.7998046875,4450.7998046875,282
2026-09-09 11:38:00-04:00,4445.89990234375,4446.7998046875,4444.60009765625,4446.7001953125,271
2026-09-09 11:39:00-04:00,4450.5,4451.89990234375,4442.10009765625,4445.7001953125,1168
2026-09-09 11:40:00-04:00,4446.39990234375,4451.60009765625,4443.5,4450.7998046875,343
2026-09-09 11:41:00-04:00,4446.7001953125,4448.5,4445.2001953125,4446.39990234375,165
2026-09-09 11:42:00-04:00,4445.60009765625,4446.89990234375,4445.2001953125,4446.7001953125,69
2026-09-09 11:43:00-04:00,4447.7001953125,4448.10009765625,4445.89990234375,4446.2001953125,49
2026-09-09 11:44:00-04:00,4447.5,4448.7998046875,4447.10009765625,4447.2001953125,64
2026-09-09 11:45:00-04:00,4447.2998046875,4448.2001953125,4446.7001953125,4447.5,95
2026-09-09 11:46:00-04:00,4448.7001953125,4448.7998046875,4446.89990234375,4447.2001953125,92
2026-09-09 11:47:00-04:00,4445.89990234375,4449.0,4445.89990234375,4448.2998046875,51
2026-09-09 11:48:00-04:00,4445.10009765625,4447.0,4444.7998046875,4446.2998046875,92
2026-09-09 11:49:00-04:00,4446.60009765625,4447.0,4443.2001953125,4444.7001953125,127
2026-09-09 11:50:00-04:00,4450.10009765625,4451.5,4446.2001953125,4446.5,261
2026-09-09 11:51:00-04:00,4449.2001953125,4450.7001953125,4449.2001953125,4450.10009765625,122
2026-09-09 11:52:00-04:00,4445.2998046875,4449.39990234375,4444.89990234375,4449.39990234375,143
2026-09-09 11:53:00-04:00,4444.89990234375,4446.2001953125,4444.5,4445.2998046875,96
2026-09-09 11:54:00-04:00,4445.7001953125,4445.7001953125,4443.7001953125,4445.2001953125,94
2026-09-09 11:55:00-04:00,4444.0,4445.39990234375,4444.0,4445.39990234375,62
2026-09-09 11:56:00-04:00,4444.2001953125,4444.7998046875,4443.60009765625,4444.10009765625,53
2026-09-09 11:57:00-04:00,4443.10009765625,4444.89990234375,4442.7001953125,4444.2001953125,80
2026-09-09 11:58:00-04:00,4443.7001953125,4444.7001953125,4442.2998046875,4443.2998046875,176
2026-09-09 11:59:00-04:00,4442.7001953125,4443.89990234375,4442.39990234375,4443.89990234375,146
2026-09-09 12:00:00-04:00,4442.7001953125,4443.0,4441.10009765625,4442.89990234375,183
2026-09-09 12:01:00-04:00,4442.39990234375,4443.2998046875,4441.60009765625,4442.5,128
2026-09-09 12:02:00-04:00,4444.2998046875,4445.10009765625,4441.7998046875,4442.39990234375,83
2026-09-09 12:03:00-04:00,4446.2998046875,4446.2998046875,4443.7998046875,4443.89990234375,104
2026-09-09 12:04:00-04:00,4447.2001953125,4447.2998046875,4445.7001953125,4445.89990234375,91
2026-09-09 12:05:00-04:00,4445.2001953125,4446.7998046875,4444.60009765625,4446.7998046875,72
2026-09-09 12:06:00-04:00,4444.0,4445.60009765625,4442.39990234375,4445.0,150
2026-09-09 12:07:00-04:00,4442.10009765625,4444.60009765625,4442.10009765625,4443.2998046875,43
2026-09-09 12:08:00-04:00,4441.2001953125,4444.5,4439.2001953125,4442.39990234375,484
2026-09-09 12:09:00-04:00,4440.2998046875,4442.0,4439.5,4440.89990234375,201
2026-09-09 12:10:00-04:00,4440.7001953125,4441.7001953125,4439.7001953125,4440.2001953125,68
2026-09-09 12:11:00-04:00,4440.5,4441.39990234375,4439.5,4440.2001953125,104
2026-09-09 12:12:00-04:00,4440.39990234375,4441.10009765625,4440.0,4440.39990234375,82
2026-09-09 12:13:00-04:00,4442.89990234375,4443.2001953125,4440.2998046875,4440.2998046875,99
2026-09-09 12:14:00-04:00,4442.39990234375,4443.10009765625,4442.2998046875,4442.7998046875,50
2026-09-09 12:15:00-04:00,4440.2001953125,4443.0,4438.7998046875,4442.60009765625,156
2026-09-09 12:16:00-04:00,4438.7001953125,4440.5,4438.5,4440.2001953125,129
2026-09-09 12:17:00-04:00,4437.2001953125,4439.2998046875,4436.89990234375,4438.60009765625,470
2026-09-09 12:18:00-04:00,4436.2998046875,4437.39990234375,4436.2001953125,4437.2001953125,122
2026-09-09 12:19:00-04:00,4437.7001953125,4439.5,4435.7998046875,4436.2001953125,141
2026-09-09 12:20:00-04:00,4438.39990234375,4439.5,4438.0,4438.0,65
2026-09-09 12:21:00-04:00,4439.7998046875,4440.0,4437.7998046875,4438.2998046875,33
2026-09-09 12:22:00-04:00,4438.89990234375,4439.89990234375,4438.89990234375,4439.89990234375,20
2026-09-09 12:23:00-04:00,4440.7001953125,4441.10009765625,4438.60009765625,4439.5,63
2026-09-09 12:24:00-04:00,4443.0,4443.0,4440.39990234375,4440.5,149
2026-09-09 12:25:00-04:00,4446.2998046875,4447.0,4443.10009765625,4443.10009765625,387
2026-09-09 12:26:00-04:00,4445.2998046875,4446.5,4444.7998046875,4446.10009765625,156
2026-09-09 12:27:00-04:00,4446.60009765625,4446.89990234375,4445.0,4445.0,78
2026-09-09 12:28:00-04:00,4445.10009765625,4446.7001953125,4445.10009765625,4446.60009765625,28
2026-09-09 12:29:00-04:00,4446.2001953125,4446.2998046875,4444.5,4444.5,48
2026-09-09 12:30:00-04:00,4444.5,4446.5,4443.2998046875,4446.0,126
2026-09-09 12:31:00-04:00,4445.89990234375,4446.0,4444.7001953125,4444.89990234375,54
2026-09-09 12:32:00-04:00,4447.7001953125,4447.7998046875,4444.7998046875,4446.2001953125,118
2026-09-09 12:33:00-04:00,4447.5,4448.2998046875,4446.89990234375,4448.0,67
2026-09-09 12:34:00-04:00,4447.10009765625,4448.2998046875,4447.0,4447.5,120
2026-09-09 12:35:00-04:00,4446.89990234375,4448.7998046875,4446.39990234375,4447.2001953125,73
2026-09-09 12:36:00-04:00,4445.89990234375,4446.60009765625,4445.10009765625,4446.60009765625,114
2026-09-09 12:37:00-04:00,4444.39990234375,4445.39990234375,4444.10009765625,4445.10009765625,55
2026-09-09 12:38:00-04:00,4445.2001953125,4446.39990234375,4443.7998046875,4444.2998046875,65
2026-09-09 12:39:00-04:00,4448.7998046875,4449.0,4445.2001953125,4445.2998046875,109
2026-09-09 12:40:00-04:00,4448.2001953125,4449.2001953125,4448.10009765625,4448.7998046875,90
2026-09-09 12:41:00-04:00,4448.89990234375,4449.7001953125,4448.2998046875,4448.2998046875,144
2026-09-09 12:42:00-04:00,4450.0,4450.7001953125,4448.7998046875,4448.7998046875,394
2026-09-09 12:43:00-04:00,4451.5,4453.10009765625,4450.10009765625,4450.10009765625,167
2026-09-09 12:44:00-04:00,4452.2998046875,4452.7001953125,4451.10009765625,4451.5,99
2026-09-09 12:45:00-04:00,4452.2998046875,4453.0,4451.60009765625,4452.2998046875,128
2026-09-09 12:46:00-04:00,4452.89990234375,4452.89990234375,4452.39990234375,4452.5,73
2026-09-09 12:47:00-04:00,4453.0,4453.60009765625,4451.60009765625,4453.0,147
2026-09-09 12:48:00-04:00,4451.7001953125,4454.10009765625,4450.7998046875,4453.2998046875,150
2026-09-09 12:49:00-04:00,4452.10009765625,4452.89990234375,4451.5,4451.89990234375,70
2026-09-09 12:50:00-04:00,4451.7998046875,4452.60009765625,4451.10009765625,4452.10009765625,76
2026-09-09 12:51:00-04:00,4451.2001953125,4452.39990234375,4450.60009765625,4451.89990234375,53
2026-09-09 12:52:00-04:00,4451.0,4452.10009765625,4450.7998046875,4451.2998046875,45
2026-09-09 12:53:00-04:00,4451.2001953125,4451.2001953125,4450.39990234375,4451.0,24
2026-09-09 12:54:00-04:00,4452.0,4452.2001953125,4451.2998046875,4451.2998046875,21
2026-09-09 12:55:00-04:00,4452.0,4452.7001953125,4451.2001953125,4452.10009765625,117
2026-09-09 12:56:00-04:00,4453.2001953125,4453.89990234375,4452.0,4452.10009765625,89
2026-09-09 12:57:00-04:00,4453.5,4453.7001953125,4452.7998046875,4453.0,75
2026-09-09 12:58:00-04:00,4454.0,4454.60009765625,4453.2998046875,4453.7998046875,118
2026-09-09 12:59:00-04:00,4454.39990234375,4455.39990234375,4453.2998046875,4453.89990234375,207
2026-09-09 13:00:00-04:00,4455.2998046875,4456.10009765625,4453.7998046875,4454.5,208
2026-09-09 13:01:00-04:00,4455.10009765625,4455.7998046875,4454.0,4455.2998046875,80
2026-09-09 13:02:00-04:00,4458.2998046875,4459.10009765625,4454.10009765625,4454.89990234375,617
2026-09-09 13:03:00-04:00,4456.89990234375,4458.39990234375,4455.89990234375,4458.39990234375,130
2026-09-09 13:04:00-04:00,4458.0,4458.0,4456.7001953125,4456.7001953125,75
2026-09-09 13:05:00-04:00,4460.2998046875,4460.5,4457.5,4457.89990234375,106
2026-09-09 13:06:00-04:00,4463.10009765625,4464.5,4460.0,4460.10009765625,505
2026-09-09 13:07:00-04:00,4462.7998046875,4463.2001953125,4461.2998046875,4462.89990234375,166
2026-09-09 13:08:00-04:00,4463.7001953125,4464.5,4463.2001953125,4463.39990234375,146
2026-09-09 13:09:00-04:00,4463.7998046875,4465.2998046875,4463.0,4463.7001953125,467
2026-09-09 13:10:00-04:00,4462.7998046875,4463.5,4461.7001953125,4463.2001953125,103
2026-09-09 13:11:00-04:00,4462.2001953125,4464.0,4461.0,4463.0,109
2026-09-09 13:12:00-04:00,4461.0,4463.0,4460.7998046875,4462.39990234375,101
2026-09-09 13:13:00-04:00,4462.39990234375,4462.5,4460.39990234375,4461.0,98
2026-09-09 13:14:00-04:00,4461.60009765625,4464.2998046875,4461.39990234375,4462.5,329
2026-09-09 13:15:00-04:00,4461.2998046875,4462.2998046875,4460.10009765625,4461.7998046875,211
2026-09-09 13:16:00-04:00,4461.39990234375,4462.2001953125,4460.2998046875,4461.39990234375,72
2026-09-09 13:17:00-04:00,4462.60009765625,4463.10009765625,4460.7001953125,4461.2998046875,90
2026-09-09 13:18:00-04:00,4463.0,4463.5,4462.2001953125,4462.2998046875,97
2026-09-09 13:19:00-04:00,4461.2998046875,4462.7998046875,4461.2001953125,4462.7998046875,118
2026-09-09 13:20:00-04:00,4462.2001953125,4462.60009765625,4460.89990234375,4461.39990234375,107
2026-09-09 13:21:00-04:00,4463.2998046875,4463.5,4462.10009765625,4462.2001953125,59
2026-09-09 13:22:00-04:00,4462.7001953125,4463.39990234375,4462.60009765625,4463.39990234375,0
